CustomerID,Name,Gender,Age,City,State,RegistrationDate
1,Customer 1,Female,53,Ahmedabad,WB,2024-05-02
2,Customer 2,Female,42,Chennai,WB,2025-10-25
3,Customer 3,Female,44,Hyderabad,GJ,2024-07-06
4,Customer 4,Female,39,Mumbai,TS,2024-11-23
5,Customer 5,Male,52,Hyderabad,MH,2025-10-04
6,Customer 6,Male,34,Hyderabad,KA,2025-08-07
7,Customer 7,Female,39,Pune,KA,2024-12-09
8,Customer 8,Male,37,Delhi,GJ,2024-04-08
9,Customer 9,Female,55,Delhi,TS,2024-02-29
10,Customer 10,Female,63,Kolkata,KA,2025-11-17
11,Customer 11,Female,48,Delhi,TN,2025-07-19
12,Customer 12,Male,51,Ahmedabad,WB,2025-02-13
13,Customer 13,Male,42,Chennai,DL,2026-05-14
14,Customer 14,Male,58,Hyderabad,GJ,2025-06-07
15,Customer 15,Female,37,Bengaluru,TN,2024-05-30
16,Customer 16,Male,25,Kolkata,WB,2024-06-07
17,Customer 17,Female,50,Chennai,DL,2026-03-08
18,Customer 18,Female,25,Delhi,TS,2024-01-24
19,Customer 19,Female,23,Hyderabad,KA,2026-03-15
20,Customer 20,Female,64,Bengaluru,MH,2024-02-21
21,Customer 21,Female,26,Bengaluru,MH,2024-07-12
22,Customer 22,Female,20,Ahmedabad,MH,2024-09-13
23,Customer 23,Female,48,Mumbai,WB,2025-04-15
24,Customer 24,Female,31,Kolkata,KA,2024-11-16
25,Customer 25,Female,44,Hyderabad,MH,2026-02-20
26,Customer 26,Female,21,Bengaluru,KA,2025-06-02
27,Customer 27,Female,21,Kolkata,MH,2025-01-28
28,Customer 28,Female,49,Pune,TS,2026-01-25
29,Customer 29,Female,56,Pune,KA,2025-02-28
30,Customer 30,Male,61,Pune,MH,2026-01-14
31,Customer 31,Male,19,Delhi,MH,2025-03-22
32,Customer 32,Male,19,Bengaluru,TS,2024-01-16
33,Customer 33,Female,24,Chennai,WB,2025-12-10
34,Customer 34,Male,31,Bengaluru,TS,2025-08-07
35,Customer 35,Male,57,Delhi,TN,2026-03-19
36,Customer 36,Male,34,Pune,MH,2025-05-15
37,Customer 37,Female,22,Mumbai,TS,2024-05-03
38,Customer 38,Female,43,Mumbai,MH,2025-01-16
39,Customer 39,Female,25,Mumbai,KA,2024-04-28
40,Customer 40,Female,52,Bengaluru,DL,2024-11-22
41,Customer 41,Female,25,Mumbai,WB,2024-11-26
42,Customer 42,Male,61,Delhi,DL,2024-08-26
43,Customer 43,Female,48,Kolkata,DL,2024-05-09
44,Customer 44,Female,36,Bengaluru,TN,2026-03-03
45,Customer 45,Male,23,Delhi,KA,2024-07-27
46,Customer 46,Female,27,Ahmedabad,DL,2026-03-07
47,Customer 47,Male,65,Hyderabad,GJ,2025-11-27
48,Customer 48,Male,18,Delhi,MH,2024-09-01
49,Customer 49,Female,38,Pune,DL,2025-02-15
50,Customer 50,Female,53,Chennai,WB,2024-02-19
51,Customer 51,Male,40,Ahmedabad,MH,2026-02-20
52,Customer 52,Female,19,Ahmedabad,WB,2026-06-19
53,Customer 53,Male,18,Mumbai,GJ,2024-03-25
54,Customer 54,Male,41,Pune,WB,2025-02-10
55,Customer 55,Male,21,Hyderabad,TN,2024-02-21
56,Customer 56,Male,57,Ahmedabad,TS,2024-11-01
57,Customer 57,Male,60,Chennai,KA,2024-06-06
58,Customer 58,Female,47,Delhi,MH,2025-04-16
59,Customer 59,Female,32,Pune,WB,2024-10-18
60,Customer 60,Male,51,Ahmedabad,WB,2025-07-24
61,Customer 61,Male,26,Delhi,MH,2024-09-15
62,Customer 62,Male,46,Pune,MH,2024-06-02
63,Customer 63,Female,21,Mumbai,KA,2024-12-07
64,Customer 64,Female,46,Mumbai,TN,2026-05-17
65,Customer 65,Male,59,Kolkata,WB,2024-05-19
66,Customer 66,Male,27,Pune,KA,2025-03-28
67,Customer 67,Female,27,Mumbai,TN,2024-12-12
68,Customer 68,Male,24,Delhi,KA,2026-04-09
69,Customer 69,Female,34,Kolkata,WB,2025-07-06
70,Customer 70,Male,64,Ahmedabad,KA,2025-01-30
71,Customer 71,Female,30,Hyderabad,TN,2026-03-10
72,Customer 72,Female,18,Hyderabad,DL,2026-01-28
73,Customer 73,Female,36,Delhi,MH,2026-01-09
74,Customer 74,Female,65,Bengaluru,TS,2024-08-20
75,Customer 75,Female,41,Mumbai,DL,2024-03-13
76,Customer 76,Female,38,Mumbai,GJ,2024-05-12
77,Customer 77,Male,65,Pune,TN,2025-11-23
78,Customer 78,Female,48,Kolkata,MH,2024-06-04
79,Customer 79,Male,27,Kolkata,DL,2024-02-24
80,Customer 80,Female,31,Chennai,TS,2024-02-07
81,Customer 81,Male,62,Pune,DL,2024-10-31
82,Customer 82,Male,32,Ahmedabad,DL,2025-10-14
83,Customer 83,Female,29,Kolkata,DL,2024-09-09
84,Customer 84,Female,63,Hyderabad,DL,2024-07-19
85,Customer 85,Female,46,Hyderabad,WB,2025-01-16
86,Customer 86,Female,33,Bengaluru,TS,2025-01-24
87,Customer 87,Male,24,Delhi,KA,2025-09-06
88,Customer 88,Male,28,Mumbai,TN,2024-01-27
89,Customer 89,Female,35,Bengaluru,KA,2024-09-27
90,Customer 90,Male,57,Chennai,TS,2026-04-20
91,Customer 91,Female,65,Ahmedabad,KA,2024-07-15
92,Customer 92,Male,60,Mumbai,TS,2026-01-25
93,Customer 93,Female,46,Kolkata,TS,2024-07-27
94,Customer 94,Female,52,Ahmedabad,MH,2025-08-13
95,Customer 95,Male,33,Bengaluru,TS,2025-05-26
96,Customer 96,Female,64,Bengaluru,TN,2025-07-06
97,Customer 97,Male,64,Delhi,WB,2025-06-23
98,Customer 98,Female,33,Bengaluru,KA,2025-04-01
99,Customer 99,Male,19,Ahmedabad,TS,2025-03-28
100,Customer 100,Male,53,Kolkata,GJ,2024-02-18
101,Customer 101,Male,38,Bengaluru,WB,2024-01-07
102,Customer 102,Male,41,Ahmedabad,KA,2025-10-20
103,Customer 103,Female,53,Pune,DL,2025-02-04
104,Customer 104,Female,32,Bengaluru,GJ,2024-11-12
105,Customer 105,Male,28,Pune,WB,2024-06-24
106,Customer 106,Female,47,Delhi,WB,2025-12-02
107,Customer 107,Female,59,Kolkata,TN,2025-08-05
108,Customer 108,Female,43,Hyderabad,KA,2024-03-12
109,Customer 109,Male,25,Delhi,TN,2025-07-01
110,Customer 110,Female,56,Mumbai,TS,2024-07-09
111,Customer 111,Male,28,Delhi,TN,2025-06-28
112,Customer 112,Male,49,Ahmedabad,WB,2024-07-29
113,Customer 113,Female,64,Mumbai,MH,2024-09-13
114,Customer 114,Female,53,Hyderabad,DL,2026-03-03
115,Customer 115,Female,22,Kolkata,TN,2025-12-12
116,Customer 116,Female,24,Pune,WB,2026-05-05
117,Customer 117,Male,52,Delhi,KA,2025-05-01
118,Customer 118,Male,28,Ahmedabad,MH,2025-07-18
119,Customer 119,Female,39,Pune,WB,2026-04-05
120,Customer 120,Male,42,Bengaluru,DL,2024-11-02
121,Customer 121,Male,63,Pune,TS,2025-07-21
122,Customer 122,Female,44,Kolkata,MH,2024-05-04
123,Customer 123,Male,51,Mumbai,WB,2025-03-28
124,Customer 124,Female,52,Delhi,DL,2024-03-30
125,Customer 125,Male,18,Pune,KA,2025-09-08
126,Customer 126,Female,36,Pune,DL,2025-04-02
127,Customer 127,Male,63,Delhi,MH,2025-12-10
128,Customer 128,Female,44,Chennai,WB,2024-04-16
129,Customer 129,Female,59,Mumbai,MH,2024-10-21
130,Customer 130,Male,61,Kolkata,GJ,2026-05-15
131,Customer 131,Female,31,Mumbai,MH,2025-02-01
132,Customer 132,Female,35,Bengaluru,KA,2026-06-03
133,Customer 133,Male,44,Ahmedabad,DL,2024-05-22
134,Customer 134,Female,62,Mumbai,WB,2024-01-01
135,Customer 135,Male,30,Chennai,WB,2024-07-22
136,Customer 136,Female,50,Mumbai,MH,2026-05-04
137,Customer 137,Male,53,Pune,TS,2024-02-18
138,Customer 138,Female,20,Hyderabad,TN,2024-01-06
139,Customer 139,Male,39,Mumbai,TN,2025-12-09
140,Customer 140,Female,33,Pune,TN,2024-04-08
141,Customer 141,Female,55,Hyderabad,KA,2024-12-10
142,Customer 142,Female,53,Ahmedabad,TS,2025-02-10
143,Customer 143,Male,41,Bengaluru,TS,2025-09-11
144,Customer 144,Female,37,Kolkata,DL,2025-03-15
145,Customer 145,Female,45,Ahmedabad,MH,2025-06-22
146,Customer 146,Female,57,Ahmedabad,KA,2025-10-15
147,Customer 147,Female,42,Chennai,TS,2025-08-02
148,Customer 148,Female,35,Ahmedabad,WB,2026-02-18
149,Customer 149,Female,48,Ahmedabad,GJ,2026-01-10
150,Customer 150,Male,46,Mumbai,KA,2025-10-13
151,Customer 151,Male,58,Ahmedabad,GJ,2025-08-27
152,Customer 152,Male,41,Hyderabad,TN,2025-03-17
153,Customer 153,Female,62,Mumbai,WB,2024-03-18
154,Customer 154,Female,60,Mumbai,GJ,2025-02-25
155,Customer 155,Female,32,Mumbai,DL,2026-04-15
156,Customer 156,Male,59,Pune,DL,2026-04-13
157,Customer 157,Female,41,Bengaluru,GJ,2026-02-14
158,Customer 158,Female,48,Kolkata,DL,2024-08-05
159,Customer 159,Male,59,Delhi,GJ,2025-02-24
160,Customer 160,Male,58,Pune,DL,2024-12-25
161,Customer 161,Male,58,Bengaluru,MH,2024-04-05
162,Customer 162,Male,21,Pune,KA,2025-10-18
163,Customer 163,Male,34,Mumbai,TN,2025-03-28
164,Customer 164,Male,51,Ahmedabad,GJ,2026-05-08
165,Customer 165,Male,30,Bengaluru,TS,2026-01-05
166,Customer 166,Male,57,Kolkata,TS,2025-05-12
167,Customer 167,Male,38,Delhi,GJ,2026-06-05
168,Customer 168,Female,49,Mumbai,GJ,2026-01-19
169,Customer 169,Female,34,Mumbai,WB,2026-06-14
170,Customer 170,Male,40,Delhi,KA,2024-02-29
171,Customer 171,Female,59,Bengaluru,GJ,2026-04-03
172,Customer 172,Male,31,Delhi,KA,2026-02-15
173,Customer 173,Female,36,Ahmedabad,KA,2024-03-19
174,Customer 174,Male,28,Hyderabad,KA,2024-05-02
175,Customer 175,Female,39,Chennai,WB,2025-03-18
176,Customer 176,Male,52,Kolkata,KA,2025-05-18
177,Customer 177,Male,44,Pune,GJ,2025-05-01
178,Customer 178,Male,26,Bengaluru,GJ,2024-03-20
179,Customer 179,Female,19,Delhi,MH,2025-03-14
180,Customer 180,Female,58,Chennai,TN,2026-01-21
181,Customer 181,Female,34,Kolkata,WB,2024-07-01
182,Customer 182,Male,25,Hyderabad,GJ,2025-08-22
183,Customer 183,Male,48,Bengaluru,TN,2025-06-09
184,Customer 184,Female,30,Chennai,TS,2025-03-25
185,Customer 185,Female,49,Kolkata,TS,2024-06-04
186,Customer 186,Female,22,Bengaluru,DL,2026-03-24
187,Customer 187,Female,33,Hyderabad,TN,2025-09-06
188,Customer 188,Male,23,Pune,MH,2024-01-21
189,Customer 189,Female,28,Pune,MH,2024-03-08
190,Customer 190,Female,48,Mumbai,MH,2025-07-27
191,Customer 191,Male,40,Ahmedabad,TN,2024-10-14
192,Customer 192,Female,18,Bengaluru,GJ,2024-09-04
193,Customer 193,Female,50,Chennai,TS,2024-09-25
194,Customer 194,Male,20,Bengaluru,TN,2025-03-31
195,Customer 195,Male,27,Bengaluru,WB,2025-12-21
196,Customer 196,Female,30,Ahmedabad,TN,2026-01-12
197,Customer 197,Male,19,Delhi,MH,2025-07-20
198,Customer 198,Male,52,Bengaluru,MH,2024-04-24
199,Customer 199,Male,41,Chennai,DL,2024-01-07
200,Customer 200,Male,45,Hyderabad,TS,2026-03-08
201,Customer 201,Male,32,Chennai,MH,2025-01-03
202,Customer 202,Male,41,Ahmedabad,WB,2025-04-29
203,Customer 203,Female,42,Kolkata,MH,2026-04-27
204,Customer 204,Male,37,Hyderabad,MH,2025-04-11
205,Customer 205,Male,32,Bengaluru,WB,2024-05-24
206,Customer 206,Female,26,Ahmedabad,TN,2026-05-02
207,Customer 207,Female,62,Delhi,TN,2025-04-21
208,Customer 208,Male,26,Ahmedabad,KA,2025-02-26
209,Customer 209,Male,58,Bengaluru,TN,2024-06-25
210,Customer 210,Female,31,Bengaluru,KA,2024-08-29
211,Customer 211,Female,20,Bengaluru,WB,2024-01-22
212,Customer 212,Male,31,Hyderabad,MH,2025-03-06
213,Customer 213,Male,64,Kolkata,KA,2026-02-28
214,Customer 214,Male,62,Kolkata,TS,2026-02-19
215,Customer 215,Male,62,Mumbai,MH,2025-06-19
216,Customer 216,Male,47,Kolkata,KA,2025-02-13
217,Customer 217,Female,60,Chennai,WB,2025-05-12
218,Customer 218,Female,35,Kolkata,WB,2025-08-07
219,Customer 219,Male,24,Pune,KA,2025-09-22
220,Customer 220,Male,37,Kolkata,KA,2024-08-30
221,Customer 221,Female,40,Pune,TS,2024-11-17
222,Customer 222,Male,56,Chennai,TS,2024-12-10
223,Customer 223,Female,37,Bengaluru,DL,2024-05-23
224,Customer 224,Male,41,Bengaluru,KA,2024-12-25
225,Customer 225,Female,56,Delhi,MH,2024-09-21
226,Customer 226,Female,38,Delhi,DL,2026-04-26
227,Customer 227,Male,40,Kolkata,GJ,2024-08-06
228,Customer 228,Male,63,Bengaluru,MH,2024-08-10
229,Customer 229,Male,45,Ahmedabad,TN,2024-10-16
230,Customer 230,Female,19,Delhi,DL,2026-06-04
231,Customer 231,Male,20,Kolkata,GJ,2025-08-16
232,Customer 232,Female,45,Mumbai,WB,2025-02-12
233,Customer 233,Female,29,Ahmedabad,WB,2025-04-02
234,Customer 234,Female,65,Ahmedabad,DL,2025-11-29
235,Customer 235,Female,26,Delhi,TS,2026-04-20
236,Customer 236,Male,32,Pune,WB,2025-09-20
237,Customer 237,Male,36,Kolkata,TN,2026-02-15
238,Customer 238,Male,44,Delhi,MH,2025-05-19
239,Customer 239,Male,35,Mumbai,TS,2025-06-21
240,Customer 240,Male,62,Bengaluru,KA,2024-07-18
241,Customer 241,Female,30,Bengaluru,TN,2026-04-13
242,Customer 242,Female,41,Hyderabad,DL,2024-06-13
243,Customer 243,Male,18,Hyderabad,WB,2025-12-11
244,Customer 244,Male,46,Chennai,WB,2024-09-14
245,Customer 245,Male,57,Bengaluru,DL,2025-09-15
246,Customer 246,Male,56,Pune,DL,2025-11-17
247,Customer 247,Female,20,Kolkata,MH,2026-04-26
248,Customer 248,Female,40,Hyderabad,GJ,2024-04-02
249,Customer 249,Male,63,Pune,DL,2025-01-30
250,Customer 250,Male,44,Mumbai,DL,2025-08-12
251,Customer 251,Male,58,Chennai,KA,2025-03-14
252,Customer 252,Male,32,Kolkata,TN,2025-12-23
253,Customer 253,Male,42,Hyderabad,KA,2025-06-08
254,Customer 254,Female,64,Delhi,WB,2025-10-24
255,Customer 255,Male,32,Pune,KA,2025-03-04
256,Customer 256,Female,36,Ahmedabad,KA,2025-01-01
257,Customer 257,Female,45,Bengaluru,WB,2025-01-09
258,Customer 258,Male,35,Pune,WB,2026-04-16
259,Customer 259,Male,30,Chennai,GJ,2024-10-27
260,Customer 260,Male,45,Hyderabad,WB,2025-10-01
261,Customer 261,Female,57,Hyderabad,MH,2025-10-18
262,Customer 262,Female,40,Bengaluru,WB,2025-11-13
263,Customer 263,Male,24,Kolkata,KA,2024-02-14
264,Customer 264,Female,56,Chennai,KA,2024-04-21
265,Customer 265,Female,41,Kolkata,TS,2024-01-09
266,Customer 266,Female,41,Bengaluru,GJ,2026-05-17
267,Customer 267,Male,35,Bengaluru,TN,2025-06-10
268,Customer 268,Female,37,Bengaluru,TS,2025-01-10
269,Customer 269,Male,61,Bengaluru,TN,2026-04-03
270,Customer 270,Male,62,Chennai,TS,2024-08-25
271,Customer 271,Male,38,Chennai,TN,2024-10-19
272,Customer 272,Female,22,Mumbai,GJ,2025-07-26
273,Customer 273,Male,59,Bengaluru,KA,2025-07-25
274,Customer 274,Female,38,Chennai,KA,2024-10-05
275,Customer 275,Male,39,Chennai,DL,2026-04-25
276,Customer 276,Female,23,Chennai,DL,2026-03-16
277,Customer 277,Male,55,Ahmedabad,TS,2025-09-25
278,Customer 278,Female,31,Bengaluru,TS,2025-03-25
279,Customer 279,Male,59,Delhi,GJ,2026-03-19
280,Customer 280,Female,40,Kolkata,TS,2025-03-07
281,Customer 281,Male,26,Chennai,KA,2025-03-19
282,Customer 282,Male,27,Hyderabad,WB,2026-03-29
283,Customer 283,Male,49,Pune,TN,2024-11-06
284,Customer 284,Female,61,Chennai,MH,2024-04-16
285,Customer 285,Female,41,Bengaluru,GJ,2025-01-25
286,Customer 286,Male,32,Mumbai,GJ,2026-01-20
287,Customer 287,Female,25,Kolkata,WB,2024-12-03
288,Customer 288,Male,29,Bengaluru,GJ,2026-02-27
289,Customer 289,Female,27,Pune,DL,2024-07-28
290,Customer 290,Male,62,Pune,GJ,2024-05-21
291,Customer 291,Male,43,Pune,TN,2024-01-08
292,Customer 292,Female,40,Bengaluru,GJ,2025-05-11
293,Customer 293,Male,59,Pune,GJ,2024-07-02
294,Customer 294,Female,52,Delhi,GJ,2026-04-09
295,Customer 295,Female,35,Delhi,TS,2024-04-16
296,Customer 296,Female,23,Mumbai,GJ,2025-12-10
297,Customer 297,Female,62,Chennai,KA,2025-06-29
298,Customer 298,Male,65,Hyderabad,TN,2025-11-29
299,Customer 299,Female,40,Hyderabad,MH,2026-06-04
300,Customer 300,Male,19,Kolkata,TS,2025-04-18
301,Customer 301,Male,60,Kolkata,MH,2024-08-02
302,Customer 302,Male,29,Bengaluru,TN,2024-12-03
303,Customer 303,Male,35,Mumbai,DL,2026-06-11
304,Customer 304,Female,44,Ahmedabad,TN,2025-08-16
305,Customer 305,Female,62,Pune,TS,2025-07-10
306,Customer 306,Female,43,Pune,MH,2025-03-18
307,Customer 307,Male,62,Mumbai,DL,2024-08-07
308,Customer 308,Female,53,Mumbai,TN,2024-10-11
309,Customer 309,Male,63,Delhi,DL,2025-09-04
310,Customer 310,Male,48,Mumbai,KA,2026-01-08
311,Customer 311,Female,44,Bengaluru,TN,2025-12-02
312,Customer 312,Male,44,Kolkata,MH,2026-02-11
313,Customer 313,Female,24,Ahmedabad,WB,2026-02-25
314,Customer 314,Male,62,Kolkata,GJ,2026-02-13
315,Customer 315,Female,56,Ahmedabad,GJ,2025-12-08
316,Customer 316,Female,50,Delhi,KA,2026-01-15
317,Customer 317,Female,57,Hyderabad,MH,2026-04-12
318,Customer 318,Male,20,Ahmedabad,WB,2024-04-27
319,Customer 319,Female,59,Hyderabad,GJ,2024-03-09
320,Customer 320,Female,25,Hyderabad,GJ,2025-10-16
321,Customer 321,Female,37,Chennai,TN,2024-08-06
322,Customer 322,Female,57,Ahmedabad,KA,2025-12-16
323,Customer 323,Female,50,Bengaluru,TN,2025-02-28
324,Customer 324,Male,18,Delhi,KA,2025-11-09
325,Customer 325,Female,47,Bengaluru,DL,2024-09-23
326,Customer 326,Female,26,Mumbai,TS,2025-06-25
327,Customer 327,Male,54,Mumbai,MH,2025-12-30
328,Customer 328,Female,65,Mumbai,MH,2025-10-05
329,Customer 329,Male,20,Delhi,MH,2026-01-15
330,Customer 330,Female,58,Hyderabad,KA,2025-08-30
331,Customer 331,Male,57,Delhi,GJ,2026-01-05
332,Customer 332,Female,44,Ahmedabad,MH,2026-04-13
333,Customer 333,Female,50,Bengaluru,MH,2024-04-20
334,Customer 334,Male,57,Hyderabad,GJ,2024-04-25
335,Customer 335,Female,18,Hyderabad,WB,2025-05-04
336,Customer 336,Male,39,Ahmedabad,TS,2025-07-31
337,Customer 337,Male,40,Hyderabad,MH,2026-02-01
338,Customer 338,Female,18,Kolkata,DL,2025-08-27
339,Customer 339,Female,59,Mumbai,KA,2026-04-04
340,Customer 340,Male,33,Ahmedabad,TN,2025-01-14
341,Customer 341,Female,44,Bengaluru,DL,2026-02-20
342,Customer 342,Male,32,Chennai,KA,2025-09-24
343,Customer 343,Male,52,Ahmedabad,TS,2025-07-15
344,Customer 344,Male,27,Delhi,TS,2025-11-19
345,Customer 345,Female,45,Kolkata,MH,2025-07-03
346,Customer 346,Male,60,Chennai,KA,2025-05-04
347,Customer 347,Male,21,Hyderabad,GJ,2024-11-04
348,Customer 348,Male,48,Mumbai,GJ,2024-07-07
349,Customer 349,Male,46,Ahmedabad,TN,2024-11-20
350,Customer 350,Female,50,Chennai,WB,2026-06-05
351,Customer 351,Female,64,Mumbai,MH,2026-05-20
352,Customer 352,Male,37,Mumbai,TN,2024-09-06
353,Customer 353,Male,36,Delhi,TN,2024-12-27
354,Customer 354,Female,56,Chennai,TN,2024-03-01
355,Customer 355,Male,63,Bengaluru,KA,2026-02-07
356,Customer 356,Male,64,Hyderabad,GJ,2025-06-04
357,Customer 357,Male,44,Kolkata,KA,2024-02-18
358,Customer 358,Female,20,Delhi,DL,2024-08-03
359,Customer 359,Male,28,Ahmedabad,TS,2026-03-09
360,Customer 360,Female,32,Pune,TS,2025-07-17
361,Customer 361,Male,32,Delhi,MH,2024-03-09
362,Customer 362,Male,53,Kolkata,KA,2025-08-16
363,Customer 363,Male,58,Hyderabad,KA,2025-01-23
364,Customer 364,Female,34,Hyderabad,TN,2024-03-11
365,Customer 365,Female,41,Mumbai,KA,2025-11-18
366,Customer 366,Female,47,Kolkata,MH,2024-11-03
367,Customer 367,Male,41,Bengaluru,MH,2026-05-06
368,Customer 368,Male,30,Kolkata,TN,2024-12-19
369,Customer 369,Female,19,Ahmedabad,DL,2025-04-13
370,Customer 370,Female,53,Pune,WB,2026-01-30
371,Customer 371,Male,23,Chennai,KA,2025-03-09
372,Customer 372,Female,18,Hyderabad,WB,2026-05-11
373,Customer 373,Male,34,Mumbai,TN,2026-05-14
374,Customer 374,Male,58,Kolkata,TN,2024-12-06
375,Customer 375,Female,25,Pune,GJ,2025-06-11
376,Customer 376,Male,37,Bengaluru,KA,2024-07-04
377,Customer 377,Female,54,Ahmedabad,MH,2024-07-22
378,Customer 378,Male,61,Pune,KA,2025-11-10
379,Customer 379,Female,28,Pune,KA,2026-04-10
380,Customer 380,Male,32,Delhi,MH,2025-09-08
381,Customer 381,Female,41,Hyderabad,KA,2025-12-14
382,Customer 382,Male,43,Mumbai,KA,2024-11-22
383,Customer 383,Female,56,Kolkata,KA,2025-05-10
384,Customer 384,Male,23,Chennai,DL,2026-06-19
385,Customer 385,Male,40,Bengaluru,MH,2026-01-20
386,Customer 386,Male,28,Pune,GJ,2024-10-31
387,Customer 387,Male,55,Bengaluru,DL,2024-06-27
388,Customer 388,Male,25,Delhi,DL,2025-11-13
389,Customer 389,Female,19,Pune,KA,2026-06-07
390,Customer 390,Female,27,Hyderabad,GJ,2024-11-05
391,Customer 391,Male,35,Kolkata,TN,2025-06-13
392,Customer 392,Male,37,Ahmedabad,MH,2025-05-12
393,Customer 393,Male,20,Bengaluru,KA,2025-01-01
394,Customer 394,Male,64,Bengaluru,MH,2024-09-09
395,Customer 395,Female,60,Hyderabad,GJ,2026-04-19
396,Customer 396,Female,25,Delhi,TS,2025-06-07
397,Customer 397,Male,20,Hyderabad,TN,2024-09-01
398,Customer 398,Male,22,Ahmedabad,MH,2024-10-03
399,Customer 399,Female,35,Bengaluru,WB,2024-05-03
400,Customer 400,Male,28,Hyderabad,KA,2025-08-27
401,Customer 401,Female,59,Bengaluru,MH,2025-10-25
402,Customer 402,Male,19,Pune,DL,2024-03-25
403,Customer 403,Male,19,Ahmedabad,GJ,2025-02-18
404,Customer 404,Female,63,Hyderabad,DL,2024-09-20
405,Customer 405,Male,28,Kolkata,TN,2024-10-06
406,Customer 406,Female,32,Ahmedabad,TS,2024-10-26
407,Customer 407,Male,47,Kolkata,TN,2025-11-21
408,Customer 408,Male,53,Chennai,DL,2025-04-30
409,Customer 409,Male,38,Ahmedabad,TN,2025-10-10
410,Customer 410,Male,37,Ahmedabad,TN,2024-10-30
411,Customer 411,Female,54,Kolkata,GJ,2026-02-03
412,Customer 412,Male,65,Chennai,GJ,2026-05-12
413,Customer 413,Female,21,Kolkata,MH,2024-06-30
414,Customer 414,Male,36,Chennai,KA,2025-05-17
415,Customer 415,Male,65,Chennai,GJ,2024-11-12
416,Customer 416,Female,34,Pune,MH,2026-02-21
417,Customer 417,Female,51,Bengaluru,MH,2025-09-26
418,Customer 418,Female,48,Ahmedabad,DL,2025-12-05
419,Customer 419,Male,22,Delhi,KA,2024-12-14
420,Customer 420,Male,26,Kolkata,DL,2024-10-16
421,Customer 421,Female,27,Bengaluru,TN,2025-08-04
422,Customer 422,Male,21,Bengaluru,KA,2026-01-27
423,Customer 423,Male,27,Bengaluru,DL,2024-12-19
424,Customer 424,Female,51,Bengaluru,WB,2025-12-01
425,Customer 425,Female,58,Hyderabad,TN,2025-05-16
426,Customer 426,Female,54,Kolkata,GJ,2024-11-23
427,Customer 427,Female,32,Pune,MH,2024-01-09
428,Customer 428,Male,23,Chennai,TN,2026-05-18
429,Customer 429,Male,56,Kolkata,TN,2024-12-13
430,Customer 430,Female,65,Mumbai,DL,2024-05-28
431,Customer 431,Male,38,Kolkata,WB,2025-12-15
432,Customer 432,Female,36,Ahmedabad,KA,2024-11-23
433,Customer 433,Female,35,Kolkata,DL,2025-10-06
434,Customer 434,Male,37,Mumbai,MH,2025-11-20
435,Customer 435,Male,56,Chennai,TN,2026-03-16
436,Customer 436,Male,21,Ahmedabad,TS,2025-02-09
437,Customer 437,Female,65,Kolkata,TN,2025-03-09
438,Customer 438,Female,30,Kolkata,WB,2025-06-10
439,Customer 439,Male,19,Pune,KA,2024-06-15
440,Customer 440,Male,39,Pune,DL,2025-10-17
441,Customer 441,Male,47,Kolkata,WB,2025-11-04
442,Customer 442,Female,24,Kolkata,WB,2024-07-08
443,Customer 443,Female,42,Chennai,DL,2025-11-22
444,Customer 444,Male,22,Mumbai,TS,2025-05-01
445,Customer 445,Female,63,Kolkata,MH,2025-05-21
446,Customer 446,Female,27,Chennai,WB,2024-03-06
447,Customer 447,Male,35,Bengaluru,MH,2026-03-09
448,Customer 448,Female,27,Pune,KA,2026-01-03
449,Customer 449,Female,20,Pune,GJ,2025-06-22
450,Customer 450,Female,29,Mumbai,DL,2024-02-16
451,Customer 451,Male,30,Mumbai,KA,2025-11-12
452,Customer 452,Female,20,Ahmedabad,GJ,2025-07-05
453,Customer 453,Male,39,Hyderabad,WB,2026-01-24
454,Customer 454,Male,48,Kolkata,DL,2024-01-04
455,Customer 455,Female,47,Kolkata,MH,2025-11-18
456,Customer 456,Female,35,Kolkata,TS,2025-01-14
457,Customer 457,Male,24,Bengaluru,KA,2024-03-08
458,Customer 458,Male,25,Mumbai,GJ,2025-01-01
459,Customer 459,Female,63,Pune,GJ,2024-09-16
460,Customer 460,Female,55,Mumbai,TS,2024-05-15
461,Customer 461,Male,29,Hyderabad,GJ,2024-06-28
462,Customer 462,Female,51,Hyderabad,TN,2024-07-07
463,Customer 463,Male,27,Ahmedabad,TN,2026-03-21
464,Customer 464,Male,32,Delhi,TN,2024-10-21
465,Customer 465,Female,37,Kolkata,KA,2025-07-09
466,Customer 466,Male,22,Hyderabad,WB,2025-07-19
467,Customer 467,Male,53,Hyderabad,TN,2026-06-10
468,Customer 468,Male,39,Ahmedabad,TN,2024-02-02
469,Customer 469,Male,20,Mumbai,KA,2025-10-19
470,Customer 470,Female,53,Kolkata,KA,2024-12-30
471,Customer 471,Male,22,Hyderabad,TS,2025-03-01
472,Customer 472,Male,26,Ahmedabad,KA,2025-08-27
473,Customer 473,Male,37,Pune,MH,2024-08-17
474,Customer 474,Male,29,Kolkata,TN,2024-01-02
475,Customer 475,Male,30,Chennai,MH,2026-05-07
476,Customer 476,Female,32,Kolkata,WB,2026-02-07
477,Customer 477,Male,39,Bengaluru,WB,2025-01-21
478,Customer 478,Male,32,Kolkata,WB,2024-05-21
479,Customer 479,Male,38,Hyderabad,MH,2025-06-15
480,Customer 480,Female,52,Hyderabad,KA,2025-05-17
481,Customer 481,Male,19,Mumbai,MH,2025-10-20
482,Customer 482,Female,40,Chennai,TS,2025-05-03
483,Customer 483,Female,55,Chennai,GJ,2025-10-23
484,Customer 484,Female,24,Chennai,KA,2025-03-17
485,Customer 485,Female,58,Chennai,TS,2024-10-27
486,Customer 486,Female,29,Mumbai,WB,2024-10-23
487,Customer 487,Female,19,Pune,DL,2025-03-12
488,Customer 488,Female,23,Bengaluru,GJ,2025-08-14
489,Customer 489,Female,32,Delhi,MH,2024-01-16
490,Customer 490,Male,60,Kolkata,GJ,2025-11-15
491,Customer 491,Female,28,Chennai,KA,2026-02-10
492,Customer 492,Male,52,Bengaluru,KA,2025-08-11
493,Customer 493,Male,32,Bengaluru,TN,2024-08-06
494,Customer 494,Female,44,Chennai,KA,2024-04-22
495,Customer 495,Male,42,Pune,TN,2025-08-12
496,Customer 496,Female,57,Delhi,MH,2024-10-24
497,Customer 497,Male,58,Ahmedabad,MH,2026-02-17
498,Customer 498,Male,55,Kolkata,GJ,2026-06-14
499,Customer 499,Female,39,Mumbai,DL,2025-07-23
500,Customer 500,Female,47,Hyderabad,TS,2024-02-14
501,Customer 501,Male,46,Pune,TS,2026-05-19
502,Customer 502,Male,51,Mumbai,GJ,2025-08-15
503,Customer 503,Female,59,Ahmedabad,DL,2024-10-15
504,Customer 504,Male,43,Mumbai,WB,2025-09-01
505,Customer 505,Female,19,Ahmedabad,WB,2025-05-23
506,Customer 506,Female,59,Kolkata,KA,2026-04-25
507,Customer 507,Male,61,Kolkata,GJ,2025-11-07
508,Customer 508,Male,61,Mumbai,MH,2025-08-07
509,Customer 509,Male,34,Pune,KA,2024-04-19
510,Customer 510,Male,25,Bengaluru,MH,2024-01-24
511,Customer 511,Male,28,Hyderabad,KA,2024-04-29
512,Customer 512,Female,25,Ahmedabad,WB,2025-12-03
513,Customer 513,Female,31,Hyderabad,TS,2026-02-05
514,Customer 514,Male,29,Bengaluru,WB,2024-04-09
515,Customer 515,Female,59,Kolkata,MH,2024-05-04
516,Customer 516,Male,58,Mumbai,DL,2024-09-21
517,Customer 517,Male,38,Mumbai,TN,2024-07-16
518,Customer 518,Male,63,Kolkata,WB,2026-03-10
519,Customer 519,Male,34,Pune,WB,2024-01-27
520,Customer 520,Female,63,Hyderabad,TS,2025-02-28
521,Customer 521,Male,28,Pune,MH,2025-10-10
522,Customer 522,Male,29,Ahmedabad,GJ,2025-06-28
523,Customer 523,Male,31,Mumbai,TS,2025-03-31
524,Customer 524,Male,58,Ahmedabad,TN,2024-06-07
525,Customer 525,Female,50,Delhi,KA,2024-08-11
526,Customer 526,Male,59,Ahmedabad,KA,2026-04-18
527,Customer 527,Female,65,Mumbai,GJ,2024-03-24
528,Customer 528,Male,46,Delhi,DL,2026-01-10
529,Customer 529,Male,23,Ahmedabad,DL,2025-11-09
530,Customer 530,Male,65,Ahmedabad,TS,2024-04-08
531,Customer 531,Female,63,Hyderabad,MH,2024-11-19
532,Customer 532,Female,27,Mumbai,GJ,2024-06-30
533,Customer 533,Female,43,Chennai,DL,2025-01-28
534,Customer 534,Female,60,Bengaluru,KA,2024-12-15
535,Customer 535,Female,50,Pune,TS,2024-04-09
536,Customer 536,Female,28,Kolkata,WB,2025-09-18
537,Customer 537,Male,28,Mumbai,MH,2024-11-05
538,Customer 538,Male,46,Kolkata,MH,2026-06-03
539,Customer 539,Female,30,Chennai,DL,2024-10-20
540,Customer 540,Female,37,Pune,WB,2024-01-23
541,Customer 541,Male,35,Hyderabad,MH,2024-03-31
542,Customer 542,Female,48,Kolkata,WB,2025-10-02
543,Customer 543,Male,43,Delhi,GJ,2025-05-24
544,Customer 544,Female,47,Mumbai,DL,2025-09-15
545,Customer 545,Female,24,Delhi,MH,2024-07-28
546,Customer 546,Female,60,Chennai,KA,2024-02-27
547,Customer 547,Male,41,Pune,MH,2026-05-05
548,Customer 548,Male,62,Bengaluru,MH,2024-04-13
549,Customer 549,Male,61,Mumbai,MH,2025-04-25
550,Customer 550,Male,41,Pune,WB,2025-06-24
551,Customer 551,Female,37,Delhi,KA,2026-01-27
552,Customer 552,Female,46,Hyderabad,GJ,2026-05-24
553,Customer 553,Female,35,Pune,DL,2025-09-01
554,Customer 554,Female,37,Pune,KA,2024-09-15
555,Customer 555,Male,39,Kolkata,TN,2025-08-09
556,Customer 556,Female,38,Pune,KA,2026-03-24
557,Customer 557,Male,27,Delhi,TS,2025-01-13
558,Customer 558,Female,21,Bengaluru,DL,2026-04-14
559,Customer 559,Male,62,Delhi,DL,2024-05-29
560,Customer 560,Female,19,Mumbai,GJ,2025-04-19
561,Customer 561,Male,42,Pune,KA,2025-05-06
562,Customer 562,Male,41,Hyderabad,KA,2024-12-18
563,Customer 563,Male,31,Hyderabad,DL,2026-04-05
564,Customer 564,Male,43,Mumbai,GJ,2025-05-11
565,Customer 565,Female,34,Chennai,DL,2026-01-30
566,Customer 566,Male,36,Hyderabad,DL,2025-10-16
567,Customer 567,Male,43,Bengaluru,GJ,2025-03-26
568,Customer 568,Male,22,Kolkata,GJ,2025-03-02
569,Customer 569,Female,54,Delhi,DL,2026-04-02
570,Customer 570,Female,47,Ahmedabad,DL,2025-06-30
571,Customer 571,Male,61,Hyderabad,GJ,2024-09-21
572,Customer 572,Female,24,Delhi,TN,2024-12-16
573,Customer 573,Male,27,Bengaluru,WB,2025-04-11
574,Customer 574,Female,56,Mumbai,TS,2025-07-31
575,Customer 575,Female,58,Hyderabad,WB,2025-08-22
576,Customer 576,Male,50,Kolkata,DL,2024-12-12
577,Customer 577,Male,59,Mumbai,TS,2025-12-03
578,Customer 578,Male,25,Kolkata,TN,2024-08-13
579,Customer 579,Male,59,Mumbai,GJ,2025-10-14
580,Customer 580,Female,44,Mumbai,TS,2024-05-02
581,Customer 581,Male,22,Bengaluru,TN,2025-03-25
582,Customer 582,Male,54,Ahmedabad,MH,2024-05-27
583,Customer 583,Female,46,Kolkata,WB,2025-12-22
584,Customer 584,Male,38,Ahmedabad,WB,2025-08-24
585,Customer 585,Female,21,Hyderabad,TS,2025-03-02
586,Customer 586,Female,65,Ahmedabad,WB,2024-11-29
587,Customer 587,Female,25,Hyderabad,GJ,2025-08-14
588,Customer 588,Female,48,Hyderabad,WB,2024-04-17
589,Customer 589,Male,64,Hyderabad,MH,2024-05-24
590,Customer 590,Female,51,Pune,TN,2026-01-24
591,Customer 591,Female,35,Hyderabad,KA,2025-09-16
592,Customer 592,Male,50,Delhi,GJ,2026-03-04
593,Customer 593,Male,53,Hyderabad,TS,2025-10-18
594,Customer 594,Female,37,Kolkata,KA,2025-07-02
595,Customer 595,Male,24,Bengaluru,KA,2024-02-02
596,Customer 596,Male,47,Bengaluru,GJ,2025-10-05
597,Customer 597,Male,38,Mumbai,KA,2026-04-11
598,Customer 598,Female,20,Delhi,DL,2025-06-30
599,Customer 599,Male,26,Pune,DL,2025-04-24
600,Customer 600,Male,20,Pune,TN,2026-04-02
601,Customer 601,Male,27,Ahmedabad,MH,2025-08-15
602,Customer 602,Female,59,Chennai,KA,2025-09-09
603,Customer 603,Female,50,Hyderabad,WB,2024-06-19
604,Customer 604,Female,34,Mumbai,MH,2024-10-06
605,Customer 605,Male,39,Hyderabad,KA,2025-11-17
606,Customer 606,Male,25,Bengaluru,TS,2025-12-13
607,Customer 607,Male,45,Hyderabad,KA,2025-01-21
608,Customer 608,Male,33,Chennai,GJ,2024-08-21
609,Customer 609,Male,57,Hyderabad,KA,2026-03-10
610,Customer 610,Female,46,Pune,KA,2025-12-09
611,Customer 611,Female,22,Mumbai,DL,2026-04-30
612,Customer 612,Female,26,Ahmedabad,TN,2026-05-03
613,Customer 613,Male,56,Pune,MH,2025-04-21
614,Customer 614,Male,65,Ahmedabad,KA,2024-12-05
615,Customer 615,Male,61,Delhi,DL,2024-08-24
616,Customer 616,Female,29,Chennai,TN,2024-08-20
617,Customer 617,Male,48,Kolkata,GJ,2025-02-06
618,Customer 618,Female,22,Chennai,KA,2025-08-06
619,Customer 619,Male,24,Bengaluru,DL,2024-03-23
620,Customer 620,Female,20,Ahmedabad,TS,2025-01-28
621,Customer 621,Male,57,Chennai,GJ,2024-09-12
622,Customer 622,Male,43,Delhi,GJ,2025-09-07
623,Customer 623,Male,55,Pune,DL,2026-05-11
624,Customer 624,Male,23,Chennai,MH,2026-01-25
625,Customer 625,Male,18,Chennai,GJ,2024-02-06
626,Customer 626,Male,64,Pune,TN,2025-12-12
627,Customer 627,Female,61,Ahmedabad,GJ,2025-10-09
628,Customer 628,Female,33,Chennai,MH,2026-01-03
629,Customer 629,Male,24,Hyderabad,GJ,2025-10-13
630,Customer 630,Male,51,Chennai,KA,2024-08-27
631,Customer 631,Male,50,Hyderabad,TN,2025-12-19
632,Customer 632,Male,38,Delhi,TS,2024-02-06
633,Customer 633,Male,28,Delhi,DL,2025-06-05
634,Customer 634,Female,29,Bengaluru,MH,2026-02-07
635,Customer 635,Male,18,Mumbai,KA,2025-01-22
636,Customer 636,Male,58,Hyderabad,TS,2025-11-27
637,Customer 637,Male,49,Delhi,MH,2026-03-06
638,Customer 638,Male,60,Mumbai,WB,2025-04-21
639,Customer 639,Male,53,Delhi,TN,2025-05-11
640,Customer 640,Female,55,Ahmedabad,WB,2026-02-21
641,Customer 641,Male,36,Delhi,KA,2026-03-21
642,Customer 642,Male,48,Delhi,KA,2025-08-06
643,Customer 643,Female,51,Kolkata,WB,2024-10-29
644,Customer 644,Male,19,Ahmedabad,WB,2025-01-13
645,Customer 645,Male,34,Delhi,TS,2024-08-04
646,Customer 646,Male,61,Ahmedabad,TS,2025-11-01
647,Customer 647,Female,53,Pune,MH,2026-01-31
648,Customer 648,Male,51,Mumbai,KA,2024-11-01
649,Customer 649,Female,44,Hyderabad,WB,2025-07-07
650,Customer 650,Male,24,Delhi,TS,2025-04-29
651,Customer 651,Female,35,Kolkata,MH,2026-05-04
652,Customer 652,Male,62,Bengaluru,TS,2024-10-03
653,Customer 653,Male,48,Pune,GJ,2026-01-21
654,Customer 654,Male,63,Delhi,KA,2024-10-21
655,Customer 655,Female,34,Chennai,WB,2024-10-13
656,Customer 656,Male,20,Ahmedabad,TN,2025-07-25
657,Customer 657,Female,43,Chennai,DL,2024-03-12
658,Customer 658,Female,21,Kolkata,WB,2026-05-01
659,Customer 659,Female,24,Pune,TN,2025-06-21
660,Customer 660,Male,53,Delhi,TS,2024-09-29
661,Customer 661,Female,28,Pune,KA,2026-05-20
662,Customer 662,Female,50,Chennai,KA,2025-05-06
663,Customer 663,Male,45,Chennai,DL,2024-12-06
664,Customer 664,Female,34,Hyderabad,MH,2025-11-05
665,Customer 665,Female,46,Kolkata,TN,2026-01-19
666,Customer 666,Female,43,Hyderabad,TS,2024-01-30
667,Customer 667,Male,40,Delhi,KA,2025-11-12
668,Customer 668,Female,58,Delhi,GJ,2024-11-13
669,Customer 669,Female,56,Hyderabad,DL,2024-10-06
670,Customer 670,Male,21,Bengaluru,TN,2024-09-18
671,Customer 671,Female,44,Mumbai,MH,2024-01-15
672,Customer 672,Male,61,Mumbai,KA,2026-05-24
673,Customer 673,Female,63,Delhi,WB,2026-05-26
674,Customer 674,Male,41,Hyderabad,GJ,2024-12-10
675,Customer 675,Female,30,Mumbai,KA,2025-08-06
676,Customer 676,Male,36,Ahmedabad,MH,2025-08-02
677,Customer 677,Male,49,Bengaluru,KA,2025-09-08
678,Customer 678,Male,34,Ahmedabad,TS,2024-12-16
679,Customer 679,Male,62,Delhi,DL,2024-07-24
680,Customer 680,Male,31,Pune,WB,2025-04-25
681,Customer 681,Female,18,Ahmedabad,WB,2025-10-27
682,Customer 682,Female,58,Bengaluru,TN,2025-08-04
683,Customer 683,Female,27,Delhi,WB,2024-02-27
684,Customer 684,Female,59,Ahmedabad,GJ,2026-01-17
685,Customer 685,Male,36,Pune,DL,2025-07-04
686,Customer 686,Male,42,Bengaluru,TS,2024-02-15
687,Customer 687,Female,57,Ahmedabad,TN,2024-02-27
688,Customer 688,Female,56,Pune,KA,2026-05-08
689,Customer 689,Male,63,Bengaluru,MH,2025-12-13
690,Customer 690,Female,64,Bengaluru,MH,2025-01-21
691,Customer 691,Male,64,Pune,TS,2024-12-15
692,Customer 692,Male,65,Ahmedabad,TS,2025-03-22
693,Customer 693,Male,23,Pune,DL,2025-02-06
694,Customer 694,Male,44,Hyderabad,GJ,2024-11-03
695,Customer 695,Female,35,Kolkata,DL,2025-07-02
696,Customer 696,Female,65,Delhi,TS,2024-08-10
697,Customer 697,Male,37,Mumbai,KA,2025-09-01
698,Customer 698,Male,30,Ahmedabad,GJ,2024-10-16
699,Customer 699,Male,57,Kolkata,WB,2024-08-26
700,Customer 700,Male,52,Delhi,MH,2025-07-13
701,Customer 701,Male,50,Ahmedabad,KA,2024-11-01
702,Customer 702,Male,37,Mumbai,TS,2024-09-08
703,Customer 703,Male,19,Kolkata,KA,2025-12-11
704,Customer 704,Female,21,Pune,DL,2026-04-21
705,Customer 705,Female,52,Ahmedabad,DL,2025-04-22
706,Customer 706,Male,57,Hyderabad,DL,2026-06-18
707,Customer 707,Female,30,Kolkata,MH,2026-02-11
708,Customer 708,Female,18,Mumbai,GJ,2026-06-03
709,Customer 709,Male,27,Chennai,TS,2024-04-04
710,Customer 710,Male,24,Hyderabad,KA,2025-10-29
711,Customer 711,Female,31,Hyderabad,KA,2024-02-09
712,Customer 712,Male,42,Mumbai,KA,2025-11-30
713,Customer 713,Female,18,Chennai,MH,2026-03-18
714,Customer 714,Male,61,Delhi,DL,2024-02-11
715,Customer 715,Male,39,Ahmedabad,TN,2024-12-30
716,Customer 716,Female,40,Hyderabad,DL,2025-06-07
717,Customer 717,Male,36,Ahmedabad,MH,2024-04-22
718,Customer 718,Male,53,Mumbai,TS,2024-12-16
719,Customer 719,Female,59,Hyderabad,KA,2025-11-13
720,Customer 720,Male,47,Pune,TS,2024-01-02
721,Customer 721,Male,23,Kolkata,WB,2025-06-16
722,Customer 722,Female,52,Ahmedabad,KA,2026-05-22
723,Customer 723,Male,53,Bengaluru,TN,2024-10-13
724,Customer 724,Male,30,Kolkata,DL,2024-10-16
725,Customer 725,Male,60,Bengaluru,WB,2024-02-14
726,Customer 726,Male,59,Chennai,KA,2025-12-06
727,Customer 727,Male,49,Delhi,TN,2024-11-29
728,Customer 728,Male,38,Delhi,GJ,2025-06-16
729,Customer 729,Male,44,Delhi,MH,2025-01-07
730,Customer 730,Male,28,Chennai,TN,2025-05-26
731,Customer 731,Female,56,Ahmedabad,TN,2026-05-16
732,Customer 732,Female,24,Ahmedabad,TN,2025-03-13
733,Customer 733,Female,65,Bengaluru,DL,2026-01-23
734,Customer 734,Female,30,Chennai,TS,2026-04-29
735,Customer 735,Female,19,Kolkata,KA,2024-10-04
736,Customer 736,Male,19,Pune,WB,2024-07-10
737,Customer 737,Female,24,Bengaluru,GJ,2024-02-29
738,Customer 738,Male,34,Delhi,KA,2026-05-27
739,Customer 739,Male,48,Ahmedabad,DL,2024-10-26
740,Customer 740,Female,41,Kolkata,TN,2026-04-20
741,Customer 741,Male,58,Hyderabad,TN,2026-04-10
742,Customer 742,Male,63,Kolkata,GJ,2024-05-11
743,Customer 743,Male,65,Delhi,DL,2025-10-11
744,Customer 744,Female,23,Pune,TS,2025-12-06
745,Customer 745,Female,24,Bengaluru,KA,2026-02-19
746,Customer 746,Female,43,Pune,DL,2024-07-16
747,Customer 747,Male,44,Mumbai,GJ,2024-05-27
748,Customer 748,Female,44,Ahmedabad,GJ,2025-06-22
749,Customer 749,Male,59,Pune,DL,2025-01-05
750,Customer 750,Female,62,Hyderabad,KA,2025-09-09
751,Customer 751,Female,63,Ahmedabad,DL,2025-05-23
752,Customer 752,Male,63,Chennai,DL,2025-04-24
753,Customer 753,Female,51,Delhi,DL,2026-03-30
754,Customer 754,Male,47,Delhi,DL,2024-01-21
755,Customer 755,Male,51,Delhi,TS,2026-05-04
756,Customer 756,Male,61,Ahmedabad,GJ,2026-03-24
757,Customer 757,Male,24,Chennai,TS,2024-10-31
758,Customer 758,Female,21,Hyderabad,DL,2026-01-15
759,Customer 759,Male,61,Pune,DL,2025-04-12
760,Customer 760,Male,62,Mumbai,WB,2024-12-22
761,Customer 761,Female,51,Delhi,DL,2025-03-20
762,Customer 762,Male,55,Chennai,GJ,2025-11-12
763,Customer 763,Female,30,Mumbai,TN,2025-04-25
764,Customer 764,Male,50,Delhi,TS,2025-02-28
765,Customer 765,Female,56,Hyderabad,MH,2025-08-15
766,Customer 766,Female,21,Chennai,DL,2024-04-21
767,Customer 767,Male,18,Chennai,KA,2026-03-11
768,Customer 768,Female,18,Mumbai,TN,2025-07-20
769,Customer 769,Male,43,Bengaluru,KA,2025-11-21
770,Customer 770,Male,18,Hyderabad,TN,2024-05-19
771,Customer 771,Female,63,Ahmedabad,TS,2025-03-20
772,Customer 772,Male,22,Kolkata,DL,2024-07-23
773,Customer 773,Female,41,Hyderabad,KA,2025-03-16
774,Customer 774,Male,58,Delhi,WB,2025-05-02
775,Customer 775,Male,33,Pune,TS,2024-05-13
776,Customer 776,Male,34,Delhi,KA,2025-09-15
777,Customer 777,Male,62,Delhi,DL,2025-03-29
778,Customer 778,Female,49,Kolkata,MH,2024-10-29
779,Customer 779,Male,57,Mumbai,GJ,2024-01-11
780,Customer 780,Male,48,Ahmedabad,GJ,2025-05-18
781,Customer 781,Female,24,Kolkata,KA,2026-05-15
782,Customer 782,Female,24,Chennai,TS,2024-05-04
783,Customer 783,Male,56,Mumbai,TS,2025-08-13
784,Customer 784,Male,43,Delhi,KA,2024-01-02
785,Customer 785,Female,62,Pune,GJ,2025-03-29
786,Customer 786,Female,48,Hyderabad,TN,2025-04-15
787,Customer 787,Female,50,Kolkata,DL,2025-02-03
788,Customer 788,Male,43,Bengaluru,DL,2025-05-06
789,Customer 789,Male,53,Pune,DL,2025-11-25
790,Customer 790,Female,28,Kolkata,MH,2024-04-09
791,Customer 791,Female,29,Chennai,TN,2024-04-09
792,Customer 792,Male,57,Hyderabad,WB,2026-03-12
793,Customer 793,Female,44,Ahmedabad,TN,2026-03-26
794,Customer 794,Female,54,Mumbai,GJ,2025-05-24
795,Customer 795,Male,54,Kolkata,TN,2024-04-11
796,Customer 796,Male,45,Mumbai,WB,2024-07-24
797,Customer 797,Female,43,Pune,DL,2024-12-08
798,Customer 798,Male,48,Pune,GJ,2024-08-18
799,Customer 799,Female,35,Mumbai,GJ,2025-04-30
800,Customer 800,Male,57,Hyderabad,DL,2025-03-12
801,Customer 801,Female,55,Delhi,GJ,2025-04-29
802,Customer 802,Female,40,Bengaluru,TN,2024-10-28
803,Customer 803,Female,57,Mumbai,MH,2025-12-21
804,Customer 804,Female,58,Bengaluru,MH,2026-04-14
805,Customer 805,Male,35,Delhi,DL,2026-02-03
806,Customer 806,Male,43,Ahmedabad,DL,2026-01-14
807,Customer 807,Female,26,Bengaluru,TS,2024-10-06
808,Customer 808,Male,20,Delhi,KA,2024-11-25
809,Customer 809,Female,38,Bengaluru,MH,2024-01-06
810,Customer 810,Male,30,Ahmedabad,WB,2024-05-30
811,Customer 811,Male,33,Delhi,KA,2024-09-29
812,Customer 812,Female,37,Hyderabad,DL,2025-12-05
813,Customer 813,Male,62,Delhi,TN,2025-01-15
814,Customer 814,Male,38,Kolkata,MH,2025-09-21
815,Customer 815,Female,61,Pune,DL,2025-04-23
816,Customer 816,Female,60,Pune,DL,2025-08-30
817,Customer 817,Male,20,Chennai,DL,2024-04-21
818,Customer 818,Female,46,Pune,KA,2024-07-21
819,Customer 819,Male,27,Bengaluru,WB,2024-04-30
820,Customer 820,Female,22,Bengaluru,MH,2025-07-20
821,Customer 821,Male,36,Ahmedabad,MH,2024-10-19
822,Customer 822,Male,45,Mumbai,WB,2025-06-01
823,Customer 823,Female,35,Kolkata,DL,2026-03-21
824,Customer 824,Female,22,Mumbai,DL,2026-05-28
825,Customer 825,Male,32,Kolkata,KA,2026-05-14
826,Customer 826,Male,60,Pune,KA,2025-08-26
827,Customer 827,Female,56,Pune,TS,2026-04-17
828,Customer 828,Male,61,Ahmedabad,WB,2026-05-12
829,Customer 829,Female,46,Mumbai,MH,2024-10-19
830,Customer 830,Female,41,Ahmedabad,WB,2025-06-21
831,Customer 831,Female,60,Bengaluru,DL,2024-05-05
832,Customer 832,Male,18,Delhi,KA,2025-09-20
833,Customer 833,Female,54,Hyderabad,TS,2025-08-31
834,Customer 834,Male,50,Pune,TS,2025-09-26
835,Customer 835,Female,41,Kolkata,MH,2024-01-05
836,Customer 836,Female,54,Delhi,DL,2025-03-30
837,Customer 837,Male,57,Ahmedabad,TN,2026-05-24
838,Customer 838,Female,37,Ahmedabad,DL,2025-02-20
839,Customer 839,Female,62,Bengaluru,WB,2025-07-25
840,Customer 840,Male,44,Kolkata,GJ,2025-12-26
841,Customer 841,Female,55,Kolkata,GJ,2025-01-29
842,Customer 842,Female,39,Ahmedabad,WB,2025-02-24
843,Customer 843,Male,61,Pune,WB,2025-09-20
844,Customer 844,Male,64,Pune,GJ,2025-06-13
845,Customer 845,Male,43,Bengaluru,TN,2024-05-19
846,Customer 846,Female,37,Mumbai,MH,2025-11-13
847,Customer 847,Male,53,Ahmedabad,DL,2024-02-05
848,Customer 848,Male,23,Delhi,MH,2025-04-04
849,Customer 849,Female,25,Hyderabad,TN,2024-04-14
850,Customer 850,Female,53,Pune,TS,2025-08-27
851,Customer 851,Male,45,Bengaluru,MH,2024-11-19
852,Customer 852,Female,61,Hyderabad,TN,2026-01-01
853,Customer 853,Male,48,Bengaluru,TN,2024-05-03
854,Customer 854,Female,42,Bengaluru,DL,2026-06-18
855,Customer 855,Female,41,Mumbai,DL,2025-07-30
856,Customer 856,Female,27,Mumbai,TS,2025-09-28
857,Customer 857,Female,49,Delhi,TN,2025-11-06
858,Customer 858,Female,29,Chennai,WB,2024-07-28
859,Customer 859,Female,28,Bengaluru,TN,2024-03-27
860,Customer 860,Female,57,Hyderabad,DL,2025-07-01
861,Customer 861,Male,26,Delhi,TN,2024-05-15
862,Customer 862,Male,54,Mumbai,GJ,2024-02-27
863,Customer 863,Male,35,Pune,DL,2024-07-03
864,Customer 864,Female,36,Pune,MH,2026-06-12
865,Customer 865,Female,46,Pune,KA,2024-11-07
866,Customer 866,Male,18,Kolkata,GJ,2026-05-22
867,Customer 867,Male,54,Kolkata,TN,2024-06-30
868,Customer 868,Female,53,Pune,GJ,2024-10-12
869,Customer 869,Female,45,Hyderabad,WB,2026-06-12
870,Customer 870,Female,19,Kolkata,WB,2025-02-01
871,Customer 871,Male,54,Bengaluru,TN,2024-05-12
872,Customer 872,Male,37,Ahmedabad,MH,2024-07-22
873,Customer 873,Male,55,Chennai,KA,2025-04-14
874,Customer 874,Male,35,Bengaluru,MH,2024-10-23
875,Customer 875,Female,42,Hyderabad,DL,2025-11-25
876,Customer 876,Female,64,Chennai,WB,2024-05-15
877,Customer 877,Male,51,Kolkata,WB,2025-04-01
878,Customer 878,Male,28,Bengaluru,TS,2025-10-16
879,Customer 879,Female,40,Pune,WB,2024-06-14
880,Customer 880,Male,50,Kolkata,GJ,2024-01-03
881,Customer 881,Male,26,Mumbai,KA,2025-12-01
882,Customer 882,Female,36,Ahmedabad,GJ,2024-04-12
883,Customer 883,Male,57,Bengaluru,DL,2024-12-18
884,Customer 884,Female,39,Pune,TN,2025-03-04
885,Customer 885,Female,20,Hyderabad,MH,2024-06-25
886,Customer 886,Male,47,Delhi,DL,2025-04-29
887,Customer 887,Female,19,Chennai,MH,2024-11-16
888,Customer 888,Male,54,Kolkata,WB,2025-07-30
889,Customer 889,Male,34,Kolkata,DL,2026-05-12
890,Customer 890,Female,30,Delhi,KA,2025-11-11
891,Customer 891,Female,65,Chennai,TN,2025-11-12
892,Customer 892,Male,45,Bengaluru,DL,2025-10-24
893,Customer 893,Female,42,Bengaluru,TS,2024-02-08
894,Customer 894,Male,22,Ahmedabad,KA,2025-11-02
895,Customer 895,Female,42,Kolkata,KA,2024-06-03
896,Customer 896,Female,42,Delhi,DL,2025-09-15
897,Customer 897,Female,60,Pune,KA,2024-09-23
898,Customer 898,Female,54,Bengaluru,TS,2026-01-19
899,Customer 899,Male,24,Delhi,KA,2024-08-20
900,Customer 900,Female,31,Kolkata,TN,2025-08-01
901,Customer 901,Male,59,Kolkata,WB,2024-10-08
902,Customer 902,Female,22,Chennai,TS,2025-09-27
903,Customer 903,Female,24,Delhi,KA,2024-06-06
904,Customer 904,Male,64,Delhi,KA,2026-03-04
905,Customer 905,Female,63,Bengaluru,KA,2024-09-18
906,Customer 906,Female,23,Delhi,DL,2026-01-02
907,Customer 907,Female,49,Bengaluru,MH,2024-09-19
908,Customer 908,Male,18,Mumbai,WB,2025-11-05
909,Customer 909,Female,34,Mumbai,TS,2024-02-21
910,Customer 910,Female,60,Ahmedabad,TS,2024-10-31
911,Customer 911,Female,49,Kolkata,TN,2024-10-18
912,Customer 912,Male,24,Ahmedabad,DL,2024-06-06
913,Customer 913,Female,58,Bengaluru,MH,2026-05-18
914,Customer 914,Female,31,Kolkata,MH,2025-10-15
915,Customer 915,Male,53,Chennai,DL,2025-05-09
916,Customer 916,Female,50,Mumbai,TS,2025-10-10
917,Customer 917,Male,59,Chennai,WB,2025-01-09
918,Customer 918,Female,61,Ahmedabad,DL,2024-07-05
919,Customer 919,Female,35,Hyderabad,KA,2026-02-12
920,Customer 920,Male,60,Chennai,TN,2025-12-02
921,Customer 921,Male,54,Ahmedabad,TS,2025-05-16
922,Customer 922,Male,36,Chennai,KA,2025-04-29
923,Customer 923,Female,53,Hyderabad,MH,2024-12-28
924,Customer 924,Female,44,Chennai,GJ,2024-07-07
925,Customer 925,Male,65,Delhi,GJ,2024-07-14
926,Customer 926,Female,59,Mumbai,TN,2025-12-13
927,Customer 927,Male,59,Mumbai,TS,2025-08-24
928,Customer 928,Male,55,Chennai,GJ,2025-10-03
929,Customer 929,Male,37,Kolkata,DL,2024-03-09
930,Customer 930,Male,31,Bengaluru,WB,2024-08-02
931,Customer 931,Female,61,Bengaluru,WB,2026-02-02
932,Customer 932,Female,53,Mumbai,TN,2026-05-27
933,Customer 933,Female,48,Bengaluru,KA,2024-11-25
934,Customer 934,Female,52,Ahmedabad,MH,2025-04-17
935,Customer 935,Male,31,Bengaluru,TN,2025-04-27
936,Customer 936,Male,18,Bengaluru,MH,2026-05-18
937,Customer 937,Male,59,Delhi,TN,2024-08-01
938,Customer 938,Male,59,Bengaluru,MH,2024-11-01
939,Customer 939,Male,27,Mumbai,GJ,2024-09-23
940,Customer 940,Female,49,Pune,GJ,2025-03-05
941,Customer 941,Male,42,Pune,DL,2025-03-07
942,Customer 942,Female,61,Pune,WB,2025-07-07
943,Customer 943,Male,32,Delhi,GJ,2024-09-05
944,Customer 944,Male,24,Bengaluru,GJ,2024-05-25
945,Customer 945,Male,34,Chennai,GJ,2025-06-15
946,Customer 946,Male,24,Pune,WB,2024-01-05
947,Customer 947,Male,47,Bengaluru,TS,2026-04-07
948,Customer 948,Male,22,Chennai,TN,2024-07-11
949,Customer 949,Female,40,Chennai,GJ,2026-04-27
950,Customer 950,Male,49,Bengaluru,TN,2026-04-25
951,Customer 951,Male,27,Hyderabad,MH,2025-04-09
952,Customer 952,Male,30,Ahmedabad,WB,2024-02-25
953,Customer 953,Male,50,Pune,TS,2026-02-04
954,Customer 954,Female,39,Delhi,GJ,2025-08-25
955,Customer 955,Female,47,Chennai,TS,2025-10-16
956,Customer 956,Female,27,Pune,TN,2024-09-15
957,Customer 957,Female,26,Mumbai,DL,2025-05-28
958,Customer 958,Female,47,Delhi,GJ,2025-09-12
959,Customer 959,Female,43,Ahmedabad,GJ,2025-11-28
960,Customer 960,Female,18,Ahmedabad,TS,2026-02-15
961,Customer 961,Female,59,Ahmedabad,KA,2024-11-19
962,Customer 962,Male,22,Delhi,TS,2025-10-19
963,Customer 963,Male,50,Ahmedabad,WB,2025-12-02
964,Customer 964,Female,60,Ahmedabad,KA,2025-12-09
965,Customer 965,Male,46,Delhi,TN,2025-10-26
966,Customer 966,Male,30,Kolkata,GJ,2025-05-09
967,Customer 967,Male,44,Pune,DL,2025-08-23
968,Customer 968,Female,45,Bengaluru,KA,2025-01-15
969,Customer 969,Female,20,Mumbai,TS,2026-02-08
970,Customer 970,Male,33,Kolkata,KA,2024-09-26
971,Customer 971,Female,27,Chennai,DL,2025-12-26
972,Customer 972,Male,47,Pune,KA,2025-04-20
973,Customer 973,Male,50,Bengaluru,TS,2025-10-10
974,Customer 974,Female,24,Chennai,MH,2024-08-17
975,Customer 975,Female,61,Pune,DL,2025-05-12
976,Customer 976,Male,34,Pune,MH,2024-06-24
977,Customer 977,Female,34,Chennai,TS,2024-11-02
978,Customer 978,Male,37,Delhi,TS,2024-06-26
979,Customer 979,Male,42,Mumbai,TS,2025-07-15
980,Customer 980,Female,31,Bengaluru,TS,2026-05-31
981,Customer 981,Male,29,Mumbai,GJ,2025-03-20
982,Customer 982,Female,39,Chennai,WB,2025-07-14
983,Customer 983,Female,64,Mumbai,TN,2024-10-27
984,Customer 984,Female,34,Ahmedabad,GJ,2024-05-01
985,Customer 985,Female,31,Mumbai,TN,2024-01-24
986,Customer 986,Female,49,Chennai,WB,2026-02-15
987,Customer 987,Female,37,Mumbai,TS,2026-04-16
988,Customer 988,Female,55,Hyderabad,TS,2024-03-29
989,Customer 989,Female,56,Pune,TS,2024-07-05
990,Customer 990,Male,44,Pune,MH,2025-09-06
991,Customer 991,Male,29,Mumbai,KA,2026-06-13
992,Customer 992,Male,47,Ahmedabad,DL,2024-12-07
993,Customer 993,Male,21,Chennai,KA,2025-07-21
994,Customer 994,Male,21,Ahmedabad,GJ,2025-05-13
995,Customer 995,Male,52,Bengaluru,DL,2025-07-14
996,Customer 996,Female,51,Chennai,TS,2024-04-02
997,Customer 997,Female,58,Delhi,KA,2026-03-31
998,Customer 998,Male,40,Mumbai,MH,2026-04-15
999,Customer 999,Female,18,Chennai,WB,2026-05-26
1000,Customer 1000,Female,25,Mumbai,MH,2024-08-10
1001,Customer 1001,Male,20,Delhi,KA,2025-12-19
1002,Customer 1002,Male,64,Hyderabad,DL,2024-03-20
1003,Customer 1003,Male,55,Bengaluru,KA,2025-01-30
1004,Customer 1004,Female,38,Hyderabad,DL,2025-07-30
1005,Customer 1005,Female,45,Kolkata,TN,2026-01-28
1006,Customer 1006,Female,61,Chennai,DL,2025-08-24
1007,Customer 1007,Female,26,Pune,TN,2024-10-10
1008,Customer 1008,Male,20,Hyderabad,MH,2025-10-08
1009,Customer 1009,Female,38,Kolkata,TN,2025-05-26
1010,Customer 1010,Female,33,Bengaluru,KA,2026-01-10
1011,Customer 1011,Male,45,Kolkata,GJ,2025-01-05
1012,Customer 1012,Male,23,Hyderabad,DL,2024-08-03
1013,Customer 1013,Female,62,Delhi,TN,2025-02-08
1014,Customer 1014,Female,37,Bengaluru,TS,2024-07-21
1015,Customer 1015,Female,60,Chennai,WB,2024-04-23
1016,Customer 1016,Male,23,Delhi,MH,2025-03-29
1017,Customer 1017,Male,22,Delhi,TS,2024-02-04
1018,Customer 1018,Female,58,Ahmedabad,TN,2025-07-20
1019,Customer 1019,Male,39,Pune,WB,2025-02-09
1020,Customer 1020,Female,48,Kolkata,TN,2025-07-26
1021,Customer 1021,Female,37,Mumbai,GJ,2024-12-24
1022,Customer 1022,Female,59,Pune,DL,2024-04-01
1023,Customer 1023,Male,41,Pune,TN,2025-04-18
1024,Customer 1024,Male,19,Ahmedabad,TS,2025-07-15
1025,Customer 1025,Female,27,Delhi,KA,2025-11-24
1026,Customer 1026,Female,25,Chennai,TS,2025-05-28
1027,Customer 1027,Female,27,Kolkata,MH,2024-02-07
1028,Customer 1028,Male,39,Ahmedabad,KA,2024-05-17
1029,Customer 1029,Male,63,Kolkata,KA,2024-03-18
1030,Customer 1030,Female,55,Hyderabad,TN,2024-07-27
1031,Customer 1031,Female,23,Hyderabad,GJ,2025-06-23
1032,Customer 1032,Male,31,Chennai,TN,2024-05-31
1033,Customer 1033,Female,37,Chennai,GJ,2025-07-04
1034,Customer 1034,Male,20,Delhi,DL,2024-08-07
1035,Customer 1035,Male,36,Delhi,KA,2024-05-28
1036,Customer 1036,Female,30,Ahmedabad,KA,2024-03-18
1037,Customer 1037,Male,37,Chennai,WB,2025-08-04
1038,Customer 1038,Male,24,Delhi,KA,2025-04-24
1039,Customer 1039,Male,56,Kolkata,TS,2025-02-09
1040,Customer 1040,Female,62,Chennai,TN,2024-07-02
1041,Customer 1041,Female,58,Kolkata,TN,2025-03-18
1042,Customer 1042,Male,63,Mumbai,WB,2024-02-15
1043,Customer 1043,Female,32,Mumbai,TN,2025-06-28
1044,Customer 1044,Male,31,Kolkata,KA,2024-07-15
1045,Customer 1045,Male,29,Ahmedabad,TN,2024-06-14
1046,Customer 1046,Female,60,Kolkata,KA,2024-08-17
1047,Customer 1047,Male,43,Ahmedabad,TN,2024-09-30
1048,Customer 1048,Female,35,Bengaluru,GJ,2024-03-04
1049,Customer 1049,Female,33,Chennai,WB,2024-06-22
1050,Customer 1050,Male,52,Pune,TN,2025-10-26
1051,Customer 1051,Female,31,Kolkata,DL,2025-03-30
1052,Customer 1052,Male,52,Hyderabad,DL,2024-06-29
1053,Customer 1053,Male,59,Ahmedabad,DL,2025-01-07
1054,Customer 1054,Male,29,Bengaluru,MH,2025-08-21
1055,Customer 1055,Female,49,Pune,GJ,2025-01-05
1056,Customer 1056,Female,22,Bengaluru,MH,2025-12-17
1057,Customer 1057,Female,44,Chennai,TN,2024-08-26
1058,Customer 1058,Female,49,Chennai,WB,2026-01-15
1059,Customer 1059,Female,44,Pune,TS,2025-11-16
1060,Customer 1060,Female,64,Bengaluru,GJ,2025-05-08
1061,Customer 1061,Male,45,Kolkata,WB,2024-07-02
1062,Customer 1062,Female,53,Mumbai,TN,2024-11-14
1063,Customer 1063,Female,18,Ahmedabad,KA,2024-06-22
1064,Customer 1064,Male,32,Hyderabad,WB,2024-07-17
1065,Customer 1065,Female,52,Pune,WB,2026-02-23
1066,Customer 1066,Female,41,Mumbai,TS,2024-07-08
1067,Customer 1067,Female,29,Mumbai,MH,2025-04-10
1068,Customer 1068,Male,53,Delhi,MH,2024-11-19
1069,Customer 1069,Female,41,Ahmedabad,MH,2024-09-24
1070,Customer 1070,Female,52,Ahmedabad,GJ,2024-06-09
1071,Customer 1071,Male,54,Pune,TS,2026-05-24
1072,Customer 1072,Male,30,Chennai,DL,2024-09-23
1073,Customer 1073,Female,59,Delhi,MH,2024-07-16
1074,Customer 1074,Male,39,Delhi,GJ,2025-04-27
1075,Customer 1075,Male,28,Delhi,WB,2026-02-24
1076,Customer 1076,Female,60,Kolkata,TN,2025-06-28
1077,Customer 1077,Female,58,Bengaluru,KA,2024-06-30
1078,Customer 1078,Male,44,Hyderabad,TS,2024-08-18
1079,Customer 1079,Female,37,Chennai,GJ,2024-01-05
1080,Customer 1080,Male,23,Kolkata,KA,2026-01-12
1081,Customer 1081,Male,57,Bengaluru,DL,2025-08-15
1082,Customer 1082,Male,45,Bengaluru,KA,2024-08-26
1083,Customer 1083,Male,65,Ahmedabad,KA,2024-07-13
1084,Customer 1084,Female,62,Mumbai,TN,2025-08-16
1085,Customer 1085,Female,43,Ahmedabad,TN,2025-05-10
1086,Customer 1086,Female,28,Kolkata,MH,2026-04-13
1087,Customer 1087,Male,48,Pune,MH,2025-06-22
1088,Customer 1088,Male,64,Kolkata,DL,2024-07-31
1089,Customer 1089,Male,39,Mumbai,TS,2026-03-31
1090,Customer 1090,Female,44,Chennai,MH,2024-07-20
1091,Customer 1091,Male,34,Ahmedabad,TS,2025-10-11
1092,Customer 1092,Female,29,Pune,KA,2026-03-26
1093,Customer 1093,Male,60,Mumbai,TN,2025-05-11
1094,Customer 1094,Male,33,Ahmedabad,KA,2026-06-05
1095,Customer 1095,Female,53,Mumbai,GJ,2024-12-30
1096,Customer 1096,Male,50,Hyderabad,TN,2025-05-22
1097,Customer 1097,Male,64,Bengaluru,DL,2024-03-19
1098,Customer 1098,Male,35,Ahmedabad,DL,2026-04-11
1099,Customer 1099,Male,21,Kolkata,GJ,2026-05-02
1100,Customer 1100,Male,26,Kolkata,DL,2025-01-31
1101,Customer 1101,Male,42,Pune,WB,2025-05-02
1102,Customer 1102,Male,39,Kolkata,WB,2024-02-25
1103,Customer 1103,Female,29,Mumbai,TS,2025-10-26
1104,Customer 1104,Male,51,Chennai,KA,2026-05-06
1105,Customer 1105,Male,46,Mumbai,DL,2024-01-09
1106,Customer 1106,Female,56,Hyderabad,KA,2025-06-07
1107,Customer 1107,Female,65,Mumbai,WB,2025-12-20
1108,Customer 1108,Female,45,Hyderabad,DL,2026-03-20
1109,Customer 1109,Female,47,Bengaluru,TN,2024-07-01
1110,Customer 1110,Male,19,Pune,TS,2024-08-29
1111,Customer 1111,Male,31,Chennai,GJ,2025-11-26
1112,Customer 1112,Female,21,Delhi,GJ,2024-02-28
1113,Customer 1113,Male,30,Chennai,GJ,2025-04-26
1114,Customer 1114,Female,57,Kolkata,TS,2026-05-05
1115,Customer 1115,Male,34,Kolkata,DL,2024-01-24
1116,Customer 1116,Female,33,Hyderabad,KA,2026-03-28
1117,Customer 1117,Male,30,Mumbai,TS,2025-01-20
1118,Customer 1118,Female,45,Hyderabad,WB,2024-03-14
1119,Customer 1119,Female,53,Mumbai,TN,2026-05-28
1120,Customer 1120,Female,19,Ahmedabad,TS,2026-03-20
1121,Customer 1121,Male,45,Chennai,TS,2024-08-22
1122,Customer 1122,Female,41,Ahmedabad,KA,2024-10-13
1123,Customer 1123,Female,52,Pune,DL,2026-01-16
1124,Customer 1124,Male,34,Ahmedabad,TN,2026-01-29
1125,Customer 1125,Male,53,Mumbai,WB,2024-04-25
1126,Customer 1126,Male,63,Chennai,GJ,2026-03-12
1127,Customer 1127,Female,39,Chennai,DL,2026-05-04
1128,Customer 1128,Female,50,Chennai,TN,2024-06-17
1129,Customer 1129,Female,33,Bengaluru,DL,2026-02-08
1130,Customer 1130,Female,24,Delhi,GJ,2025-12-10
1131,Customer 1131,Female,32,Bengaluru,TS,2026-04-26
1132,Customer 1132,Female,56,Pune,TN,2024-02-24
1133,Customer 1133,Female,34,Mumbai,WB,2026-05-04
1134,Customer 1134,Male,47,Ahmedabad,KA,2025-10-08
1135,Customer 1135,Male,20,Ahmedabad,TN,2024-02-17
1136,Customer 1136,Female,34,Pune,TN,2024-09-26
1137,Customer 1137,Male,60,Ahmedabad,TS,2025-08-25
1138,Customer 1138,Female,38,Ahmedabad,WB,2024-12-24
1139,Customer 1139,Male,32,Mumbai,WB,2025-11-29
1140,Customer 1140,Female,39,Ahmedabad,WB,2025-10-20
1141,Customer 1141,Female,47,Pune,DL,2024-12-11
1142,Customer 1142,Female,42,Kolkata,GJ,2024-03-27
1143,Customer 1143,Male,43,Chennai,MH,2026-06-18
1144,Customer 1144,Male,43,Delhi,TN,2025-02-23
1145,Customer 1145,Female,24,Ahmedabad,TS,2024-10-05
1146,Customer 1146,Female,60,Mumbai,DL,2025-02-10
1147,Customer 1147,Male,58,Hyderabad,MH,2025-03-12
1148,Customer 1148,Female,64,Mumbai,TS,2024-06-26
1149,Customer 1149,Male,61,Bengaluru,KA,2026-04-19
1150,Customer 1150,Male,52,Ahmedabad,MH,2025-10-29
1151,Customer 1151,Female,19,Chennai,TS,2026-02-10
1152,Customer 1152,Female,48,Hyderabad,TS,2026-04-05
1153,Customer 1153,Male,63,Chennai,WB,2024-04-20
1154,Customer 1154,Male,58,Ahmedabad,TS,2024-05-09
1155,Customer 1155,Female,32,Mumbai,KA,2024-06-19
1156,Customer 1156,Male,27,Pune,GJ,2025-11-10
1157,Customer 1157,Male,30,Chennai,GJ,2026-01-17
1158,Customer 1158,Female,59,Chennai,WB,2024-02-01
1159,Customer 1159,Female,31,Mumbai,TN,2025-06-05
1160,Customer 1160,Male,27,Ahmedabad,WB,2025-10-17
1161,Customer 1161,Female,63,Bengaluru,DL,2025-06-18
1162,Customer 1162,Male,53,Pune,DL,2025-01-08
1163,Customer 1163,Male,28,Kolkata,DL,2026-02-05
1164,Customer 1164,Female,31,Bengaluru,MH,2025-11-05
1165,Customer 1165,Female,46,Bengaluru,TS,2024-06-23
1166,Customer 1166,Female,39,Ahmedabad,TS,2025-07-22
1167,Customer 1167,Male,38,Hyderabad,KA,2024-09-12
1168,Customer 1168,Male,20,Ahmedabad,WB,2025-07-18
1169,Customer 1169,Male,56,Delhi,KA,2026-04-11
1170,Customer 1170,Female,36,Ahmedabad,WB,2026-05-20
1171,Customer 1171,Female,62,Bengaluru,TS,2025-12-11
1172,Customer 1172,Male,25,Hyderabad,KA,2025-09-11
1173,Customer 1173,Male,22,Kolkata,TN,2024-04-08
1174,Customer 1174,Male,20,Hyderabad,WB,2025-09-01
1175,Customer 1175,Male,64,Delhi,TN,2025-03-27
1176,Customer 1176,Female,57,Kolkata,WB,2024-02-29
1177,Customer 1177,Female,51,Mumbai,DL,2026-02-10
1178,Customer 1178,Male,44,Kolkata,GJ,2025-07-28
1179,Customer 1179,Male,46,Bengaluru,WB,2025-10-19
1180,Customer 1180,Male,64,Chennai,TN,2024-08-03
1181,Customer 1181,Female,27,Hyderabad,WB,2025-10-24
1182,Customer 1182,Male,33,Pune,TN,2024-02-01
1183,Customer 1183,Female,28,Bengaluru,DL,2025-05-06
1184,Customer 1184,Female,28,Pune,MH,2025-03-17
1185,Customer 1185,Male,61,Bengaluru,DL,2025-05-03
1186,Customer 1186,Female,44,Bengaluru,WB,2025-04-16
1187,Customer 1187,Male,56,Bengaluru,KA,2026-03-06
1188,Customer 1188,Female,18,Hyderabad,KA,2025-10-01
1189,Customer 1189,Male,31,Pune,MH,2024-07-25
1190,Customer 1190,Male,35,Bengaluru,MH,2024-03-29
1191,Customer 1191,Male,55,Ahmedabad,TS,2024-09-06
1192,Customer 1192,Female,47,Ahmedabad,TN,2025-08-17
1193,Customer 1193,Male,19,Delhi,TN,2026-05-29
1194,Customer 1194,Female,51,Kolkata,KA,2025-07-21
1195,Customer 1195,Female,28,Kolkata,TN,2024-01-21
1196,Customer 1196,Male,29,Chennai,GJ,2025-08-13
1197,Customer 1197,Male,44,Delhi,MH,2024-09-17
1198,Customer 1198,Male,23,Pune,KA,2025-05-01
1199,Customer 1199,Male,64,Ahmedabad,WB,2026-06-02
1200,Customer 1200,Male,63,Kolkata,MH,2025-04-20
1201,Customer 1201,Female,36,Chennai,TN,2024-06-09
1202,Customer 1202,Female,65,Mumbai,MH,2024-07-20
1203,Customer 1203,Female,34,Kolkata,GJ,2025-05-28
1204,Customer 1204,Male,65,Hyderabad,WB,2025-09-22
1205,Customer 1205,Female,54,Kolkata,TS,2024-01-09
1206,Customer 1206,Male,36,Pune,DL,2025-04-16
1207,Customer 1207,Female,25,Chennai,TS,2024-04-29
1208,Customer 1208,Female,18,Mumbai,GJ,2024-02-11
1209,Customer 1209,Female,48,Ahmedabad,GJ,2025-03-30
1210,Customer 1210,Female,56,Pune,KA,2024-12-19
1211,Customer 1211,Female,41,Kolkata,GJ,2024-12-26
1212,Customer 1212,Male,49,Chennai,TN,2026-05-01
1213,Customer 1213,Male,60,Pune,DL,2024-07-29
1214,Customer 1214,Male,54,Kolkata,MH,2025-09-18
1215,Customer 1215,Male,59,Mumbai,KA,2025-01-02
1216,Customer 1216,Female,48,Mumbai,WB,2026-02-26
1217,Customer 1217,Female,31,Delhi,TS,2025-07-01
1218,Customer 1218,Female,31,Chennai,DL,2025-01-12
1219,Customer 1219,Male,36,Bengaluru,TN,2024-06-29
1220,Customer 1220,Male,43,Pune,MH,2025-03-08
1221,Customer 1221,Male,42,Kolkata,DL,2024-04-11
1222,Customer 1222,Male,55,Kolkata,MH,2024-03-19
1223,Customer 1223,Female,54,Pune,WB,2026-03-16
1224,Customer 1224,Male,40,Pune,TN,2024-04-14
1225,Customer 1225,Female,39,Bengaluru,DL,2025-12-29
1226,Customer 1226,Female,41,Bengaluru,TN,2025-08-27
1227,Customer 1227,Male,27,Hyderabad,DL,2025-08-21
1228,Customer 1228,Male,44,Delhi,DL,2025-11-02
1229,Customer 1229,Male,18,Delhi,TN,2025-09-09
1230,Customer 1230,Male,29,Delhi,TN,2026-05-28
1231,Customer 1231,Female,58,Mumbai,TN,2025-04-09
1232,Customer 1232,Female,24,Hyderabad,GJ,2025-04-07
1233,Customer 1233,Male,41,Delhi,KA,2024-06-19
1234,Customer 1234,Male,31,Delhi,DL,2025-10-04
1235,Customer 1235,Female,48,Hyderabad,WB,2024-10-02
1236,Customer 1236,Female,36,Kolkata,WB,2025-10-31
1237,Customer 1237,Male,34,Ahmedabad,WB,2024-08-23
1238,Customer 1238,Male,62,Kolkata,WB,2024-09-28
1239,Customer 1239,Female,36,Bengaluru,MH,2024-03-29
1240,Customer 1240,Male,61,Ahmedabad,TS,2024-12-11
1241,Customer 1241,Male,49,Chennai,GJ,2025-01-15
1242,Customer 1242,Male,62,Chennai,TS,2024-08-26
1243,Customer 1243,Female,18,Chennai,WB,2026-01-22
1244,Customer 1244,Female,26,Kolkata,MH,2025-01-25
1245,Customer 1245,Male,20,Bengaluru,GJ,2024-10-22
1246,Customer 1246,Male,38,Mumbai,KA,2025-12-04
1247,Customer 1247,Female,41,Chennai,TN,2025-04-10
1248,Customer 1248,Male,22,Kolkata,MH,2025-03-14
1249,Customer 1249,Female,49,Delhi,MH,2026-05-27
1250,Customer 1250,Female,35,Kolkata,DL,2024-04-17
1251,Customer 1251,Male,65,Bengaluru,DL,2025-03-15
1252,Customer 1252,Male,62,Delhi,DL,2026-04-04
1253,Customer 1253,Male,21,Bengaluru,DL,2026-05-30
1254,Customer 1254,Female,54,Hyderabad,TN,2024-09-11
1255,Customer 1255,Female,56,Chennai,TS,2024-09-20
1256,Customer 1256,Male,56,Ahmedabad,WB,2024-02-25
1257,Customer 1257,Male,59,Ahmedabad,TS,2024-07-13
1258,Customer 1258,Male,62,Mumbai,WB,2024-10-27
1259,Customer 1259,Female,55,Mumbai,TS,2025-11-02
1260,Customer 1260,Female,64,Chennai,DL,2026-01-01
1261,Customer 1261,Male,27,Pune,GJ,2024-05-20
1262,Customer 1262,Female,26,Kolkata,WB,2026-01-27
1263,Customer 1263,Female,64,Hyderabad,WB,2025-07-20
1264,Customer 1264,Male,41,Ahmedabad,MH,2024-02-06
1265,Customer 1265,Male,29,Hyderabad,KA,2025-02-06
1266,Customer 1266,Male,48,Ahmedabad,GJ,2024-04-10
1267,Customer 1267,Female,38,Bengaluru,DL,2025-08-24
1268,Customer 1268,Female,51,Bengaluru,GJ,2025-04-17
1269,Customer 1269,Female,57,Bengaluru,DL,2026-06-04
1270,Customer 1270,Male,47,Hyderabad,TS,2024-03-23
1271,Customer 1271,Female,18,Bengaluru,WB,2024-11-28
1272,Customer 1272,Female,29,Delhi,GJ,2024-09-23
1273,Customer 1273,Female,28,Delhi,TN,2024-07-13
1274,Customer 1274,Male,20,Pune,DL,2025-11-11
1275,Customer 1275,Male,47,Ahmedabad,MH,2026-05-20
1276,Customer 1276,Female,20,Hyderabad,WB,2025-09-30
1277,Customer 1277,Female,27,Hyderabad,GJ,2026-02-19
1278,Customer 1278,Female,51,Ahmedabad,DL,2025-03-09
1279,Customer 1279,Female,32,Bengaluru,TN,2026-05-15
1280,Customer 1280,Female,52,Bengaluru,MH,2026-05-10
1281,Customer 1281,Female,37,Pune,WB,2026-01-13
1282,Customer 1282,Male,30,Bengaluru,MH,2025-05-14
1283,Customer 1283,Male,39,Bengaluru,TN,2024-09-24
1284,Customer 1284,Female,54,Delhi,GJ,2024-05-30
1285,Customer 1285,Male,48,Hyderabad,WB,2024-09-25
1286,Customer 1286,Female,56,Ahmedabad,MH,2025-01-11
1287,Customer 1287,Male,59,Chennai,KA,2024-03-15
1288,Customer 1288,Female,35,Ahmedabad,WB,2025-01-10
1289,Customer 1289,Male,23,Ahmedabad,KA,2025-07-16
1290,Customer 1290,Male,64,Delhi,WB,2026-04-09
1291,Customer 1291,Female,29,Pune,TS,2026-01-27
1292,Customer 1292,Male,43,Bengaluru,DL,2025-11-16
1293,Customer 1293,Male,22,Kolkata,WB,2024-09-24
1294,Customer 1294,Female,18,Kolkata,GJ,2025-05-15
1295,Customer 1295,Male,38,Bengaluru,MH,2024-12-06
1296,Customer 1296,Female,53,Ahmedabad,TN,2025-01-17
1297,Customer 1297,Female,53,Kolkata,KA,2024-10-14
1298,Customer 1298,Male,53,Mumbai,MH,2025-10-20
1299,Customer 1299,Female,53,Ahmedabad,KA,2025-04-25
1300,Customer 1300,Female,39,Ahmedabad,MH,2025-11-14
1301,Customer 1301,Female,39,Hyderabad,WB,2025-07-26
1302,Customer 1302,Female,37,Pune,WB,2025-07-04
1303,Customer 1303,Male,38,Bengaluru,WB,2025-06-19
1304,Customer 1304,Female,54,Hyderabad,MH,2024-07-05
1305,Customer 1305,Male,41,Chennai,TN,2025-10-09
1306,Customer 1306,Male,19,Hyderabad,MH,2026-05-05
1307,Customer 1307,Female,56,Hyderabad,GJ,2025-04-20
1308,Customer 1308,Female,19,Kolkata,KA,2024-11-04
1309,Customer 1309,Male,32,Mumbai,KA,2025-07-14
1310,Customer 1310,Male,55,Mumbai,TS,2024-09-30
1311,Customer 1311,Female,51,Pune,DL,2026-04-05
1312,Customer 1312,Male,44,Ahmedabad,MH,2025-08-24
1313,Customer 1313,Male,22,Bengaluru,WB,2025-12-01
1314,Customer 1314,Male,62,Kolkata,TS,2025-03-09
1315,Customer 1315,Female,53,Kolkata,TS,2025-09-12
1316,Customer 1316,Female,60,Pune,TS,2026-03-17
1317,Customer 1317,Male,22,Bengaluru,DL,2025-07-04
1318,Customer 1318,Male,36,Bengaluru,WB,2024-03-15
1319,Customer 1319,Male,36,Ahmedabad,WB,2026-01-02
1320,Customer 1320,Female,44,Ahmedabad,TN,2024-08-26
1321,Customer 1321,Male,19,Kolkata,KA,2025-05-07
1322,Customer 1322,Female,36,Ahmedabad,TS,2024-12-15
1323,Customer 1323,Female,19,Delhi,MH,2024-09-30
1324,Customer 1324,Male,43,Ahmedabad,DL,2024-10-09
1325,Customer 1325,Male,61,Mumbai,TN,2025-06-29
1326,Customer 1326,Female,27,Kolkata,TS,2025-06-21
1327,Customer 1327,Female,61,Chennai,TN,2025-01-06
1328,Customer 1328,Male,57,Hyderabad,GJ,2024-07-24
1329,Customer 1329,Male,28,Pune,TS,2024-03-23
1330,Customer 1330,Male,35,Hyderabad,TS,2025-11-05
1331,Customer 1331,Male,50,Kolkata,DL,2024-07-01
1332,Customer 1332,Female,23,Kolkata,MH,2025-02-14
1333,Customer 1333,Male,43,Chennai,GJ,2024-09-21
1334,Customer 1334,Male,65,Ahmedabad,WB,2026-05-11
1335,Customer 1335,Female,53,Chennai,DL,2025-02-18
1336,Customer 1336,Male,60,Kolkata,KA,2025-04-03
1337,Customer 1337,Female,46,Bengaluru,TS,2024-08-22
1338,Customer 1338,Female,48,Pune,GJ,2025-07-06
1339,Customer 1339,Male,20,Bengaluru,WB,2025-05-27
1340,Customer 1340,Male,20,Hyderabad,WB,2024-10-04
1341,Customer 1341,Female,55,Chennai,KA,2024-09-08
1342,Customer 1342,Male,26,Chennai,WB,2024-11-29
1343,Customer 1343,Male,19,Mumbai,MH,2025-03-12
1344,Customer 1344,Male,27,Pune,TS,2025-04-25
1345,Customer 1345,Female,18,Ahmedabad,DL,2024-10-17
1346,Customer 1346,Female,53,Mumbai,GJ,2025-08-05
1347,Customer 1347,Male,64,Pune,TS,2024-11-06
1348,Customer 1348,Female,19,Mumbai,TS,2024-10-07
1349,Customer 1349,Female,57,Kolkata,TN,2024-04-04
1350,Customer 1350,Female,22,Kolkata,MH,2024-11-27
1351,Customer 1351,Male,35,Delhi,GJ,2025-11-29
1352,Customer 1352,Female,48,Mumbai,TN,2024-08-24
1353,Customer 1353,Female,54,Ahmedabad,KA,2026-02-10
1354,Customer 1354,Female,34,Chennai,KA,2024-11-12
1355,Customer 1355,Male,37,Pune,DL,2026-02-17
1356,Customer 1356,Male,20,Hyderabad,WB,2024-03-24
1357,Customer 1357,Male,29,Kolkata,DL,2026-06-09
1358,Customer 1358,Male,64,Hyderabad,MH,2024-11-27
1359,Customer 1359,Male,33,Mumbai,GJ,2026-03-08
1360,Customer 1360,Male,61,Ahmedabad,DL,2025-07-31
1361,Customer 1361,Male,18,Pune,MH,2024-06-04
1362,Customer 1362,Male,57,Ahmedabad,KA,2025-02-04
1363,Customer 1363,Female,19,Delhi,DL,2024-08-13
1364,Customer 1364,Male,34,Delhi,TN,2026-01-03
1365,Customer 1365,Female,56,Bengaluru,TS,2025-03-17
1366,Customer 1366,Male,24,Kolkata,DL,2026-06-15
1367,Customer 1367,Female,45,Delhi,TS,2026-03-31
1368,Customer 1368,Male,30,Pune,MH,2024-01-26
1369,Customer 1369,Male,29,Mumbai,GJ,2025-07-18
1370,Customer 1370,Male,19,Pune,TN,2025-04-03
1371,Customer 1371,Male,55,Delhi,WB,2024-02-18
1372,Customer 1372,Male,61,Pune,TS,2025-10-18
1373,Customer 1373,Female,51,Chennai,MH,2024-07-29
1374,Customer 1374,Female,47,Kolkata,DL,2024-02-28
1375,Customer 1375,Male,36,Delhi,TN,2025-12-28
1376,Customer 1376,Male,35,Ahmedabad,GJ,2025-09-03
1377,Customer 1377,Male,30,Mumbai,KA,2024-01-14
1378,Customer 1378,Female,39,Chennai,MH,2024-09-01
1379,Customer 1379,Male,34,Bengaluru,MH,2025-07-26
1380,Customer 1380,Male,25,Pune,TN,2025-01-21
1381,Customer 1381,Male,31,Kolkata,MH,2024-03-21
1382,Customer 1382,Male,32,Delhi,KA,2024-04-02
1383,Customer 1383,Male,21,Kolkata,WB,2024-07-01
1384,Customer 1384,Female,28,Chennai,TS,2026-05-06
1385,Customer 1385,Male,25,Bengaluru,MH,2024-07-05
1386,Customer 1386,Female,63,Hyderabad,MH,2024-01-15
1387,Customer 1387,Female,35,Mumbai,TS,2024-07-19
1388,Customer 1388,Female,53,Kolkata,TS,2025-02-01
1389,Customer 1389,Male,63,Ahmedabad,DL,2025-09-28
1390,Customer 1390,Female,39,Kolkata,WB,2024-10-24
1391,Customer 1391,Male,44,Delhi,DL,2024-10-20
1392,Customer 1392,Male,61,Bengaluru,TN,2026-01-05
1393,Customer 1393,Male,56,Ahmedabad,WB,2024-09-27
1394,Customer 1394,Female,28,Mumbai,GJ,2026-05-02
1395,Customer 1395,Male,34,Delhi,MH,2025-11-21
1396,Customer 1396,Female,60,Bengaluru,GJ,2025-03-15
1397,Customer 1397,Male,48,Pune,MH,2025-07-02
1398,Customer 1398,Male,59,Delhi,MH,2024-09-03
1399,Customer 1399,Male,26,Delhi,DL,2024-09-25
1400,Customer 1400,Male,65,Mumbai,TN,2024-05-21
1401,Customer 1401,Male,50,Chennai,DL,2025-05-09
1402,Customer 1402,Female,45,Mumbai,WB,2025-02-10
1403,Customer 1403,Male,64,Chennai,TS,2024-04-29
1404,Customer 1404,Female,43,Delhi,TS,2026-06-03
1405,Customer 1405,Female,45,Hyderabad,MH,2024-05-25
1406,Customer 1406,Male,52,Pune,DL,2024-10-28
1407,Customer 1407,Female,54,Mumbai,MH,2025-10-03
1408,Customer 1408,Female,40,Ahmedabad,MH,2026-04-03
1409,Customer 1409,Female,59,Pune,TS,2024-10-04
1410,Customer 1410,Male,38,Mumbai,GJ,2024-09-27
1411,Customer 1411,Female,33,Mumbai,TS,2024-07-01
1412,Customer 1412,Female,54,Pune,DL,2024-09-25
1413,Customer 1413,Male,39,Mumbai,MH,2024-08-28
1414,Customer 1414,Female,52,Pune,DL,2024-11-24
1415,Customer 1415,Male,52,Pune,DL,2025-03-11
1416,Customer 1416,Female,29,Bengaluru,KA,2026-03-26
1417,Customer 1417,Female,24,Mumbai,DL,2024-06-17
1418,Customer 1418,Female,34,Mumbai,GJ,2024-01-07
1419,Customer 1419,Male,31,Delhi,MH,2026-03-10
1420,Customer 1420,Female,37,Pune,KA,2026-04-06
1421,Customer 1421,Male,33,Pune,KA,2024-01-04
1422,Customer 1422,Male,40,Delhi,KA,2024-10-19
1423,Customer 1423,Male,49,Chennai,WB,2026-03-03
1424,Customer 1424,Male,55,Kolkata,TS,2025-06-12
1425,Customer 1425,Female,52,Delhi,MH,2024-11-10
1426,Customer 1426,Male,51,Ahmedabad,WB,2025-01-19
1427,Customer 1427,Female,61,Chennai,GJ,2025-12-06
1428,Customer 1428,Male,62,Kolkata,DL,2025-10-18
1429,Customer 1429,Male,19,Ahmedabad,MH,2025-10-30
1430,Customer 1430,Female,19,Hyderabad,DL,2026-03-29
1431,Customer 1431,Female,46,Chennai,MH,2025-07-16
1432,Customer 1432,Female,57,Pune,DL,2025-02-04
1433,Customer 1433,Female,32,Hyderabad,TS,2025-06-25
1434,Customer 1434,Female,48,Chennai,TN,2024-07-11
1435,Customer 1435,Male,30,Pune,WB,2024-03-10
1436,Customer 1436,Female,39,Delhi,TN,2024-02-02
1437,Customer 1437,Female,61,Bengaluru,GJ,2024-08-23
1438,Customer 1438,Male,23,Delhi,TS,2024-05-19
1439,Customer 1439,Male,52,Delhi,MH,2025-02-20
1440,Customer 1440,Male,44,Bengaluru,TS,2024-11-03
1441,Customer 1441,Male,26,Mumbai,MH,2025-03-22
1442,Customer 1442,Male,46,Pune,GJ,2025-03-21
1443,Customer 1443,Male,50,Mumbai,GJ,2024-06-30
1444,Customer 1444,Male,22,Pune,DL,2025-01-01
1445,Customer 1445,Female,58,Pune,WB,2025-07-04
1446,Customer 1446,Male,61,Hyderabad,TN,2024-03-05
1447,Customer 1447,Male,27,Mumbai,KA,2025-10-01
1448,Customer 1448,Male,31,Bengaluru,TS,2025-10-27
1449,Customer 1449,Female,36,Mumbai,DL,2025-01-16
1450,Customer 1450,Male,34,Bengaluru,MH,2024-01-26
1451,Customer 1451,Female,51,Hyderabad,GJ,2025-10-01
1452,Customer 1452,Male,33,Hyderabad,TN,2026-02-25
1453,Customer 1453,Female,21,Ahmedabad,WB,2025-02-13
1454,Customer 1454,Male,34,Kolkata,TN,2026-03-20
1455,Customer 1455,Female,28,Bengaluru,GJ,2024-11-10
1456,Customer 1456,Female,29,Chennai,KA,2024-06-19
1457,Customer 1457,Female,65,Mumbai,KA,2026-05-05
1458,Customer 1458,Male,20,Mumbai,MH,2024-11-28
1459,Customer 1459,Male,23,Hyderabad,WB,2025-04-07
1460,Customer 1460,Male,50,Kolkata,WB,2025-10-03
1461,Customer 1461,Male,20,Delhi,TN,2024-04-13
1462,Customer 1462,Female,59,Hyderabad,MH,2025-03-04
1463,Customer 1463,Female,21,Delhi,TN,2024-09-07
1464,Customer 1464,Female,34,Chennai,WB,2024-09-02
1465,Customer 1465,Male,53,Bengaluru,GJ,2024-01-14
1466,Customer 1466,Male,46,Ahmedabad,KA,2024-09-04
1467,Customer 1467,Male,22,Kolkata,TN,2025-04-02
1468,Customer 1468,Male,59,Kolkata,WB,2024-12-06
1469,Customer 1469,Female,20,Bengaluru,KA,2024-09-19
1470,Customer 1470,Female,56,Pune,GJ,2025-03-04
1471,Customer 1471,Female,19,Mumbai,WB,2025-02-17
1472,Customer 1472,Male,21,Delhi,WB,2024-12-05
1473,Customer 1473,Male,59,Bengaluru,WB,2024-12-25
1474,Customer 1474,Male,18,Chennai,WB,2024-12-21
1475,Customer 1475,Male,34,Hyderabad,KA,2026-03-04
1476,Customer 1476,Female,31,Pune,TS,2024-02-28
1477,Customer 1477,Male,46,Delhi,MH,2025-06-23
1478,Customer 1478,Male,30,Chennai,KA,2026-02-12
1479,Customer 1479,Male,52,Chennai,DL,2026-02-06
1480,Customer 1480,Female,21,Bengaluru,MH,2024-11-25
1481,Customer 1481,Female,19,Bengaluru,TN,2025-02-12
1482,Customer 1482,Female,44,Hyderabad,MH,2025-05-01
1483,Customer 1483,Female,33,Pune,TN,2026-06-05
1484,Customer 1484,Female,45,Bengaluru,WB,2024-12-26
1485,Customer 1485,Female,48,Chennai,DL,2024-06-13
1486,Customer 1486,Female,63,Ahmedabad,GJ,2025-10-03
1487,Customer 1487,Female,26,Pune,DL,2024-12-31
1488,Customer 1488,Male,51,Mumbai,WB,2025-07-21
1489,Customer 1489,Male,64,Bengaluru,GJ,2024-09-11
1490,Customer 1490,Female,42,Bengaluru,TN,2025-01-14
1491,Customer 1491,Female,65,Hyderabad,DL,2025-12-05
1492,Customer 1492,Female,49,Kolkata,TS,2024-06-11
1493,Customer 1493,Male,31,Mumbai,KA,2025-10-05
1494,Customer 1494,Female,46,Pune,WB,2026-02-13
1495,Customer 1495,Male,48,Bengaluru,TN,2024-11-18
1496,Customer 1496,Female,33,Hyderabad,KA,2025-06-27
1497,Customer 1497,Female,48,Mumbai,MH,2024-11-25
1498,Customer 1498,Female,60,Ahmedabad,TS,2024-07-13
1499,Customer 1499,Male,36,Hyderabad,KA,2026-03-28
1500,Customer 1500,Male,61,Ahmedabad,TN,2024-12-31
1501,Customer 1501,Male,48,Mumbai,GJ,2024-12-17
1502,Customer 1502,Male,65,Mumbai,KA,2024-11-05
1503,Customer 1503,Male,35,Ahmedabad,DL,2025-12-18
1504,Customer 1504,Female,32,Chennai,DL,2024-04-16
1505,Customer 1505,Male,56,Pune,GJ,2026-05-09
1506,Customer 1506,Female,41,Pune,GJ,2024-07-26
1507,Customer 1507,Male,32,Pune,TN,2026-05-02
1508,Customer 1508,Male,52,Chennai,GJ,2025-04-22
1509,Customer 1509,Male,47,Delhi,DL,2024-02-13
1510,Customer 1510,Male,25,Chennai,GJ,2024-03-17
1511,Customer 1511,Female,21,Ahmedabad,DL,2026-01-06
1512,Customer 1512,Female,19,Kolkata,DL,2026-03-04
1513,Customer 1513,Male,61,Bengaluru,WB,2025-11-11
1514,Customer 1514,Female,19,Pune,MH,2025-01-06
1515,Customer 1515,Male,31,Ahmedabad,TS,2024-10-05
1516,Customer 1516,Female,35,Mumbai,DL,2025-11-04
1517,Customer 1517,Male,21,Delhi,WB,2024-11-16
1518,Customer 1518,Male,21,Kolkata,KA,2024-01-30
1519,Customer 1519,Female,57,Hyderabad,GJ,2025-01-08
1520,Customer 1520,Male,20,Bengaluru,WB,2025-02-07
1521,Customer 1521,Male,49,Chennai,WB,2025-07-03
1522,Customer 1522,Male,23,Kolkata,DL,2026-05-06
1523,Customer 1523,Female,21,Kolkata,KA,2024-12-18
1524,Customer 1524,Male,28,Delhi,TS,2026-02-24
1525,Customer 1525,Female,50,Hyderabad,WB,2025-08-06
1526,Customer 1526,Male,24,Mumbai,GJ,2024-05-25
1527,Customer 1527,Male,45,Hyderabad,KA,2025-06-26
1528,Customer 1528,Female,52,Ahmedabad,GJ,2024-01-09
1529,Customer 1529,Female,59,Bengaluru,WB,2025-03-10
1530,Customer 1530,Male,41,Kolkata,DL,2025-12-27
1531,Customer 1531,Female,46,Bengaluru,TS,2026-03-24
1532,Customer 1532,Male,20,Bengaluru,MH,2026-01-12
1533,Customer 1533,Male,46,Delhi,GJ,2026-04-01
1534,Customer 1534,Female,62,Mumbai,TN,2024-10-03
1535,Customer 1535,Female,40,Delhi,DL,2026-03-27
1536,Customer 1536,Male,20,Chennai,TS,2024-05-05
1537,Customer 1537,Male,38,Bengaluru,MH,2025-09-11
1538,Customer 1538,Male,48,Delhi,TN,2026-01-01
1539,Customer 1539,Male,65,Ahmedabad,DL,2025-04-13
1540,Customer 1540,Male,57,Hyderabad,DL,2025-06-27
1541,Customer 1541,Female,61,Kolkata,WB,2024-04-23
1542,Customer 1542,Female,37,Delhi,TN,2025-01-09
1543,Customer 1543,Female,27,Kolkata,DL,2024-06-27
1544,Customer 1544,Female,56,Hyderabad,GJ,2024-06-03
1545,Customer 1545,Male,44,Kolkata,KA,2026-02-03
1546,Customer 1546,Male,27,Bengaluru,DL,2025-11-01
1547,Customer 1547,Female,53,Ahmedabad,WB,2025-01-03
1548,Customer 1548,Male,53,Kolkata,MH,2026-02-13
1549,Customer 1549,Male,31,Ahmedabad,TN,2026-03-06
1550,Customer 1550,Male,54,Kolkata,TN,2024-09-20
1551,Customer 1551,Female,51,Chennai,DL,2024-01-17
1552,Customer 1552,Female,18,Mumbai,GJ,2025-04-12
1553,Customer 1553,Female,54,Bengaluru,TS,2024-07-15
1554,Customer 1554,Male,19,Kolkata,KA,2025-10-02
1555,Customer 1555,Female,51,Delhi,TS,2025-02-18
1556,Customer 1556,Male,40,Kolkata,TN,2024-06-12
1557,Customer 1557,Female,20,Delhi,GJ,2024-07-16
1558,Customer 1558,Female,22,Ahmedabad,GJ,2026-01-31
1559,Customer 1559,Male,38,Hyderabad,TS,2025-01-12
1560,Customer 1560,Male,53,Hyderabad,TN,2024-09-28
1561,Customer 1561,Female,57,Chennai,MH,2024-03-19
1562,Customer 1562,Male,46,Delhi,MH,2025-08-22
1563,Customer 1563,Female,49,Pune,WB,2025-02-02
1564,Customer 1564,Male,61,Pune,TN,2026-03-01
1565,Customer 1565,Female,21,Hyderabad,KA,2025-11-24
1566,Customer 1566,Male,62,Bengaluru,TN,2024-10-19
1567,Customer 1567,Male,49,Pune,GJ,2025-12-18
1568,Customer 1568,Male,59,Pune,KA,2024-09-23
1569,Customer 1569,Female,19,Hyderabad,GJ,2024-09-25
1570,Customer 1570,Male,29,Bengaluru,MH,2024-08-30
1571,Customer 1571,Male,62,Bengaluru,TS,2024-05-01
1572,Customer 1572,Male,34,Delhi,KA,2024-04-15
1573,Customer 1573,Female,30,Kolkata,TN,2026-04-02
1574,Customer 1574,Male,21,Ahmedabad,TN,2026-04-08
1575,Customer 1575,Female,21,Chennai,TN,2024-10-03
1576,Customer 1576,Female,36,Pune,DL,2025-09-01
1577,Customer 1577,Male,29,Kolkata,KA,2025-02-06
1578,Customer 1578,Male,31,Chennai,TN,2025-09-11
1579,Customer 1579,Male,41,Bengaluru,TS,2025-09-21
1580,Customer 1580,Male,22,Pune,GJ,2025-07-03
1581,Customer 1581,Male,31,Chennai,DL,2024-09-25
1582,Customer 1582,Female,41,Hyderabad,KA,2025-01-16
1583,Customer 1583,Male,36,Bengaluru,WB,2025-08-04
1584,Customer 1584,Male,37,Delhi,GJ,2024-08-15
1585,Customer 1585,Female,65,Delhi,WB,2025-08-24
1586,Customer 1586,Male,60,Chennai,GJ,2025-09-01
1587,Customer 1587,Male,60,Hyderabad,KA,2025-05-18
1588,Customer 1588,Male,48,Mumbai,TS,2025-01-12
1589,Customer 1589,Female,58,Mumbai,GJ,2026-03-22
1590,Customer 1590,Female,55,Hyderabad,TN,2026-03-16
1591,Customer 1591,Female,23,Mumbai,DL,2025-05-20
1592,Customer 1592,Female,51,Hyderabad,TN,2024-06-05
1593,Customer 1593,Female,32,Kolkata,WB,2025-02-13
1594,Customer 1594,Female,63,Ahmedabad,KA,2025-11-26
1595,Customer 1595,Male,19,Delhi,DL,2024-08-07
1596,Customer 1596,Female,34,Chennai,KA,2024-07-22
1597,Customer 1597,Female,20,Chennai,TN,2025-08-05
1598,Customer 1598,Male,62,Mumbai,MH,2024-08-23
1599,Customer 1599,Female,55,Chennai,DL,2025-08-24
1600,Customer 1600,Female,43,Kolkata,TN,2025-12-07
1601,Customer 1601,Male,22,Hyderabad,GJ,2025-09-12
1602,Customer 1602,Male,33,Mumbai,MH,2025-12-18
1603,Customer 1603,Female,58,Bengaluru,TS,2024-11-25
1604,Customer 1604,Male,30,Pune,TN,2024-05-08
1605,Customer 1605,Male,40,Mumbai,GJ,2024-11-03
1606,Customer 1606,Female,47,Delhi,TN,2026-04-29
1607,Customer 1607,Male,36,Mumbai,TN,2025-03-07
1608,Customer 1608,Female,56,Chennai,WB,2026-04-30
1609,Customer 1609,Male,30,Bengaluru,GJ,2024-07-28
1610,Customer 1610,Male,62,Ahmedabad,KA,2025-11-25
1611,Customer 1611,Female,55,Hyderabad,MH,2024-06-25
1612,Customer 1612,Female,18,Chennai,MH,2024-01-05
1613,Customer 1613,Female,34,Bengaluru,KA,2025-09-16
1614,Customer 1614,Female,58,Bengaluru,KA,2025-07-07
1615,Customer 1615,Female,54,Delhi,KA,2026-04-30
1616,Customer 1616,Female,49,Kolkata,MH,2024-09-09
1617,Customer 1617,Female,41,Bengaluru,GJ,2025-06-26
1618,Customer 1618,Female,36,Bengaluru,TN,2026-05-16
1619,Customer 1619,Male,31,Hyderabad,MH,2025-01-28
1620,Customer 1620,Female,39,Hyderabad,DL,2025-06-22
1621,Customer 1621,Female,28,Bengaluru,TN,2025-01-30
1622,Customer 1622,Male,30,Ahmedabad,TS,2024-05-30
1623,Customer 1623,Female,38,Delhi,TN,2024-05-27
1624,Customer 1624,Male,28,Chennai,TN,2025-10-10
1625,Customer 1625,Male,59,Hyderabad,TS,2024-07-24
1626,Customer 1626,Male,37,Bengaluru,DL,2025-12-03
1627,Customer 1627,Male,23,Mumbai,KA,2026-05-06
1628,Customer 1628,Male,48,Bengaluru,TN,2025-05-07
1629,Customer 1629,Male,58,Chennai,DL,2026-06-19
1630,Customer 1630,Female,21,Mumbai,DL,2025-01-10
1631,Customer 1631,Male,41,Hyderabad,DL,2024-04-06
1632,Customer 1632,Male,27,Delhi,GJ,2024-10-20
1633,Customer 1633,Male,31,Mumbai,KA,2025-04-16
1634,Customer 1634,Male,26,Pune,KA,2024-06-30
1635,Customer 1635,Female,26,Delhi,TS,2024-06-18
1636,Customer 1636,Female,24,Chennai,MH,2025-07-25
1637,Customer 1637,Male,49,Delhi,KA,2025-06-20
1638,Customer 1638,Female,38,Mumbai,MH,2025-02-05
1639,Customer 1639,Female,63,Hyderabad,KA,2025-07-06
1640,Customer 1640,Female,48,Ahmedabad,MH,2024-08-29
1641,Customer 1641,Male,32,Mumbai,KA,2025-11-26
1642,Customer 1642,Female,48,Mumbai,GJ,2025-05-10
1643,Customer 1643,Female,60,Bengaluru,WB,2025-11-29
1644,Customer 1644,Female,18,Kolkata,WB,2025-10-26
1645,Customer 1645,Male,25,Chennai,DL,2026-01-10
1646,Customer 1646,Female,51,Kolkata,TS,2026-05-02
1647,Customer 1647,Male,21,Mumbai,TS,2025-10-13
1648,Customer 1648,Female,51,Hyderabad,KA,2025-09-02
1649,Customer 1649,Female,34,Kolkata,TS,2025-10-14
1650,Customer 1650,Male,41,Chennai,MH,2024-03-03
1651,Customer 1651,Female,65,Chennai,WB,2025-11-24
1652,Customer 1652,Female,28,Pune,DL,2025-06-07
1653,Customer 1653,Female,42,Hyderabad,MH,2024-01-30
1654,Customer 1654,Male,26,Bengaluru,TN,2025-09-13
1655,Customer 1655,Male,34,Ahmedabad,MH,2025-08-18
1656,Customer 1656,Female,39,Hyderabad,KA,2026-04-14
1657,Customer 1657,Female,46,Chennai,DL,2025-10-30
1658,Customer 1658,Female,36,Pune,TN,2025-12-16
1659,Customer 1659,Female,19,Kolkata,GJ,2024-10-10
1660,Customer 1660,Male,35,Delhi,MH,2024-09-20
1661,Customer 1661,Male,51,Mumbai,TN,2024-09-06
1662,Customer 1662,Female,65,Ahmedabad,KA,2024-07-27
1663,Customer 1663,Female,24,Bengaluru,WB,2025-07-06
1664,Customer 1664,Male,28,Pune,WB,2025-06-02
1665,Customer 1665,Female,30,Hyderabad,TN,2024-11-24
1666,Customer 1666,Male,24,Mumbai,TS,2024-01-04
1667,Customer 1667,Male,59,Chennai,TS,2024-07-07
1668,Customer 1668,Male,47,Delhi,DL,2025-02-28
1669,Customer 1669,Male,28,Bengaluru,TS,2026-03-02
1670,Customer 1670,Female,60,Kolkata,TS,2024-03-20
1671,Customer 1671,Male,62,Ahmedabad,TN,2026-05-25
1672,Customer 1672,Female,29,Delhi,GJ,2025-02-04
1673,Customer 1673,Male,56,Pune,KA,2024-07-25
1674,Customer 1674,Female,18,Hyderabad,GJ,2024-07-30
1675,Customer 1675,Male,65,Pune,TN,2024-11-21
1676,Customer 1676,Female,46,Bengaluru,GJ,2025-06-26
1677,Customer 1677,Female,25,Hyderabad,TS,2024-04-28
1678,Customer 1678,Female,31,Kolkata,TS,2025-03-29
1679,Customer 1679,Male,33,Hyderabad,GJ,2024-08-05
1680,Customer 1680,Female,44,Kolkata,TS,2024-01-25
1681,Customer 1681,Female,37,Chennai,KA,2025-06-12
1682,Customer 1682,Female,58,Bengaluru,TN,2025-05-02
1683,Customer 1683,Male,58,Hyderabad,MH,2024-09-30
1684,Customer 1684,Female,21,Kolkata,KA,2024-11-22
1685,Customer 1685,Male,57,Chennai,MH,2024-08-10
1686,Customer 1686,Female,29,Ahmedabad,KA,2024-12-22
1687,Customer 1687,Male,59,Ahmedabad,GJ,2025-06-14
1688,Customer 1688,Male,32,Ahmedabad,WB,2025-05-19
1689,Customer 1689,Male,36,Mumbai,MH,2025-08-14
1690,Customer 1690,Male,53,Hyderabad,GJ,2025-07-26
1691,Customer 1691,Female,43,Hyderabad,TS,2024-08-22
1692,Customer 1692,Male,23,Hyderabad,GJ,2024-08-19
1693,Customer 1693,Female,47,Mumbai,GJ,2024-07-09
1694,Customer 1694,Male,22,Hyderabad,KA,2025-11-06
1695,Customer 1695,Male,20,Mumbai,KA,2025-07-24
1696,Customer 1696,Female,45,Chennai,GJ,2024-07-14
1697,Customer 1697,Female,46,Bengaluru,DL,2025-09-16
1698,Customer 1698,Male,49,Pune,GJ,2025-07-10
1699,Customer 1699,Male,20,Mumbai,TN,2024-05-22
1700,Customer 1700,Male,64,Ahmedabad,KA,2025-01-31
1701,Customer 1701,Male,36,Kolkata,DL,2025-09-28
1702,Customer 1702,Female,60,Delhi,TN,2024-01-14
1703,Customer 1703,Male,56,Mumbai,DL,2024-08-19
1704,Customer 1704,Male,62,Ahmedabad,TN,2026-03-15
1705,Customer 1705,Male,25,Chennai,GJ,2025-09-02
1706,Customer 1706,Female,32,Kolkata,TS,2026-01-22
1707,Customer 1707,Male,20,Mumbai,DL,2026-01-12
1708,Customer 1708,Male,28,Hyderabad,TN,2025-07-15
1709,Customer 1709,Male,31,Ahmedabad,TS,2025-05-16
1710,Customer 1710,Female,60,Chennai,DL,2026-05-07
1711,Customer 1711,Male,36,Pune,KA,2024-01-03
1712,Customer 1712,Female,22,Bengaluru,TN,2024-02-19
1713,Customer 1713,Male,20,Mumbai,TN,2024-06-04
1714,Customer 1714,Female,42,Ahmedabad,GJ,2024-02-08
1715,Customer 1715,Female,22,Chennai,MH,2024-05-01
1716,Customer 1716,Female,29,Ahmedabad,TS,2026-05-15
1717,Customer 1717,Male,28,Mumbai,KA,2025-08-19
1718,Customer 1718,Male,53,Delhi,WB,2026-04-06
1719,Customer 1719,Female,55,Ahmedabad,DL,2025-12-20
1720,Customer 1720,Male,18,Delhi,MH,2024-05-01
1721,Customer 1721,Female,38,Kolkata,MH,2024-12-29
1722,Customer 1722,Male,43,Kolkata,WB,2025-01-07
1723,Customer 1723,Female,50,Chennai,TS,2025-06-11
1724,Customer 1724,Male,54,Mumbai,TN,2024-07-30
1725,Customer 1725,Female,40,Ahmedabad,GJ,2024-02-14
1726,Customer 1726,Male,53,Mumbai,TN,2024-12-04
1727,Customer 1727,Female,60,Pune,KA,2024-10-13
1728,Customer 1728,Female,60,Bengaluru,TS,2024-09-12
1729,Customer 1729,Female,65,Hyderabad,DL,2024-06-09
1730,Customer 1730,Female,32,Bengaluru,TS,2025-01-23
1731,Customer 1731,Female,57,Bengaluru,TN,2025-01-31
1732,Customer 1732,Male,60,Kolkata,TS,2025-03-19
1733,Customer 1733,Female,35,Hyderabad,DL,2025-08-12
1734,Customer 1734,Female,22,Ahmedabad,TN,2024-06-14
1735,Customer 1735,Female,41,Chennai,KA,2024-02-27
1736,Customer 1736,Male,61,Bengaluru,KA,2024-10-05
1737,Customer 1737,Male,30,Bengaluru,DL,2024-10-11
1738,Customer 1738,Male,58,Delhi,TS,2025-08-14
1739,Customer 1739,Female,29,Kolkata,TS,2026-02-11
1740,Customer 1740,Female,47,Pune,MH,2025-07-29
1741,Customer 1741,Male,28,Pune,KA,2026-04-19
1742,Customer 1742,Female,41,Kolkata,TN,2026-05-30
1743,Customer 1743,Male,26,Ahmedabad,KA,2026-02-16
1744,Customer 1744,Male,28,Hyderabad,KA,2025-10-18
1745,Customer 1745,Female,26,Bengaluru,KA,2025-09-21
1746,Customer 1746,Male,23,Ahmedabad,TN,2024-07-25
1747,Customer 1747,Male,60,Hyderabad,TS,2026-01-17
1748,Customer 1748,Male,65,Delhi,WB,2024-05-17
1749,Customer 1749,Female,33,Delhi,GJ,2024-07-19
1750,Customer 1750,Female,28,Mumbai,MH,2024-12-14
1751,Customer 1751,Male,51,Kolkata,WB,2025-04-21
1752,Customer 1752,Female,44,Hyderabad,DL,2025-07-06
1753,Customer 1753,Male,57,Bengaluru,KA,2026-04-21
1754,Customer 1754,Female,61,Bengaluru,TN,2024-04-11
1755,Customer 1755,Female,41,Pune,MH,2025-03-15
1756,Customer 1756,Female,64,Delhi,GJ,2024-01-09
1757,Customer 1757,Female,59,Ahmedabad,MH,2025-02-21
1758,Customer 1758,Female,56,Delhi,KA,2025-03-05
1759,Customer 1759,Female,35,Hyderabad,WB,2025-01-29
1760,Customer 1760,Female,53,Chennai,TN,2024-05-16
1761,Customer 1761,Female,60,Delhi,TS,2026-05-04
1762,Customer 1762,Female,30,Hyderabad,MH,2024-02-15
1763,Customer 1763,Female,20,Mumbai,MH,2026-02-21
1764,Customer 1764,Female,43,Hyderabad,WB,2024-06-08
1765,Customer 1765,Male,64,Chennai,MH,2026-01-28
1766,Customer 1766,Male,29,Hyderabad,TN,2024-02-14
1767,Customer 1767,Male,28,Mumbai,GJ,2025-09-20
1768,Customer 1768,Male,23,Hyderabad,KA,2026-05-19
1769,Customer 1769,Female,57,Kolkata,MH,2026-04-01
1770,Customer 1770,Female,18,Mumbai,MH,2024-10-31
1771,Customer 1771,Male,59,Chennai,KA,2024-05-04
1772,Customer 1772,Male,21,Bengaluru,TS,2025-09-08
1773,Customer 1773,Female,59,Ahmedabad,WB,2025-12-14
1774,Customer 1774,Female,48,Bengaluru,KA,2025-03-10
1775,Customer 1775,Male,55,Chennai,KA,2025-06-01
1776,Customer 1776,Female,38,Hyderabad,TS,2025-03-22
1777,Customer 1777,Male,62,Ahmedabad,TN,2026-05-04
1778,Customer 1778,Female,21,Ahmedabad,KA,2026-04-09
1779,Customer 1779,Female,45,Chennai,TN,2024-06-03
1780,Customer 1780,Female,58,Mumbai,KA,2024-04-16
1781,Customer 1781,Female,64,Pune,MH,2024-11-12
1782,Customer 1782,Male,42,Pune,MH,2024-01-30
1783,Customer 1783,Female,45,Chennai,KA,2025-02-08
1784,Customer 1784,Male,39,Ahmedabad,TS,2024-10-24
1785,Customer 1785,Male,46,Kolkata,MH,2025-04-04
1786,Customer 1786,Male,46,Pune,MH,2025-01-05
1787,Customer 1787,Female,61,Kolkata,TN,2024-11-09
1788,Customer 1788,Female,34,Delhi,TN,2024-02-12
1789,Customer 1789,Female,24,Mumbai,KA,2026-05-20
1790,Customer 1790,Male,48,Pune,WB,2025-04-30
1791,Customer 1791,Female,50,Pune,DL,2024-08-16
1792,Customer 1792,Male,62,Delhi,WB,2025-08-29
1793,Customer 1793,Female,25,Mumbai,DL,2025-08-08
1794,Customer 1794,Female,34,Mumbai,TN,2026-06-10
1795,Customer 1795,Male,61,Bengaluru,GJ,2025-04-26
1796,Customer 1796,Female,18,Bengaluru,TS,2024-07-09
1797,Customer 1797,Male,20,Delhi,KA,2024-03-10
1798,Customer 1798,Male,31,Bengaluru,WB,2025-01-12
1799,Customer 1799,Female,49,Bengaluru,WB,2025-05-01
1800,Customer 1800,Female,27,Pune,MH,2024-06-16
1801,Customer 1801,Male,63,Delhi,TN,2026-05-15
1802,Customer 1802,Male,30,Kolkata,WB,2026-05-13
1803,Customer 1803,Female,27,Chennai,DL,2024-05-09
1804,Customer 1804,Female,64,Bengaluru,TN,2026-03-06
1805,Customer 1805,Male,28,Pune,MH,2025-12-29
1806,Customer 1806,Male,55,Kolkata,WB,2025-06-15
1807,Customer 1807,Male,41,Pune,WB,2024-12-23
1808,Customer 1808,Male,45,Bengaluru,TS,2026-06-02
1809,Customer 1809,Male,56,Chennai,TN,2025-08-14
1810,Customer 1810,Female,62,Ahmedabad,TS,2026-03-29
1811,Customer 1811,Female,49,Kolkata,MH,2024-05-05
1812,Customer 1812,Male,27,Mumbai,GJ,2025-07-22
1813,Customer 1813,Female,39,Delhi,KA,2025-09-15
1814,Customer 1814,Female,37,Delhi,KA,2025-06-13
1815,Customer 1815,Male,18,Mumbai,WB,2024-12-01
1816,Customer 1816,Female,49,Pune,KA,2025-01-15
1817,Customer 1817,Female,32,Bengaluru,DL,2024-02-23
1818,Customer 1818,Female,64,Pune,WB,2026-06-10
1819,Customer 1819,Female,54,Chennai,TN,2025-12-01
1820,Customer 1820,Female,28,Bengaluru,KA,2026-02-02
1821,Customer 1821,Female,39,Delhi,WB,2026-03-30
1822,Customer 1822,Female,48,Ahmedabad,MH,2026-02-26
1823,Customer 1823,Female,34,Pune,KA,2025-08-07
1824,Customer 1824,Male,45,Delhi,KA,2024-09-20
1825,Customer 1825,Female,59,Mumbai,GJ,2025-04-12
1826,Customer 1826,Female,34,Mumbai,KA,2025-05-03
1827,Customer 1827,Female,49,Chennai,TN,2025-09-25
1828,Customer 1828,Male,26,Bengaluru,TS,2024-03-19
1829,Customer 1829,Male,34,Mumbai,MH,2025-07-23
1830,Customer 1830,Male,57,Ahmedabad,TS,2025-10-17
1831,Customer 1831,Male,36,Delhi,GJ,2026-04-28
1832,Customer 1832,Male,23,Bengaluru,DL,2026-06-12
1833,Customer 1833,Male,50,Bengaluru,TS,2025-11-11
1834,Customer 1834,Female,36,Hyderabad,WB,2026-03-12
1835,Customer 1835,Male,46,Ahmedabad,MH,2026-06-03
1836,Customer 1836,Female,46,Bengaluru,WB,2026-06-06
1837,Customer 1837,Female,42,Ahmedabad,KA,2024-06-11
1838,Customer 1838,Female,25,Kolkata,MH,2024-05-30
1839,Customer 1839,Male,34,Mumbai,TS,2025-05-23
1840,Customer 1840,Male,44,Bengaluru,WB,2025-12-18
1841,Customer 1841,Female,42,Hyderabad,GJ,2025-02-25
1842,Customer 1842,Male,24,Chennai,KA,2025-01-11
1843,Customer 1843,Female,50,Bengaluru,MH,2024-09-01
1844,Customer 1844,Male,18,Ahmedabad,DL,2026-06-01
1845,Customer 1845,Male,33,Mumbai,KA,2026-05-10
1846,Customer 1846,Female,63,Chennai,GJ,2025-01-30
1847,Customer 1847,Male,18,Chennai,KA,2024-01-30
1848,Customer 1848,Female,31,Bengaluru,DL,2025-09-03
1849,Customer 1849,Female,44,Bengaluru,GJ,2024-08-25
1850,Customer 1850,Female,24,Mumbai,KA,2025-05-25
1851,Customer 1851,Male,53,Delhi,TN,2024-05-08
1852,Customer 1852,Female,31,Delhi,KA,2026-06-16
1853,Customer 1853,Male,30,Delhi,MH,2025-03-28
1854,Customer 1854,Female,48,Chennai,GJ,2024-01-27
1855,Customer 1855,Male,19,Kolkata,GJ,2024-02-03
1856,Customer 1856,Male,28,Mumbai,MH,2025-10-18
1857,Customer 1857,Female,47,Ahmedabad,TN,2025-06-13
1858,Customer 1858,Male,41,Ahmedabad,DL,2024-08-10
1859,Customer 1859,Female,56,Kolkata,TS,2025-06-11
1860,Customer 1860,Female,36,Ahmedabad,TS,2026-01-20
1861,Customer 1861,Male,41,Ahmedabad,DL,2025-08-23
1862,Customer 1862,Female,30,Bengaluru,KA,2026-03-07
1863,Customer 1863,Male,63,Mumbai,WB,2026-01-11
1864,Customer 1864,Female,41,Mumbai,MH,2025-03-12
1865,Customer 1865,Female,47,Chennai,WB,2025-09-23
1866,Customer 1866,Female,46,Delhi,TS,2024-03-05
1867,Customer 1867,Female,60,Kolkata,DL,2026-01-06
1868,Customer 1868,Female,46,Kolkata,WB,2026-04-02
1869,Customer 1869,Female,49,Mumbai,WB,2024-04-27
1870,Customer 1870,Male,28,Delhi,MH,2026-05-08
1871,Customer 1871,Female,48,Mumbai,GJ,2024-06-24
1872,Customer 1872,Female,30,Hyderabad,TN,2026-05-26
1873,Customer 1873,Male,62,Chennai,WB,2024-03-26
1874,Customer 1874,Male,29,Chennai,DL,2024-11-20
1875,Customer 1875,Male,30,Kolkata,DL,2025-11-17
1876,Customer 1876,Female,26,Delhi,DL,2024-04-12
1877,Customer 1877,Male,37,Mumbai,WB,2024-06-02
1878,Customer 1878,Male,32,Mumbai,WB,2026-02-28
1879,Customer 1879,Male,57,Kolkata,TN,2026-03-23
1880,Customer 1880,Male,57,Bengaluru,DL,2024-02-04
1881,Customer 1881,Male,20,Delhi,KA,2025-02-15
1882,Customer 1882,Male,18,Kolkata,WB,2026-03-07
1883,Customer 1883,Female,55,Bengaluru,TN,2024-08-31
1884,Customer 1884,Female,47,Pune,WB,2025-09-23
1885,Customer 1885,Female,56,Kolkata,WB,2025-05-18
1886,Customer 1886,Female,27,Hyderabad,TS,2024-01-31
1887,Customer 1887,Female,21,Delhi,DL,2024-08-18
1888,Customer 1888,Male,28,Kolkata,TN,2025-10-28
1889,Customer 1889,Female,24,Pune,TN,2025-09-19
1890,Customer 1890,Male,52,Kolkata,WB,2024-08-31
1891,Customer 1891,Male,32,Ahmedabad,TS,2025-06-15
1892,Customer 1892,Male,54,Delhi,TS,2024-10-04
1893,Customer 1893,Male,40,Hyderabad,TN,2024-06-15
1894,Customer 1894,Male,65,Ahmedabad,MH,2024-08-10
1895,Customer 1895,Female,27,Bengaluru,GJ,2024-11-02
1896,Customer 1896,Female,58,Chennai,TN,2026-03-29
1897,Customer 1897,Female,65,Mumbai,MH,2025-02-24
1898,Customer 1898,Female,59,Pune,DL,2024-04-28
1899,Customer 1899,Female,19,Delhi,TS,2026-06-02
1900,Customer 1900,Male,49,Pune,DL,2024-08-30
1901,Customer 1901,Female,27,Kolkata,DL,2024-10-09
1902,Customer 1902,Male,52,Pune,TS,2025-05-05
1903,Customer 1903,Female,51,Hyderabad,GJ,2024-11-20
1904,Customer 1904,Male,35,Pune,GJ,2024-12-10
1905,Customer 1905,Male,38,Mumbai,KA,2026-06-10
1906,Customer 1906,Female,59,Bengaluru,TS,2026-04-23
1907,Customer 1907,Female,21,Chennai,KA,2024-07-04
1908,Customer 1908,Male,41,Hyderabad,MH,2025-04-03
1909,Customer 1909,Female,58,Delhi,DL,2025-06-18
1910,Customer 1910,Female,28,Ahmedabad,WB,2024-07-30
1911,Customer 1911,Male,38,Pune,TS,2024-10-31
1912,Customer 1912,Female,21,Kolkata,TS,2025-08-01
1913,Customer 1913,Female,53,Hyderabad,TN,2025-03-10
1914,Customer 1914,Male,39,Delhi,WB,2024-11-17
1915,Customer 1915,Male,57,Hyderabad,TS,2024-06-22
1916,Customer 1916,Female,33,Ahmedabad,KA,2025-10-07
1917,Customer 1917,Female,46,Hyderabad,DL,2026-04-16
1918,Customer 1918,Male,40,Hyderabad,KA,2024-05-20
1919,Customer 1919,Male,52,Ahmedabad,KA,2024-03-27
1920,Customer 1920,Female,37,Pune,DL,2025-01-20
1921,Customer 1921,Male,31,Delhi,GJ,2025-11-14
1922,Customer 1922,Female,54,Kolkata,KA,2024-06-24
1923,Customer 1923,Male,38,Mumbai,GJ,2024-06-23
1924,Customer 1924,Female,43,Pune,MH,2025-06-22
1925,Customer 1925,Male,47,Ahmedabad,MH,2025-05-21
1926,Customer 1926,Male,38,Kolkata,TN,2025-10-29
1927,Customer 1927,Female,34,Kolkata,TN,2026-06-02
1928,Customer 1928,Male,64,Pune,GJ,2024-02-05
1929,Customer 1929,Male,55,Hyderabad,TS,2025-02-26
1930,Customer 1930,Male,48,Mumbai,TS,2026-04-11
1931,Customer 1931,Male,21,Hyderabad,TN,2024-10-22
1932,Customer 1932,Male,46,Delhi,GJ,2025-06-02
1933,Customer 1933,Male,21,Mumbai,GJ,2024-08-18
1934,Customer 1934,Female,23,Pune,WB,2026-05-18
1935,Customer 1935,Male,20,Ahmedabad,KA,2024-07-19
1936,Customer 1936,Male,59,Bengaluru,KA,2024-07-25
1937,Customer 1937,Female,41,Mumbai,KA,2024-08-13
1938,Customer 1938,Male,32,Chennai,TS,2025-12-19
1939,Customer 1939,Male,55,Ahmedabad,KA,2025-06-24
1940,Customer 1940,Male,46,Ahmedabad,GJ,2026-01-17
1941,Customer 1941,Male,43,Ahmedabad,DL,2025-04-06
1942,Customer 1942,Female,36,Delhi,KA,2025-03-11
1943,Customer 1943,Male,54,Mumbai,TS,2026-05-16
1944,Customer 1944,Female,40,Delhi,GJ,2024-07-31
1945,Customer 1945,Male,42,Hyderabad,MH,2026-05-01
1946,Customer 1946,Male,62,Bengaluru,TS,2026-05-03
1947,Customer 1947,Female,18,Pune,KA,2025-06-07
1948,Customer 1948,Female,38,Mumbai,DL,2024-04-26
1949,Customer 1949,Female,37,Delhi,KA,2024-06-10
1950,Customer 1950,Male,60,Chennai,GJ,2024-12-30
1951,Customer 1951,Male,27,Kolkata,KA,2024-09-03
1952,Customer 1952,Female,53,Kolkata,MH,2024-07-31
1953,Customer 1953,Male,35,Pune,TS,2024-09-19
1954,Customer 1954,Male,42,Hyderabad,TS,2024-12-26
1955,Customer 1955,Female,65,Bengaluru,TS,2026-03-29
1956,Customer 1956,Female,54,Kolkata,DL,2025-11-04
1957,Customer 1957,Female,22,Pune,MH,2024-02-13
1958,Customer 1958,Male,34,Hyderabad,MH,2024-10-18
1959,Customer 1959,Male,56,Kolkata,DL,2024-01-18
1960,Customer 1960,Male,29,Delhi,MH,2024-04-11
1961,Customer 1961,Female,65,Chennai,MH,2025-09-08
1962,Customer 1962,Male,32,Mumbai,TS,2024-04-22
1963,Customer 1963,Female,44,Hyderabad,GJ,2025-06-16
1964,Customer 1964,Male,26,Pune,TS,2025-11-03
1965,Customer 1965,Female,50,Mumbai,KA,2025-10-04
1966,Customer 1966,Male,59,Delhi,MH,2025-10-01
1967,Customer 1967,Female,29,Hyderabad,TN,2026-03-01
1968,Customer 1968,Male,55,Ahmedabad,WB,2026-01-29
1969,Customer 1969,Female,39,Pune,DL,2026-03-13
1970,Customer 1970,Male,28,Kolkata,MH,2024-11-12
1971,Customer 1971,Male,35,Bengaluru,TN,2024-08-16
1972,Customer 1972,Male,34,Pune,WB,2025-07-02
1973,Customer 1973,Male,46,Bengaluru,TS,2025-04-20
1974,Customer 1974,Female,39,Mumbai,TN,2026-01-09
1975,Customer 1975,Male,64,Bengaluru,MH,2025-11-17
1976,Customer 1976,Female,59,Delhi,DL,2026-04-14
1977,Customer 1977,Male,37,Mumbai,MH,2024-09-04
1978,Customer 1978,Female,36,Ahmedabad,GJ,2024-11-02
1979,Customer 1979,Female,38,Ahmedabad,WB,2024-02-05
1980,Customer 1980,Female,39,Bengaluru,TN,2026-03-30
1981,Customer 1981,Female,50,Bengaluru,TS,2024-08-05
1982,Customer 1982,Male,47,Mumbai,DL,2025-03-26
1983,Customer 1983,Male,51,Bengaluru,GJ,2026-04-18
1984,Customer 1984,Male,45,Ahmedabad,KA,2024-12-19
1985,Customer 1985,Male,41,Ahmedabad,GJ,2025-03-14
1986,Customer 1986,Female,60,Ahmedabad,TS,2024-12-04
1987,Customer 1987,Female,30,Chennai,MH,2025-10-28
1988,Customer 1988,Female,37,Kolkata,WB,2025-11-06
1989,Customer 1989,Male,58,Ahmedabad,TN,2024-09-14
1990,Customer 1990,Male,56,Bengaluru,KA,2024-01-22
1991,Customer 1991,Female,65,Bengaluru,DL,2024-06-06
1992,Customer 1992,Female,51,Chennai,TS,2024-01-12
1993,Customer 1993,Male,65,Pune,DL,2026-04-05
1994,Customer 1994,Female,58,Bengaluru,DL,2025-08-28
1995,Customer 1995,Male,31,Chennai,DL,2025-08-22
1996,Customer 1996,Female,46,Mumbai,DL,2026-01-15
1997,Customer 1997,Male,42,Delhi,TN,2026-05-11
1998,Customer 1998,Female,36,Delhi,TN,2025-01-30
1999,Customer 1999,Female,42,Ahmedabad,MH,2024-10-11
2000,Customer 2000,Male,21,Chennai,KA,2024-04-12
2001,Customer 2001,Female,48,Chennai,TS,2025-04-08
2002,Customer 2002,Male,37,Bengaluru,MH,2025-11-13
2003,Customer 2003,Female,44,Ahmedabad,TS,2025-10-26
2004,Customer 2004,Male,59,Hyderabad,WB,2025-08-22
2005,Customer 2005,Female,22,Delhi,DL,2024-05-02
2006,Customer 2006,Male,52,Mumbai,TN,2026-01-09
2007,Customer 2007,Female,59,Ahmedabad,DL,2026-01-01
2008,Customer 2008,Female,46,Chennai,TN,2024-08-27
2009,Customer 2009,Female,51,Bengaluru,DL,2025-08-10
2010,Customer 2010,Female,47,Bengaluru,TS,2024-10-23
2011,Customer 2011,Female,27,Mumbai,WB,2025-12-07
2012,Customer 2012,Female,64,Mumbai,WB,2024-09-03
2013,Customer 2013,Male,37,Kolkata,WB,2026-02-18
2014,Customer 2014,Female,31,Kolkata,TN,2025-09-11
2015,Customer 2015,Female,56,Ahmedabad,MH,2025-08-27
2016,Customer 2016,Male,43,Ahmedabad,TN,2026-03-15
2017,Customer 2017,Male,24,Chennai,GJ,2025-09-30
2018,Customer 2018,Female,43,Ahmedabad,KA,2025-05-01
2019,Customer 2019,Female,25,Hyderabad,MH,2026-04-07
2020,Customer 2020,Male,23,Bengaluru,TN,2024-05-21
2021,Customer 2021,Female,43,Bengaluru,DL,2024-09-19
2022,Customer 2022,Female,50,Kolkata,DL,2024-08-13
2023,Customer 2023,Male,33,Delhi,TN,2024-04-21
2024,Customer 2024,Male,31,Ahmedabad,DL,2024-01-23
2025,Customer 2025,Female,43,Delhi,TS,2025-11-12
2026,Customer 2026,Female,40,Hyderabad,KA,2024-02-10
2027,Customer 2027,Male,51,Mumbai,TS,2025-05-09
2028,Customer 2028,Female,30,Pune,DL,2024-11-29
2029,Customer 2029,Male,38,Kolkata,TS,2024-11-10
2030,Customer 2030,Female,45,Kolkata,KA,2026-05-18
2031,Customer 2031,Female,38,Delhi,TN,2024-10-14
2032,Customer 2032,Female,24,Pune,MH,2025-06-12
2033,Customer 2033,Male,40,Delhi,DL,2025-02-16
2034,Customer 2034,Female,27,Chennai,GJ,2025-02-28
2035,Customer 2035,Male,32,Chennai,WB,2025-06-10
2036,Customer 2036,Male,65,Delhi,DL,2025-01-17
2037,Customer 2037,Female,37,Delhi,MH,2026-06-02
2038,Customer 2038,Male,44,Ahmedabad,KA,2025-04-17
2039,Customer 2039,Male,63,Pune,GJ,2026-01-30
2040,Customer 2040,Male,22,Chennai,TS,2025-05-14
2041,Customer 2041,Male,34,Ahmedabad,TN,2025-01-12
2042,Customer 2042,Male,19,Pune,DL,2025-06-20
2043,Customer 2043,Male,41,Chennai,TS,2024-12-26
2044,Customer 2044,Female,34,Kolkata,DL,2025-03-05
2045,Customer 2045,Female,50,Chennai,DL,2026-05-31
2046,Customer 2046,Male,32,Ahmedabad,DL,2024-11-28
2047,Customer 2047,Male,64,Bengaluru,TS,2024-06-16
2048,Customer 2048,Male,49,Bengaluru,TS,2026-04-04
2049,Customer 2049,Male,60,Hyderabad,WB,2025-08-21
2050,Customer 2050,Female,28,Ahmedabad,KA,2024-09-19
2051,Customer 2051,Female,56,Bengaluru,WB,2025-07-12
2052,Customer 2052,Male,43,Bengaluru,TN,2024-03-31
2053,Customer 2053,Female,56,Kolkata,GJ,2026-02-14
2054,Customer 2054,Female,38,Ahmedabad,MH,2026-03-26
2055,Customer 2055,Male,64,Hyderabad,GJ,2026-02-02
2056,Customer 2056,Female,51,Pune,TS,2024-11-20
2057,Customer 2057,Female,43,Pune,TS,2025-11-30
2058,Customer 2058,Male,48,Bengaluru,DL,2024-07-22
2059,Customer 2059,Female,55,Pune,GJ,2024-02-09
2060,Customer 2060,Female,63,Kolkata,DL,2024-02-24
2061,Customer 2061,Female,19,Delhi,WB,2025-02-23
2062,Customer 2062,Female,46,Bengaluru,TN,2026-01-11
2063,Customer 2063,Male,54,Pune,TN,2025-07-20
2064,Customer 2064,Female,39,Chennai,GJ,2025-09-10
2065,Customer 2065,Male,48,Kolkata,MH,2024-01-19
2066,Customer 2066,Female,63,Ahmedabad,TS,2024-06-12
2067,Customer 2067,Female,29,Hyderabad,TS,2024-08-30
2068,Customer 2068,Female,26,Delhi,TN,2025-10-11
2069,Customer 2069,Female,62,Mumbai,TN,2025-01-15
2070,Customer 2070,Male,39,Mumbai,KA,2025-07-07
2071,Customer 2071,Female,18,Chennai,WB,2025-08-07
2072,Customer 2072,Male,47,Kolkata,GJ,2026-02-28
2073,Customer 2073,Male,65,Chennai,TN,2025-03-13
2074,Customer 2074,Male,23,Delhi,DL,2024-08-20
2075,Customer 2075,Male,34,Mumbai,KA,2025-09-01
2076,Customer 2076,Male,18,Delhi,WB,2024-10-21
2077,Customer 2077,Male,26,Kolkata,TS,2024-11-18
2078,Customer 2078,Male,48,Ahmedabad,TN,2024-01-25
2079,Customer 2079,Female,43,Bengaluru,GJ,2024-10-03
2080,Customer 2080,Female,44,Bengaluru,WB,2026-02-16
2081,Customer 2081,Female,37,Hyderabad,TN,2025-06-08
2082,Customer 2082,Female,18,Delhi,TN,2025-10-22
2083,Customer 2083,Female,53,Bengaluru,KA,2024-07-22
2084,Customer 2084,Male,41,Ahmedabad,MH,2024-02-24
2085,Customer 2085,Male,30,Bengaluru,DL,2025-12-02
2086,Customer 2086,Male,65,Bengaluru,MH,2024-06-17
2087,Customer 2087,Female,43,Mumbai,WB,2025-07-24
2088,Customer 2088,Female,25,Delhi,TS,2025-07-31
2089,Customer 2089,Female,43,Mumbai,TN,2025-06-08
2090,Customer 2090,Male,55,Pune,TS,2025-05-16
2091,Customer 2091,Female,61,Chennai,GJ,2025-02-09
2092,Customer 2092,Male,45,Mumbai,MH,2026-03-25
2093,Customer 2093,Male,24,Hyderabad,DL,2025-03-20
2094,Customer 2094,Female,54,Pune,TS,2025-01-12
2095,Customer 2095,Male,18,Chennai,GJ,2025-02-24
2096,Customer 2096,Female,21,Chennai,DL,2024-12-21
2097,Customer 2097,Female,61,Delhi,MH,2025-05-23
2098,Customer 2098,Male,35,Hyderabad,KA,2025-03-21
2099,Customer 2099,Male,19,Mumbai,TN,2024-08-28
2100,Customer 2100,Male,23,Kolkata,WB,2025-07-05
2101,Customer 2101,Male,48,Bengaluru,WB,2024-12-23
2102,Customer 2102,Female,56,Hyderabad,KA,2025-02-02
2103,Customer 2103,Female,33,Bengaluru,KA,2025-05-20
2104,Customer 2104,Female,50,Pune,GJ,2024-04-15
2105,Customer 2105,Male,27,Hyderabad,TN,2024-05-17
2106,Customer 2106,Male,29,Hyderabad,KA,2025-10-10
2107,Customer 2107,Female,54,Chennai,GJ,2025-08-08
2108,Customer 2108,Female,36,Mumbai,KA,2024-03-10
2109,Customer 2109,Female,57,Bengaluru,DL,2025-09-15
2110,Customer 2110,Female,37,Kolkata,KA,2026-02-23
2111,Customer 2111,Female,35,Ahmedabad,WB,2024-05-01
2112,Customer 2112,Male,51,Chennai,TN,2026-03-11
2113,Customer 2113,Male,48,Delhi,TN,2026-05-06
2114,Customer 2114,Female,29,Kolkata,DL,2024-08-20
2115,Customer 2115,Female,39,Pune,DL,2024-06-08
2116,Customer 2116,Female,62,Chennai,KA,2025-11-11
2117,Customer 2117,Male,28,Hyderabad,WB,2026-06-08
2118,Customer 2118,Female,59,Bengaluru,KA,2024-04-03
2119,Customer 2119,Male,45,Ahmedabad,TN,2024-01-26
2120,Customer 2120,Male,53,Mumbai,KA,2025-09-30
2121,Customer 2121,Male,34,Bengaluru,GJ,2024-04-11
2122,Customer 2122,Female,21,Chennai,MH,2026-04-02
2123,Customer 2123,Male,21,Pune,DL,2025-11-15
2124,Customer 2124,Female,29,Bengaluru,DL,2024-12-20
2125,Customer 2125,Male,37,Delhi,MH,2024-02-08
2126,Customer 2126,Female,40,Hyderabad,TN,2025-06-21
2127,Customer 2127,Male,58,Delhi,KA,2025-05-29
2128,Customer 2128,Female,32,Ahmedabad,DL,2024-12-04
2129,Customer 2129,Male,39,Delhi,TN,2024-05-18
2130,Customer 2130,Male,58,Hyderabad,WB,2024-01-11
2131,Customer 2131,Male,25,Pune,WB,2024-02-22
2132,Customer 2132,Male,21,Chennai,MH,2025-04-06
2133,Customer 2133,Female,59,Chennai,MH,2025-05-10
2134,Customer 2134,Female,63,Kolkata,MH,2025-12-07
2135,Customer 2135,Female,33,Delhi,TS,2025-02-22
2136,Customer 2136,Male,36,Mumbai,TS,2024-07-27
2137,Customer 2137,Female,33,Chennai,TS,2025-02-07
2138,Customer 2138,Female,27,Chennai,KA,2025-07-21
2139,Customer 2139,Female,52,Mumbai,TS,2024-06-13
2140,Customer 2140,Male,54,Kolkata,TN,2024-11-17
2141,Customer 2141,Female,26,Bengaluru,KA,2024-06-22
2142,Customer 2142,Male,56,Mumbai,DL,2024-06-07
2143,Customer 2143,Male,27,Bengaluru,TN,2025-08-08
2144,Customer 2144,Female,58,Mumbai,MH,2026-02-23
2145,Customer 2145,Female,20,Kolkata,TS,2026-05-17
2146,Customer 2146,Female,34,Chennai,MH,2024-11-11
2147,Customer 2147,Male,42,Mumbai,MH,2024-11-24
2148,Customer 2148,Male,65,Ahmedabad,TN,2024-11-26
2149,Customer 2149,Male,29,Ahmedabad,TN,2024-06-13
2150,Customer 2150,Female,49,Delhi,TS,2024-03-18
2151,Customer 2151,Female,26,Hyderabad,WB,2025-08-09
2152,Customer 2152,Female,61,Delhi,TN,2025-01-09
2153,Customer 2153,Male,55,Ahmedabad,KA,2026-05-29
2154,Customer 2154,Female,49,Chennai,WB,2026-04-28
2155,Customer 2155,Female,32,Delhi,TN,2025-08-13
2156,Customer 2156,Male,35,Bengaluru,TS,2024-03-01
2157,Customer 2157,Female,56,Pune,TS,2026-01-04
2158,Customer 2158,Female,31,Hyderabad,MH,2025-02-25
2159,Customer 2159,Male,60,Pune,TN,2026-01-06
2160,Customer 2160,Male,19,Ahmedabad,TS,2024-08-05
2161,Customer 2161,Male,19,Hyderabad,KA,2026-04-18
2162,Customer 2162,Female,57,Pune,TS,2025-06-25
2163,Customer 2163,Female,37,Ahmedabad,KA,2024-01-28
2164,Customer 2164,Female,50,Ahmedabad,KA,2025-08-29
2165,Customer 2165,Female,25,Kolkata,WB,2024-09-20
2166,Customer 2166,Female,32,Delhi,TN,2025-10-23
2167,Customer 2167,Female,31,Mumbai,GJ,2024-08-31
2168,Customer 2168,Male,18,Ahmedabad,TN,2026-01-18
2169,Customer 2169,Female,40,Hyderabad,TN,2025-06-23
2170,Customer 2170,Female,42,Delhi,GJ,2024-09-24
2171,Customer 2171,Female,39,Kolkata,DL,2024-07-14
2172,Customer 2172,Male,59,Bengaluru,MH,2024-06-19
2173,Customer 2173,Female,57,Mumbai,GJ,2025-06-24
2174,Customer 2174,Male,52,Chennai,WB,2024-10-19
2175,Customer 2175,Female,30,Mumbai,DL,2026-02-02
2176,Customer 2176,Female,35,Hyderabad,TN,2025-02-26
2177,Customer 2177,Male,37,Mumbai,MH,2025-07-13
2178,Customer 2178,Male,33,Pune,DL,2024-11-29
2179,Customer 2179,Female,44,Mumbai,DL,2024-06-22
2180,Customer 2180,Male,28,Chennai,WB,2025-05-08
2181,Customer 2181,Male,35,Pune,MH,2026-01-08
2182,Customer 2182,Male,51,Chennai,TS,2025-10-30
2183,Customer 2183,Male,26,Ahmedabad,MH,2026-01-29
2184,Customer 2184,Female,59,Ahmedabad,TN,2025-11-04
2185,Customer 2185,Male,23,Bengaluru,TS,2025-05-02
2186,Customer 2186,Male,37,Hyderabad,WB,2024-03-19
2187,Customer 2187,Female,55,Hyderabad,GJ,2025-11-30
2188,Customer 2188,Male,58,Chennai,TN,2025-12-09
2189,Customer 2189,Male,26,Ahmedabad,DL,2024-09-28
2190,Customer 2190,Male,62,Chennai,GJ,2024-06-28
2191,Customer 2191,Male,26,Mumbai,MH,2026-01-10
2192,Customer 2192,Male,61,Delhi,MH,2025-04-12
2193,Customer 2193,Male,33,Pune,GJ,2024-12-09
2194,Customer 2194,Female,47,Delhi,GJ,2024-06-28
2195,Customer 2195,Male,62,Bengaluru,DL,2024-08-04
2196,Customer 2196,Female,37,Mumbai,MH,2024-08-14
2197,Customer 2197,Male,58,Kolkata,GJ,2026-04-14
2198,Customer 2198,Male,58,Mumbai,GJ,2024-01-26
2199,Customer 2199,Male,35,Hyderabad,WB,2024-12-13
2200,Customer 2200,Male,37,Ahmedabad,MH,2024-07-24
2201,Customer 2201,Female,48,Pune,GJ,2026-03-19
2202,Customer 2202,Male,53,Pune,GJ,2024-02-20
2203,Customer 2203,Male,48,Pune,WB,2024-04-30
2204,Customer 2204,Male,53,Bengaluru,TN,2026-03-07
2205,Customer 2205,Male,20,Hyderabad,TS,2025-05-04
2206,Customer 2206,Female,45,Delhi,DL,2024-03-27
2207,Customer 2207,Male,38,Mumbai,GJ,2024-08-31
2208,Customer 2208,Male,58,Hyderabad,MH,2025-11-11
2209,Customer 2209,Male,31,Kolkata,DL,2026-01-21
2210,Customer 2210,Female,28,Hyderabad,WB,2025-02-14
2211,Customer 2211,Male,39,Chennai,TN,2024-06-07
2212,Customer 2212,Female,20,Kolkata,MH,2024-12-22
2213,Customer 2213,Female,42,Hyderabad,KA,2024-08-24
2214,Customer 2214,Male,23,Bengaluru,WB,2026-03-03
2215,Customer 2215,Female,51,Chennai,KA,2024-12-23
2216,Customer 2216,Male,36,Mumbai,MH,2025-08-22
2217,Customer 2217,Female,30,Hyderabad,MH,2025-01-16
2218,Customer 2218,Male,42,Delhi,DL,2024-09-26
2219,Customer 2219,Female,26,Chennai,DL,2026-05-05
2220,Customer 2220,Female,41,Ahmedabad,DL,2026-04-09
2221,Customer 2221,Male,60,Hyderabad,WB,2026-03-17
2222,Customer 2222,Female,20,Hyderabad,DL,2024-12-10
2223,Customer 2223,Female,57,Hyderabad,TN,2024-11-24
2224,Customer 2224,Female,36,Pune,MH,2024-03-10
2225,Customer 2225,Female,44,Pune,GJ,2026-04-05
2226,Customer 2226,Male,21,Mumbai,KA,2025-09-24
2227,Customer 2227,Female,57,Hyderabad,TN,2024-10-30
2228,Customer 2228,Male,46,Kolkata,DL,2024-10-10
2229,Customer 2229,Male,57,Pune,DL,2026-03-24
2230,Customer 2230,Female,48,Kolkata,MH,2025-03-21
2231,Customer 2231,Female,60,Pune,DL,2025-12-31
2232,Customer 2232,Female,47,Hyderabad,MH,2024-03-10
2233,Customer 2233,Male,21,Chennai,MH,2024-10-26
2234,Customer 2234,Female,29,Ahmedabad,TN,2024-04-18
2235,Customer 2235,Female,57,Bengaluru,KA,2025-12-22
2236,Customer 2236,Male,51,Kolkata,TS,2024-01-01
2237,Customer 2237,Male,49,Pune,KA,2024-09-03
2238,Customer 2238,Male,32,Ahmedabad,TS,2025-05-28
2239,Customer 2239,Female,23,Kolkata,KA,2025-12-14
2240,Customer 2240,Male,21,Mumbai,KA,2024-01-01
2241,Customer 2241,Male,40,Ahmedabad,TN,2024-05-01
2242,Customer 2242,Male,24,Pune,DL,2025-03-04
2243,Customer 2243,Female,42,Kolkata,DL,2025-04-06
2244,Customer 2244,Male,62,Ahmedabad,TN,2024-07-08
2245,Customer 2245,Male,65,Kolkata,WB,2026-04-14
2246,Customer 2246,Female,26,Kolkata,WB,2026-02-14
2247,Customer 2247,Male,44,Hyderabad,DL,2026-04-25
2248,Customer 2248,Male,45,Bengaluru,TN,2025-07-11
2249,Customer 2249,Male,19,Chennai,KA,2025-11-13
2250,Customer 2250,Male,26,Hyderabad,TN,2025-09-11
2251,Customer 2251,Male,19,Ahmedabad,TN,2026-02-15
2252,Customer 2252,Female,33,Mumbai,GJ,2024-04-28
2253,Customer 2253,Male,21,Hyderabad,KA,2025-02-25
2254,Customer 2254,Female,46,Hyderabad,GJ,2025-04-30
2255,Customer 2255,Female,51,Hyderabad,MH,2025-07-25
2256,Customer 2256,Male,46,Ahmedabad,TS,2024-01-11
2257,Customer 2257,Female,31,Chennai,DL,2024-10-14
2258,Customer 2258,Female,46,Bengaluru,WB,2024-02-19
2259,Customer 2259,Female,42,Chennai,TS,2026-05-12
2260,Customer 2260,Male,19,Ahmedabad,TS,2024-11-03
2261,Customer 2261,Female,41,Mumbai,DL,2024-07-11
2262,Customer 2262,Male,25,Mumbai,WB,2024-02-23
2263,Customer 2263,Female,39,Chennai,TS,2025-03-08
2264,Customer 2264,Male,38,Delhi,GJ,2024-06-01
2265,Customer 2265,Male,51,Hyderabad,MH,2024-10-20
2266,Customer 2266,Female,43,Delhi,MH,2024-08-20
2267,Customer 2267,Female,43,Chennai,WB,2024-08-10
2268,Customer 2268,Female,54,Ahmedabad,GJ,2024-01-26
2269,Customer 2269,Male,43,Chennai,KA,2024-03-16
2270,Customer 2270,Female,64,Pune,GJ,2025-09-28
2271,Customer 2271,Female,62,Kolkata,TN,2025-12-26
2272,Customer 2272,Female,45,Chennai,DL,2024-07-25
2273,Customer 2273,Male,21,Hyderabad,WB,2024-01-28
2274,Customer 2274,Female,44,Bengaluru,KA,2025-06-05
2275,Customer 2275,Female,41,Ahmedabad,GJ,2025-04-11
2276,Customer 2276,Male,20,Delhi,KA,2026-01-18
2277,Customer 2277,Male,47,Delhi,GJ,2024-11-04
2278,Customer 2278,Female,37,Ahmedabad,WB,2024-08-07
2279,Customer 2279,Female,53,Delhi,TS,2024-06-11
2280,Customer 2280,Female,18,Bengaluru,MH,2026-01-22
2281,Customer 2281,Female,37,Bengaluru,TN,2025-05-01
2282,Customer 2282,Female,38,Kolkata,DL,2025-08-28
2283,Customer 2283,Female,28,Ahmedabad,WB,2025-10-06
2284,Customer 2284,Male,55,Ahmedabad,DL,2024-08-25
2285,Customer 2285,Male,20,Ahmedabad,MH,2025-02-25
2286,Customer 2286,Male,23,Ahmedabad,TS,2025-03-15
2287,Customer 2287,Male,30,Ahmedabad,GJ,2024-12-28
2288,Customer 2288,Female,26,Bengaluru,KA,2025-09-07
2289,Customer 2289,Male,30,Hyderabad,TS,2026-03-09
2290,Customer 2290,Male,18,Kolkata,DL,2026-04-13
2291,Customer 2291,Male,31,Hyderabad,TS,2024-05-25
2292,Customer 2292,Male,63,Chennai,WB,2026-03-20
2293,Customer 2293,Male,46,Bengaluru,TN,2024-10-09
2294,Customer 2294,Female,60,Bengaluru,TN,2025-03-12
2295,Customer 2295,Female,45,Hyderabad,KA,2024-10-02
2296,Customer 2296,Female,18,Hyderabad,DL,2025-01-22
2297,Customer 2297,Female,64,Delhi,KA,2025-03-21
2298,Customer 2298,Female,26,Mumbai,GJ,2025-11-27
2299,Customer 2299,Male,36,Hyderabad,DL,2024-07-29
2300,Customer 2300,Male,27,Pune,KA,2025-03-21
2301,Customer 2301,Female,57,Mumbai,TS,2025-06-12
2302,Customer 2302,Female,51,Pune,DL,2024-05-17
2303,Customer 2303,Male,30,Pune,KA,2025-07-26
2304,Customer 2304,Female,52,Hyderabad,TS,2025-01-06
2305,Customer 2305,Male,53,Mumbai,WB,2025-04-03
2306,Customer 2306,Female,52,Delhi,MH,2025-05-03
2307,Customer 2307,Female,57,Delhi,MH,2025-07-21
2308,Customer 2308,Female,52,Bengaluru,DL,2024-09-20
2309,Customer 2309,Male,41,Kolkata,WB,2024-02-26
2310,Customer 2310,Female,19,Hyderabad,KA,2025-07-18
2311,Customer 2311,Male,45,Kolkata,TS,2025-10-23
2312,Customer 2312,Male,49,Kolkata,WB,2026-03-08
2313,Customer 2313,Female,19,Ahmedabad,KA,2025-01-21
2314,Customer 2314,Male,52,Mumbai,DL,2025-05-21
2315,Customer 2315,Female,54,Ahmedabad,KA,2024-03-24
2316,Customer 2316,Female,57,Bengaluru,TS,2024-06-13
2317,Customer 2317,Female,44,Chennai,KA,2025-03-16
2318,Customer 2318,Male,40,Bengaluru,WB,2026-04-06
2319,Customer 2319,Male,29,Chennai,TS,2024-06-24
2320,Customer 2320,Female,48,Chennai,MH,2024-02-16
2321,Customer 2321,Female,62,Kolkata,WB,2024-06-09
2322,Customer 2322,Male,33,Mumbai,KA,2025-01-08
2323,Customer 2323,Female,52,Bengaluru,KA,2026-06-05
2324,Customer 2324,Male,52,Delhi,KA,2025-09-02
2325,Customer 2325,Female,20,Bengaluru,KA,2024-01-06
2326,Customer 2326,Female,58,Pune,KA,2026-03-25
2327,Customer 2327,Male,51,Bengaluru,TN,2025-01-30
2328,Customer 2328,Female,30,Mumbai,MH,2024-04-01
2329,Customer 2329,Female,52,Delhi,DL,2024-10-14
2330,Customer 2330,Female,59,Mumbai,WB,2025-01-28
2331,Customer 2331,Male,64,Delhi,GJ,2026-06-12
2332,Customer 2332,Female,58,Kolkata,MH,2024-01-11
2333,Customer 2333,Male,49,Ahmedabad,WB,2025-10-01
2334,Customer 2334,Female,29,Delhi,GJ,2025-09-09
2335,Customer 2335,Male,60,Delhi,WB,2024-08-21
2336,Customer 2336,Male,42,Bengaluru,KA,2026-01-17
2337,Customer 2337,Male,64,Mumbai,KA,2025-01-14
2338,Customer 2338,Female,33,Chennai,MH,2024-12-05
2339,Customer 2339,Male,65,Delhi,WB,2025-08-14
2340,Customer 2340,Male,46,Bengaluru,DL,2024-10-16
2341,Customer 2341,Female,29,Chennai,GJ,2025-12-09
2342,Customer 2342,Male,43,Chennai,KA,2024-08-08
2343,Customer 2343,Female,58,Bengaluru,MH,2025-10-15
2344,Customer 2344,Female,19,Hyderabad,GJ,2025-06-16
2345,Customer 2345,Female,33,Chennai,DL,2026-06-03
2346,Customer 2346,Female,43,Ahmedabad,TS,2025-08-07
2347,Customer 2347,Male,57,Delhi,MH,2026-04-04
2348,Customer 2348,Female,45,Delhi,KA,2026-01-27
2349,Customer 2349,Male,36,Kolkata,TN,2024-08-14
2350,Customer 2350,Male,40,Ahmedabad,MH,2024-08-16
2351,Customer 2351,Female,38,Chennai,MH,2024-04-17
2352,Customer 2352,Female,35,Chennai,DL,2024-07-23
2353,Customer 2353,Male,36,Delhi,DL,2025-01-09
2354,Customer 2354,Male,48,Chennai,TS,2025-08-02
2355,Customer 2355,Female,46,Pune,TS,2025-08-19
2356,Customer 2356,Female,20,Chennai,TN,2025-08-21
2357,Customer 2357,Male,65,Pune,TN,2025-11-23
2358,Customer 2358,Female,51,Chennai,TS,2024-07-19
2359,Customer 2359,Female,23,Pune,GJ,2026-04-23
2360,Customer 2360,Female,33,Delhi,KA,2024-05-08
2361,Customer 2361,Female,54,Delhi,TN,2025-08-01
2362,Customer 2362,Male,40,Delhi,KA,2024-06-29
2363,Customer 2363,Male,20,Mumbai,GJ,2025-08-15
2364,Customer 2364,Male,50,Hyderabad,DL,2026-05-30
2365,Customer 2365,Male,49,Delhi,MH,2024-09-19
2366,Customer 2366,Male,44,Delhi,KA,2025-11-15
2367,Customer 2367,Male,59,Delhi,GJ,2025-01-12
2368,Customer 2368,Female,39,Chennai,MH,2024-12-28
2369,Customer 2369,Female,24,Ahmedabad,KA,2024-12-12
2370,Customer 2370,Male,58,Bengaluru,TN,2024-10-30
2371,Customer 2371,Male,42,Chennai,TS,2024-03-04
2372,Customer 2372,Female,64,Kolkata,KA,2024-04-10
2373,Customer 2373,Male,47,Kolkata,DL,2025-03-15
2374,Customer 2374,Male,22,Delhi,TN,2025-08-09
2375,Customer 2375,Female,49,Pune,MH,2024-09-30
2376,Customer 2376,Male,51,Hyderabad,WB,2024-08-11
2377,Customer 2377,Male,49,Ahmedabad,TS,2024-03-31
2378,Customer 2378,Male,64,Bengaluru,KA,2025-11-22
2379,Customer 2379,Male,54,Mumbai,TN,2026-05-29
2380,Customer 2380,Female,51,Pune,KA,2024-09-06
2381,Customer 2381,Female,57,Bengaluru,MH,2025-12-29
2382,Customer 2382,Male,47,Hyderabad,GJ,2026-02-24
2383,Customer 2383,Male,55,Pune,TS,2026-06-19
2384,Customer 2384,Female,45,Delhi,MH,2026-02-06
2385,Customer 2385,Female,61,Ahmedabad,GJ,2026-04-15
2386,Customer 2386,Female,28,Kolkata,GJ,2024-10-07
2387,Customer 2387,Male,26,Pune,KA,2026-04-28
2388,Customer 2388,Female,55,Pune,GJ,2026-05-04
2389,Customer 2389,Female,28,Ahmedabad,TN,2024-10-27
2390,Customer 2390,Female,38,Bengaluru,TS,2024-07-11
2391,Customer 2391,Male,46,Hyderabad,GJ,2026-01-01
2392,Customer 2392,Female,52,Pune,GJ,2024-06-19
2393,Customer 2393,Male,58,Pune,GJ,2024-05-09
2394,Customer 2394,Female,34,Pune,DL,2024-05-25
2395,Customer 2395,Female,25,Hyderabad,TS,2024-02-05
2396,Customer 2396,Male,24,Mumbai,GJ,2025-12-15
2397,Customer 2397,Male,62,Mumbai,GJ,2024-04-11
2398,Customer 2398,Male,47,Kolkata,WB,2024-03-07
2399,Customer 2399,Male,20,Hyderabad,TN,2025-11-08
2400,Customer 2400,Male,47,Bengaluru,WB,2025-05-29
2401,Customer 2401,Female,58,Kolkata,KA,2024-11-19
2402,Customer 2402,Female,48,Kolkata,GJ,2025-04-03
2403,Customer 2403,Female,58,Chennai,WB,2024-12-16
2404,Customer 2404,Male,33,Bengaluru,DL,2026-01-27
2405,Customer 2405,Male,37,Kolkata,MH,2024-03-16
2406,Customer 2406,Female,64,Pune,MH,2025-01-14
2407,Customer 2407,Male,56,Ahmedabad,KA,2025-06-28
2408,Customer 2408,Male,46,Pune,WB,2026-03-08
2409,Customer 2409,Female,35,Pune,GJ,2025-03-17
2410,Customer 2410,Male,26,Pune,WB,2026-05-04
2411,Customer 2411,Female,30,Mumbai,MH,2026-05-17
2412,Customer 2412,Female,64,Mumbai,WB,2024-04-10
2413,Customer 2413,Female,61,Mumbai,KA,2026-06-04
2414,Customer 2414,Female,44,Chennai,KA,2025-11-15
2415,Customer 2415,Male,40,Ahmedabad,DL,2024-10-03
2416,Customer 2416,Female,50,Hyderabad,GJ,2024-12-06
2417,Customer 2417,Male,41,Chennai,TN,2024-10-20
2418,Customer 2418,Male,43,Ahmedabad,TS,2025-10-21
2419,Customer 2419,Male,46,Bengaluru,DL,2026-03-05
2420,Customer 2420,Female,65,Kolkata,WB,2024-01-08
2421,Customer 2421,Male,26,Chennai,WB,2024-11-07
2422,Customer 2422,Female,48,Hyderabad,GJ,2024-10-20
2423,Customer 2423,Male,48,Delhi,WB,2025-08-15
2424,Customer 2424,Male,61,Delhi,TN,2024-04-22
2425,Customer 2425,Male,21,Kolkata,TS,2026-05-04
2426,Customer 2426,Male,55,Delhi,DL,2026-06-01
2427,Customer 2427,Male,39,Delhi,TN,2025-03-23
2428,Customer 2428,Male,60,Kolkata,TN,2025-09-01
2429,Customer 2429,Female,42,Chennai,TS,2026-01-11
2430,Customer 2430,Female,26,Ahmedabad,DL,2025-08-12
2431,Customer 2431,Female,22,Pune,GJ,2025-03-10
2432,Customer 2432,Female,32,Mumbai,GJ,2026-06-16
2433,Customer 2433,Female,25,Chennai,TS,2024-09-22
2434,Customer 2434,Male,46,Delhi,MH,2025-03-01
2435,Customer 2435,Male,39,Hyderabad,MH,2026-01-04
2436,Customer 2436,Female,59,Ahmedabad,KA,2025-11-17
2437,Customer 2437,Female,64,Bengaluru,TS,2025-01-31
2438,Customer 2438,Male,61,Bengaluru,TS,2024-06-28
2439,Customer 2439,Female,34,Delhi,GJ,2024-02-23
2440,Customer 2440,Male,60,Delhi,TS,2026-01-09
2441,Customer 2441,Female,48,Bengaluru,KA,2025-10-27
2442,Customer 2442,Female,34,Chennai,TN,2024-06-15
2443,Customer 2443,Female,22,Hyderabad,TN,2024-07-17
2444,Customer 2444,Male,53,Kolkata,DL,2025-11-02
2445,Customer 2445,Male,59,Bengaluru,TS,2025-03-20
2446,Customer 2446,Male,50,Chennai,WB,2024-01-03
2447,Customer 2447,Female,53,Kolkata,TN,2024-09-15
2448,Customer 2448,Female,64,Hyderabad,MH,2024-08-01
2449,Customer 2449,Female,38,Pune,WB,2024-11-13
2450,Customer 2450,Male,18,Kolkata,DL,2026-04-05
2451,Customer 2451,Male,34,Kolkata,MH,2025-02-28
2452,Customer 2452,Male,61,Chennai,TN,2024-12-03
2453,Customer 2453,Male,52,Chennai,MH,2025-04-22
2454,Customer 2454,Female,47,Pune,TS,2024-06-26
2455,Customer 2455,Female,42,Hyderabad,WB,2024-11-24
2456,Customer 2456,Male,52,Chennai,MH,2024-08-30
2457,Customer 2457,Female,65,Delhi,MH,2025-09-13
2458,Customer 2458,Female,48,Ahmedabad,MH,2024-09-30
2459,Customer 2459,Male,47,Chennai,GJ,2025-06-26
2460,Customer 2460,Female,44,Bengaluru,WB,2024-11-02
2461,Customer 2461,Male,64,Pune,WB,2025-01-24
2462,Customer 2462,Female,24,Kolkata,WB,2024-09-18
2463,Customer 2463,Female,41,Delhi,KA,2025-11-10
2464,Customer 2464,Male,50,Mumbai,TS,2026-02-21
2465,Customer 2465,Female,20,Chennai,MH,2025-03-30
2466,Customer 2466,Male,48,Mumbai,MH,2025-08-14
2467,Customer 2467,Male,64,Bengaluru,TS,2025-07-10
2468,Customer 2468,Female,22,Ahmedabad,MH,2026-01-23
2469,Customer 2469,Male,58,Mumbai,TN,2025-11-18
2470,Customer 2470,Female,50,Pune,TS,2025-09-16
2471,Customer 2471,Female,32,Bengaluru,WB,2025-12-31
2472,Customer 2472,Male,33,Ahmedabad,GJ,2025-12-10
2473,Customer 2473,Female,27,Chennai,WB,2025-04-08
2474,Customer 2474,Male,38,Bengaluru,TS,2025-01-03
2475,Customer 2475,Male,30,Ahmedabad,GJ,2024-07-12
2476,Customer 2476,Male,62,Kolkata,TN,2024-02-13
2477,Customer 2477,Female,28,Kolkata,DL,2026-03-18
2478,Customer 2478,Female,59,Chennai,TS,2025-03-14
2479,Customer 2479,Male,40,Bengaluru,TS,2024-06-02
2480,Customer 2480,Male,21,Kolkata,TN,2025-04-23
2481,Customer 2481,Male,42,Mumbai,WB,2025-04-18
2482,Customer 2482,Male,49,Delhi,WB,2024-05-18
2483,Customer 2483,Male,42,Ahmedabad,GJ,2026-03-11
2484,Customer 2484,Male,65,Mumbai,DL,2025-11-20
2485,Customer 2485,Male,31,Hyderabad,DL,2026-01-30
2486,Customer 2486,Male,20,Chennai,KA,2024-07-25
2487,Customer 2487,Male,21,Ahmedabad,MH,2026-05-29
2488,Customer 2488,Male,58,Ahmedabad,WB,2026-02-28
2489,Customer 2489,Male,48,Pune,TS,2024-02-22
2490,Customer 2490,Female,40,Delhi,WB,2025-05-21
2491,Customer 2491,Female,44,Hyderabad,TS,2024-02-19
2492,Customer 2492,Female,44,Pune,MH,2024-07-29
2493,Customer 2493,Female,34,Bengaluru,GJ,2025-08-23
2494,Customer 2494,Male,32,Bengaluru,TN,2025-01-25
2495,Customer 2495,Male,46,Mumbai,WB,2025-02-20
2496,Customer 2496,Male,57,Mumbai,MH,2024-05-23
2497,Customer 2497,Female,23,Kolkata,TS,2025-01-26
2498,Customer 2498,Male,60,Bengaluru,MH,2025-08-20
2499,Customer 2499,Male,47,Kolkata,WB,2024-09-30
2500,Customer 2500,Male,57,Delhi,WB,2025-10-05
2501,Customer 2501,Female,30,Chennai,MH,2026-03-27
2502,Customer 2502,Male,50,Bengaluru,WB,2025-04-01
2503,Customer 2503,Female,60,Chennai,MH,2026-04-21
2504,Customer 2504,Female,19,Chennai,TS,2026-05-23
2505,Customer 2505,Male,29,Kolkata,MH,2025-05-26
2506,Customer 2506,Male,25,Kolkata,KA,2025-07-17
2507,Customer 2507,Female,19,Chennai,MH,2025-06-23
2508,Customer 2508,Female,51,Pune,KA,2025-06-10
2509,Customer 2509,Female,61,Ahmedabad,DL,2024-07-05
2510,Customer 2510,Female,61,Pune,TS,2026-01-14
2511,Customer 2511,Female,53,Mumbai,MH,2025-04-26
2512,Customer 2512,Female,47,Delhi,KA,2024-08-08
2513,Customer 2513,Female,38,Kolkata,TN,2024-08-20
2514,Customer 2514,Female,36,Chennai,TS,2025-08-20
2515,Customer 2515,Male,42,Hyderabad,KA,2024-07-29
2516,Customer 2516,Female,34,Chennai,MH,2025-01-04
2517,Customer 2517,Female,27,Ahmedabad,WB,2024-07-07
2518,Customer 2518,Female,29,Ahmedabad,KA,2024-10-11
2519,Customer 2519,Male,51,Bengaluru,TS,2026-04-10
2520,Customer 2520,Male,65,Hyderabad,KA,2024-04-11
2521,Customer 2521,Female,46,Delhi,TN,2024-01-23
2522,Customer 2522,Male,20,Bengaluru,GJ,2025-07-19
2523,Customer 2523,Male,27,Mumbai,TN,2024-10-05
2524,Customer 2524,Female,46,Hyderabad,DL,2024-11-24
2525,Customer 2525,Female,41,Hyderabad,TN,2025-09-04
2526,Customer 2526,Male,30,Kolkata,DL,2025-08-24
2527,Customer 2527,Female,36,Ahmedabad,GJ,2025-02-18
2528,Customer 2528,Male,53,Pune,TS,2026-05-29
2529,Customer 2529,Female,19,Hyderabad,KA,2025-05-06
2530,Customer 2530,Female,47,Mumbai,MH,2025-12-20
2531,Customer 2531,Female,50,Hyderabad,KA,2024-03-20
2532,Customer 2532,Male,64,Bengaluru,MH,2025-12-31
2533,Customer 2533,Male,39,Hyderabad,TN,2025-12-01
2534,Customer 2534,Female,39,Hyderabad,WB,2024-11-20
2535,Customer 2535,Male,34,Hyderabad,DL,2025-10-31
2536,Customer 2536,Male,25,Pune,MH,2024-10-19
2537,Customer 2537,Female,33,Delhi,TS,2024-05-06
2538,Customer 2538,Male,19,Bengaluru,GJ,2025-11-01
2539,Customer 2539,Female,49,Pune,WB,2024-03-01
2540,Customer 2540,Male,55,Mumbai,GJ,2024-03-20
2541,Customer 2541,Female,49,Ahmedabad,DL,2024-05-05
2542,Customer 2542,Male,25,Delhi,WB,2024-10-04
2543,Customer 2543,Male,42,Chennai,WB,2024-11-24
2544,Customer 2544,Female,50,Pune,KA,2024-05-20
2545,Customer 2545,Male,38,Pune,WB,2024-08-10
2546,Customer 2546,Female,27,Mumbai,GJ,2026-03-18
2547,Customer 2547,Male,36,Bengaluru,TN,2025-08-04
2548,Customer 2548,Male,56,Kolkata,KA,2024-11-22
2549,Customer 2549,Male,61,Bengaluru,TS,2024-08-05
2550,Customer 2550,Female,47,Kolkata,WB,2025-03-11
2551,Customer 2551,Male,19,Chennai,MH,2025-05-23
2552,Customer 2552,Female,54,Chennai,GJ,2025-01-12
2553,Customer 2553,Male,37,Chennai,TS,2025-01-12
2554,Customer 2554,Female,54,Chennai,GJ,2025-07-06
2555,Customer 2555,Male,48,Chennai,DL,2025-07-20
2556,Customer 2556,Male,45,Kolkata,MH,2024-08-30
2557,Customer 2557,Male,42,Pune,MH,2025-02-13
2558,Customer 2558,Female,18,Chennai,KA,2025-06-24
2559,Customer 2559,Female,36,Delhi,KA,2026-01-15
2560,Customer 2560,Male,52,Chennai,TN,2025-08-29
2561,Customer 2561,Male,38,Mumbai,WB,2025-05-15
2562,Customer 2562,Female,61,Mumbai,TN,2024-02-15
2563,Customer 2563,Male,58,Kolkata,MH,2025-09-07
2564,Customer 2564,Female,51,Delhi,KA,2025-12-04
2565,Customer 2565,Male,31,Ahmedabad,TS,2026-02-02
2566,Customer 2566,Male,25,Ahmedabad,KA,2024-01-19
2567,Customer 2567,Male,53,Bengaluru,TS,2025-05-06
2568,Customer 2568,Female,21,Ahmedabad,TN,2026-03-16
2569,Customer 2569,Male,26,Hyderabad,GJ,2025-01-12
2570,Customer 2570,Male,43,Bengaluru,GJ,2025-09-09
2571,Customer 2571,Female,48,Pune,DL,2026-04-22
2572,Customer 2572,Male,29,Kolkata,TN,2024-11-26
2573,Customer 2573,Female,25,Bengaluru,TN,2024-05-06
2574,Customer 2574,Female,30,Chennai,MH,2026-02-25
2575,Customer 2575,Female,39,Kolkata,KA,2025-06-27
2576,Customer 2576,Male,51,Mumbai,MH,2026-06-11
2577,Customer 2577,Male,62,Kolkata,TN,2024-10-20
2578,Customer 2578,Male,52,Mumbai,MH,2024-12-03
2579,Customer 2579,Male,52,Chennai,KA,2025-09-11
2580,Customer 2580,Female,47,Kolkata,WB,2025-09-04
2581,Customer 2581,Female,53,Kolkata,GJ,2024-05-11
2582,Customer 2582,Male,35,Bengaluru,TS,2024-08-18
2583,Customer 2583,Male,56,Delhi,WB,2025-03-18
2584,Customer 2584,Female,63,Delhi,TS,2024-04-01
2585,Customer 2585,Male,53,Chennai,KA,2026-04-19
2586,Customer 2586,Male,50,Chennai,MH,2024-12-18
2587,Customer 2587,Female,59,Chennai,TS,2025-01-23
2588,Customer 2588,Female,18,Kolkata,MH,2025-10-22
2589,Customer 2589,Male,23,Bengaluru,DL,2025-06-15
2590,Customer 2590,Female,59,Delhi,TS,2024-08-25
2591,Customer 2591,Male,43,Delhi,TS,2025-05-17
2592,Customer 2592,Male,43,Chennai,TS,2025-01-11
2593,Customer 2593,Male,54,Pune,TS,2026-04-02
2594,Customer 2594,Male,33,Pune,MH,2026-01-30
2595,Customer 2595,Male,45,Ahmedabad,DL,2025-08-08
2596,Customer 2596,Female,41,Hyderabad,MH,2025-08-27
2597,Customer 2597,Female,20,Mumbai,GJ,2024-06-13
2598,Customer 2598,Male,24,Delhi,GJ,2025-02-14
2599,Customer 2599,Male,54,Hyderabad,DL,2025-04-08
2600,Customer 2600,Female,19,Chennai,KA,2025-10-16
2601,Customer 2601,Female,46,Hyderabad,MH,2026-05-17
2602,Customer 2602,Female,37,Hyderabad,TN,2024-11-03
2603,Customer 2603,Female,57,Chennai,WB,2024-10-15
2604,Customer 2604,Male,62,Chennai,KA,2025-05-16
2605,Customer 2605,Female,60,Pune,GJ,2024-05-17
2606,Customer 2606,Male,31,Kolkata,WB,2025-03-26
2607,Customer 2607,Female,23,Bengaluru,TN,2024-06-18
2608,Customer 2608,Female,56,Delhi,TS,2026-05-08
2609,Customer 2609,Male,38,Mumbai,WB,2025-07-02
2610,Customer 2610,Female,19,Mumbai,KA,2026-02-12
2611,Customer 2611,Female,53,Chennai,TS,2024-02-24
2612,Customer 2612,Male,29,Pune,KA,2026-02-06
2613,Customer 2613,Female,21,Hyderabad,KA,2024-08-05
2614,Customer 2614,Male,19,Delhi,MH,2025-03-17
2615,Customer 2615,Female,47,Chennai,WB,2024-11-15
2616,Customer 2616,Female,26,Delhi,WB,2025-09-12
2617,Customer 2617,Male,45,Chennai,WB,2024-03-25
2618,Customer 2618,Female,33,Mumbai,GJ,2025-01-16
2619,Customer 2619,Female,64,Chennai,MH,2025-12-23
2620,Customer 2620,Female,65,Hyderabad,TS,2024-07-14
2621,Customer 2621,Male,29,Chennai,WB,2026-01-15
2622,Customer 2622,Female,55,Kolkata,TN,2024-04-26
2623,Customer 2623,Female,25,Mumbai,TN,2024-09-04
2624,Customer 2624,Female,23,Hyderabad,TN,2024-12-11
2625,Customer 2625,Female,31,Chennai,TS,2024-01-27
2626,Customer 2626,Male,35,Kolkata,KA,2025-12-08
2627,Customer 2627,Male,39,Chennai,KA,2026-01-31
2628,Customer 2628,Male,20,Mumbai,TN,2024-10-10
2629,Customer 2629,Male,63,Bengaluru,DL,2025-10-19
2630,Customer 2630,Female,32,Kolkata,TS,2025-10-12
2631,Customer 2631,Female,27,Kolkata,DL,2025-03-08
2632,Customer 2632,Female,52,Mumbai,TN,2025-03-27
2633,Customer 2633,Female,53,Mumbai,DL,2025-10-26
2634,Customer 2634,Male,50,Chennai,KA,2025-06-04
2635,Customer 2635,Female,46,Mumbai,MH,2025-07-17
2636,Customer 2636,Female,65,Ahmedabad,WB,2025-05-22
2637,Customer 2637,Male,57,Ahmedabad,DL,2025-05-29
2638,Customer 2638,Male,33,Chennai,KA,2024-06-12
2639,Customer 2639,Female,59,Pune,TN,2024-09-09
2640,Customer 2640,Male,40,Hyderabad,KA,2026-02-15
2641,Customer 2641,Female,18,Hyderabad,WB,2025-03-03
2642,Customer 2642,Female,35,Ahmedabad,MH,2026-06-09
2643,Customer 2643,Male,61,Delhi,TN,2025-04-15
2644,Customer 2644,Female,48,Ahmedabad,GJ,2025-03-31
2645,Customer 2645,Female,21,Delhi,GJ,2025-12-06
2646,Customer 2646,Female,48,Kolkata,GJ,2024-01-01
2647,Customer 2647,Male,48,Bengaluru,KA,2024-01-10
2648,Customer 2648,Male,58,Pune,WB,2024-07-27
2649,Customer 2649,Male,20,Bengaluru,WB,2026-05-03
2650,Customer 2650,Male,56,Bengaluru,DL,2025-12-18
2651,Customer 2651,Male,27,Pune,MH,2024-03-28
2652,Customer 2652,Male,32,Kolkata,GJ,2025-11-13
2653,Customer 2653,Male,20,Chennai,TN,2024-05-04
2654,Customer 2654,Male,36,Bengaluru,WB,2024-07-21
2655,Customer 2655,Female,44,Bengaluru,MH,2024-01-31
2656,Customer 2656,Female,34,Pune,GJ,2025-05-23
2657,Customer 2657,Female,37,Pune,TN,2025-12-02
2658,Customer 2658,Male,22,Delhi,WB,2025-06-03
2659,Customer 2659,Female,51,Delhi,TN,2024-05-18
2660,Customer 2660,Female,46,Ahmedabad,KA,2024-03-29
2661,Customer 2661,Female,50,Mumbai,MH,2026-06-14
2662,Customer 2662,Female,26,Bengaluru,KA,2024-05-21
2663,Customer 2663,Male,64,Chennai,MH,2025-04-16
2664,Customer 2664,Female,47,Bengaluru,TN,2024-07-22
2665,Customer 2665,Female,52,Chennai,WB,2025-04-28
2666,Customer 2666,Female,54,Chennai,MH,2024-01-10
2667,Customer 2667,Female,22,Chennai,GJ,2024-05-02
2668,Customer 2668,Male,20,Kolkata,DL,2026-05-19
2669,Customer 2669,Female,42,Delhi,DL,2024-12-23
2670,Customer 2670,Male,38,Mumbai,MH,2024-08-08
2671,Customer 2671,Female,40,Pune,GJ,2024-05-23
2672,Customer 2672,Male,19,Mumbai,KA,2026-05-05
2673,Customer 2673,Female,54,Chennai,DL,2024-10-08
2674,Customer 2674,Male,30,Chennai,TS,2024-07-22
2675,Customer 2675,Male,27,Hyderabad,TS,2024-09-13
2676,Customer 2676,Male,48,Chennai,TS,2025-10-02
2677,Customer 2677,Female,28,Bengaluru,TS,2024-05-10
2678,Customer 2678,Female,22,Pune,TN,2024-06-09
2679,Customer 2679,Male,36,Mumbai,WB,2024-03-26
2680,Customer 2680,Male,42,Ahmedabad,KA,2024-12-16
2681,Customer 2681,Female,41,Mumbai,DL,2024-06-29
2682,Customer 2682,Male,23,Chennai,TS,2026-03-13
2683,Customer 2683,Male,56,Ahmedabad,WB,2026-05-11
2684,Customer 2684,Male,61,Bengaluru,MH,2024-11-11
2685,Customer 2685,Male,65,Delhi,TS,2025-11-24
2686,Customer 2686,Male,22,Mumbai,TN,2026-06-04
2687,Customer 2687,Female,63,Chennai,MH,2025-01-30
2688,Customer 2688,Female,37,Kolkata,TS,2024-04-19
2689,Customer 2689,Female,20,Bengaluru,DL,2025-04-09
2690,Customer 2690,Female,54,Delhi,GJ,2025-02-05
2691,Customer 2691,Female,32,Delhi,TS,2025-12-03
2692,Customer 2692,Female,38,Kolkata,KA,2025-12-19
2693,Customer 2693,Male,51,Kolkata,KA,2025-01-28
2694,Customer 2694,Female,61,Pune,GJ,2026-03-13
2695,Customer 2695,Female,37,Delhi,TS,2024-09-21
2696,Customer 2696,Male,61,Hyderabad,TN,2024-08-06
2697,Customer 2697,Female,57,Mumbai,DL,2024-11-09
2698,Customer 2698,Male,30,Kolkata,GJ,2026-01-27
2699,Customer 2699,Male,49,Mumbai,TS,2025-08-03
2700,Customer 2700,Female,31,Mumbai,GJ,2024-12-23
2701,Customer 2701,Male,64,Delhi,WB,2025-11-11
2702,Customer 2702,Male,19,Mumbai,KA,2025-08-10
2703,Customer 2703,Female,65,Ahmedabad,KA,2024-01-07
2704,Customer 2704,Male,50,Chennai,TS,2026-02-28
2705,Customer 2705,Female,18,Bengaluru,TS,2026-02-15
2706,Customer 2706,Male,18,Kolkata,MH,2025-02-18
2707,Customer 2707,Male,35,Pune,WB,2026-04-19
2708,Customer 2708,Female,52,Pune,KA,2025-08-02
2709,Customer 2709,Male,65,Chennai,WB,2025-03-09
2710,Customer 2710,Male,58,Delhi,TN,2024-03-30
2711,Customer 2711,Male,41,Hyderabad,DL,2024-07-01
2712,Customer 2712,Female,64,Delhi,TN,2024-05-13
2713,Customer 2713,Male,31,Hyderabad,DL,2024-09-26
2714,Customer 2714,Female,21,Ahmedabad,WB,2024-05-10
2715,Customer 2715,Male,34,Ahmedabad,WB,2026-04-05
2716,Customer 2716,Female,39,Mumbai,DL,2026-04-30
2717,Customer 2717,Male,63,Bengaluru,GJ,2025-09-09
2718,Customer 2718,Male,62,Ahmedabad,DL,2024-06-04
2719,Customer 2719,Male,49,Bengaluru,WB,2025-06-27
2720,Customer 2720,Female,21,Hyderabad,DL,2024-01-15
2721,Customer 2721,Female,57,Ahmedabad,TS,2025-06-16
2722,Customer 2722,Female,53,Delhi,MH,2025-04-28
2723,Customer 2723,Female,41,Hyderabad,TS,2026-01-26
2724,Customer 2724,Male,49,Mumbai,TN,2025-11-16
2725,Customer 2725,Male,25,Ahmedabad,GJ,2025-02-13
2726,Customer 2726,Male,54,Mumbai,MH,2026-04-13
2727,Customer 2727,Male,55,Chennai,TS,2024-05-11
2728,Customer 2728,Female,57,Kolkata,MH,2024-06-14
2729,Customer 2729,Female,59,Hyderabad,WB,2025-12-20
2730,Customer 2730,Male,59,Kolkata,MH,2026-02-15
2731,Customer 2731,Male,25,Delhi,MH,2024-07-30
2732,Customer 2732,Female,44,Pune,DL,2026-04-09
2733,Customer 2733,Male,35,Pune,DL,2024-01-29
2734,Customer 2734,Male,21,Mumbai,DL,2024-01-16
2735,Customer 2735,Male,22,Hyderabad,TN,2024-02-14
2736,Customer 2736,Male,19,Chennai,KA,2026-05-06
2737,Customer 2737,Female,60,Bengaluru,TN,2025-01-31
2738,Customer 2738,Male,36,Hyderabad,DL,2025-05-09
2739,Customer 2739,Female,46,Chennai,WB,2024-03-29
2740,Customer 2740,Male,26,Chennai,KA,2025-11-26
2741,Customer 2741,Female,61,Kolkata,GJ,2025-07-10
2742,Customer 2742,Female,56,Chennai,GJ,2025-09-28
2743,Customer 2743,Female,25,Ahmedabad,GJ,2026-04-10
2744,Customer 2744,Female,63,Hyderabad,WB,2024-08-19
2745,Customer 2745,Female,28,Chennai,KA,2026-03-16
2746,Customer 2746,Male,42,Bengaluru,GJ,2025-08-15
2747,Customer 2747,Male,43,Delhi,WB,2024-08-29
2748,Customer 2748,Male,49,Kolkata,TS,2024-01-23
2749,Customer 2749,Female,39,Hyderabad,WB,2025-05-25
2750,Customer 2750,Female,29,Mumbai,DL,2025-02-10
2751,Customer 2751,Female,35,Ahmedabad,WB,2025-03-09
2752,Customer 2752,Male,44,Chennai,MH,2025-11-26
2753,Customer 2753,Male,41,Pune,TN,2026-01-20
2754,Customer 2754,Female,55,Ahmedabad,DL,2026-05-23
2755,Customer 2755,Female,36,Kolkata,GJ,2024-09-07
2756,Customer 2756,Female,59,Chennai,GJ,2024-12-23
2757,Customer 2757,Male,31,Delhi,KA,2025-12-21
2758,Customer 2758,Female,64,Kolkata,DL,2024-06-14
2759,Customer 2759,Male,40,Ahmedabad,KA,2024-11-24
2760,Customer 2760,Female,24,Hyderabad,DL,2025-02-09
2761,Customer 2761,Male,43,Bengaluru,MH,2026-03-22
2762,Customer 2762,Female,61,Hyderabad,DL,2025-10-02
2763,Customer 2763,Male,28,Ahmedabad,GJ,2024-03-28
2764,Customer 2764,Female,29,Hyderabad,WB,2025-05-28
2765,Customer 2765,Female,30,Delhi,DL,2026-01-04
2766,Customer 2766,Female,46,Bengaluru,TS,2025-12-18
2767,Customer 2767,Female,19,Pune,GJ,2026-05-21
2768,Customer 2768,Male,56,Ahmedabad,GJ,2024-07-26
2769,Customer 2769,Female,57,Bengaluru,DL,2024-09-19
2770,Customer 2770,Male,55,Bengaluru,KA,2024-02-01
2771,Customer 2771,Male,55,Delhi,TN,2025-03-18
2772,Customer 2772,Female,32,Delhi,MH,2024-07-20
2773,Customer 2773,Male,55,Mumbai,MH,2024-10-15
2774,Customer 2774,Female,43,Chennai,DL,2025-07-06
2775,Customer 2775,Male,36,Bengaluru,MH,2025-06-26
2776,Customer 2776,Female,28,Kolkata,DL,2024-10-30
2777,Customer 2777,Male,32,Mumbai,TN,2026-06-09
2778,Customer 2778,Male,48,Ahmedabad,MH,2026-02-13
2779,Customer 2779,Male,33,Chennai,KA,2025-03-06
2780,Customer 2780,Male,39,Ahmedabad,DL,2025-06-09
2781,Customer 2781,Female,47,Bengaluru,GJ,2025-12-20
2782,Customer 2782,Male,21,Kolkata,MH,2026-05-29
2783,Customer 2783,Female,28,Ahmedabad,KA,2026-01-18
2784,Customer 2784,Male,38,Bengaluru,WB,2025-01-14
2785,Customer 2785,Male,46,Mumbai,KA,2026-06-01
2786,Customer 2786,Female,34,Delhi,KA,2025-01-10
2787,Customer 2787,Female,57,Mumbai,DL,2024-01-09
2788,Customer 2788,Female,24,Delhi,TN,2024-01-20
2789,Customer 2789,Male,19,Chennai,GJ,2025-08-10
2790,Customer 2790,Female,65,Pune,MH,2024-01-07
2791,Customer 2791,Male,54,Pune,TN,2025-01-13
2792,Customer 2792,Female,38,Chennai,WB,2025-10-19
2793,Customer 2793,Male,48,Kolkata,KA,2025-04-15
2794,Customer 2794,Male,60,Bengaluru,DL,2024-12-11
2795,Customer 2795,Male,64,Mumbai,TS,2026-03-02
2796,Customer 2796,Female,24,Hyderabad,DL,2026-04-05
2797,Customer 2797,Male,54,Hyderabad,DL,2024-10-16
2798,Customer 2798,Male,38,Delhi,TS,2024-10-15
2799,Customer 2799,Male,30,Chennai,MH,2024-09-04
2800,Customer 2800,Female,31,Bengaluru,DL,2024-02-15
2801,Customer 2801,Female,63,Chennai,GJ,2024-12-02
2802,Customer 2802,Male,38,Chennai,DL,2026-01-25
2803,Customer 2803,Female,52,Bengaluru,TN,2025-08-29
2804,Customer 2804,Female,36,Mumbai,TN,2025-05-02
2805,Customer 2805,Male,41,Ahmedabad,MH,2025-03-30
2806,Customer 2806,Male,22,Pune,MH,2025-12-17
2807,Customer 2807,Male,19,Mumbai,TS,2025-01-23
2808,Customer 2808,Male,28,Mumbai,MH,2024-07-07
2809,Customer 2809,Female,28,Chennai,GJ,2024-10-16
2810,Customer 2810,Female,49,Pune,WB,2024-06-02
2811,Customer 2811,Female,44,Hyderabad,TN,2024-09-04
2812,Customer 2812,Female,60,Ahmedabad,DL,2026-05-19
2813,Customer 2813,Male,54,Pune,WB,2026-02-28
2814,Customer 2814,Male,60,Bengaluru,MH,2024-04-30
2815,Customer 2815,Male,23,Delhi,MH,2025-04-17
2816,Customer 2816,Female,24,Chennai,KA,2024-03-09
2817,Customer 2817,Female,63,Ahmedabad,GJ,2025-01-30
2818,Customer 2818,Female,60,Hyderabad,KA,2024-11-12
2819,Customer 2819,Female,30,Hyderabad,WB,2026-02-08
2820,Customer 2820,Female,58,Mumbai,WB,2025-05-02
2821,Customer 2821,Male,41,Chennai,KA,2025-06-21
2822,Customer 2822,Male,40,Mumbai,MH,2025-07-05
2823,Customer 2823,Male,18,Pune,WB,2026-01-28
2824,Customer 2824,Female,54,Delhi,GJ,2024-02-12
2825,Customer 2825,Female,55,Mumbai,TS,2025-06-14
2826,Customer 2826,Male,65,Bengaluru,GJ,2024-02-29
2827,Customer 2827,Female,52,Kolkata,TN,2025-11-29
2828,Customer 2828,Female,29,Ahmedabad,DL,2024-06-22
2829,Customer 2829,Female,43,Ahmedabad,DL,2025-09-21
2830,Customer 2830,Male,34,Ahmedabad,MH,2024-11-08
2831,Customer 2831,Male,21,Hyderabad,DL,2024-07-05
2832,Customer 2832,Male,26,Kolkata,TN,2026-03-21
2833,Customer 2833,Female,19,Bengaluru,DL,2025-03-30
2834,Customer 2834,Female,35,Kolkata,MH,2025-09-27
2835,Customer 2835,Female,22,Ahmedabad,DL,2026-05-15
2836,Customer 2836,Female,47,Chennai,TN,2025-06-26
2837,Customer 2837,Male,31,Delhi,GJ,2026-05-01
2838,Customer 2838,Male,31,Mumbai,MH,2026-05-21
2839,Customer 2839,Female,27,Pune,MH,2025-04-30
2840,Customer 2840,Female,26,Ahmedabad,DL,2024-12-27
2841,Customer 2841,Female,19,Bengaluru,WB,2026-04-12
2842,Customer 2842,Female,63,Ahmedabad,DL,2024-02-09
2843,Customer 2843,Female,57,Bengaluru,GJ,2025-03-11
2844,Customer 2844,Male,55,Bengaluru,GJ,2025-01-17
2845,Customer 2845,Male,47,Ahmedabad,GJ,2025-09-09
2846,Customer 2846,Male,22,Bengaluru,MH,2026-06-17
2847,Customer 2847,Female,51,Pune,TN,2024-02-23
2848,Customer 2848,Male,29,Pune,MH,2025-07-05
2849,Customer 2849,Male,62,Bengaluru,GJ,2026-01-29
2850,Customer 2850,Female,53,Kolkata,GJ,2024-02-08
2851,Customer 2851,Female,51,Hyderabad,DL,2024-08-24
2852,Customer 2852,Female,54,Mumbai,WB,2024-08-20
2853,Customer 2853,Female,38,Hyderabad,MH,2025-08-12
2854,Customer 2854,Female,39,Pune,TN,2026-05-13
2855,Customer 2855,Male,39,Mumbai,GJ,2025-11-14
2856,Customer 2856,Male,40,Hyderabad,TS,2024-03-25
2857,Customer 2857,Male,46,Kolkata,DL,2024-04-28
2858,Customer 2858,Female,43,Ahmedabad,MH,2024-05-07
2859,Customer 2859,Female,30,Hyderabad,GJ,2025-03-22
2860,Customer 2860,Male,62,Hyderabad,WB,2025-03-05
2861,Customer 2861,Male,38,Hyderabad,KA,2025-11-24
2862,Customer 2862,Male,36,Hyderabad,KA,2026-05-23
2863,Customer 2863,Female,29,Chennai,TS,2025-05-03
2864,Customer 2864,Female,63,Delhi,GJ,2024-08-18
2865,Customer 2865,Female,46,Mumbai,DL,2026-05-17
2866,Customer 2866,Female,23,Chennai,GJ,2025-12-13
2867,Customer 2867,Male,31,Chennai,TN,2025-05-26
2868,Customer 2868,Female,19,Pune,MH,2024-04-13
2869,Customer 2869,Male,30,Bengaluru,KA,2024-01-19
2870,Customer 2870,Female,45,Delhi,DL,2025-06-15
2871,Customer 2871,Female,26,Delhi,GJ,2024-11-12
2872,Customer 2872,Female,34,Delhi,DL,2024-02-01
2873,Customer 2873,Male,24,Kolkata,WB,2025-04-03
2874,Customer 2874,Male,46,Mumbai,KA,2025-08-30
2875,Customer 2875,Female,63,Hyderabad,TS,2024-04-14
2876,Customer 2876,Male,28,Kolkata,DL,2026-01-05
2877,Customer 2877,Male,27,Delhi,KA,2025-01-02
2878,Customer 2878,Male,58,Delhi,KA,2024-02-19
2879,Customer 2879,Male,37,Mumbai,MH,2026-06-10
2880,Customer 2880,Female,59,Delhi,TN,2026-02-05
2881,Customer 2881,Female,20,Chennai,TS,2025-09-19
2882,Customer 2882,Female,47,Delhi,MH,2024-02-28
2883,Customer 2883,Male,32,Delhi,MH,2024-04-25
2884,Customer 2884,Male,33,Pune,WB,2024-03-15
2885,Customer 2885,Male,33,Bengaluru,TN,2026-01-28
2886,Customer 2886,Male,46,Ahmedabad,TN,2024-03-24
2887,Customer 2887,Male,49,Ahmedabad,DL,2025-04-22
2888,Customer 2888,Male,60,Hyderabad,DL,2026-03-04
2889,Customer 2889,Male,33,Kolkata,DL,2024-10-11
2890,Customer 2890,Female,40,Pune,MH,2025-08-12
2891,Customer 2891,Male,60,Hyderabad,TN,2024-08-08
2892,Customer 2892,Male,35,Mumbai,DL,2026-03-17
2893,Customer 2893,Female,47,Kolkata,TN,2025-11-19
2894,Customer 2894,Female,25,Bengaluru,TN,2025-10-09
2895,Customer 2895,Female,20,Kolkata,GJ,2025-01-16
2896,Customer 2896,Male,62,Bengaluru,TS,2024-08-12
2897,Customer 2897,Female,34,Bengaluru,TS,2025-02-23
2898,Customer 2898,Male,19,Hyderabad,KA,2024-02-25
2899,Customer 2899,Male,42,Bengaluru,KA,2026-01-20
2900,Customer 2900,Male,42,Chennai,TS,2025-08-25
2901,Customer 2901,Male,28,Chennai,KA,2025-04-28
2902,Customer 2902,Male,26,Pune,DL,2026-05-28
2903,Customer 2903,Female,18,Kolkata,KA,2025-08-18
2904,Customer 2904,Male,44,Mumbai,MH,2026-05-23
2905,Customer 2905,Female,34,Chennai,TS,2026-04-13
2906,Customer 2906,Female,18,Pune,TS,2025-11-16
2907,Customer 2907,Female,20,Mumbai,DL,2025-08-26
2908,Customer 2908,Female,32,Kolkata,TN,2025-01-13
2909,Customer 2909,Male,52,Pune,DL,2025-01-07
2910,Customer 2910,Male,51,Mumbai,TS,2026-04-07
2911,Customer 2911,Female,21,Mumbai,TN,2024-03-26
2912,Customer 2912,Female,54,Delhi,TS,2025-03-25
2913,Customer 2913,Male,59,Delhi,TS,2026-06-12
2914,Customer 2914,Male,24,Kolkata,DL,2025-08-13
2915,Customer 2915,Female,48,Pune,MH,2026-02-15
2916,Customer 2916,Male,59,Kolkata,GJ,2025-09-18
2917,Customer 2917,Female,38,Pune,GJ,2024-11-24
2918,Customer 2918,Male,63,Kolkata,KA,2025-05-30
2919,Customer 2919,Female,34,Bengaluru,WB,2025-12-09
2920,Customer 2920,Female,56,Bengaluru,KA,2024-07-26
2921,Customer 2921,Female,65,Ahmedabad,DL,2026-04-16
2922,Customer 2922,Female,25,Chennai,TN,2026-01-13
2923,Customer 2923,Female,32,Mumbai,TS,2026-02-26
2924,Customer 2924,Female,18,Bengaluru,TN,2024-05-21
2925,Customer 2925,Female,58,Kolkata,MH,2025-03-16
2926,Customer 2926,Male,59,Mumbai,KA,2024-05-16
2927,Customer 2927,Male,56,Ahmedabad,MH,2024-12-08
2928,Customer 2928,Male,65,Bengaluru,DL,2025-09-25
2929,Customer 2929,Male,38,Bengaluru,TS,2024-02-24
2930,Customer 2930,Female,56,Bengaluru,TS,2024-06-09
2931,Customer 2931,Female,35,Kolkata,MH,2024-03-13
2932,Customer 2932,Female,25,Delhi,GJ,2025-05-12
2933,Customer 2933,Female,46,Kolkata,KA,2024-02-14
2934,Customer 2934,Female,24,Chennai,MH,2026-06-15
2935,Customer 2935,Female,22,Mumbai,KA,2026-01-17
2936,Customer 2936,Male,25,Delhi,TS,2024-01-03
2937,Customer 2937,Female,54,Delhi,WB,2025-12-11
2938,Customer 2938,Female,45,Kolkata,KA,2024-10-23
2939,Customer 2939,Male,52,Delhi,TN,2025-11-25
2940,Customer 2940,Male,59,Kolkata,TS,2025-06-30
2941,Customer 2941,Female,36,Hyderabad,WB,2025-10-29
2942,Customer 2942,Female,35,Kolkata,KA,2024-05-09
2943,Customer 2943,Male,43,Chennai,MH,2025-04-23
2944,Customer 2944,Female,18,Hyderabad,GJ,2024-03-01
2945,Customer 2945,Female,35,Kolkata,TN,2024-09-09
2946,Customer 2946,Female,27,Hyderabad,KA,2024-09-13
2947,Customer 2947,Male,32,Mumbai,MH,2024-10-18
2948,Customer 2948,Female,37,Pune,KA,2024-07-12
2949,Customer 2949,Female,62,Mumbai,GJ,2025-11-25
2950,Customer 2950,Female,39,Ahmedabad,KA,2026-04-08
2951,Customer 2951,Female,18,Kolkata,TS,2025-11-19
2952,Customer 2952,Female,23,Delhi,GJ,2024-10-24
2953,Customer 2953,Male,25,Delhi,TS,2025-07-03
2954,Customer 2954,Male,21,Pune,GJ,2024-05-07
2955,Customer 2955,Female,35,Kolkata,GJ,2026-02-17
2956,Customer 2956,Female,21,Chennai,KA,2024-02-26
2957,Customer 2957,Male,29,Chennai,GJ,2024-04-17
2958,Customer 2958,Male,58,Pune,GJ,2025-06-03
2959,Customer 2959,Female,33,Chennai,WB,2024-02-15
2960,Customer 2960,Female,34,Delhi,GJ,2026-05-10
2961,Customer 2961,Female,25,Hyderabad,TN,2024-04-27
2962,Customer 2962,Female,51,Bengaluru,KA,2024-08-13
2963,Customer 2963,Female,48,Chennai,TN,2025-01-14
2964,Customer 2964,Female,60,Ahmedabad,MH,2024-08-07
2965,Customer 2965,Male,22,Bengaluru,GJ,2024-07-27
2966,Customer 2966,Male,63,Pune,GJ,2026-02-01
2967,Customer 2967,Female,43,Pune,TN,2024-09-13
2968,Customer 2968,Female,35,Pune,TN,2025-05-22
2969,Customer 2969,Female,45,Bengaluru,WB,2025-09-21
2970,Customer 2970,Female,36,Ahmedabad,TS,2025-06-23
2971,Customer 2971,Male,49,Bengaluru,GJ,2025-11-24
2972,Customer 2972,Female,39,Kolkata,GJ,2025-09-26
2973,Customer 2973,Female,39,Pune,WB,2025-08-26
2974,Customer 2974,Female,63,Pune,WB,2026-03-23
2975,Customer 2975,Male,23,Hyderabad,TS,2026-03-28
2976,Customer 2976,Male,31,Chennai,TS,2025-07-16
2977,Customer 2977,Female,58,Hyderabad,MH,2026-03-15
2978,Customer 2978,Female,19,Pune,MH,2024-08-11
2979,Customer 2979,Female,64,Mumbai,TS,2024-12-14
2980,Customer 2980,Male,31,Bengaluru,WB,2025-08-23
2981,Customer 2981,Female,40,Delhi,KA,2024-05-06
2982,Customer 2982,Female,46,Pune,DL,2025-02-27
2983,Customer 2983,Male,48,Chennai,TS,2025-04-06
2984,Customer 2984,Male,52,Bengaluru,GJ,2025-04-11
2985,Customer 2985,Male,28,Ahmedabad,WB,2024-02-11
2986,Customer 2986,Male,32,Kolkata,KA,2026-05-21
2987,Customer 2987,Female,47,Ahmedabad,DL,2025-06-01
2988,Customer 2988,Male,29,Ahmedabad,TS,2024-03-17
2989,Customer 2989,Male,65,Bengaluru,WB,2025-09-10
2990,Customer 2990,Male,63,Chennai,GJ,2024-12-07
2991,Customer 2991,Female,33,Ahmedabad,MH,2024-07-13
2992,Customer 2992,Male,39,Pune,DL,2024-02-25
2993,Customer 2993,Male,59,Pune,TN,2024-08-18
2994,Customer 2994,Female,35,Chennai,MH,2025-06-25
2995,Customer 2995,Male,38,Delhi,WB,2024-03-11
2996,Customer 2996,Male,40,Hyderabad,TN,2024-06-25
2997,Customer 2997,Male,54,Chennai,GJ,2025-04-05
2998,Customer 2998,Female,60,Kolkata,GJ,2024-06-15
2999,Customer 2999,Female,21,Ahmedabad,KA,2025-01-08
3000,Customer 3000,Male,59,Ahmedabad,WB,2025-08-08
