ActivityID,CustomerID,ProductID,ActivityType,ActivityDate
1,1386,971,Search,2025-01-01
2,907,606,Wishlist,2025-08-03
3,362,308,Wishlist,2025-11-03
4,135,133,Search,2025-04-13
5,1967,456,Purchase,2025-11-17
6,333,509,Purchase,2025-04-12
7,2988,671,AddToCart,2026-03-02
8,2280,427,Wishlist,2025-12-12
9,1109,91,AddToCart,2026-01-19
10,756,488,Wishlist,2026-05-19
11,2151,687,Purchase,2026-01-22
12,1488,199,Wishlist,2025-01-27
13,1816,207,Wishlist,2025-07-12
14,1374,800,Search,2025-09-21
15,1742,839,Wishlist,2026-04-18
16,2264,424,Wishlist,2026-01-12
17,1207,490,Wishlist,2025-03-09
18,1396,33,Purchase,2026-02-17
19,1748,37,AddToCart,2026-05-21
20,783,900,AddToCart,2026-06-07
21,2173,297,Search,2026-04-12
22,802,419,Search,2025-01-13
23,1957,519,View,2025-06-14
24,1694,30,AddToCart,2025-09-13
25,2655,480,Purchase,2026-02-17
26,2128,698,Wishlist,2025-01-26
27,2249,906,Wishlist,2026-06-19
28,2051,716,Search,2025-07-01
29,2177,929,Purchase,2025-12-27
30,1853,541,AddToCart,2025-08-26
31,1793,356,Purchase,2025-11-28
32,2352,920,Purchase,2025-02-08
33,93,750,AddToCart,2025-10-10
34,1592,151,AddToCart,2025-09-05
35,894,717,Wishlist,2025-11-23
36,347,502,Wishlist,2025-10-03
37,386,173,View,2025-09-25
38,1774,555,Search,2025-06-10
39,386,66,Search,2025-06-23
40,2028,615,Wishlist,2025-08-21
41,2087,150,View,2025-07-15
42,2884,964,View,2025-08-31
43,2444,431,Wishlist,2026-05-02
44,2140,305,Purchase,2025-08-30
45,2190,994,Search,2025-11-18
46,340,405,AddToCart,2025-04-13
47,2532,581,Wishlist,2025-09-20
48,369,687,Search,2025-01-19
49,1289,481,AddToCart,2025-11-18
50,2,822,View,2025-02-23
51,2019,979,View,2026-04-25
52,1402,958,Search,2025-05-28
53,2998,510,AddToCart,2025-08-13
54,1047,692,Purchase,2026-06-21
55,2294,442,Purchase,2025-06-10
56,812,598,Wishlist,2025-09-16
57,60,164,Wishlist,2025-10-25
58,2595,913,Search,2025-10-08
59,2652,137,Search,2026-01-10
60,2285,259,Search,2025-03-16
61,1301,524,Search,2025-05-02
62,1740,879,Wishlist,2025-05-19
63,2952,807,View,2025-06-20
64,1139,318,AddToCart,2025-02-15
65,2415,829,Purchase,2026-01-14
66,1509,290,Wishlist,2026-06-22
67,692,644,Wishlist,2026-05-28
68,1026,434,Wishlist,2025-01-03
69,1447,630,Search,2025-12-24
70,1243,833,AddToCart,2025-02-25
71,2714,124,View,2025-02-13
72,61,833,Search,2025-05-02
73,1357,848,Purchase,2025-03-09
74,87,289,Purchase,2025-10-01
75,1024,766,Wishlist,2025-07-08
76,2721,310,View,2025-11-18
77,2233,667,Search,2026-07-03
78,1746,176,Wishlist,2025-05-25
79,893,761,Wishlist,2025-10-19
80,2501,723,Purchase,2025-10-23
81,796,884,Wishlist,2025-06-16
82,936,308,Wishlist,2025-11-30
83,1793,766,Purchase,2026-04-20
84,1717,893,AddToCart,2025-09-19
85,1471,177,Search,2026-02-06
86,2518,390,Purchase,2026-02-21
87,342,746,Purchase,2026-05-27
88,587,724,Search,2025-01-08
89,2829,971,Search,2026-01-07
90,2033,324,Purchase,2025-05-14
91,1224,234,Wishlist,2025-12-26
92,2855,437,View,2026-03-10
93,1668,936,Wishlist,2026-02-19
94,2492,135,AddToCart,2025-11-12
95,1105,331,View,2025-02-19
96,1041,191,AddToCart,2025-05-15
97,2213,46,AddToCart,2025-12-05
98,1891,511,Search,2025-10-07
99,1629,837,AddToCart,2025-06-15
100,2820,494,View,2025-03-22
101,1525,696,Purchase,2026-02-08
102,2297,97,Search,2025-11-24
103,1539,195,AddToCart,2026-04-12
104,136,211,Wishlist,2026-03-04
105,1350,292,Wishlist,2025-05-17
106,1886,582,AddToCart,2026-05-07
107,1324,114,AddToCart,2025-03-10
108,405,106,View,2025-01-01
109,1528,515,Purchase,2025-02-28
110,883,352,Wishlist,2026-05-05
111,789,699,Wishlist,2025-01-09
112,1559,509,View,2026-04-19
113,133,599,View,2025-08-15
114,2174,996,AddToCart,2025-09-22
115,1898,373,View,2026-06-04
116,2487,607,View,2025-03-27
117,527,697,Search,2025-06-19
118,1147,508,Search,2025-11-14
119,2291,615,View,2026-04-02
120,817,698,AddToCart,2026-05-05
121,2017,159,View,2025-06-16
122,1820,117,AddToCart,2026-07-04
123,2065,537,Search,2025-05-05
124,209,790,AddToCart,2025-03-20
125,1358,884,Search,2025-01-14
126,714,280,Wishlist,2026-01-16
127,377,231,View,2025-11-15
128,93,542,View,2026-05-13
129,397,320,Purchase,2025-04-19
130,179,20,View,2026-06-19
131,314,286,View,2025-06-10
132,2182,338,Purchase,2025-11-21
133,476,608,Wishlist,2025-02-03
134,12,901,Purchase,2026-03-30
135,495,643,Search,2025-08-17
136,382,75,Search,2025-07-17
137,468,661,View,2026-06-20
138,1899,53,Wishlist,2025-04-27
139,2071,583,AddToCart,2025-11-06
140,1737,260,AddToCart,2025-08-24
141,2599,659,AddToCart,2025-05-04
142,1994,487,AddToCart,2026-02-17
143,830,454,Search,2025-03-07
144,903,912,Search,2025-01-05
145,574,316,View,2025-05-14
146,546,618,AddToCart,2026-06-19
147,852,912,Purchase,2025-02-27
148,221,883,Purchase,2025-11-06
149,2282,467,View,2025-02-05
150,945,105,AddToCart,2025-08-04
151,1536,270,Wishlist,2025-09-26
152,2608,838,Search,2025-04-23
153,2563,887,Wishlist,2025-05-11
154,1871,771,Search,2025-02-22
155,1389,219,View,2026-06-12
156,1044,83,Purchase,2026-04-11
157,1608,361,AddToCart,2026-02-03
158,451,884,Purchase,2025-05-31
159,1502,78,Purchase,2026-02-01
160,43,428,Search,2026-04-28
161,2913,186,AddToCart,2025-02-12
162,410,740,Search,2025-04-04
163,1655,898,AddToCart,2026-03-30
164,1267,878,AddToCart,2025-03-09
165,372,21,View,2025-05-08
166,2850,277,Purchase,2025-12-29
167,1675,676,Purchase,2025-02-12
168,190,448,Purchase,2026-05-30
169,83,789,Purchase,2025-08-28
170,449,913,Purchase,2025-03-06
171,2667,48,Purchase,2025-04-20
172,1052,129,AddToCart,2026-07-02
173,830,438,AddToCart,2026-03-08
174,2705,955,Purchase,2026-05-19
175,2325,635,View,2025-05-18
176,1061,147,Wishlist,2025-05-25
177,462,432,Purchase,2025-10-18
178,2631,634,AddToCart,2026-01-02
179,777,49,Search,2025-09-07
180,1098,10,Wishlist,2026-07-05
181,909,626,Search,2025-10-02
182,1210,995,Wishlist,2026-02-10
183,2565,316,Search,2025-12-24
184,416,320,AddToCart,2025-02-10
185,399,16,Purchase,2025-07-08
186,628,199,AddToCart,2025-01-27
187,1263,592,Search,2025-06-21
188,2064,418,AddToCart,2025-01-17
189,808,580,AddToCart,2025-11-16
190,1981,22,AddToCart,2026-02-06
191,1343,775,Purchase,2025-10-30
192,1522,796,View,2025-11-17
193,770,159,Purchase,2025-03-26
194,641,892,AddToCart,2025-04-27
195,1135,906,Purchase,2026-01-04
196,22,32,AddToCart,2025-04-10
197,1879,688,View,2025-11-14
198,2102,562,AddToCart,2026-05-10
199,1610,919,Purchase,2026-04-01
200,1879,454,Search,2025-10-28
201,119,329,Search,2026-04-23
202,150,688,Purchase,2025-05-08
203,1643,166,Purchase,2026-01-02
204,435,83,AddToCart,2026-05-22
205,1846,688,AddToCart,2026-01-26
206,2826,862,AddToCart,2025-05-28
207,1851,118,Wishlist,2025-07-02
208,698,374,View,2025-08-20
209,1818,333,Purchase,2025-07-20
210,2506,207,Purchase,2026-02-25
211,2408,7,Wishlist,2025-04-30
212,325,386,Wishlist,2026-04-20
213,1608,311,View,2025-03-27
214,2800,328,AddToCart,2025-05-21
215,257,764,Wishlist,2025-01-16
216,546,900,Wishlist,2026-01-19
217,1385,390,Purchase,2025-01-23
218,1012,366,AddToCart,2025-08-04
219,1732,516,AddToCart,2025-07-15
220,2636,762,Search,2026-03-19
221,139,453,AddToCart,2025-06-08
222,42,185,Search,2026-07-01
223,317,321,Purchase,2025-10-01
224,312,471,Wishlist,2026-04-18
225,743,281,Wishlist,2025-09-30
226,2609,515,Search,2025-09-08
227,2572,443,Wishlist,2026-06-30
228,2984,967,AddToCart,2025-11-27
229,2456,104,View,2025-09-10
230,2788,851,Search,2026-03-03
231,1850,841,Wishlist,2026-06-21
232,963,247,Wishlist,2025-05-11
233,2997,252,AddToCart,2025-11-22
234,1424,967,View,2026-04-13
235,2376,369,Purchase,2025-04-14
236,828,22,AddToCart,2025-02-22
237,1,348,Wishlist,2025-08-31
238,2016,554,Purchase,2025-08-15
239,2110,292,View,2025-10-04
240,1721,442,Purchase,2025-10-24
241,2079,471,Search,2025-04-16
242,602,201,Search,2025-04-23
243,2295,780,Search,2025-02-06
244,2002,953,Search,2026-06-21
245,511,97,Purchase,2026-06-09
246,2416,658,Wishlist,2025-11-02
247,1513,776,Search,2026-06-28
248,2966,681,Purchase,2025-02-04
249,2370,392,Search,2025-06-18
250,2111,591,View,2026-03-06
251,2583,542,Purchase,2026-06-26
252,959,872,AddToCart,2025-02-05
253,2969,590,View,2025-03-27
254,2172,196,AddToCart,2026-01-10
255,65,351,View,2026-01-06
256,1590,416,Wishlist,2025-06-26
257,2362,461,Search,2025-04-16
258,1559,251,AddToCart,2025-05-25
259,831,704,Search,2026-01-03
260,131,550,View,2025-11-13
261,2815,951,View,2025-01-09
262,342,288,AddToCart,2025-06-21
263,953,714,Purchase,2026-03-30
264,2224,519,Search,2025-11-17
265,1356,756,Wishlist,2025-11-08
266,1237,989,Purchase,2026-05-03
267,1043,296,AddToCart,2025-09-16
268,2357,531,Search,2025-01-01
269,2583,867,AddToCart,2025-01-20
270,209,756,AddToCart,2025-11-04
271,2607,314,AddToCart,2025-06-28
272,2555,808,Search,2026-02-03
273,2042,210,Wishlist,2025-08-20
274,1239,110,Wishlist,2026-03-28
275,2950,986,Search,2025-02-15
276,2365,251,View,2026-05-20
277,886,34,AddToCart,2025-12-10
278,2951,210,View,2026-06-21
279,517,753,Purchase,2025-01-06
280,965,849,Search,2025-11-01
281,2549,3,AddToCart,2025-09-09
282,2966,678,Search,2025-06-26
283,1835,680,Search,2025-09-27
284,343,470,View,2026-01-18
285,1731,94,AddToCart,2025-08-14
286,1695,748,View,2025-06-22
287,651,163,Wishlist,2025-09-28
288,2589,952,Purchase,2025-11-27
289,40,412,Purchase,2026-06-13
290,1825,317,View,2026-04-14
291,582,849,Search,2025-12-24
292,2029,187,Purchase,2025-04-11
293,2060,343,Purchase,2026-01-17
294,2217,380,Wishlist,2025-05-24
295,1293,577,Wishlist,2025-08-30
296,2677,349,Wishlist,2026-01-04
297,2093,226,View,2025-05-01
298,1142,899,AddToCart,2026-01-12
299,2755,307,View,2026-05-15
300,780,672,Purchase,2026-02-03
301,2173,28,Wishlist,2026-04-02
302,2298,287,Wishlist,2026-05-07
303,94,803,Wishlist,2026-06-25
304,700,941,View,2025-07-07
305,2746,913,View,2025-06-25
306,685,429,View,2026-04-22
307,1585,79,AddToCart,2025-06-29
308,560,418,Search,2026-01-13
309,1920,519,AddToCart,2025-05-19
310,486,200,View,2026-04-11
311,566,67,Search,2026-02-28
312,1000,560,Purchase,2025-02-01
313,1641,981,View,2025-09-07
314,2827,895,Search,2025-02-20
315,1231,722,Purchase,2026-01-30
316,1093,50,View,2026-03-25
317,1079,272,Purchase,2026-06-21
318,2555,616,AddToCart,2025-04-11
319,2249,965,Purchase,2026-01-21
320,2330,141,Purchase,2025-01-11
321,2765,51,AddToCart,2025-02-12
322,799,838,Purchase,2026-01-04
323,2314,601,Purchase,2025-08-28
324,1802,267,AddToCart,2026-03-08
325,215,290,AddToCart,2025-01-19
326,2145,916,Search,2025-01-17
327,2212,531,AddToCart,2025-12-01
328,1463,79,AddToCart,2025-08-15
329,1111,609,Wishlist,2025-09-27
330,2655,773,Search,2025-01-17
331,443,173,Search,2025-10-06
332,2604,812,Purchase,2025-05-04
333,788,718,AddToCart,2026-06-16
334,1388,78,Wishlist,2025-01-17
335,2060,791,AddToCart,2025-01-07
336,2689,442,Purchase,2025-12-31
337,1652,291,View,2026-04-15
338,1613,394,AddToCart,2025-05-13
339,2317,46,Purchase,2025-04-27
340,1284,623,Wishlist,2025-03-11
341,1944,283,Purchase,2025-11-14
342,1317,510,View,2025-09-03
343,1104,440,View,2025-08-06
344,24,992,Wishlist,2025-12-12
345,465,69,View,2026-01-04
346,1848,562,AddToCart,2025-12-10
347,2626,246,Purchase,2025-10-24
348,543,497,Purchase,2025-12-20
349,1228,477,Purchase,2025-01-09
350,1186,160,View,2026-02-19
351,1664,303,Purchase,2025-05-11
352,1458,826,AddToCart,2025-12-04
353,151,761,Search,2026-04-11
354,2198,8,View,2026-02-03
355,2676,897,Purchase,2026-06-03
356,2749,596,View,2025-12-05
357,2533,32,Purchase,2025-04-01
358,1546,958,Purchase,2025-12-07
359,38,14,View,2025-04-22
360,2107,414,Wishlist,2026-04-10
361,1166,574,Search,2025-03-22
362,1086,165,Wishlist,2025-08-20
363,2398,213,View,2025-10-13
364,1565,180,AddToCart,2025-12-30
365,843,595,Purchase,2026-01-16
366,2244,708,Purchase,2025-10-23
367,416,140,View,2026-01-27
368,2314,236,Wishlist,2025-06-01
369,1537,564,Purchase,2026-05-25
370,1229,319,AddToCart,2025-05-07
371,2042,476,AddToCart,2025-03-27
372,2688,144,AddToCart,2025-09-26
373,1070,761,Purchase,2025-10-05
374,1029,109,Search,2025-03-31
375,2535,415,Search,2025-08-09
376,607,519,Wishlist,2025-10-05
377,819,648,View,2025-09-09
378,1581,563,Search,2026-04-30
379,1283,250,Wishlist,2025-02-25
380,1622,766,View,2025-05-31
381,1067,224,Search,2026-01-13
382,158,583,AddToCart,2026-02-07
383,557,503,Wishlist,2026-06-11
384,2327,349,Search,2026-02-07
385,979,261,View,2026-02-16
386,932,804,AddToCart,2025-06-16
387,1740,142,Purchase,2025-10-09
388,1578,449,Search,2026-05-09
389,2515,257,AddToCart,2025-05-18
390,564,69,AddToCart,2025-06-05
391,1583,460,AddToCart,2026-05-23
392,723,680,Wishlist,2025-07-25
393,93,941,Purchase,2026-02-11
394,1822,361,AddToCart,2025-03-28
395,481,233,AddToCart,2025-02-02
396,2742,270,Purchase,2025-11-24
397,1853,4,AddToCart,2025-06-26
398,2101,976,View,2025-05-04
399,2913,746,Search,2025-01-11
400,1104,86,Wishlist,2025-06-08
401,2996,742,View,2025-01-12
402,1769,879,AddToCart,2025-12-05
403,1851,533,View,2026-06-18
404,2053,887,View,2025-08-28
405,1614,77,Search,2025-03-17
406,2677,927,Wishlist,2025-01-11
407,1142,567,View,2025-09-18
408,2608,842,View,2026-02-23
409,1701,637,AddToCart,2026-02-12
410,2680,701,Purchase,2025-05-12
411,105,659,Purchase,2025-03-09
412,1738,924,Search,2025-12-09
413,2196,746,AddToCart,2025-12-15
414,2468,739,Wishlist,2025-04-29
415,2050,502,Wishlist,2025-05-20
416,1055,572,View,2025-01-09
417,1732,731,Purchase,2025-01-22
418,2851,687,AddToCart,2025-09-18
419,2540,24,Purchase,2025-08-20
420,1817,861,AddToCart,2026-06-05
421,347,430,Search,2026-04-25
422,119,906,Search,2025-06-27
423,1045,418,Wishlist,2025-10-16
424,1363,154,Purchase,2026-01-07
425,802,921,Wishlist,2025-12-17
426,1764,688,Purchase,2025-07-04
427,2746,606,Search,2026-03-02
428,794,156,Search,2025-10-17
429,1759,506,Search,2025-06-16
430,2189,871,Purchase,2025-01-03
431,2820,117,Wishlist,2025-09-15
432,1658,659,AddToCart,2025-10-13
433,1051,947,AddToCart,2026-04-24
434,1623,645,Wishlist,2025-11-16
435,318,39,Wishlist,2025-08-06
436,1943,618,Wishlist,2025-05-04
437,1996,258,AddToCart,2026-03-20
438,216,731,Purchase,2026-04-27
439,1803,815,Purchase,2025-07-16
440,202,798,AddToCart,2025-03-06
441,1568,546,Purchase,2026-05-14
442,890,410,View,2025-09-10
443,537,524,Search,2025-08-28
444,382,770,Search,2026-03-23
445,969,550,Purchase,2025-11-21
446,2969,192,Purchase,2025-01-28
447,2094,719,Wishlist,2025-02-18
448,217,248,AddToCart,2025-09-23
449,1957,843,View,2025-03-29
450,2783,308,Purchase,2025-01-14
451,2556,707,View,2025-11-06
452,129,955,Search,2025-09-14
453,1994,926,Purchase,2025-06-15
454,1108,779,Search,2025-11-12
455,2481,242,Wishlist,2025-08-11
456,221,922,Wishlist,2026-04-25
457,2932,304,Wishlist,2026-06-22
458,1538,714,Search,2025-09-08
459,2312,721,Search,2025-10-29
460,28,452,Purchase,2025-06-22
461,1083,431,View,2026-04-30
462,39,473,AddToCart,2025-07-24
463,971,400,AddToCart,2025-04-23
464,450,76,View,2026-03-21
465,2129,728,Purchase,2025-05-01
466,2865,43,AddToCart,2026-02-13
467,2460,764,Purchase,2026-04-23
468,2922,69,Purchase,2025-06-23
469,2306,368,Search,2026-01-22
470,667,217,Purchase,2026-04-28
471,200,551,Search,2026-04-09
472,388,17,Wishlist,2025-04-05
473,1626,997,Wishlist,2025-06-05
474,125,494,View,2026-01-22
475,2222,564,Wishlist,2025-09-15
476,1968,213,Wishlist,2026-05-18
477,1526,894,Purchase,2025-11-12
478,346,926,AddToCart,2025-03-19
479,894,295,Wishlist,2025-02-09
480,963,23,Purchase,2026-05-11
481,1357,429,Search,2026-06-06
482,2235,45,AddToCart,2025-01-06
483,1077,829,Search,2025-08-10
484,1049,933,AddToCart,2025-07-11
485,859,506,Purchase,2026-06-07
486,941,583,View,2026-02-02
487,2737,890,Purchase,2025-12-25
488,1358,893,Search,2025-11-12
489,2828,349,AddToCart,2025-07-08
490,1349,464,Search,2026-06-23
491,2117,597,Purchase,2025-09-19
492,1101,858,View,2025-03-17
493,1508,995,AddToCart,2025-06-14
494,2416,987,View,2025-08-18
495,961,76,Wishlist,2025-03-15
496,1497,774,AddToCart,2025-11-26
497,851,191,Purchase,2026-03-09
498,1195,770,Purchase,2025-09-15
499,1600,83,Wishlist,2025-05-05
500,346,838,View,2025-07-13
501,457,197,View,2025-08-07
502,2735,580,Purchase,2026-02-07
503,1315,187,Search,2025-04-23
504,2097,358,View,2025-07-30
505,2737,695,View,2025-05-19
506,2366,610,Search,2025-03-05
507,1703,524,Wishlist,2026-02-02
508,119,860,Purchase,2025-11-26
509,2851,941,AddToCart,2025-06-04
510,2560,43,Search,2025-05-15
511,2743,247,Wishlist,2025-04-04
512,2767,691,View,2025-06-14
513,316,912,Wishlist,2026-04-26
514,2521,364,Wishlist,2025-07-15
515,2570,759,AddToCart,2025-10-23
516,180,792,Purchase,2025-12-21
517,1293,685,Purchase,2025-12-27
518,370,817,AddToCart,2025-10-23
519,590,494,Purchase,2025-11-22
520,1517,372,Search,2025-11-11
521,931,859,Wishlist,2026-05-30
522,1182,826,Search,2026-05-25
523,1302,828,Wishlist,2026-01-11
524,2864,681,Purchase,2025-09-27
525,978,246,AddToCart,2026-06-02
526,2027,820,AddToCart,2026-06-30
527,1350,963,View,2025-03-22
528,701,773,Search,2025-07-31
529,1206,804,Search,2025-03-07
530,1844,314,Search,2025-04-30
531,1761,973,AddToCart,2025-09-07
532,2804,57,Wishlist,2025-02-04
533,186,223,Wishlist,2026-06-27
534,158,261,AddToCart,2025-07-11
535,2654,237,View,2025-07-11
536,1354,235,View,2026-05-25
537,1934,604,View,2026-05-13
538,1766,30,AddToCart,2025-01-23
539,1506,141,Wishlist,2026-02-25
540,1726,529,Wishlist,2026-05-24
541,2530,697,View,2025-08-25
542,2349,884,AddToCart,2026-05-28
543,1371,776,View,2025-09-04
544,994,890,Search,2025-01-05
545,1886,384,AddToCart,2026-06-25
546,1944,724,View,2026-06-10
547,313,45,Wishlist,2025-12-04
548,65,634,AddToCart,2026-06-12
549,439,963,View,2025-08-10
550,1568,972,Purchase,2026-02-27
551,524,471,View,2025-04-21
552,2287,871,Purchase,2025-11-30
553,2046,772,Search,2026-05-04
554,960,442,AddToCart,2025-11-09
555,309,485,AddToCart,2026-02-14
556,1609,981,Wishlist,2025-07-02
557,1549,403,Wishlist,2025-09-23
558,153,259,Search,2026-04-10
559,1698,199,Wishlist,2025-08-03
560,1608,389,Search,2025-10-26
561,609,544,Search,2026-04-06
562,904,911,Wishlist,2026-01-21
563,572,12,View,2025-02-11
564,904,864,Purchase,2025-12-04
565,368,341,View,2025-10-12
566,1396,26,Search,2025-09-16
567,1656,228,Search,2026-06-10
568,952,812,Wishlist,2026-02-21
569,1858,994,Search,2025-11-26
570,896,526,Search,2026-05-07
571,2464,608,Wishlist,2025-01-01
572,1093,562,Wishlist,2026-03-11
573,880,937,AddToCart,2025-01-17
574,1919,97,Purchase,2025-06-09
575,481,943,Search,2025-07-07
576,494,375,View,2025-11-17
577,1688,382,Purchase,2025-06-17
578,611,694,Wishlist,2025-10-13
579,438,981,Wishlist,2025-09-09
580,1957,162,Purchase,2026-02-16
581,2642,254,AddToCart,2025-03-15
582,2710,994,Wishlist,2026-01-05
583,476,769,AddToCart,2025-04-15
584,673,567,Purchase,2025-12-09
585,608,657,Search,2025-06-10
586,1251,843,Purchase,2026-01-06
587,610,463,Purchase,2025-06-29
588,1304,28,Wishlist,2025-01-01
589,2263,320,AddToCart,2026-06-29
590,2453,650,AddToCart,2025-05-05
591,1036,217,Wishlist,2025-09-06
592,2524,967,Search,2025-11-27
593,613,129,Wishlist,2026-02-13
594,308,778,View,2025-08-12
595,582,705,AddToCart,2025-02-18
596,1504,300,Purchase,2025-02-08
597,1198,796,Purchase,2025-04-26
598,681,239,View,2025-01-20
599,749,66,Search,2025-11-13
600,2666,735,Purchase,2026-05-25
601,1154,337,Purchase,2026-04-14
602,626,316,View,2025-05-10
603,458,952,Purchase,2026-06-12
604,2302,93,Wishlist,2025-02-15
605,423,355,Wishlist,2025-08-11
606,1179,787,Purchase,2026-06-06
607,351,432,AddToCart,2025-12-29
608,347,52,Search,2025-08-24
609,474,25,Search,2025-12-05
610,585,796,Search,2025-06-13
611,1896,874,AddToCart,2026-01-07
612,771,677,AddToCart,2025-06-29
613,191,649,View,2025-08-16
614,2771,896,Purchase,2025-01-02
615,2252,933,Wishlist,2025-02-05
616,1238,576,Purchase,2025-01-13
617,2423,987,View,2025-11-14
618,1759,684,View,2026-05-05
619,691,706,AddToCart,2026-04-03
620,1103,694,AddToCart,2026-06-18
621,633,942,Purchase,2026-03-20
622,2563,533,Wishlist,2025-07-30
623,1079,392,Search,2025-04-22
624,517,774,Purchase,2025-02-20
625,2289,56,Wishlist,2026-04-27
626,979,440,View,2025-06-02
627,2800,897,Search,2025-08-18
628,2789,47,Purchase,2026-02-12
629,2540,155,Wishlist,2026-02-26
630,1771,343,Search,2025-12-19
631,799,144,Search,2025-02-03
632,1939,151,Search,2025-10-27
633,888,792,AddToCart,2025-06-25
634,1814,971,Purchase,2026-01-07
635,686,290,AddToCart,2026-05-05
636,278,206,Purchase,2026-05-01
637,2918,44,Wishlist,2026-02-10
638,347,171,AddToCart,2025-09-13
639,453,383,Purchase,2026-01-15
640,2149,253,Wishlist,2025-06-26
641,458,577,Purchase,2025-08-20
642,308,653,Purchase,2025-08-18
643,2858,537,Search,2025-06-07
644,70,527,Purchase,2026-03-07
645,1892,141,AddToCart,2025-05-16
646,2024,894,View,2026-02-22
647,2698,947,Wishlist,2025-09-22
648,2001,438,Search,2026-06-01
649,1856,89,Wishlist,2025-01-27
650,24,306,Search,2026-06-07
651,132,20,AddToCart,2026-03-10
652,30,289,Wishlist,2025-06-06
653,2813,986,Wishlist,2025-11-17
654,626,840,Search,2025-05-20
655,2463,963,View,2025-08-19
656,1037,821,AddToCart,2025-07-29
657,761,154,Search,2025-05-27
658,690,859,Search,2026-03-06
659,628,273,View,2025-09-26
660,829,800,Purchase,2025-05-13
661,214,970,AddToCart,2026-05-27
662,525,273,Purchase,2025-05-06
663,2298,316,Wishlist,2025-07-27
664,2903,62,View,2025-02-14
665,2659,623,Wishlist,2026-05-14
666,443,472,View,2025-11-10
667,1591,946,Purchase,2025-07-27
668,1041,516,View,2026-06-25
669,1941,877,Purchase,2025-02-10
670,2169,413,Purchase,2025-04-09
671,2598,409,Purchase,2026-03-10
672,825,558,Wishlist,2026-04-26
673,1239,676,AddToCart,2026-03-23
674,1428,549,Wishlist,2025-09-27
675,2912,996,AddToCart,2025-07-24
676,679,807,Search,2026-05-26
677,2649,235,AddToCart,2025-11-15
678,423,228,Wishlist,2025-03-02
679,1461,200,Purchase,2025-09-20
680,24,191,AddToCart,2026-03-28
681,1833,871,AddToCart,2025-11-14
682,2964,414,View,2026-05-24
683,2969,915,Purchase,2026-04-09
684,450,211,Purchase,2025-02-18
685,111,347,Search,2026-04-26
686,1420,313,Wishlist,2026-06-28
687,1206,69,Wishlist,2026-03-27
688,286,915,View,2025-02-28
689,2689,298,Search,2026-06-11
690,56,177,AddToCart,2025-05-20
691,531,131,View,2025-01-12
692,2569,110,AddToCart,2025-04-01
693,914,145,View,2026-05-20
694,1029,566,Search,2025-09-10
695,442,621,Purchase,2025-06-08
696,1637,429,View,2025-06-15
697,2136,352,View,2025-04-22
698,1499,542,AddToCart,2025-10-29
699,2221,821,Search,2025-08-12
700,585,279,Wishlist,2025-10-25
701,1464,489,AddToCart,2025-07-31
702,1648,457,View,2026-03-07
703,207,532,Wishlist,2026-02-06
704,2744,3,Purchase,2026-04-01
705,527,517,Purchase,2025-07-12
706,592,668,Wishlist,2026-03-19
707,484,670,AddToCart,2026-05-23
708,1361,361,Wishlist,2025-11-20
709,412,540,View,2025-08-24
710,2394,220,Search,2025-05-29
711,999,71,AddToCart,2025-11-16
712,330,447,View,2025-02-24
713,2459,332,View,2026-03-31
714,2875,783,Purchase,2026-06-29
715,1311,70,View,2025-09-09
716,118,101,Wishlist,2026-07-02
717,2949,848,Purchase,2025-04-27
718,1069,375,View,2025-10-24
719,948,663,Search,2025-01-04
720,2302,143,Wishlist,2025-01-27
721,1020,766,AddToCart,2025-06-11
722,2558,70,Purchase,2025-09-28
723,358,818,Purchase,2025-11-22
724,229,32,Search,2026-04-29
725,1788,765,View,2025-10-24
726,2013,263,Wishlist,2026-06-22
727,1322,282,Search,2025-09-23
728,1245,199,Search,2026-03-02
729,1831,479,Search,2025-04-14
730,1046,873,View,2026-02-06
731,948,957,AddToCart,2025-05-14
732,2795,979,Purchase,2025-08-06
733,1473,229,AddToCart,2025-01-26
734,2993,119,Purchase,2025-04-18
735,908,116,Purchase,2026-01-08
736,1079,140,Wishlist,2025-06-25
737,2643,882,Search,2025-01-02
738,1956,507,View,2025-03-01
739,2245,907,View,2025-05-17
740,385,766,Search,2026-03-17
741,695,878,Purchase,2026-02-16
742,2452,658,Purchase,2025-05-21
743,546,395,View,2026-03-21
744,467,723,Purchase,2025-06-26
745,2934,464,View,2025-11-22
746,2127,666,Purchase,2025-07-15
747,1081,33,AddToCart,2025-11-08
748,425,944,Wishlist,2026-03-25
749,459,894,Purchase,2026-04-23
750,925,677,Wishlist,2025-08-28
751,410,992,AddToCart,2026-01-20
752,538,362,View,2025-12-06
753,2349,224,Purchase,2025-11-07
754,1553,558,Search,2025-12-31
755,1207,763,Wishlist,2025-03-10
756,448,799,Search,2025-06-12
757,2464,25,Purchase,2025-11-04
758,1728,445,AddToCart,2025-11-26
759,1500,26,Wishlist,2025-09-27
760,2593,870,Purchase,2025-12-10
761,2033,300,View,2025-04-27
762,883,317,Wishlist,2025-01-09
763,1138,921,Purchase,2026-01-19
764,754,966,AddToCart,2025-08-06
765,2765,492,Purchase,2025-10-13
766,1125,621,Purchase,2025-10-28
767,2819,804,Wishlist,2025-04-05
768,115,416,View,2026-05-07
769,2309,27,Purchase,2025-01-31
770,248,390,Purchase,2025-04-19
771,727,754,View,2025-10-23
772,1490,144,AddToCart,2025-05-09
773,1704,676,Wishlist,2025-08-18
774,1067,265,Search,2026-02-14
775,2213,433,Wishlist,2026-01-06
776,222,59,Search,2025-08-20
777,723,262,Purchase,2025-08-01
778,2813,527,View,2025-11-03
779,1476,694,AddToCart,2025-07-27
780,84,443,Search,2025-04-25
781,1383,314,Purchase,2025-08-12
782,1107,534,Purchase,2025-07-29
783,2518,411,Search,2025-10-17
784,1597,542,AddToCart,2025-05-18
785,507,23,AddToCart,2025-06-06
786,2103,910,Purchase,2025-01-28
787,2558,120,Purchase,2025-02-17
788,811,491,Purchase,2026-06-10
789,1653,376,Search,2025-10-03
790,544,915,AddToCart,2025-11-03
791,117,83,View,2026-05-21
792,1782,768,View,2026-04-02
793,1026,351,Search,2025-06-04
794,593,195,Wishlist,2025-07-03
795,1583,251,Search,2025-07-31
796,2974,907,Purchase,2025-01-09
797,1267,497,AddToCart,2025-06-16
798,303,228,Purchase,2025-05-27
799,894,889,View,2026-06-01
800,1246,858,Wishlist,2026-01-14
801,1228,936,Search,2025-10-23
802,221,974,View,2025-12-08
803,481,27,View,2026-01-09
804,308,238,AddToCart,2025-01-17
805,2873,968,Wishlist,2026-05-14
806,2287,351,Search,2026-06-22
807,2383,769,Wishlist,2025-08-15
808,771,896,Search,2026-02-13
809,403,952,Search,2026-02-14
810,2496,14,View,2025-10-29
811,1368,178,AddToCart,2025-11-26
812,920,539,Search,2025-12-06
813,1859,317,AddToCart,2025-03-08
814,1539,34,Search,2025-08-27
815,1240,570,AddToCart,2025-08-10
816,1457,8,View,2025-06-01
817,59,1000,Purchase,2025-01-14
818,2716,219,View,2025-03-19
819,1314,836,AddToCart,2025-12-13
820,1181,933,AddToCart,2025-02-20
821,2142,420,Search,2025-02-25
822,1694,437,AddToCart,2025-02-17
823,346,855,View,2025-08-15
824,949,279,AddToCart,2025-10-21
825,226,305,Wishlist,2026-02-17
826,110,996,Purchase,2025-08-21
827,559,753,Purchase,2025-06-29
828,459,185,Wishlist,2025-12-30
829,2235,938,View,2026-02-03
830,253,137,AddToCart,2026-01-07
831,2537,195,AddToCart,2026-03-10
832,2211,396,AddToCart,2026-01-07
833,1954,363,Search,2025-06-21
834,62,261,Search,2025-05-11
835,1733,825,AddToCart,2025-03-23
836,1481,333,View,2025-01-30
837,403,549,View,2025-11-28
838,1233,521,AddToCart,2026-04-04
839,403,282,Search,2025-10-04
840,1712,220,Wishlist,2026-03-26
841,889,944,Wishlist,2026-01-03
842,2927,164,Search,2026-05-31
843,1791,423,Search,2025-08-03
844,726,519,Wishlist,2025-09-23
845,2277,985,AddToCart,2025-05-18
846,2154,204,Purchase,2026-03-07
847,508,633,Search,2026-03-22
848,2095,703,View,2026-06-04
849,836,113,AddToCart,2025-11-15
850,1593,499,AddToCart,2025-08-09
851,2302,364,AddToCart,2025-06-25
852,2835,102,Search,2025-08-14
853,2681,871,Purchase,2025-09-11
854,1470,702,View,2026-04-10
855,1366,94,Search,2026-05-26
856,2711,996,View,2025-09-24
857,1496,103,AddToCart,2026-01-20
858,1867,489,View,2025-11-07
859,1635,993,AddToCart,2026-01-04
860,448,174,Wishlist,2026-01-23
861,1200,204,Purchase,2025-01-08
862,1143,873,Purchase,2025-11-22
863,1949,30,Wishlist,2025-05-28
864,1762,86,Purchase,2026-02-24
865,369,159,AddToCart,2025-08-07
866,1769,362,Search,2025-01-22
867,930,696,Wishlist,2026-01-16
868,2245,778,Search,2026-04-13
869,253,640,View,2025-03-04
870,1517,766,View,2025-05-18
871,225,731,AddToCart,2026-05-03
872,845,16,Wishlist,2026-02-16
873,721,503,View,2025-04-13
874,2748,936,Purchase,2026-02-28
875,1611,917,Purchase,2025-09-15
876,1308,86,Wishlist,2025-10-01
877,1083,549,View,2026-06-25
878,605,267,Search,2025-01-12
879,1061,765,AddToCart,2025-01-26
880,1371,429,Purchase,2025-08-04
881,13,783,AddToCart,2026-06-24
882,2748,986,Search,2026-01-23
883,2367,201,Search,2025-01-19
884,2014,544,AddToCart,2026-06-07
885,2216,714,Purchase,2026-02-14
886,2956,267,AddToCart,2025-11-22
887,468,745,AddToCart,2025-03-06
888,607,262,Search,2025-11-28
889,191,303,View,2026-01-07
890,1372,29,Purchase,2025-08-24
891,2515,546,View,2025-10-21
892,2579,498,Wishlist,2025-01-26
893,2190,117,Wishlist,2025-05-06
894,866,828,View,2026-05-18
895,486,20,Wishlist,2025-12-17
896,1994,577,Wishlist,2026-06-18
897,1643,991,Search,2026-04-19
898,2395,844,Wishlist,2026-06-22
899,2750,276,View,2025-06-16
900,1069,905,View,2025-03-31
901,2463,764,View,2026-05-20
902,536,886,Wishlist,2025-04-20
903,1187,821,AddToCart,2026-03-24
904,2288,804,Search,2026-06-09
905,2584,505,AddToCart,2025-01-21
906,1491,478,View,2025-10-17
907,1788,750,View,2025-08-04
908,570,313,AddToCart,2025-12-18
909,234,507,Search,2026-06-23
910,1717,968,Wishlist,2026-05-13
911,147,575,Purchase,2026-03-22
912,871,444,Search,2025-03-30
913,2998,384,View,2025-10-29
914,2476,919,View,2025-07-09
915,2898,925,Search,2026-05-14
916,1085,799,Search,2025-10-17
917,2290,134,AddToCart,2025-05-10
918,2786,644,Wishlist,2025-11-07
919,1673,355,Wishlist,2025-11-19
920,2847,946,Search,2025-05-18
921,452,448,View,2026-03-02
922,2164,392,Purchase,2025-08-03
923,1452,726,Purchase,2025-06-21
924,1304,570,Purchase,2025-12-02
925,2330,310,AddToCart,2025-02-24
926,480,130,View,2026-06-19
927,1768,709,Wishlist,2026-03-30
928,193,826,View,2025-01-03
929,1460,495,Wishlist,2025-07-02
930,499,35,Search,2026-05-24
931,2525,518,Wishlist,2025-03-30
932,2671,337,View,2026-05-18
933,152,457,Wishlist,2026-01-25
934,2530,632,View,2025-06-06
935,2860,529,Search,2026-01-09
936,2838,591,AddToCart,2025-05-23
937,382,552,Wishlist,2026-02-15
938,1529,994,Purchase,2025-07-18
939,2843,59,View,2026-04-09
940,536,378,Wishlist,2025-09-28
941,899,277,Wishlist,2025-01-09
942,803,552,View,2026-05-28
943,617,150,AddToCart,2026-05-22
944,2474,431,AddToCart,2026-02-20
945,528,730,View,2025-04-15
946,2751,172,Search,2025-11-24
947,2292,445,Wishlist,2026-06-19
948,581,803,Search,2025-09-29
949,1732,344,View,2025-03-03
950,129,588,Wishlist,2025-05-20
951,1245,435,View,2025-05-06
952,1346,40,View,2026-05-27
953,1048,241,View,2026-02-20
954,668,638,Wishlist,2025-10-17
955,2386,973,Search,2025-08-06
956,2593,188,Purchase,2025-10-27
957,882,181,Wishlist,2025-12-10
958,2847,718,AddToCart,2025-09-09
959,132,408,Purchase,2025-06-15
960,2459,868,AddToCart,2026-06-29
961,2778,54,Purchase,2025-03-14
962,1193,905,AddToCart,2026-02-14
963,1252,428,Search,2025-05-20
964,1740,275,View,2025-02-08
965,728,275,Purchase,2025-10-28
966,1609,522,Wishlist,2025-03-23
967,2029,548,Wishlist,2025-02-23
968,2564,790,Search,2025-08-24
969,435,456,View,2025-08-16
970,2536,29,Purchase,2025-10-04
971,1031,719,View,2025-10-20
972,1423,721,Search,2026-04-05
973,1060,231,Wishlist,2026-06-29
974,1480,945,Search,2025-11-28
975,1464,512,Wishlist,2026-03-19
976,2392,980,Search,2025-01-28
977,552,78,Search,2026-05-17
978,2821,556,View,2026-02-12
979,1558,151,View,2026-01-04
980,2394,273,View,2025-12-17
981,638,297,AddToCart,2026-01-23
982,1952,692,View,2025-02-12
983,1667,793,View,2025-05-28
984,2384,952,AddToCart,2025-04-02
985,2989,94,Search,2026-03-16
986,2477,881,Search,2025-11-22
987,732,840,View,2026-02-23
988,1613,126,View,2025-08-27
989,2111,440,Purchase,2025-03-13
990,1656,542,View,2026-05-06
991,39,303,Search,2026-01-17
992,738,558,Search,2025-03-27
993,55,293,AddToCart,2025-03-21
994,201,27,Wishlist,2025-11-21
995,448,928,Purchase,2025-10-06
996,511,969,AddToCart,2026-03-04
997,2747,630,AddToCart,2025-08-10
998,1642,244,Wishlist,2026-02-17
999,807,64,Purchase,2026-05-03
1000,472,57,View,2025-12-22
1001,1780,201,Wishlist,2025-10-16
1002,2434,530,View,2026-04-14
1003,2576,123,Wishlist,2025-10-17
1004,1993,67,Wishlist,2025-03-20
1005,836,54,Purchase,2025-02-25
1006,2585,619,AddToCart,2025-05-11
1007,148,818,Wishlist,2025-09-04
1008,2376,386,Wishlist,2026-02-16
1009,2112,123,Wishlist,2026-04-10
1010,1922,791,Purchase,2026-06-03
1011,1824,382,View,2025-04-26
1012,1154,845,Purchase,2025-06-12
1013,1678,92,Wishlist,2025-03-18
1014,1796,941,AddToCart,2026-05-24
1015,1173,376,Search,2025-06-15
1016,2434,434,Search,2025-01-18
1017,125,396,View,2026-05-25
1018,1632,99,Wishlist,2025-04-27
1019,2818,159,Search,2025-11-26
1020,2873,238,View,2025-06-13
1021,452,733,AddToCart,2025-03-09
1022,1361,676,View,2026-03-22
1023,1985,66,AddToCart,2025-06-26
1024,2534,993,Wishlist,2025-07-09
1025,2521,695,View,2026-03-08
1026,1254,600,Wishlist,2025-01-07
1027,278,460,Wishlist,2025-02-15
1028,1428,188,View,2025-03-01
1029,41,370,View,2025-03-28
1030,1796,662,Purchase,2026-06-19
1031,2482,883,Purchase,2025-05-29
1032,2859,45,Wishlist,2026-03-22
1033,2723,119,Wishlist,2026-05-20
1034,1152,347,Wishlist,2025-03-23
1035,565,663,Purchase,2026-01-07
1036,2716,277,Purchase,2025-06-16
1037,1710,889,View,2025-07-13
1038,2305,198,AddToCart,2025-09-22
1039,1049,470,Purchase,2026-01-25
1040,2033,489,Search,2026-04-18
1041,2,970,Wishlist,2025-04-22
1042,10,4,Wishlist,2025-01-14
1043,766,757,View,2026-01-12
1044,783,642,AddToCart,2025-11-07
1045,246,13,View,2025-05-08
1046,1787,41,Wishlist,2025-02-09
1047,1715,1,AddToCart,2026-03-18
1048,1614,527,AddToCart,2025-08-17
1049,2874,259,View,2026-02-02
1050,731,628,Wishlist,2026-06-29
1051,182,694,Wishlist,2025-02-25
1052,1868,899,Purchase,2025-04-14
1053,1826,284,Purchase,2025-09-09
1054,800,80,AddToCart,2026-05-07
1055,959,775,Wishlist,2026-02-28
1056,1971,894,Search,2026-03-11
1057,637,745,Search,2026-01-28
1058,1048,579,Search,2025-09-11
1059,1157,514,View,2025-07-27
1060,1151,368,AddToCart,2026-03-12
1061,121,652,AddToCart,2025-11-29
1062,1463,673,Wishlist,2025-04-28
1063,2088,875,Wishlist,2025-10-21
1064,155,823,Purchase,2026-03-29
1065,2470,706,Purchase,2025-05-02
1066,2787,727,Purchase,2026-06-07
1067,1071,825,Wishlist,2025-11-17
1068,2827,407,Purchase,2025-07-16
1069,2140,477,Search,2025-03-02
1070,2603,193,AddToCart,2026-03-26
1071,1257,431,View,2025-08-05
1072,1583,847,Search,2025-03-16
1073,182,363,View,2025-06-09
1074,360,183,AddToCart,2025-04-29
1075,245,414,View,2025-12-22
1076,956,51,Wishlist,2026-03-10
1077,2735,422,Purchase,2025-04-01
1078,58,557,Search,2025-02-08
1079,2241,763,Purchase,2025-01-13
1080,200,714,Purchase,2025-01-21
1081,1771,918,Purchase,2025-08-21
1082,1081,72,Purchase,2026-06-04
1083,1440,648,Purchase,2025-04-02
1084,1341,859,Search,2025-08-06
1085,4,769,Wishlist,2025-09-13
1086,2734,881,Purchase,2025-09-15
1087,2306,327,AddToCart,2026-01-05
1088,1939,256,Search,2025-01-03
1089,1015,407,Wishlist,2026-01-02
1090,2868,914,AddToCart,2026-06-15
1091,783,175,View,2026-03-06
1092,2874,90,AddToCart,2025-11-04
1093,1622,417,View,2025-11-12
1094,140,941,AddToCart,2025-07-01
1095,1409,382,View,2025-12-18
1096,749,840,Purchase,2026-02-12
1097,783,441,View,2025-08-22
1098,2969,640,Search,2025-05-24
1099,1938,689,Wishlist,2025-07-14
1100,2200,751,Search,2025-11-28
1101,2589,394,Wishlist,2025-06-01
1102,1678,971,AddToCart,2026-02-26
1103,1185,968,Search,2026-03-12
1104,266,273,AddToCart,2025-12-20
1105,202,867,Wishlist,2026-05-24
1106,78,841,View,2025-06-24
1107,1910,305,AddToCart,2025-03-06
1108,1914,68,Wishlist,2025-10-06
1109,1096,823,Purchase,2025-10-28
1110,999,605,Wishlist,2025-08-22
1111,1415,379,AddToCart,2026-03-25
1112,632,193,Purchase,2026-05-27
1113,1479,169,Wishlist,2025-04-27
1114,2729,41,Search,2025-08-23
1115,1599,753,View,2025-01-23
1116,1817,221,AddToCart,2025-12-06
1117,762,83,Search,2025-06-27
1118,544,869,Purchase,2026-04-16
1119,2604,276,View,2026-07-03
1120,1476,334,View,2026-05-27
1121,1309,900,AddToCart,2025-10-15
1122,845,143,Wishlist,2025-11-03
1123,104,457,Wishlist,2026-04-01
1124,1315,701,View,2026-05-12
1125,570,184,Purchase,2025-12-05
1126,1963,422,Search,2025-07-05
1127,395,828,Wishlist,2025-05-06
1128,2290,574,Wishlist,2025-07-06
1129,1986,499,Search,2025-07-18
1130,2556,613,Purchase,2026-06-11
1131,313,26,View,2026-05-11
1132,2844,980,AddToCart,2025-01-03
1133,1092,926,View,2026-04-25
1134,1910,489,View,2025-02-23
1135,1909,767,Purchase,2025-09-19
1136,595,553,AddToCart,2025-07-27
1137,2928,548,View,2026-02-11
1138,2302,173,Search,2026-03-30
1139,1037,162,Purchase,2025-07-18
1140,2613,289,Search,2026-05-18
1141,1981,580,Search,2025-11-03
1142,2468,111,AddToCart,2026-02-15
1143,1596,674,Purchase,2026-04-17
1144,340,983,View,2026-04-23
1145,1055,914,Purchase,2025-10-23
1146,1932,102,AddToCart,2025-03-17
1147,275,612,Purchase,2025-07-10
1148,2361,592,View,2025-01-02
1149,2555,521,AddToCart,2025-07-31
1150,2515,445,AddToCart,2026-02-03
1151,376,763,AddToCart,2025-10-14
1152,765,662,Search,2025-07-06
1153,1515,653,Wishlist,2025-02-03
1154,525,835,Purchase,2025-03-12
1155,1805,971,Wishlist,2025-03-02
1156,842,158,Search,2025-03-15
1157,43,3,View,2026-02-05
1158,1397,815,View,2026-06-22
1159,2247,632,Wishlist,2025-10-15
1160,1875,769,AddToCart,2026-05-11
1161,761,15,View,2026-03-03
1162,2389,141,Search,2025-03-24
1163,406,201,View,2026-01-12
1164,2609,181,AddToCart,2025-04-06
1165,931,417,Purchase,2025-12-01
1166,1441,958,Search,2025-11-02
1167,1229,970,AddToCart,2025-10-26
1168,846,854,Wishlist,2025-09-25
1169,2503,539,View,2026-05-14
1170,2482,409,Search,2025-07-18
1171,669,719,AddToCart,2025-02-12
1172,300,925,Purchase,2026-05-12
1173,754,336,View,2025-07-09
1174,538,108,Search,2025-07-12
1175,28,588,Wishlist,2025-04-22
1176,1618,591,Purchase,2025-12-14
1177,1263,28,View,2026-04-23
1178,1442,346,Wishlist,2025-06-23
1179,2911,361,AddToCart,2026-05-14
1180,1672,154,Search,2025-10-30
1181,1159,373,View,2026-04-04
1182,1368,549,Search,2025-01-13
1183,1287,372,Search,2025-08-30
1184,1591,559,View,2025-01-25
1185,2684,73,Search,2025-06-05
1186,1362,502,Purchase,2026-01-20
1187,2063,224,Search,2026-06-13
1188,2848,139,AddToCart,2026-02-04
1189,801,870,View,2025-09-30
1190,2211,934,AddToCart,2025-05-02
1191,2196,907,Search,2026-01-27
1192,2414,644,Wishlist,2025-02-16
1193,466,837,AddToCart,2025-07-05
1194,2933,204,AddToCart,2025-08-15
1195,115,367,AddToCart,2025-08-10
1196,2442,68,Search,2026-03-27
1197,2387,262,Wishlist,2025-11-15
1198,1321,633,Search,2026-03-28
1199,2499,113,Purchase,2026-05-03
1200,2504,237,AddToCart,2026-03-28
1201,1060,676,AddToCart,2025-12-18
1202,79,935,View,2025-07-11
1203,57,455,Purchase,2025-11-30
1204,810,5,View,2025-03-30
1205,821,983,Purchase,2025-02-25
1206,551,669,View,2026-06-14
1207,246,98,Wishlist,2026-06-15
1208,77,692,Purchase,2025-12-04
1209,1375,311,Wishlist,2025-02-21
1210,898,11,Search,2026-06-10
1211,2429,773,Wishlist,2025-02-23
1212,2186,798,Purchase,2025-06-02
1213,2757,597,AddToCart,2026-04-28
1214,2669,520,Search,2025-06-05
1215,502,19,Wishlist,2025-02-02
1216,961,745,Wishlist,2025-09-10
1217,788,617,Purchase,2025-05-05
1218,2251,473,Purchase,2025-05-09
1219,2723,528,AddToCart,2025-10-11
1220,2643,204,AddToCart,2025-11-19
1221,2825,306,Wishlist,2025-12-31
1222,2143,837,Purchase,2025-01-03
1223,272,365,View,2025-06-13
1224,1210,862,AddToCart,2025-01-07
1225,573,952,Purchase,2025-02-06
1226,1009,449,View,2025-05-12
1227,813,930,View,2026-03-12
1228,2006,27,AddToCart,2025-10-17
1229,2673,418,View,2025-07-28
1230,1428,38,Wishlist,2025-10-08
1231,863,858,Purchase,2025-09-01
1232,2211,927,Purchase,2025-02-28
1233,2426,954,AddToCart,2025-04-13
1234,1603,962,AddToCart,2025-01-28
1235,315,255,Purchase,2025-09-20
1236,42,900,Wishlist,2026-06-07
1237,471,569,Purchase,2026-04-06
1238,2652,223,Search,2025-08-04
1239,2725,557,Wishlist,2025-11-25
1240,397,713,View,2025-06-26
1241,1745,128,Search,2025-10-16
1242,1156,544,Wishlist,2026-02-05
1243,2667,244,Search,2026-06-07
1244,1826,497,View,2026-03-16
1245,641,278,Wishlist,2025-01-18
1246,2251,826,View,2026-07-04
1247,2288,912,Purchase,2025-08-20
1248,2439,134,AddToCart,2025-02-03
1249,1286,345,Wishlist,2025-10-10
1250,112,379,AddToCart,2025-07-27
1251,2599,814,Wishlist,2026-02-17
1252,85,747,View,2025-08-18
1253,989,592,Search,2025-11-16
1254,1054,317,Purchase,2025-06-04
1255,2397,246,View,2025-11-18
1256,2914,224,AddToCart,2025-03-26
1257,1263,250,Search,2025-10-09
1258,1257,211,Wishlist,2026-01-24
1259,2958,380,Wishlist,2025-08-20
1260,1958,498,Wishlist,2026-05-22
1261,1041,365,Search,2025-01-24
1262,1232,201,View,2025-05-09
1263,833,361,Wishlist,2025-04-04
1264,1581,1,Search,2026-02-08
1265,2357,299,Search,2025-04-29
1266,1256,717,Search,2026-06-25
1267,1588,923,View,2025-07-18
1268,12,278,AddToCart,2025-03-05
1269,1895,369,Wishlist,2025-01-11
1270,765,275,Search,2025-05-14
1271,580,541,View,2026-02-07
1272,439,586,AddToCart,2025-01-26
1273,2030,415,Purchase,2025-03-25
1274,1179,707,View,2025-11-13
1275,2427,618,Search,2025-01-14
1276,673,479,Purchase,2026-03-20
1277,2069,836,Purchase,2025-10-04
1278,1920,571,Purchase,2025-07-25
1279,615,487,Wishlist,2025-01-30
1280,1855,250,AddToCart,2025-04-05
1281,2645,335,AddToCart,2025-03-14
1282,2760,381,Purchase,2025-07-13
1283,656,604,Wishlist,2025-01-16
1284,1313,387,AddToCart,2025-07-14
1285,447,640,Wishlist,2025-07-11
1286,2133,416,View,2025-05-17
1287,1636,308,AddToCart,2025-04-03
1288,457,786,Wishlist,2026-05-23
1289,1,534,Wishlist,2025-03-17
1290,2063,292,Purchase,2026-01-07
1291,964,445,View,2025-07-05
1292,1541,157,AddToCart,2026-02-12
1293,2495,932,View,2026-01-17
1294,2111,15,View,2026-03-12
1295,2236,424,AddToCart,2025-12-14
1296,2565,820,AddToCart,2025-08-21
1297,1042,797,AddToCart,2025-09-09
1298,490,392,Wishlist,2025-09-18
1299,2549,429,Wishlist,2026-04-28
1300,699,295,Search,2025-10-10
1301,2341,539,View,2025-01-02
1302,898,391,Wishlist,2025-06-13
1303,1752,275,Search,2025-03-19
1304,1806,672,AddToCart,2026-03-12
1305,1784,603,Wishlist,2026-03-09
1306,2470,54,Purchase,2025-11-27
1307,2503,76,Search,2025-08-17
1308,249,930,Wishlist,2025-01-28
1309,927,847,View,2025-07-16
1310,1041,64,AddToCart,2025-01-06
1311,377,221,Purchase,2025-11-07
1312,301,813,Wishlist,2026-05-30
1313,474,394,Search,2025-07-16
1314,1610,557,Wishlist,2025-06-28
1315,2463,402,Purchase,2025-07-07
1316,1721,104,Search,2026-03-26
1317,416,112,Search,2025-08-04
1318,1823,319,View,2026-04-22
1319,403,770,Wishlist,2025-11-12
1320,2957,716,Wishlist,2025-06-08
1321,1535,355,Purchase,2025-06-08
1322,1363,816,Wishlist,2025-01-23
1323,1474,451,Search,2025-04-08
1324,2488,753,Search,2025-10-09
1325,958,97,AddToCart,2025-12-12
1326,2069,838,AddToCart,2025-07-20
1327,1568,303,View,2025-10-11
1328,1643,594,AddToCart,2026-04-10
1329,803,382,Search,2025-10-17
1330,356,488,Purchase,2025-11-07
1331,384,964,Wishlist,2026-06-01
1332,460,153,Wishlist,2026-01-18
1333,2943,928,View,2025-04-12
1334,806,495,View,2026-05-15
1335,1464,393,Search,2026-03-05
1336,1145,328,Search,2025-07-20
1337,1415,570,View,2025-04-23
1338,1202,723,Wishlist,2026-03-17
1339,2601,243,Wishlist,2026-01-13
1340,1964,203,Purchase,2025-04-02
1341,20,427,AddToCart,2025-05-11
1342,714,284,AddToCart,2025-07-15
1343,1336,13,Search,2025-09-28
1344,2340,804,Purchase,2026-06-01
1345,1052,116,AddToCart,2025-06-22
1346,1908,432,Search,2025-11-08
1347,2666,839,View,2026-02-01
1348,1863,498,Wishlist,2025-03-26
1349,794,685,View,2025-10-28
1350,1112,570,Purchase,2026-04-27
1351,1612,99,Purchase,2025-02-07
1352,1085,598,Search,2026-02-07
1353,1538,891,AddToCart,2025-02-15
1354,2750,402,Purchase,2026-02-03
1355,2012,182,Wishlist,2025-02-26
1356,1031,282,View,2025-11-06
1357,1968,78,AddToCart,2026-01-07
1358,825,913,AddToCart,2026-01-07
1359,395,525,Wishlist,2026-03-28
1360,781,617,View,2025-11-16
1361,2219,919,View,2025-06-11
1362,1821,108,Search,2025-08-26
1363,149,153,AddToCart,2025-08-16
1364,2598,856,View,2026-05-02
1365,2325,215,AddToCart,2025-07-30
1366,1599,333,Search,2025-01-13
1367,2132,852,Wishlist,2026-01-11
1368,2898,259,AddToCart,2025-03-26
1369,1050,878,Search,2025-05-02
1370,2589,675,Search,2026-01-05
1371,2769,32,View,2026-01-27
1372,942,967,Purchase,2025-10-23
1373,1722,876,Wishlist,2025-09-08
1374,1062,999,View,2025-02-08
1375,1924,93,View,2025-01-18
1376,2517,425,View,2025-03-26
1377,111,725,View,2025-03-11
1378,2933,911,AddToCart,2026-01-04
1379,1817,582,Search,2025-07-31
1380,758,539,Purchase,2025-08-09
1381,1536,353,Wishlist,2026-04-22
1382,104,632,Purchase,2025-10-28
1383,2401,47,Purchase,2025-04-30
1384,217,45,Search,2026-01-05
1385,282,154,AddToCart,2025-08-02
1386,1625,713,Wishlist,2025-12-01
1387,845,533,Search,2025-10-10
1388,855,9,Search,2025-12-25
1389,1880,852,AddToCart,2026-01-02
1390,2811,619,Wishlist,2025-03-20
1391,2559,289,Search,2025-05-09
1392,425,184,Search,2025-05-24
1393,1183,497,Purchase,2025-05-15
1394,582,411,Search,2025-08-15
1395,1344,588,AddToCart,2026-04-12
1396,2142,796,View,2025-11-19
1397,1920,369,View,2025-08-03
1398,2188,465,AddToCart,2025-08-17
1399,329,805,Search,2025-08-11
1400,2962,884,View,2025-04-16
1401,2682,266,Purchase,2025-05-26
1402,2792,748,View,2025-11-06
1403,214,1000,Wishlist,2026-03-22
1404,1897,69,Search,2025-05-31
1405,104,312,AddToCart,2025-05-13
1406,304,705,Purchase,2025-08-22
1407,385,109,Purchase,2025-02-20
1408,802,69,View,2025-09-20
1409,1889,67,View,2025-07-10
1410,363,266,AddToCart,2025-04-09
1411,2571,380,Purchase,2025-07-01
1412,357,426,AddToCart,2025-06-07
1413,820,976,AddToCart,2025-11-22
1414,1903,113,Wishlist,2026-06-21
1415,1640,915,Search,2026-02-05
1416,154,88,Search,2026-04-11
1417,604,218,Wishlist,2025-11-24
1418,2568,783,Wishlist,2026-01-28
1419,2741,341,AddToCart,2025-05-28
1420,222,175,Purchase,2025-10-13
1421,2078,953,Search,2026-06-10
1422,1425,660,AddToCart,2026-02-04
1423,73,696,AddToCart,2025-06-13
1424,2860,443,View,2026-01-13
1425,2396,120,AddToCart,2025-09-12
1426,2005,358,Search,2026-07-04
1427,2043,279,AddToCart,2025-11-19
1428,750,866,AddToCart,2025-09-15
1429,384,589,Purchase,2026-02-21
1430,2116,902,Purchase,2025-03-20
1431,2670,416,Purchase,2025-02-23
1432,2754,620,Search,2025-03-07
1433,1603,202,View,2026-03-31
1434,2145,165,AddToCart,2025-05-26
1435,685,130,View,2025-04-12
1436,746,693,Purchase,2025-10-30
1437,1682,264,Wishlist,2025-04-10
1438,778,79,Wishlist,2026-05-08
1439,651,861,Search,2025-04-18
1440,2032,185,Purchase,2025-03-08
1441,1147,220,Wishlist,2025-08-03
1442,828,394,View,2025-10-11
1443,1614,837,Search,2026-01-15
1444,934,798,AddToCart,2026-05-21
1445,575,460,View,2025-04-28
1446,2858,834,AddToCart,2025-10-25
1447,75,545,Wishlist,2025-04-11
1448,1491,728,AddToCart,2026-02-11
1449,1041,284,Wishlist,2025-10-21
1450,96,792,AddToCart,2025-10-15
1451,193,93,View,2025-02-12
1452,1336,881,Wishlist,2025-12-01
1453,1362,72,Purchase,2026-03-16
1454,110,853,Wishlist,2026-04-09
1455,1136,187,Wishlist,2026-03-21
1456,1972,848,View,2025-10-12
1457,2326,357,View,2025-07-15
1458,2202,989,AddToCart,2025-08-27
1459,187,614,AddToCart,2026-05-30
1460,2165,587,Search,2025-08-19
1461,1995,330,View,2025-08-21
1462,1790,257,Wishlist,2025-04-30
1463,2942,237,View,2026-03-24
1464,2958,557,AddToCart,2025-08-17
1465,904,969,Search,2025-10-22
1466,947,301,Search,2026-07-02
1467,1914,739,Wishlist,2025-10-04
1468,2769,909,View,2025-10-22
1469,2575,196,Purchase,2026-05-04
1470,778,835,AddToCart,2025-07-31
1471,1590,93,View,2026-07-04
1472,2772,972,Wishlist,2026-03-18
1473,2469,152,Search,2025-04-11
1474,1131,438,View,2025-09-01
1475,1430,67,Wishlist,2025-08-24
1476,879,795,Search,2026-01-19
1477,824,132,Purchase,2026-06-18
1478,1746,678,View,2025-12-30
1479,572,816,Wishlist,2025-07-29
1480,2923,961,Purchase,2025-07-22
1481,348,97,View,2026-06-11
1482,2966,630,Search,2026-01-27
1483,1577,616,Search,2026-04-20
1484,831,538,Search,2025-08-14
1485,555,103,View,2025-10-02
1486,2596,837,Purchase,2025-10-29
1487,1119,251,Search,2025-09-15
1488,1959,257,Search,2025-05-23
1489,1981,279,View,2025-07-17
1490,2671,797,View,2025-08-10
1491,620,482,Search,2025-01-02
1492,1616,404,Wishlist,2025-10-06
1493,394,982,Purchase,2026-06-07
1494,2863,238,Wishlist,2026-05-19
1495,1788,157,Wishlist,2025-09-16
1496,144,403,Wishlist,2025-06-02
1497,884,63,AddToCart,2025-03-03
1498,1172,310,Purchase,2026-03-29
1499,1229,296,View,2025-12-18
1500,1993,39,View,2025-05-28
1501,450,323,View,2025-02-23
1502,175,584,AddToCart,2025-01-15
1503,929,445,AddToCart,2025-11-10
1504,2446,682,AddToCart,2025-12-18
1505,2495,850,AddToCart,2025-04-26
1506,1852,137,Search,2026-04-14
1507,2721,481,Purchase,2025-09-20
1508,168,609,Search,2025-09-01
1509,1448,635,Purchase,2025-07-05
1510,1654,625,View,2025-11-23
1511,2436,845,Wishlist,2025-05-31
1512,175,518,AddToCart,2025-06-10
1513,2680,761,Purchase,2025-05-16
1514,2697,107,Search,2026-05-28
1515,2534,252,AddToCart,2025-01-19
1516,563,178,AddToCart,2025-07-03
1517,2676,510,Search,2025-05-24
1518,577,448,View,2025-02-04
1519,2694,834,AddToCart,2025-05-13
1520,2236,231,Search,2025-07-08
1521,718,260,Purchase,2025-12-05
1522,823,114,View,2025-07-15
1523,1183,249,Search,2025-11-21
1524,741,540,AddToCart,2025-04-30
1525,844,705,Search,2025-06-18
1526,2156,976,View,2026-06-01
1527,1205,295,Purchase,2025-05-19
1528,2978,812,View,2026-04-24
1529,2315,993,AddToCart,2025-07-26
1530,240,374,AddToCart,2025-05-05
1531,848,387,Wishlist,2025-04-13
1532,1419,948,Purchase,2025-12-20
1533,2063,241,Purchase,2025-09-29
1534,1090,556,Search,2026-04-07
1535,2090,725,AddToCart,2025-08-08
1536,2473,741,Purchase,2025-06-08
1537,1921,954,AddToCart,2025-07-15
1538,449,932,AddToCart,2025-11-28
1539,1695,945,Wishlist,2026-05-23
1540,1303,851,Search,2025-02-28
1541,1831,82,Search,2025-11-08
1542,2454,250,View,2025-09-24
1543,1091,211,Search,2025-05-16
1544,2769,432,AddToCart,2025-10-06
1545,527,61,Search,2025-02-23
1546,372,864,View,2025-09-08
1547,2898,437,Search,2026-07-04
1548,825,532,Wishlist,2026-06-13
1549,2498,336,AddToCart,2025-08-28
1550,602,17,Search,2026-02-04
1551,1308,589,View,2025-05-28
1552,2757,12,Search,2025-01-13
1553,426,196,Wishlist,2026-06-27
1554,1590,577,View,2025-03-07
1555,2562,484,Wishlist,2025-09-14
1556,719,894,AddToCart,2025-04-30
1557,832,687,View,2026-01-12
1558,1667,559,View,2025-01-14
1559,2894,259,Wishlist,2025-06-21
1560,1372,616,Wishlist,2025-10-01
1561,2353,106,View,2026-04-16
1562,1680,819,Purchase,2025-03-22
1563,894,674,AddToCart,2026-04-23
1564,40,848,Search,2026-02-05
1565,2069,153,Wishlist,2025-02-06
1566,883,530,View,2026-06-17
1567,1112,424,Wishlist,2025-10-06
1568,1870,222,Purchase,2025-01-26
1569,1771,270,View,2025-01-31
1570,1354,286,View,2025-04-10
1571,268,569,Wishlist,2025-01-15
1572,2910,474,Search,2026-07-03
1573,1312,383,Wishlist,2025-06-19
1574,1608,136,View,2026-01-30
1575,535,247,AddToCart,2025-05-05
1576,1732,289,Search,2025-06-23
1577,1018,42,AddToCart,2025-04-24
1578,2063,572,Purchase,2026-06-15
1579,1179,127,View,2025-08-03
1580,180,882,View,2025-12-12
1581,1704,716,View,2025-10-28
1582,588,176,AddToCart,2025-02-24
1583,781,67,View,2025-06-25
1584,113,942,Wishlist,2025-02-23
1585,2055,946,AddToCart,2025-07-15
1586,1678,766,View,2026-06-17
1587,709,356,AddToCart,2026-02-13
1588,1184,29,Purchase,2026-06-28
1589,466,930,Search,2025-02-02
1590,1485,474,Search,2025-07-13
1591,409,749,Wishlist,2025-05-24
1592,175,685,AddToCart,2025-12-12
1593,2887,113,View,2025-06-19
1594,575,759,Purchase,2025-09-17
1595,1078,965,Search,2025-12-07
1596,2197,642,Wishlist,2026-04-10
1597,2084,173,Wishlist,2026-03-12
1598,214,582,Purchase,2026-04-18
1599,2322,765,Wishlist,2025-10-03
1600,843,382,Purchase,2025-12-14
1601,1512,136,Search,2025-08-08
1602,811,150,AddToCart,2026-01-15
1603,2093,552,Wishlist,2025-07-16
1604,1801,597,Search,2025-02-14
1605,1489,134,AddToCart,2025-10-02
1606,2257,835,View,2025-07-06
1607,640,685,View,2025-03-18
1608,875,464,AddToCart,2025-11-14
1609,2503,75,Search,2026-05-02
1610,328,129,AddToCart,2025-09-25
1611,1893,190,Search,2025-03-16
1612,2702,308,Wishlist,2025-05-24
1613,329,482,Wishlist,2025-11-30
1614,380,468,Wishlist,2025-08-17
1615,189,417,View,2026-02-11
1616,1519,586,Search,2026-01-13
1617,239,540,Wishlist,2025-02-07
1618,83,272,Purchase,2025-03-07
1619,2103,20,Wishlist,2025-11-22
1620,601,47,Purchase,2025-09-11
1621,2553,935,Purchase,2026-03-31
1622,2252,840,AddToCart,2025-12-30
1623,1965,50,View,2025-03-16
1624,2713,947,AddToCart,2025-07-12
1625,1618,992,Wishlist,2025-05-22
1626,1340,595,View,2025-11-15
1627,170,336,AddToCart,2025-08-11
1628,2752,350,Purchase,2025-03-18
1629,1215,416,Wishlist,2026-02-15
1630,166,614,View,2025-07-23
1631,225,988,AddToCart,2026-06-29
1632,89,571,AddToCart,2025-03-17
1633,1369,187,View,2025-01-13
1634,202,360,View,2025-04-23
1635,401,997,Purchase,2025-05-19
1636,2755,468,Search,2025-12-06
1637,2447,785,AddToCart,2026-03-08
1638,1307,943,Purchase,2025-12-17
1639,1694,366,View,2025-07-06
1640,1905,628,Purchase,2025-10-16
1641,488,343,Purchase,2025-07-17
1642,718,153,Purchase,2025-10-28
1643,1174,170,Purchase,2025-04-07
1644,1067,134,Purchase,2025-12-31
1645,1714,200,AddToCart,2026-06-06
1646,1914,339,Wishlist,2025-09-20
1647,2246,315,AddToCart,2025-09-03
1648,467,748,AddToCart,2025-11-24
1649,1700,584,View,2025-03-16
1650,983,440,Search,2025-08-25
1651,1890,315,Search,2025-06-28
1652,2965,413,View,2026-04-09
1653,322,618,Wishlist,2025-09-27
1654,1768,68,Wishlist,2026-04-13
1655,1614,760,Wishlist,2025-01-18
1656,1373,472,Purchase,2026-01-25
1657,27,111,View,2025-02-07
1658,1194,418,Purchase,2025-11-01
1659,1174,497,Wishlist,2025-04-08
1660,595,167,Purchase,2025-11-08
1661,1010,738,Search,2026-04-27
1662,666,939,Wishlist,2025-03-31
1663,2458,534,AddToCart,2025-10-29
1664,1865,265,View,2026-04-17
1665,1384,429,Purchase,2025-01-08
1666,2654,127,Purchase,2025-02-11
1667,1214,667,Purchase,2025-12-12
1668,1287,512,Search,2026-03-21
1669,1590,970,View,2025-10-23
1670,1239,37,View,2026-05-29
1671,1978,986,View,2025-10-25
1672,1662,93,Search,2026-01-04
1673,1510,785,Purchase,2025-12-21
1674,1917,137,Purchase,2026-03-23
1675,949,789,Search,2025-04-02
1676,2699,513,Wishlist,2026-01-18
1677,1951,269,Search,2026-06-08
1678,1613,419,Search,2026-03-03
1679,563,604,View,2025-08-10
1680,2489,831,View,2025-09-04
1681,233,379,View,2026-05-15
1682,2151,12,Wishlist,2025-10-27
1683,488,258,Wishlist,2025-09-02
1684,2883,893,Wishlist,2025-03-03
1685,1554,303,Wishlist,2025-04-29
1686,1630,65,Wishlist,2026-03-02
1687,779,505,AddToCart,2025-09-12
1688,1630,957,AddToCart,2026-05-29
1689,2366,435,AddToCart,2026-03-07
1690,2180,176,Purchase,2026-06-26
1691,2167,919,Search,2025-04-17
1692,795,904,Wishlist,2025-07-30
1693,2750,6,Search,2025-05-29
1694,1329,414,Wishlist,2026-06-04
1695,2986,184,Search,2026-01-06
1696,2360,260,Search,2025-11-24
1697,1605,83,Wishlist,2025-12-08
1698,618,587,Search,2025-07-09
1699,628,522,View,2026-05-17
1700,875,134,AddToCart,2025-12-23
1701,1399,168,Purchase,2025-11-29
1702,256,642,Wishlist,2025-10-21
1703,192,665,Search,2026-04-22
1704,1928,372,AddToCart,2026-06-15
1705,2026,458,Wishlist,2025-03-29
1706,1641,503,View,2026-05-30
1707,321,675,Purchase,2026-01-27
1708,1667,734,Wishlist,2025-06-08
1709,1497,501,Search,2025-11-11
1710,1150,335,View,2025-07-28
1711,954,246,Purchase,2025-07-12
1712,187,497,Wishlist,2025-05-18
1713,1209,126,Purchase,2025-11-13
1714,40,142,AddToCart,2025-02-19
1715,908,365,Wishlist,2026-07-02
1716,1007,61,Search,2026-04-16
1717,2687,772,Wishlist,2025-09-26
1718,2428,804,Wishlist,2026-04-05
1719,2472,809,Search,2025-07-14
1720,1723,667,Purchase,2026-06-13
1721,123,777,Wishlist,2025-12-23
1722,346,865,AddToCart,2025-12-15
1723,374,407,View,2026-05-29
1724,2443,829,Search,2026-01-03
1725,871,466,View,2025-06-19
1726,768,997,AddToCart,2025-09-11
1727,729,289,AddToCart,2025-12-04
1728,980,888,View,2026-02-25
1729,2418,672,Search,2025-05-14
1730,113,17,Wishlist,2025-07-07
1731,726,806,Wishlist,2025-05-07
1732,39,406,Search,2025-11-03
1733,2951,827,Purchase,2025-04-01
1734,255,858,Wishlist,2026-03-06
1735,762,414,Purchase,2025-02-13
1736,1389,926,View,2025-03-13
1737,1491,531,AddToCart,2025-01-24
1738,262,396,View,2025-03-19
1739,1343,402,Wishlist,2025-01-16
1740,2156,870,Wishlist,2026-03-20
1741,2523,468,Wishlist,2025-08-20
1742,2480,259,Wishlist,2025-07-28
1743,982,913,View,2026-04-23
1744,628,803,Purchase,2025-05-13
1745,900,140,Purchase,2026-06-11
1746,247,858,Purchase,2026-05-10
1747,1210,667,View,2025-08-16
1748,294,331,Purchase,2025-10-02
1749,1578,532,View,2025-01-07
1750,730,866,Wishlist,2025-09-30
1751,40,367,AddToCart,2025-12-31
1752,698,856,View,2025-06-07
1753,1829,23,AddToCart,2026-05-09
1754,2426,808,View,2025-10-23
1755,1321,648,AddToCart,2025-09-21
1756,2883,559,Search,2025-01-11
1757,981,833,Wishlist,2025-08-19
1758,1872,290,View,2025-09-20
1759,2266,305,View,2026-05-08
1760,1332,678,Search,2025-05-09
1761,2188,282,Search,2025-12-31
1762,31,531,View,2025-07-14
1763,2252,847,AddToCart,2026-05-07
1764,2503,525,View,2025-08-06
1765,331,325,Purchase,2025-04-12
1766,950,113,Wishlist,2025-12-20
1767,2201,945,Wishlist,2025-08-17
1768,292,247,AddToCart,2026-06-13
1769,1333,215,Wishlist,2025-04-15
1770,1473,872,Purchase,2026-03-06
1771,2079,289,Wishlist,2025-03-20
1772,756,669,View,2026-05-28
1773,2173,144,Search,2025-11-02
1774,2450,774,Search,2025-08-04
1775,2031,293,Search,2026-03-27
1776,1021,166,View,2025-08-04
1777,2427,859,View,2025-08-31
1778,1294,662,Purchase,2025-09-20
1779,588,848,View,2025-07-11
1780,1307,877,View,2026-04-20
1781,157,630,Search,2025-12-28
1782,2449,12,Purchase,2025-11-24
1783,2848,730,AddToCart,2025-01-03
1784,2297,466,Search,2025-10-11
1785,521,543,View,2025-04-30
1786,1744,924,Purchase,2026-05-06
1787,1896,812,Purchase,2025-09-26
1788,629,630,AddToCart,2025-04-26
1789,1536,602,Wishlist,2026-05-30
1790,309,564,AddToCart,2025-06-09
1791,267,353,View,2025-12-29
1792,2434,110,Search,2025-03-07
1793,1068,23,Purchase,2026-04-05
1794,333,150,AddToCart,2025-01-11
1795,507,709,Purchase,2025-03-17
1796,2111,943,Wishlist,2026-02-01
1797,155,310,View,2025-07-09
1798,171,444,View,2025-11-22
1799,2276,772,Purchase,2025-07-07
1800,1977,294,Purchase,2025-09-14
1801,964,791,AddToCart,2025-09-23
1802,1648,76,Wishlist,2025-07-20
1803,2161,894,AddToCart,2025-09-03
1804,2551,966,Wishlist,2025-04-06
1805,1743,104,View,2025-05-15
1806,2944,294,AddToCart,2025-09-01
1807,389,207,View,2026-04-29
1808,419,459,View,2026-01-22
1809,2396,577,Search,2026-01-16
1810,2366,697,View,2025-04-30
1811,2846,731,Purchase,2025-07-31
1812,512,362,Wishlist,2025-10-09
1813,483,58,Wishlist,2026-06-22
1814,57,624,Search,2026-06-17
1815,286,226,Search,2025-02-23
1816,1113,67,View,2025-08-08
1817,1921,889,Search,2025-05-20
1818,2043,572,AddToCart,2025-01-21
1819,1253,219,Wishlist,2025-09-16
1820,2035,750,View,2025-06-30
1821,450,258,AddToCart,2025-02-23
1822,293,405,AddToCart,2026-05-30
1823,1516,341,Wishlist,2026-04-18
1824,2393,548,AddToCart,2025-05-26
1825,1380,286,Search,2025-10-11
1826,470,101,AddToCart,2025-07-12
1827,943,253,Search,2025-05-05
1828,2308,121,AddToCart,2026-03-10
1829,174,501,Search,2025-04-08
1830,1603,497,Purchase,2026-04-14
1831,2556,720,Search,2026-05-28
1832,348,69,Purchase,2025-04-04
1833,655,410,View,2026-01-22
1834,788,595,View,2025-06-24
1835,2706,969,Purchase,2026-05-28
1836,2090,849,Purchase,2025-11-01
1837,1335,345,AddToCart,2026-04-03
1838,730,828,Search,2025-03-31
1839,1630,400,Search,2025-05-10
1840,847,577,AddToCart,2026-05-21
1841,1489,200,Wishlist,2025-05-21
1842,290,156,Wishlist,2025-08-27
1843,2717,837,Search,2025-04-13
1844,2053,503,View,2025-06-09
1845,1298,637,Wishlist,2025-04-19
1846,1958,235,AddToCart,2025-03-29
1847,2451,245,Wishlist,2025-06-06
1848,2969,616,Purchase,2025-08-10
1849,504,537,View,2025-01-19
1850,1275,186,View,2026-06-02
1851,934,532,AddToCart,2025-12-07
1852,383,733,Search,2026-02-05
1853,941,376,Wishlist,2025-09-24
1854,134,587,AddToCart,2026-02-22
1855,566,798,Purchase,2025-11-22
1856,2104,617,AddToCart,2025-12-27
1857,2788,354,View,2025-12-14
1858,209,473,AddToCart,2025-12-23
1859,1624,94,View,2025-05-26
1860,1793,134,Search,2026-01-08
1861,1870,196,AddToCart,2025-09-11
1862,299,66,Purchase,2025-04-18
1863,1775,275,Search,2025-11-29
1864,794,196,Wishlist,2025-01-15
1865,766,430,AddToCart,2026-01-08
1866,464,189,AddToCart,2025-12-02
1867,2365,311,Wishlist,2026-01-27
1868,2009,836,Purchase,2026-05-06
1869,389,88,Wishlist,2026-02-02
1870,2423,222,Search,2026-06-30
1871,1187,482,Wishlist,2025-10-14
1872,1557,396,Search,2026-07-02
1873,1435,471,Wishlist,2026-03-06
1874,2501,482,Wishlist,2026-04-29
1875,1941,34,Wishlist,2025-12-25
1876,2778,114,Wishlist,2026-02-18
1877,237,960,AddToCart,2025-11-18
1878,2429,288,Purchase,2026-03-16
1879,1139,297,View,2026-06-23
1880,1168,152,Wishlist,2025-10-18
1881,243,740,Wishlist,2025-08-18
1882,2754,139,Purchase,2025-09-16
1883,1228,885,Search,2025-07-23
1884,1819,538,View,2026-03-16
1885,2566,650,Purchase,2025-08-26
1886,2843,368,View,2025-09-07
1887,218,636,Search,2025-07-11
1888,1198,685,AddToCart,2026-04-17
1889,1368,648,View,2026-06-02
1890,1778,374,Search,2026-05-09
1891,2609,506,Wishlist,2026-02-28
1892,1899,278,View,2025-06-18
1893,980,19,AddToCart,2026-02-05
1894,780,200,Wishlist,2025-06-07
1895,1985,34,Wishlist,2025-11-03
1896,2654,384,Search,2025-06-26
1897,2836,829,AddToCart,2025-03-11
1898,1363,418,Search,2025-09-17
1899,1068,865,Wishlist,2025-07-08
1900,1898,839,Purchase,2026-03-25
1901,2652,402,Purchase,2026-04-27
1902,2319,1000,AddToCart,2025-04-02
1903,2964,154,AddToCart,2026-05-12
1904,2216,420,Purchase,2025-08-10
1905,1154,455,View,2025-03-22
1906,1169,474,Search,2026-05-30
1907,2087,101,Search,2026-01-17
1908,940,763,Search,2025-11-06
1909,2038,331,Search,2025-09-18
1910,40,279,AddToCart,2025-06-22
1911,2009,239,Purchase,2025-02-05
1912,2625,348,Wishlist,2025-04-04
1913,555,420,View,2026-07-02
1914,2538,846,Search,2025-08-04
1915,51,674,View,2025-08-22
1916,1298,91,Wishlist,2025-02-01
1917,957,652,View,2025-12-27
1918,65,21,AddToCart,2025-10-04
1919,1704,639,View,2025-04-06
1920,937,116,View,2025-12-18
1921,1445,831,Wishlist,2025-03-21
1922,1283,114,AddToCart,2025-11-08
1923,2271,434,Wishlist,2025-03-16
1924,106,177,Purchase,2026-03-01
1925,835,740,Purchase,2025-04-12
1926,2695,221,AddToCart,2026-01-22
1927,90,69,Wishlist,2025-08-21
1928,1279,32,Wishlist,2025-02-06
1929,1397,199,Purchase,2026-01-25
1930,765,952,Wishlist,2025-01-30
1931,1562,434,Purchase,2025-03-06
1932,184,712,AddToCart,2026-02-19
1933,2491,465,View,2025-11-19
1934,888,839,Search,2025-02-23
1935,1829,551,Search,2025-01-31
1936,1939,893,Purchase,2026-01-20
1937,77,656,Search,2026-05-31
1938,239,276,Search,2026-04-25
1939,726,182,Search,2026-04-11
1940,2866,243,Purchase,2025-09-19
1941,1835,924,AddToCart,2025-07-23
1942,1046,405,Search,2026-04-25
1943,1239,161,Purchase,2026-06-21
1944,421,836,Wishlist,2026-06-05
1945,699,371,View,2025-07-02
1946,1645,298,Wishlist,2025-07-20
1947,2403,482,Purchase,2026-02-04
1948,1268,92,View,2025-08-06
1949,769,309,Purchase,2025-12-20
1950,166,641,Purchase,2025-11-01
1951,2767,979,View,2025-08-06
1952,481,683,Search,2025-04-12
1953,2114,377,View,2025-12-02
1954,1141,283,Search,2025-07-26
1955,2283,883,Purchase,2025-03-05
1956,1641,300,Purchase,2025-06-17
1957,49,744,AddToCart,2025-02-15
1958,2473,702,AddToCart,2026-06-15
1959,2182,567,Purchase,2026-06-18
1960,1375,983,View,2026-03-06
1961,2290,328,Wishlist,2025-07-16
1962,1174,77,AddToCart,2026-04-22
1963,1464,175,Wishlist,2025-05-19
1964,208,227,Wishlist,2025-05-28
1965,961,589,Purchase,2025-02-06
1966,373,234,AddToCart,2025-05-18
1967,1830,880,Search,2026-02-15
1968,2406,182,Search,2026-02-03
1969,1190,619,Search,2025-07-30
1970,1959,837,Search,2025-08-22
1971,2518,185,Search,2025-11-14
1972,2772,735,Purchase,2025-03-29
1973,2760,430,Search,2025-04-01
1974,37,497,Purchase,2026-05-04
1975,2267,848,Search,2025-12-02
1976,33,451,Purchase,2025-09-20
1977,2181,964,Search,2025-10-02
1978,2470,923,Purchase,2025-06-11
1979,1086,945,Purchase,2026-04-21
1980,921,320,Wishlist,2025-09-08
1981,1714,731,Wishlist,2026-05-28
1982,1632,403,Purchase,2025-12-08
1983,2713,670,Purchase,2025-10-24
1984,898,565,AddToCart,2025-01-07
1985,344,663,AddToCart,2026-02-04
1986,1062,403,Search,2026-06-02
1987,676,889,Purchase,2026-02-10
1988,1162,599,Wishlist,2025-04-16
1989,2125,754,View,2025-06-29
1990,1129,761,Purchase,2026-02-13
1991,1460,585,Search,2025-06-05
1992,2104,451,Search,2025-08-18
1993,252,337,Wishlist,2026-02-20
1994,200,976,Wishlist,2025-10-26
1995,811,30,Search,2026-05-12
1996,607,530,View,2025-02-17
1997,2372,471,View,2026-05-20
1998,753,55,Purchase,2025-06-11
1999,1344,448,Wishlist,2026-01-24
2000,2354,846,Wishlist,2025-05-25
2001,2926,736,Search,2026-06-01
2002,2339,854,Search,2026-04-23
2003,2861,219,View,2025-08-05
2004,1318,214,Purchase,2025-11-23
2005,2562,339,View,2025-05-31
2006,1110,596,Purchase,2025-08-04
2007,1914,692,Search,2026-05-23
2008,110,646,View,2026-03-21
2009,2557,668,Purchase,2025-09-12
2010,1254,908,AddToCart,2025-05-11
2011,939,556,Wishlist,2025-09-03
2012,770,313,Search,2026-03-19
2013,1481,283,Search,2025-10-28
2014,2886,57,View,2025-05-22
2015,2404,663,AddToCart,2025-04-10
2016,2375,100,AddToCart,2025-04-30
2017,2383,526,Purchase,2026-02-16
2018,2179,114,AddToCart,2025-11-03
2019,1796,368,AddToCart,2025-04-23
2020,1349,604,AddToCart,2025-04-06
2021,2919,133,Search,2026-04-25
2022,2625,27,Search,2025-09-15
2023,2589,84,View,2026-01-22
2024,123,414,Search,2025-01-14
2025,2107,772,Purchase,2025-12-26
2026,2026,292,Purchase,2025-11-19
2027,2641,785,Search,2025-04-24
2028,1325,966,Purchase,2025-03-22
2029,451,228,Wishlist,2025-10-27
2030,623,245,AddToCart,2025-11-19
2031,867,917,View,2025-01-31
2032,2153,249,View,2025-06-17
2033,135,136,AddToCart,2026-02-07
2034,1559,22,AddToCart,2026-07-04
2035,562,675,Purchase,2026-01-13
2036,505,472,Search,2025-07-02
2037,533,477,Search,2025-09-24
2038,745,999,Search,2026-06-12
2039,516,320,AddToCart,2025-04-16
2040,2330,585,Wishlist,2025-12-04
2041,463,942,View,2025-01-16
2042,1521,536,View,2025-07-13
2043,2837,881,Wishlist,2025-11-17
2044,1483,8,AddToCart,2025-02-03
2045,2806,883,Wishlist,2026-02-09
2046,1331,421,Wishlist,2025-07-01
2047,3,895,View,2026-01-28
2048,2851,43,AddToCart,2025-04-27
2049,1997,752,Wishlist,2026-03-01
2050,1374,645,Wishlist,2025-10-29
2051,1060,793,Wishlist,2025-06-14
2052,2531,535,Purchase,2026-03-28
2053,552,824,Purchase,2025-05-14
2054,2915,404,Wishlist,2025-06-14
2055,2500,468,Search,2025-07-11
2056,490,959,Purchase,2025-01-04
2057,1307,494,Search,2025-01-13
2058,2608,654,AddToCart,2026-01-13
2059,831,679,Purchase,2025-08-03
2060,1876,372,Wishlist,2025-05-26
2061,578,93,Wishlist,2025-04-30
2062,1581,232,Search,2026-05-08
2063,1912,29,Wishlist,2026-03-23
2064,919,834,AddToCart,2026-06-16
2065,1281,611,AddToCart,2026-05-11
2066,1028,684,Search,2025-03-25
2067,225,883,Wishlist,2025-01-26
2068,654,340,AddToCart,2025-03-03
2069,59,27,Purchase,2026-05-30
2070,2181,744,Search,2025-11-05
2071,941,113,Search,2025-04-15
2072,2065,84,Purchase,2025-04-05
2073,2062,191,Search,2025-04-29
2074,1284,382,Wishlist,2025-07-02
2075,190,548,Purchase,2025-01-14
2076,521,899,Purchase,2025-07-13
2077,2380,497,Purchase,2025-05-15
2078,108,113,Wishlist,2025-12-11
2079,1376,159,Purchase,2025-02-10
2080,2672,517,Purchase,2026-03-27
2081,966,983,Wishlist,2025-12-31
2082,1633,57,Search,2025-10-31
2083,721,625,Wishlist,2025-04-17
2084,2403,615,View,2025-06-05
2085,436,31,Wishlist,2025-03-18
2086,453,824,View,2026-04-22
2087,1078,837,Search,2025-11-04
2088,417,405,View,2026-02-23
2089,190,443,View,2025-09-11
2090,1247,458,Wishlist,2025-04-29
2091,668,609,Wishlist,2025-08-28
2092,1355,422,AddToCart,2025-08-19
2093,2996,894,Search,2025-09-16
2094,1466,570,Purchase,2025-05-16
2095,2486,301,Purchase,2026-06-12
2096,1185,591,Purchase,2025-08-09
2097,2939,636,Purchase,2025-11-14
2098,1945,776,Wishlist,2025-09-18
2099,1307,900,AddToCart,2026-04-24
2100,518,100,Search,2026-06-12
2101,136,429,Wishlist,2025-12-02
2102,2260,15,AddToCart,2025-01-23
2103,2180,775,Purchase,2026-04-30
2104,2308,804,Purchase,2026-03-18
2105,529,226,Purchase,2026-04-14
2106,372,500,Purchase,2025-08-16
2107,1884,922,Wishlist,2025-06-24
2108,1232,660,Search,2025-01-01
2109,1293,756,Purchase,2025-10-01
2110,2468,39,AddToCart,2025-09-18
2111,2502,688,AddToCart,2025-11-26
2112,1068,238,AddToCart,2025-08-06
2113,455,95,AddToCart,2025-02-09
2114,2366,836,Wishlist,2026-04-05
2115,2415,504,Wishlist,2025-02-23
2116,2800,809,Search,2026-01-13
2117,2430,19,View,2025-10-18
2118,592,30,Purchase,2026-01-11
2119,1041,25,Search,2025-11-01
2120,1892,826,View,2025-02-04
2121,2316,635,Search,2025-12-16
2122,125,260,Search,2025-10-31
2123,928,713,View,2025-03-02
2124,1650,30,Search,2026-06-14
2125,2569,400,AddToCart,2026-06-10
2126,653,26,Search,2026-03-08
2127,1589,866,AddToCart,2026-03-13
2128,1406,968,Wishlist,2025-06-23
2129,730,780,Search,2025-05-17
2130,2737,889,Wishlist,2025-09-20
2131,1122,991,Search,2025-03-24
2132,1166,794,Search,2025-10-02
2133,2582,383,Purchase,2025-06-28
2134,2263,924,View,2026-06-09
2135,2457,764,Purchase,2026-04-03
2136,2668,814,AddToCart,2025-05-19
2137,2543,766,Purchase,2025-06-22
2138,2662,833,Wishlist,2025-01-21
2139,2020,600,Purchase,2025-12-26
2140,2944,868,Search,2025-03-08
2141,2764,340,AddToCart,2026-03-22
2142,2941,573,View,2026-06-20
2143,1639,69,View,2025-02-20
2144,1530,566,Purchase,2025-06-12
2145,818,24,Search,2026-02-20
2146,2278,10,Purchase,2025-10-01
2147,1946,147,View,2025-02-20
2148,450,759,Search,2025-04-21
2149,2511,369,Wishlist,2025-11-19
2150,2993,447,AddToCart,2025-09-15
2151,2328,533,Purchase,2025-12-11
2152,1555,290,Purchase,2026-02-27
2153,720,480,Search,2026-02-20
2154,1974,712,Wishlist,2025-03-30
2155,2040,964,Wishlist,2025-07-03
2156,995,766,Purchase,2026-03-28
2157,207,460,Search,2026-05-12
2158,977,139,Search,2026-03-01
2159,1534,195,Wishlist,2025-12-28
2160,2000,770,Wishlist,2026-02-17
2161,762,931,Search,2025-08-25
2162,656,948,Purchase,2025-11-30
2163,864,971,AddToCart,2025-07-25
2164,2411,246,Search,2025-08-08
2165,2140,750,Purchase,2025-04-07
2166,2564,541,Purchase,2025-07-17
2167,2719,70,Search,2025-10-05
2168,2130,733,View,2025-09-10
2169,1674,826,Wishlist,2026-05-30
2170,2789,946,AddToCart,2025-01-15
2171,1104,544,Wishlist,2025-01-02
2172,2495,563,Search,2025-09-14
2173,2840,986,Wishlist,2025-03-09
2174,2589,724,Purchase,2025-02-04
2175,2135,915,Search,2025-04-27
2176,2837,260,Purchase,2026-03-27
2177,2144,1000,Search,2025-02-02
2178,2383,702,Search,2026-04-09
2179,1510,804,Wishlist,2025-11-07
2180,1715,832,Wishlist,2025-05-02
2181,2371,615,Purchase,2026-01-02
2182,1688,172,Wishlist,2025-01-29
2183,2906,56,Wishlist,2025-01-08
2184,406,658,View,2025-05-12
2185,1673,454,Wishlist,2025-05-14
2186,709,807,Purchase,2025-05-29
2187,370,391,View,2025-11-26
2188,882,487,Search,2025-02-15
2189,2446,316,AddToCart,2025-08-26
2190,1377,446,AddToCart,2025-04-19
2191,605,500,Wishlist,2025-07-26
2192,1256,645,Purchase,2025-12-20
2193,2952,718,View,2025-12-24
2194,522,547,AddToCart,2025-07-26
2195,2128,709,Purchase,2026-04-17
2196,1509,736,View,2026-06-27
2197,1111,157,Purchase,2026-01-21
2198,304,692,Purchase,2025-04-27
2199,273,549,Wishlist,2025-10-05
2200,783,692,AddToCart,2025-03-05
2201,1151,278,AddToCart,2025-01-01
2202,1703,609,View,2025-06-30
2203,2762,365,Search,2025-11-17
2204,2334,474,Purchase,2026-02-14
2205,2564,91,View,2025-11-28
2206,1491,391,Purchase,2025-09-12
2207,1027,990,Wishlist,2025-11-17
2208,77,332,AddToCart,2025-03-07
2209,2907,670,Wishlist,2025-01-19
2210,787,812,Wishlist,2025-10-06
2211,843,448,Purchase,2025-06-12
2212,421,58,Search,2025-05-25
2213,2633,957,Search,2025-12-12
2214,749,633,View,2025-06-28
2215,199,25,View,2025-10-06
2216,1912,104,Search,2026-01-29
2217,1069,228,Purchase,2025-03-29
2218,2136,479,View,2026-04-28
2219,2928,773,Purchase,2025-10-05
2220,221,65,Purchase,2025-03-30
2221,691,79,Purchase,2025-09-21
2222,1570,876,AddToCart,2025-11-16
2223,2264,743,AddToCart,2026-03-26
2224,2415,873,AddToCart,2025-09-29
2225,2822,751,Search,2025-09-24
2226,867,655,Search,2025-01-19
2227,282,607,Purchase,2026-06-06
2228,1873,283,Search,2025-07-09
2229,972,548,AddToCart,2025-09-14
2230,760,930,AddToCart,2026-01-04
2231,1128,53,View,2026-03-26
2232,2270,98,Search,2025-07-15
2233,2080,883,Wishlist,2025-03-22
2234,903,798,Purchase,2025-08-02
2235,2475,101,View,2026-02-01
2236,192,795,AddToCart,2025-04-09
2237,1743,579,Search,2026-02-20
2238,1080,573,View,2025-11-01
2239,2463,636,View,2025-03-08
2240,1062,267,Wishlist,2026-05-18
2241,2809,481,AddToCart,2025-12-22
2242,1276,492,Wishlist,2026-06-25
2243,2494,66,Wishlist,2026-02-27
2244,1765,210,Search,2025-11-25
2245,887,792,View,2025-11-28
2246,957,801,Wishlist,2025-06-05
2247,29,329,AddToCart,2026-05-23
2248,2855,346,View,2026-04-28
2249,313,452,Search,2025-10-09
2250,1601,900,Wishlist,2025-06-15
2251,919,669,View,2025-02-02
2252,155,930,View,2026-03-11
2253,1133,544,View,2026-03-19
2254,2867,849,Wishlist,2025-07-03
2255,2,947,Purchase,2026-05-12
2256,775,744,Search,2025-03-01
2257,1528,442,View,2025-04-23
2258,2140,832,AddToCart,2025-09-26
2259,2448,278,Purchase,2025-04-08
2260,1231,28,AddToCart,2025-06-06
2261,959,951,View,2026-01-12
2262,271,499,AddToCart,2026-01-09
2263,278,55,AddToCart,2025-07-23
2264,53,664,AddToCart,2026-01-05
2265,1692,297,Search,2026-04-25
2266,1016,328,Wishlist,2025-06-27
2267,2222,198,Purchase,2025-02-21
2268,342,236,View,2025-05-22
2269,2478,400,Purchase,2026-03-24
2270,1575,533,Search,2025-03-16
2271,2165,8,View,2025-09-14
2272,2686,272,Search,2025-12-13
2273,262,30,Wishlist,2026-04-19
2274,357,117,Wishlist,2026-06-22
2275,1046,310,Purchase,2025-04-13
2276,562,397,Wishlist,2025-10-05
2277,2806,440,Wishlist,2025-04-08
2278,1612,953,Purchase,2025-03-28
2279,988,399,Purchase,2026-03-16
2280,76,199,Search,2026-06-22
2281,1036,176,Purchase,2025-07-27
2282,944,455,View,2025-07-30
2283,977,776,View,2025-01-17
2284,573,752,AddToCart,2025-09-22
2285,495,331,AddToCart,2026-03-13
2286,1886,300,Wishlist,2025-01-15
2287,245,288,Wishlist,2026-04-16
2288,1592,924,Purchase,2025-08-04
2289,2607,333,Purchase,2026-06-27
2290,427,245,View,2025-09-10
2291,1389,128,AddToCart,2026-05-21
2292,1404,572,Purchase,2025-01-08
2293,1631,691,View,2025-07-13
2294,1246,980,AddToCart,2026-02-05
2295,2963,316,Search,2025-01-16
2296,93,515,Wishlist,2025-10-31
2297,206,915,View,2025-07-30
2298,839,589,View,2025-12-17
2299,761,94,View,2026-02-28
2300,650,849,Search,2025-12-15
2301,233,203,AddToCart,2025-08-19
2302,2970,174,Purchase,2026-03-29
2303,2441,130,AddToCart,2026-04-17
2304,349,870,Wishlist,2025-07-24
2305,1271,52,Search,2025-06-11
2306,712,560,Purchase,2025-11-17
2307,1570,375,Search,2025-03-01
2308,1832,402,Wishlist,2026-01-06
2309,2488,587,View,2025-11-29
2310,1056,784,View,2025-08-16
2311,2334,389,Purchase,2026-03-09
2312,936,253,Purchase,2025-04-01
2313,117,846,Search,2026-02-28
2314,604,15,Purchase,2025-11-23
2315,1797,184,Purchase,2025-08-07
2316,2183,62,AddToCart,2025-11-30
2317,2576,300,Search,2025-01-10
2318,495,893,Search,2025-06-20
2319,2248,543,Wishlist,2025-10-08
2320,1205,593,AddToCart,2025-07-16
2321,2695,295,Search,2025-01-13
2322,1917,436,Purchase,2026-01-28
2323,1360,408,Wishlist,2026-06-13
2324,1265,821,Wishlist,2025-11-25
2325,1955,358,View,2025-10-06
2326,291,119,AddToCart,2025-06-26
2327,848,527,Purchase,2026-05-05
2328,336,685,AddToCart,2025-05-10
2329,1750,746,View,2025-01-31
2330,880,372,AddToCart,2026-03-25
2331,877,848,AddToCart,2026-03-21
2332,2419,987,View,2026-05-24
2333,1541,109,Purchase,2025-11-16
2334,1014,28,Purchase,2025-01-16
2335,505,554,View,2025-10-03
2336,808,230,Purchase,2025-11-11
2337,1478,830,Search,2025-05-02
2338,2545,572,Wishlist,2025-09-28
2339,2209,901,Wishlist,2025-04-18
2340,401,167,Search,2026-01-27
2341,2276,114,Search,2026-05-03
2342,1462,209,View,2026-03-12
2343,2810,152,Search,2025-12-21
2344,658,253,View,2026-05-20
2345,2643,747,Search,2025-08-13
2346,1528,840,View,2025-12-04
2347,2605,743,AddToCart,2025-01-12
2348,2079,391,AddToCart,2025-05-03
2349,2165,324,View,2025-07-27
2350,549,847,Search,2026-04-05
2351,2448,226,View,2025-05-13
2352,2109,389,Search,2025-07-02
2353,2686,798,Search,2026-05-25
2354,1524,283,AddToCart,2026-02-16
2355,1741,675,AddToCart,2026-05-24
2356,340,300,View,2025-11-03
2357,1183,654,View,2025-06-27
2358,708,796,View,2025-12-19
2359,860,360,AddToCart,2025-07-07
2360,2534,352,Search,2026-05-30
2361,787,442,Purchase,2026-05-06
2362,1770,924,Search,2025-06-07
2363,2306,663,View,2025-11-28
2364,2851,975,View,2026-06-15
2365,661,959,Wishlist,2026-01-06
2366,1527,795,Purchase,2025-05-22
2367,2184,931,AddToCart,2025-12-17
2368,1850,78,Purchase,2025-10-26
2369,30,78,View,2025-07-26
2370,1503,381,Search,2025-11-12
2371,807,140,Search,2026-03-09
2372,403,518,Wishlist,2026-05-25
2373,1961,384,Wishlist,2025-05-17
2374,1941,232,AddToCart,2026-02-14
2375,1271,661,AddToCart,2026-04-23
2376,2219,458,Search,2025-10-07
2377,2542,265,AddToCart,2025-01-19
2378,2716,402,AddToCart,2025-05-30
2379,2485,610,Search,2025-10-18
2380,2147,443,Search,2025-04-24
2381,862,563,Wishlist,2026-02-01
2382,176,336,Search,2025-03-08
2383,1964,940,AddToCart,2026-01-06
2384,2594,541,Purchase,2025-12-15
2385,591,421,AddToCart,2025-12-26
2386,1989,239,Wishlist,2025-03-28
2387,291,646,Purchase,2025-05-03
2388,513,221,AddToCart,2025-03-31
2389,2122,279,Search,2025-02-12
2390,395,722,AddToCart,2025-01-16
2391,2762,704,Purchase,2025-12-31
2392,1401,414,View,2025-02-08
2393,1308,227,Purchase,2025-03-01
2394,250,292,Wishlist,2025-10-09
2395,1548,130,View,2025-01-27
2396,1131,305,View,2025-01-25
2397,1353,388,Purchase,2025-08-24
2398,2303,952,Search,2025-12-26
2399,333,118,Wishlist,2026-05-05
2400,2027,181,Wishlist,2025-09-11
2401,94,674,Wishlist,2026-03-10
2402,442,856,Purchase,2025-02-01
2403,1555,736,Wishlist,2025-03-29
2404,2240,44,AddToCart,2026-06-28
2405,1632,29,Search,2025-08-26
2406,2099,783,AddToCart,2025-01-25
2407,1552,274,Search,2025-07-13
2408,1389,917,Purchase,2025-01-28
2409,2354,990,AddToCart,2025-05-12
2410,1277,989,AddToCart,2025-02-02
2411,161,257,AddToCart,2025-07-16
2412,462,884,Search,2025-03-20
2413,952,403,Wishlist,2025-02-17
2414,422,997,Purchase,2026-01-08
2415,2982,445,Search,2026-06-28
2416,2608,467,Search,2025-07-30
2417,726,228,View,2025-09-15
2418,86,96,Wishlist,2026-01-02
2419,1248,742,Search,2026-05-10
2420,1086,744,Purchase,2025-11-15
2421,229,103,Wishlist,2025-09-15
2422,2740,406,Search,2025-11-23
2423,1892,767,View,2025-01-12
2424,341,293,Wishlist,2025-10-29
2425,1092,829,Wishlist,2025-07-25
2426,1973,245,AddToCart,2026-01-04
2427,768,965,Wishlist,2025-03-28
2428,869,170,Wishlist,2026-07-01
2429,1873,524,Purchase,2026-06-02
2430,157,260,View,2026-05-09
2431,1765,320,Search,2026-05-31
2432,833,720,Wishlist,2025-07-27
2433,1868,954,Wishlist,2025-05-26
2434,1742,677,Wishlist,2026-02-04
2435,595,294,Search,2025-12-10
2436,824,798,View,2025-06-08
2437,718,35,Search,2026-03-20
2438,539,646,Search,2025-11-19
2439,327,800,Wishlist,2025-10-06
2440,2357,835,View,2025-10-08
2441,279,537,Wishlist,2025-12-16
2442,920,938,Wishlist,2026-06-01
2443,1795,985,Wishlist,2025-02-16
2444,512,275,Wishlist,2025-05-10
2445,365,615,Search,2025-10-20
2446,2369,665,Purchase,2025-12-14
2447,2685,398,Wishlist,2025-03-17
2448,764,225,Purchase,2025-09-04
2449,192,133,Wishlist,2025-10-03
2450,805,207,View,2025-12-22
2451,1156,644,View,2025-10-22
2452,387,750,AddToCart,2025-09-02
2453,1272,572,AddToCart,2025-11-06
2454,1741,963,View,2025-08-29
2455,3000,134,View,2026-04-28
2456,2956,324,Wishlist,2026-03-30
2457,1376,416,View,2026-01-07
2458,1275,923,Search,2025-06-25
2459,1626,802,Search,2025-12-20
2460,2257,299,Purchase,2025-11-17
2461,1692,405,Wishlist,2025-01-30
2462,1322,438,Purchase,2025-01-28
2463,2017,141,Purchase,2025-01-20
2464,2491,344,Purchase,2025-05-10
2465,615,681,Purchase,2026-05-12
2466,2916,215,Search,2026-06-01
2467,2294,845,Wishlist,2025-01-08
2468,1348,765,Search,2025-06-24
2469,2780,337,AddToCart,2025-09-02
2470,627,862,Purchase,2025-10-10
2471,857,445,View,2025-05-07
2472,2508,47,View,2025-04-26
2473,2947,847,AddToCart,2025-08-07
2474,2431,465,AddToCart,2025-04-21
2475,598,704,Purchase,2026-04-01
2476,268,314,AddToCart,2025-06-01
2477,2735,431,Search,2025-04-07
2478,453,499,Wishlist,2025-06-11
2479,1494,123,View,2026-03-10
2480,2863,344,Search,2025-01-12
2481,2057,284,Search,2025-10-05
2482,2297,586,Purchase,2025-04-25
2483,978,389,AddToCart,2026-05-15
2484,1300,274,Wishlist,2025-06-17
2485,1748,477,Wishlist,2025-10-24
2486,387,159,AddToCart,2026-04-23
2487,499,211,Wishlist,2025-09-21
2488,2867,189,Purchase,2025-04-10
2489,178,917,View,2025-09-15
2490,612,716,Purchase,2025-05-31
2491,61,253,AddToCart,2026-01-02
2492,2567,191,AddToCart,2025-10-06
2493,1533,567,Search,2025-05-18
2494,2822,398,View,2025-06-03
2495,1115,478,Search,2026-01-11
2496,181,163,View,2026-02-05
2497,2020,366,View,2026-05-02
2498,535,701,AddToCart,2026-04-23
2499,1697,639,AddToCart,2025-02-08
2500,1250,562,Purchase,2025-06-25
2501,984,630,Wishlist,2026-02-28
2502,2652,60,AddToCart,2026-04-28
2503,2814,695,View,2026-02-14
2504,453,820,AddToCart,2026-02-19
2505,2886,380,View,2026-02-16
2506,603,737,Purchase,2026-05-04
2507,2447,650,Wishlist,2025-05-05
2508,702,575,AddToCart,2025-01-24
2509,2224,587,Search,2025-09-06
2510,526,412,Wishlist,2025-12-20
2511,2167,530,AddToCart,2026-06-28
2512,1249,854,Search,2025-07-02
2513,1541,772,Wishlist,2025-05-26
2514,631,288,Wishlist,2025-06-22
2515,805,265,Search,2026-06-09
2516,1621,601,Wishlist,2025-08-30
2517,1154,656,AddToCart,2025-09-21
2518,213,214,AddToCart,2025-04-28
2519,1628,10,Search,2025-08-25
2520,306,773,AddToCart,2025-04-09
2521,2255,885,Purchase,2026-03-11
2522,1969,374,Purchase,2026-03-22
2523,2,389,Search,2025-11-13
2524,2102,490,Search,2025-10-16
2525,1147,784,View,2025-08-19
2526,2302,331,Search,2026-02-12
2527,1810,207,Purchase,2026-05-15
2528,506,99,Search,2026-01-02
2529,1505,110,View,2025-12-11
2530,1305,19,AddToCart,2026-01-03
2531,2732,768,AddToCart,2025-12-12
2532,2802,974,Search,2026-03-04
2533,2513,817,Wishlist,2025-05-15
2534,1876,461,View,2026-03-14
2535,2837,594,Wishlist,2025-03-24
2536,2132,150,Wishlist,2026-06-17
2537,891,347,Search,2025-10-16
2538,2962,344,Search,2026-02-23
2539,288,521,Purchase,2025-04-06
2540,2761,977,Wishlist,2025-05-07
2541,240,591,View,2026-03-21
2542,2713,309,Search,2026-04-24
2543,1249,988,View,2026-02-21
2544,1797,720,View,2026-01-12
2545,2215,226,AddToCart,2026-03-01
2546,518,960,View,2026-01-14
2547,852,835,Purchase,2026-04-04
2548,1323,152,Wishlist,2025-04-02
2549,505,175,Purchase,2026-03-09
2550,869,785,Wishlist,2026-05-02
2551,2820,763,Search,2026-01-21
2552,608,611,View,2025-01-03
2553,1534,947,Purchase,2025-03-23
2554,1072,448,Wishlist,2025-10-11
2555,966,361,AddToCart,2026-03-21
2556,944,594,AddToCart,2026-05-09
2557,1351,91,Wishlist,2025-12-27
2558,844,677,AddToCart,2025-03-17
2559,1419,364,Search,2025-02-13
2560,1212,324,View,2026-06-03
2561,2500,406,AddToCart,2025-06-22
2562,1969,882,Purchase,2025-06-29
2563,2030,745,Purchase,2025-02-27
2564,961,887,Wishlist,2026-06-12
2565,1752,277,AddToCart,2026-03-13
2566,797,86,Wishlist,2025-03-27
2567,994,711,Purchase,2026-02-27
2568,608,396,Purchase,2026-02-03
2569,1533,218,Search,2026-05-04
2570,2148,841,Purchase,2026-07-05
2571,27,686,AddToCart,2026-02-05
2572,1243,42,Wishlist,2025-09-27
2573,2875,924,View,2025-04-20
2574,182,872,Wishlist,2025-01-29
2575,2755,641,AddToCart,2025-05-20
2576,117,941,Purchase,2026-05-28
2577,2857,226,Search,2026-06-23
2578,2822,832,AddToCart,2025-07-29
2579,846,106,Search,2026-03-16
2580,334,308,Wishlist,2025-02-21
2581,1879,206,View,2026-04-06
2582,1388,714,Search,2025-09-13
2583,324,318,View,2025-08-20
2584,1989,930,Wishlist,2026-06-29
2585,2070,243,Search,2025-04-25
2586,2015,493,Purchase,2025-04-08
2587,1834,902,Search,2025-10-29
2588,1395,873,View,2025-12-02
2589,766,3,Wishlist,2025-05-13
2590,2818,693,Purchase,2025-07-10
2591,1780,917,View,2025-10-30
2592,2352,867,Search,2026-02-26
2593,830,913,Search,2026-05-18
2594,1550,941,View,2025-04-16
2595,942,99,Purchase,2025-09-17
2596,352,714,Wishlist,2026-05-13
2597,26,65,Search,2025-02-14
2598,2652,806,View,2025-01-24
2599,1761,10,AddToCart,2025-03-15
2600,911,446,Wishlist,2025-01-26
2601,1623,507,Wishlist,2025-02-09
2602,633,256,Purchase,2026-03-07
2603,736,385,Purchase,2025-05-07
2604,461,108,View,2025-04-01
2605,2950,558,Search,2025-06-20
2606,1615,483,Purchase,2026-01-18
2607,1520,567,Search,2025-12-13
2608,2045,160,Purchase,2025-06-13
2609,1289,330,AddToCart,2025-04-01
2610,788,39,Search,2026-01-12
2611,2172,207,Purchase,2025-01-01
2612,2077,664,Search,2026-02-02
2613,1866,898,AddToCart,2025-01-15
2614,2716,882,Purchase,2025-01-25
2615,709,59,View,2026-06-04
2616,2307,41,AddToCart,2025-08-09
2617,2882,254,View,2025-07-31
2618,203,808,AddToCart,2025-01-16
2619,1102,311,Purchase,2026-01-16
2620,2901,239,Search,2025-12-29
2621,166,223,View,2025-02-28
2622,2254,825,Search,2025-02-09
2623,1015,489,Wishlist,2025-07-11
2624,821,552,View,2025-01-03
2625,2844,512,Purchase,2025-10-22
2626,2121,536,Wishlist,2025-08-15
2627,876,205,Search,2025-01-30
2628,703,852,View,2026-06-30
2629,2413,937,AddToCart,2026-02-22
2630,1757,266,Search,2025-03-17
2631,2723,727,View,2025-07-27
2632,1808,846,View,2025-07-14
2633,2154,377,Search,2025-11-13
2634,2655,432,Search,2025-05-28
2635,822,675,Purchase,2026-05-18
2636,2172,880,Purchase,2026-05-02
2637,2658,87,Wishlist,2025-03-11
2638,1910,537,View,2025-02-23
2639,949,331,Purchase,2025-02-19
2640,1955,91,Search,2026-03-10
2641,608,912,Search,2026-05-28
2642,1639,505,AddToCart,2025-08-05
2643,236,600,Purchase,2025-09-13
2644,2798,821,Wishlist,2025-08-29
2645,2473,249,Search,2025-03-04
2646,2297,703,Wishlist,2025-04-25
2647,191,22,Purchase,2025-09-08
2648,1356,989,AddToCart,2025-12-21
2649,2278,897,AddToCart,2025-06-18
2650,262,965,Search,2025-08-03
2651,2609,269,Purchase,2025-01-27
2652,391,55,Search,2026-01-11
2653,2907,917,Purchase,2025-08-03
2654,1160,818,Purchase,2025-01-26
2655,2908,348,View,2026-05-02
2656,2163,740,View,2026-03-07
2657,327,555,Purchase,2026-01-10
2658,2846,693,Search,2025-03-01
2659,1872,137,View,2026-01-30
2660,711,772,Purchase,2025-08-02
2661,2636,846,View,2025-02-27
2662,1091,635,Search,2025-08-19
2663,1434,845,View,2026-01-07
2664,1860,779,Purchase,2026-01-01
2665,1484,526,Wishlist,2025-09-27
2666,1789,304,Wishlist,2026-03-26
2667,143,796,AddToCart,2025-11-30
2668,991,124,View,2026-04-06
2669,1877,607,Purchase,2026-03-14
2670,437,270,Wishlist,2025-11-11
2671,2690,463,AddToCart,2025-09-28
2672,1995,260,Search,2025-02-02
2673,726,481,Wishlist,2025-11-20
2674,1732,497,AddToCart,2025-03-03
2675,77,574,View,2025-05-07
2676,586,581,Wishlist,2026-06-15
2677,2273,517,Search,2026-04-14
2678,1871,625,Wishlist,2026-05-06
2679,1133,100,AddToCart,2026-02-12
2680,484,378,Search,2025-05-03
2681,350,936,Purchase,2026-06-09
2682,2188,659,View,2025-09-22
2683,609,419,View,2025-06-12
2684,264,47,View,2026-02-01
2685,2207,548,View,2025-02-06
2686,2990,467,Search,2025-04-06
2687,521,343,Search,2025-12-04
2688,587,460,AddToCart,2025-10-07
2689,450,362,Wishlist,2025-08-12
2690,2004,797,Wishlist,2025-03-03
2691,2542,390,Search,2026-06-01
2692,1408,116,Wishlist,2026-02-19
2693,2859,787,Search,2025-05-16
2694,2595,855,AddToCart,2026-06-03
2695,1486,235,View,2025-09-26
2696,2364,626,Wishlist,2025-07-21
2697,1871,880,Purchase,2026-04-13
2698,761,249,AddToCart,2025-04-06
2699,2183,456,View,2025-01-16
2700,931,481,Wishlist,2026-04-03
2701,2999,514,View,2025-08-25
2702,1739,953,Wishlist,2026-02-23
2703,889,902,Purchase,2026-06-10
2704,1551,548,AddToCart,2026-06-04
2705,738,815,Search,2025-08-14
2706,858,269,AddToCart,2026-06-10
2707,1316,217,Wishlist,2025-05-25
2708,821,550,Wishlist,2025-09-20
2709,2169,580,Purchase,2025-10-31
2710,827,478,View,2025-03-01
2711,1224,40,AddToCart,2025-03-04
2712,1606,100,Search,2025-12-11
2713,557,463,Search,2025-01-16
2714,1129,908,Purchase,2025-04-15
2715,396,837,Search,2025-05-11
2716,525,848,Search,2025-03-15
2717,1962,142,Wishlist,2026-04-09
2718,1031,341,AddToCart,2025-09-10
2719,1642,999,Wishlist,2025-07-13
2720,2497,491,Wishlist,2025-01-01
2721,1879,928,Search,2025-04-14
2722,458,766,AddToCart,2025-07-11
2723,1281,863,Search,2026-02-04
2724,67,389,AddToCart,2025-01-17
2725,2174,479,View,2025-12-19
2726,2662,909,Purchase,2026-04-23
2727,1765,883,Search,2026-02-28
2728,54,933,Wishlist,2025-07-26
2729,971,452,Wishlist,2026-05-25
2730,1315,84,AddToCart,2025-06-29
2731,1889,502,View,2025-09-15
2732,1894,844,AddToCart,2025-05-26
2733,2017,769,Wishlist,2025-05-10
2734,135,257,AddToCart,2025-05-22
2735,804,322,Search,2025-01-20
2736,1526,276,AddToCart,2025-04-27
2737,588,736,AddToCart,2025-04-14
2738,47,888,Purchase,2025-01-05
2739,2297,645,Search,2025-10-14
2740,2251,686,AddToCart,2025-11-20
2741,1492,475,AddToCart,2025-01-02
2742,1746,851,Wishlist,2025-05-25
2743,709,445,Search,2026-01-05
2744,2262,306,View,2026-05-25
2745,2913,292,Search,2025-09-18
2746,739,366,Purchase,2025-01-27
2747,759,923,Purchase,2026-03-14
2748,1505,964,Search,2025-05-20
2749,2404,701,Search,2026-04-19
2750,941,315,Purchase,2025-04-07
2751,1210,488,View,2026-05-06
2752,559,82,Wishlist,2026-05-14
2753,612,189,AddToCart,2025-01-05
2754,2966,940,AddToCart,2026-06-17
2755,760,483,Wishlist,2025-08-17
2756,1191,706,View,2026-02-24
2757,2244,32,Search,2026-02-11
2758,2818,236,Wishlist,2025-04-07
2759,1385,77,View,2025-09-18
2760,1968,119,Wishlist,2025-11-28
2761,736,555,Search,2025-03-11
2762,63,140,View,2026-01-24
2763,2749,503,Wishlist,2025-04-07
2764,1257,429,View,2025-10-22
2765,1226,136,Purchase,2025-10-30
2766,1128,887,AddToCart,2025-06-14
2767,1254,712,Purchase,2025-01-25
2768,1257,605,Search,2025-04-13
2769,1509,25,AddToCart,2026-01-13
2770,2637,536,Purchase,2025-12-21
2771,2059,159,Wishlist,2025-12-03
2772,1272,675,Search,2026-05-03
2773,2417,209,View,2025-03-20
2774,319,679,Wishlist,2026-03-13
2775,2378,173,Wishlist,2025-10-22
2776,1219,198,AddToCart,2025-07-23
2777,1496,534,Purchase,2026-02-07
2778,2068,749,Wishlist,2026-06-09
2779,972,837,Purchase,2026-03-22
2780,521,670,Purchase,2026-04-01
2781,2305,825,Wishlist,2025-08-09
2782,502,414,View,2025-08-27
2783,2718,939,AddToCart,2025-10-11
2784,526,708,Purchase,2025-01-18
2785,1511,229,Purchase,2025-02-10
2786,289,475,AddToCart,2025-09-11
2787,1719,579,View,2026-05-19
2788,2705,875,Search,2025-01-25
2789,1834,227,View,2026-04-10
2790,2215,567,View,2025-05-05
2791,1208,355,AddToCart,2026-03-21
2792,1079,656,View,2026-04-07
2793,1240,886,View,2025-06-24
2794,735,833,Search,2025-03-06
2795,562,485,AddToCart,2025-06-25
2796,1278,573,View,2025-05-30
2797,55,3,View,2025-11-01
2798,2321,257,Purchase,2026-01-08
2799,1095,520,Wishlist,2025-09-27
2800,1456,534,Purchase,2025-08-22
2801,1740,761,Wishlist,2026-03-02
2802,1490,904,Search,2026-05-21
2803,2786,585,AddToCart,2026-02-05
2804,2718,986,AddToCart,2025-01-09
2805,1936,913,AddToCart,2026-04-28
2806,498,776,Search,2025-04-03
2807,454,176,AddToCart,2026-02-11
2808,2320,84,Purchase,2026-04-18
2809,2377,91,Search,2026-02-23
2810,2581,849,View,2025-08-18
2811,1160,424,Wishlist,2025-09-06
2812,1659,127,View,2026-03-05
2813,1973,751,Purchase,2026-03-08
2814,364,529,Search,2025-01-12
2815,682,668,Wishlist,2025-09-17
2816,692,54,Search,2025-07-25
2817,2099,343,AddToCart,2025-12-21
2818,1357,521,Search,2025-10-28
2819,2736,549,Purchase,2025-12-03
2820,2195,147,Purchase,2026-01-25
2821,1561,619,Search,2026-05-26
2822,1636,110,Search,2025-08-27
2823,1574,775,AddToCart,2025-04-30
2824,2151,666,AddToCart,2025-07-14
2825,89,194,Wishlist,2025-06-14
2826,851,509,View,2025-09-03
2827,2355,547,Wishlist,2026-05-22
2828,2654,571,View,2025-04-26
2829,2428,616,View,2025-10-15
2830,184,171,Wishlist,2025-02-25
2831,846,855,Wishlist,2025-06-13
2832,1151,867,AddToCart,2026-03-19
2833,2485,992,AddToCart,2025-07-24
2834,2305,644,Purchase,2025-10-09
2835,2468,14,Search,2025-10-31
2836,2454,6,View,2025-07-20
2837,2234,868,View,2025-11-27
2838,1712,33,AddToCart,2026-03-18
2839,1391,712,AddToCart,2025-08-14
2840,2056,645,Purchase,2025-11-06
2841,2488,243,View,2025-07-20
2842,921,380,Search,2025-04-13
2843,167,764,AddToCart,2025-07-22
2844,2941,329,Purchase,2025-09-30
2845,1567,445,View,2026-01-02
2846,1347,295,AddToCart,2025-05-28
2847,2390,452,Purchase,2025-04-27
2848,2290,161,Purchase,2026-01-21
2849,2458,749,AddToCart,2026-03-18
2850,2038,531,Search,2026-01-09
2851,160,708,Search,2026-04-16
2852,1873,223,View,2025-01-08
2853,1462,576,AddToCart,2025-10-30
2854,2801,872,Search,2026-05-06
2855,2849,587,Purchase,2025-01-06
2856,1126,199,View,2025-03-28
2857,269,248,Search,2026-01-06
2858,2739,126,Purchase,2025-07-16
2859,2586,162,Purchase,2025-12-25
2860,2876,613,Wishlist,2026-02-28
2861,2692,315,View,2025-05-01
2862,300,164,Search,2025-11-01
2863,605,174,AddToCart,2026-03-18
2864,1238,260,Wishlist,2025-05-08
2865,2026,786,View,2026-01-11
2866,935,431,View,2025-02-25
2867,954,232,Search,2025-08-03
2868,2142,596,Wishlist,2025-02-13
2869,42,899,Wishlist,2026-03-04
2870,755,644,AddToCart,2025-07-03
2871,1573,520,Search,2026-05-09
2872,2272,367,Purchase,2026-06-02
2873,614,452,Wishlist,2025-01-09
2874,1100,418,Purchase,2025-11-23
2875,1657,116,Search,2025-08-15
2876,855,251,View,2026-02-08
2877,820,622,View,2026-04-14
2878,2172,422,AddToCart,2025-02-08
2879,1986,557,View,2025-01-08
2880,2129,415,AddToCart,2025-07-13
2881,1840,664,Purchase,2025-01-01
2882,2251,485,View,2025-04-07
2883,1400,894,Search,2026-06-09
2884,1576,330,AddToCart,2026-01-13
2885,1766,719,Search,2026-01-01
2886,2116,136,AddToCart,2025-03-03
2887,2625,289,Search,2026-03-25
2888,2027,55,Wishlist,2026-01-19
2889,1206,949,Purchase,2025-12-26
2890,2664,988,Wishlist,2025-10-13
2891,232,921,Wishlist,2025-01-27
2892,26,527,View,2025-12-18
2893,1145,859,Wishlist,2025-07-27
2894,752,797,Purchase,2025-06-02
2895,1488,379,Wishlist,2025-12-15
2896,2032,521,View,2025-01-18
2897,1053,762,AddToCart,2025-11-13
2898,1635,676,Wishlist,2025-05-15
2899,424,775,Wishlist,2025-12-09
2900,1981,977,Purchase,2025-03-11
2901,67,635,Search,2025-03-25
2902,52,293,Purchase,2026-01-30
2903,1583,611,AddToCart,2025-07-09
2904,2829,941,AddToCart,2025-03-09
2905,64,620,Search,2025-10-18
2906,2532,96,Wishlist,2025-04-05
2907,836,906,View,2025-07-21
2908,361,54,View,2025-10-13
2909,1148,603,View,2025-01-18
2910,2902,102,Wishlist,2026-03-13
2911,887,413,Purchase,2026-05-25
2912,2412,253,Wishlist,2025-01-02
2913,508,134,AddToCart,2026-01-25
2914,2662,985,Purchase,2025-12-14
2915,2115,906,Search,2025-03-16
2916,880,849,Purchase,2025-07-19
2917,249,863,Purchase,2025-10-24
2918,1117,495,Wishlist,2026-01-25
2919,1446,147,AddToCart,2025-05-21
2920,857,862,Wishlist,2025-06-07
2921,112,29,View,2025-08-08
2922,2263,856,View,2025-12-15
2923,332,584,Purchase,2026-02-14
2924,1044,510,Purchase,2026-03-27
2925,2899,632,AddToCart,2026-03-05
2926,1662,197,Purchase,2025-02-16
2927,2693,574,View,2025-12-05
2928,2450,564,Purchase,2025-08-23
2929,1854,289,View,2025-06-26
2930,1588,788,Search,2025-10-19
2931,2678,641,Search,2026-04-24
2932,1356,150,Search,2025-03-06
2933,2663,6,View,2026-01-18
2934,2460,603,Search,2025-09-28
2935,2785,577,Search,2025-04-02
2936,639,398,AddToCart,2025-03-22
2937,334,944,AddToCart,2025-06-21
2938,2493,694,Search,2025-08-03
2939,1533,845,View,2025-11-06
2940,335,510,Purchase,2025-12-11
2941,2488,684,Wishlist,2025-12-11
2942,1034,352,AddToCart,2026-06-01
2943,375,948,Search,2025-02-23
2944,2546,18,Wishlist,2026-02-14
2945,327,616,Search,2025-05-29
2946,2045,119,View,2025-03-08
2947,1917,90,Search,2026-05-11
2948,1387,959,Search,2025-05-18
2949,141,75,AddToCart,2025-05-16
2950,2986,377,View,2025-07-27
2951,2741,898,Purchase,2026-02-06
2952,2530,934,AddToCart,2025-01-19
2953,2158,661,Purchase,2026-04-12
2954,2727,509,Search,2026-01-31
2955,430,90,Purchase,2026-06-23
2956,1393,135,Purchase,2026-04-16
2957,2205,191,Purchase,2025-09-17
2958,716,924,Wishlist,2026-01-21
2959,340,841,Purchase,2025-06-14
2960,115,734,Wishlist,2026-06-15
2961,759,396,Search,2025-08-28
2962,2641,921,Wishlist,2025-09-21
2963,367,404,Wishlist,2025-08-14
2964,2694,130,View,2026-05-22
2965,2074,783,AddToCart,2026-02-08
2966,21,213,AddToCart,2025-01-24
2967,325,699,View,2025-06-05
2968,2262,348,View,2025-12-31
2969,2135,651,View,2026-06-22
2970,304,428,Search,2025-04-14
2971,2642,957,Search,2026-06-19
2972,1791,222,Purchase,2025-09-21
2973,2198,837,AddToCart,2025-08-28
2974,1334,806,Search,2026-01-02
2975,2475,812,Wishlist,2026-03-09
2976,2064,432,Wishlist,2026-06-10
2977,1150,721,View,2026-01-02
2978,1625,112,Wishlist,2025-04-15
2979,1322,294,Purchase,2025-11-20
2980,1768,587,Purchase,2025-06-05
2981,469,989,Search,2026-02-28
2982,2861,508,AddToCart,2026-01-07
2983,2481,900,Search,2026-03-06
2984,551,879,Purchase,2025-07-22
2985,2830,27,AddToCart,2025-12-22
2986,288,289,Purchase,2025-05-15
2987,2990,621,AddToCart,2025-06-25
2988,2681,184,Purchase,2025-04-27
2989,216,469,Wishlist,2026-04-19
2990,1097,549,Purchase,2026-04-03
2991,580,179,Purchase,2025-12-22
2992,1320,808,Search,2025-05-12
2993,2250,715,Purchase,2025-05-07
2994,1875,452,View,2025-02-22
2995,2438,459,View,2026-05-24
2996,2574,236,Search,2025-05-23
2997,1580,500,Purchase,2025-01-16
2998,693,941,Wishlist,2026-04-29
2999,1097,321,Wishlist,2025-04-22
3000,2682,77,Wishlist,2025-01-18
3001,514,332,View,2026-05-09
3002,2939,554,Purchase,2026-03-15
3003,1195,573,Search,2025-06-19
3004,240,916,Search,2026-01-16
3005,2083,495,View,2026-04-08
3006,1153,631,Search,2025-12-22
3007,917,238,Wishlist,2025-10-13
3008,792,777,Search,2025-05-31
3009,2818,141,Search,2025-05-27
3010,52,35,AddToCart,2025-08-17
3011,292,613,AddToCart,2025-11-11
3012,1974,227,Purchase,2025-08-08
3013,2614,888,Purchase,2026-01-13
3014,1813,503,AddToCart,2026-03-21
3015,884,784,Purchase,2025-11-12
3016,466,869,AddToCart,2025-02-27
3017,889,573,View,2025-02-12
3018,1488,689,View,2025-08-27
3019,2067,802,AddToCart,2026-06-17
3020,2345,909,View,2026-03-08
3021,2882,849,View,2025-02-15
3022,2529,323,Wishlist,2025-01-21
3023,2817,651,View,2025-02-17
3024,1339,731,Wishlist,2026-04-04
3025,1373,941,Purchase,2026-03-04
3026,1532,892,Purchase,2026-05-02
3027,1071,119,Search,2025-07-11
3028,1354,334,AddToCart,2025-05-23
3029,1579,489,Purchase,2025-02-07
3030,66,688,Purchase,2026-03-30
3031,850,323,View,2025-10-16
3032,8,566,View,2026-05-16
3033,1209,781,Purchase,2026-05-23
3034,58,987,Search,2026-04-11
3035,519,471,AddToCart,2025-12-25
3036,2270,129,Search,2026-05-24
3037,2652,915,AddToCart,2025-10-28
3038,1738,128,View,2025-11-16
3039,1064,487,Wishlist,2025-01-17
3040,585,956,AddToCart,2025-07-29
3041,2303,875,Wishlist,2025-09-27
3042,2970,183,Purchase,2025-03-24
3043,2659,396,Search,2025-06-18
3044,1897,594,AddToCart,2026-06-08
3045,1371,254,Wishlist,2025-02-13
3046,735,984,Purchase,2026-04-11
3047,1313,354,Wishlist,2025-09-14
3048,922,132,Wishlist,2026-03-01
3049,694,80,Purchase,2025-08-22
3050,2540,72,AddToCart,2025-03-10
3051,1222,992,AddToCart,2025-05-30
3052,1748,84,Search,2025-02-18
3053,1334,774,Search,2025-04-19
3054,261,804,Search,2026-04-30
3055,1243,698,AddToCart,2025-06-04
3056,2197,121,AddToCart,2025-11-17
3057,2032,699,Purchase,2026-05-28
3058,1053,106,Search,2025-11-19
3059,2203,138,Search,2025-03-01
3060,1273,568,Search,2026-05-09
3061,2933,163,Purchase,2025-01-14
3062,2869,418,Wishlist,2025-09-28
3063,1630,874,AddToCart,2026-04-07
3064,2041,566,View,2026-05-04
3065,1616,956,Search,2025-01-14
3066,2101,268,Purchase,2026-03-25
3067,1630,355,Search,2025-02-22
3068,136,9,AddToCart,2025-02-19
3069,1460,716,Search,2025-01-10
3070,1520,624,Purchase,2025-07-15
3071,2977,946,AddToCart,2025-12-04
3072,1672,954,View,2026-02-10
3073,837,871,View,2025-02-14
3074,2294,479,Wishlist,2026-06-13
3075,2279,380,AddToCart,2025-11-22
3076,2794,144,Search,2026-03-30
3077,2702,593,Search,2025-05-20
3078,568,798,AddToCart,2026-04-19
3079,2449,941,Purchase,2026-03-08
3080,623,95,View,2025-08-22
3081,1178,6,Wishlist,2025-06-27
3082,361,621,Purchase,2025-05-06
3083,2145,542,View,2026-04-01
3084,7,338,Wishlist,2026-06-23
3085,2794,305,Wishlist,2025-05-13
3086,2516,503,View,2026-05-12
3087,1898,933,AddToCart,2026-06-24
3088,2358,743,View,2025-03-22
3089,857,838,View,2026-04-13
3090,1354,901,Purchase,2025-01-01
3091,2741,290,View,2025-05-23
3092,2011,144,AddToCart,2025-04-20
3093,2898,267,Wishlist,2025-05-09
3094,285,660,View,2025-01-02
3095,811,216,Wishlist,2025-02-13
3096,2356,536,Purchase,2025-02-18
3097,2925,423,AddToCart,2025-02-09
3098,1077,819,Wishlist,2025-05-07
3099,675,922,AddToCart,2025-05-27
3100,637,421,View,2025-10-26
3101,1623,881,Search,2025-10-23
3102,1026,725,View,2025-03-01
3103,2905,853,Search,2026-01-23
3104,2979,432,Purchase,2025-01-02
3105,945,551,AddToCart,2025-10-30
3106,1296,390,Wishlist,2025-07-16
3107,1129,337,Search,2025-05-06
3108,364,607,AddToCart,2025-11-26
3109,857,369,Wishlist,2026-03-29
3110,1498,428,AddToCart,2025-11-14
3111,2293,198,AddToCart,2025-06-02
3112,1299,922,View,2025-09-18
3113,337,382,Purchase,2025-06-05
3114,1093,295,View,2025-08-21
3115,773,494,Wishlist,2026-02-24
3116,89,408,View,2026-04-14
3117,1742,1000,Search,2025-09-18
3118,1588,174,Purchase,2026-03-02
3119,2556,848,AddToCart,2025-10-07
3120,2318,92,Search,2025-09-28
3121,2132,593,AddToCart,2025-02-22
3122,1286,777,AddToCart,2026-01-26
3123,1372,447,Search,2025-12-13
3124,228,693,AddToCart,2026-05-08
3125,822,613,AddToCart,2025-04-23
3126,1203,132,Search,2026-02-11
3127,914,580,Wishlist,2026-04-06
3128,1513,625,AddToCart,2025-08-17
3129,2978,45,Search,2026-05-08
3130,802,752,Wishlist,2025-09-02
3131,2847,834,AddToCart,2026-06-07
3132,2754,496,Purchase,2025-02-22
3133,1527,636,Wishlist,2026-05-18
3134,1217,847,Purchase,2025-02-04
3135,2068,198,View,2026-01-28
3136,495,119,Wishlist,2026-05-15
3137,1329,738,View,2025-11-01
3138,915,160,Search,2025-01-17
3139,1391,572,Wishlist,2025-08-10
3140,345,28,Search,2025-09-01
3141,2788,182,View,2025-02-25
3142,1045,671,Purchase,2026-01-10
3143,1457,843,Wishlist,2025-02-02
3144,1374,688,Search,2025-09-03
3145,2042,60,View,2026-01-12
3146,402,495,Purchase,2025-08-03
3147,2461,267,Search,2025-03-30
3148,241,653,Purchase,2025-11-12
3149,1604,639,Wishlist,2025-10-08
3150,2823,112,View,2025-03-15
3151,2735,394,AddToCart,2026-03-27
3152,2188,323,AddToCart,2025-07-07
3153,2432,620,Search,2025-06-06
3154,2332,307,Wishlist,2025-11-26
3155,396,627,AddToCart,2025-11-24
3156,2724,832,View,2025-09-23
3157,2089,439,View,2025-11-05
3158,620,673,View,2025-03-06
3159,1556,589,View,2026-03-09
3160,1420,522,Wishlist,2026-06-06
3161,1178,626,Purchase,2025-11-20
3162,592,659,Search,2025-12-24
3163,2005,704,Purchase,2025-07-12
3164,845,657,Purchase,2026-02-20
3165,593,632,Wishlist,2026-06-29
3166,2559,652,AddToCart,2025-09-22
3167,1464,256,Wishlist,2026-05-21
3168,1289,62,AddToCart,2025-09-14
3169,586,584,Purchase,2026-06-22
3170,2628,724,View,2026-06-03
3171,335,441,View,2025-09-25
3172,2191,570,View,2025-10-12
3173,2340,584,Search,2026-05-28
3174,149,43,Purchase,2025-05-11
3175,1638,789,Purchase,2026-06-15
3176,718,423,Purchase,2026-05-06
3177,1841,459,View,2025-08-11
3178,2500,577,Wishlist,2025-08-17
3179,185,261,Purchase,2025-05-31
3180,1955,751,Search,2025-07-30
3181,1451,962,View,2025-01-11
3182,2625,891,View,2026-06-28
3183,1008,24,Search,2025-10-10
3184,2440,976,AddToCart,2025-03-19
3185,1659,808,Purchase,2025-01-24
3186,2312,201,Purchase,2025-05-07
3187,2326,528,Search,2025-06-12
3188,1287,235,AddToCart,2026-04-27
3189,2663,26,Search,2025-05-14
3190,1534,48,Search,2025-12-25
3191,177,743,AddToCart,2026-04-24
3192,1045,298,AddToCart,2025-05-13
3193,1789,350,View,2026-03-06
3194,1453,632,AddToCart,2026-04-04
3195,2465,188,Wishlist,2026-03-07
3196,2126,70,Wishlist,2025-07-28
3197,2509,65,View,2025-05-04
3198,1842,441,View,2025-10-04
3199,1661,453,Purchase,2026-02-09
3200,2962,890,Wishlist,2025-03-17
3201,1241,960,Purchase,2025-11-10
3202,1885,413,Search,2026-03-18
3203,1089,241,Purchase,2025-08-19
3204,1210,952,Search,2025-08-04
3205,2697,380,AddToCart,2025-03-29
3206,346,987,View,2025-07-16
3207,1066,113,Search,2025-04-18
3208,1769,721,Purchase,2026-04-06
3209,2951,311,Wishlist,2025-05-14
3210,78,465,Wishlist,2026-07-03
3211,2678,194,View,2025-12-23
3212,165,472,Search,2025-11-16
3213,620,463,Purchase,2025-06-04
3214,1222,515,Purchase,2026-07-02
3215,2987,208,Purchase,2026-06-05
3216,1418,506,Wishlist,2025-12-02
3217,1440,328,AddToCart,2025-03-18
3218,1497,820,Wishlist,2026-01-21
3219,1900,888,View,2025-03-05
3220,1233,983,Search,2025-04-05
3221,33,140,Purchase,2026-06-20
3222,2766,408,Wishlist,2025-03-06
3223,2654,18,Wishlist,2025-09-03
3224,2532,82,View,2025-08-23
3225,2050,377,Purchase,2025-02-08
3226,816,104,Search,2025-06-02
3227,106,159,Purchase,2025-06-09
3228,35,966,View,2025-10-08
3229,162,284,AddToCart,2025-07-20
3230,1481,496,Wishlist,2025-11-29
3231,1029,604,Wishlist,2026-06-12
3232,2118,925,Search,2025-10-31
3233,1091,693,Purchase,2025-05-09
3234,476,240,Purchase,2025-01-18
3235,459,653,Search,2025-04-24
3236,463,218,View,2025-03-25
3237,2933,943,View,2025-09-04
3238,1190,28,AddToCart,2025-10-24
3239,1678,765,AddToCart,2026-02-13
3240,1490,672,AddToCart,2025-01-05
3241,1338,943,View,2025-05-07
3242,2646,577,Wishlist,2025-12-19
3243,1253,393,Search,2026-06-17
3244,134,662,AddToCart,2025-12-24
3245,2636,459,AddToCart,2025-10-30
3246,2442,790,View,2025-05-18
3247,1134,805,AddToCart,2026-02-02
3248,1932,705,AddToCart,2026-01-18
3249,444,57,Search,2025-06-07
3250,1680,920,Wishlist,2025-10-21
3251,2951,672,Wishlist,2026-04-06
3252,2504,596,Wishlist,2026-03-12
3253,948,557,AddToCart,2025-02-04
3254,2147,503,Search,2026-04-07
3255,1620,37,Search,2026-07-02
3256,2387,243,Search,2025-08-03
3257,1386,615,Purchase,2025-01-16
3258,2475,62,Search,2025-10-27
3259,2799,517,Search,2026-03-26
3260,151,660,Wishlist,2025-01-24
3261,2201,741,View,2026-04-21
3262,2141,572,View,2025-06-03
3263,458,660,Wishlist,2026-07-04
3264,2939,389,Purchase,2025-12-04
3265,2762,626,Purchase,2026-06-01
3266,1,777,Wishlist,2025-08-02
3267,950,181,Search,2026-05-13
3268,2178,787,Wishlist,2025-07-18
3269,1847,861,AddToCart,2025-05-06
3270,923,48,View,2025-07-16
3271,31,148,AddToCart,2025-09-10
3272,2443,169,AddToCart,2025-03-12
3273,1859,279,AddToCart,2025-07-20
3274,2893,194,Search,2025-06-08
3275,1122,93,Wishlist,2025-02-24
3276,1626,678,Search,2025-01-24
3277,2068,915,View,2026-03-23
3278,2103,109,Search,2026-03-15
3279,1134,625,Search,2025-08-09
3280,1612,749,AddToCart,2025-09-23
3281,2170,505,Purchase,2026-06-30
3282,850,412,AddToCart,2025-02-05
3283,2661,833,View,2025-07-23
3284,2382,289,Purchase,2025-06-03
3285,579,6,AddToCart,2025-07-03
3286,1561,933,Search,2026-05-17
3287,2022,547,Wishlist,2025-08-04
3288,2984,935,View,2025-12-23
3289,2862,546,Wishlist,2026-01-16
3290,2806,654,Wishlist,2025-09-09
3291,2796,646,AddToCart,2026-06-06
3292,2822,667,View,2025-06-02
3293,1460,401,Wishlist,2026-04-05
3294,750,851,AddToCart,2026-03-31
3295,695,851,View,2025-03-21
3296,477,35,Search,2026-01-29
3297,2414,407,Wishlist,2025-06-12
3298,1124,896,View,2025-07-14
3299,2194,544,Wishlist,2025-02-23
3300,997,682,Wishlist,2025-12-05
3301,2089,50,Wishlist,2025-01-22
3302,2784,679,AddToCart,2026-04-26
3303,1593,676,Purchase,2025-01-14
3304,1215,649,Wishlist,2026-01-01
3305,2368,844,Purchase,2026-02-04
3306,598,919,Wishlist,2026-02-12
3307,1145,575,Wishlist,2025-02-12
3308,701,219,Wishlist,2025-10-30
3309,2333,263,AddToCart,2026-05-21
3310,764,882,Search,2025-02-06
3311,2442,543,Wishlist,2026-02-26
3312,2349,171,Wishlist,2025-06-16
3313,1119,573,Purchase,2025-11-03
3314,2368,206,View,2025-04-14
3315,2399,2,Search,2026-01-29
3316,2648,860,Purchase,2025-08-04
3317,2195,140,Purchase,2026-02-23
3318,2412,160,Search,2025-09-27
3319,339,30,Purchase,2026-05-14
3320,965,563,Wishlist,2026-06-30
3321,856,900,View,2025-04-27
3322,2280,974,Purchase,2026-05-16
3323,1980,995,AddToCart,2025-07-10
3324,1325,900,Wishlist,2025-05-02
3325,2083,344,Search,2025-09-12
3326,249,773,AddToCart,2026-06-01
3327,1610,311,Purchase,2026-02-08
3328,121,276,Search,2025-04-17
3329,2122,723,Wishlist,2026-02-18
3330,2114,474,Wishlist,2026-02-18
3331,937,544,Purchase,2026-02-21
3332,1238,551,View,2026-04-25
3333,1893,58,Search,2025-07-01
3334,216,622,AddToCart,2026-05-28
3335,973,838,View,2026-06-22
3336,1841,156,Wishlist,2026-05-26
3337,518,487,Search,2025-10-02
3338,2964,646,View,2025-12-18
3339,2657,842,AddToCart,2025-12-12
3340,2596,301,Search,2026-01-08
3341,320,686,Search,2025-11-10
3342,2609,700,Purchase,2025-06-04
3343,755,837,Purchase,2025-11-03
3344,2018,501,View,2026-03-16
3345,360,243,View,2025-05-23
3346,2572,15,Wishlist,2025-09-16
3347,1881,263,Purchase,2025-08-20
3348,1590,994,AddToCart,2025-06-13
3349,1151,194,View,2025-06-26
3350,962,788,Purchase,2026-02-22
3351,1344,688,View,2025-12-29
3352,679,473,Purchase,2026-05-09
3353,1589,641,Search,2026-04-14
3354,1390,225,Search,2026-02-14
3355,228,265,Wishlist,2026-02-22
3356,306,551,Purchase,2026-07-04
3357,1393,486,View,2025-05-18
3358,1632,834,AddToCart,2025-06-10
3359,1077,401,Search,2025-01-22
3360,223,529,View,2025-01-23
3361,1205,532,AddToCart,2025-07-22
3362,2573,179,Search,2025-08-03
3363,2869,562,Wishlist,2026-06-07
3364,1831,476,Wishlist,2025-10-28
3365,2906,391,AddToCart,2025-12-13
3366,2764,891,View,2026-04-03
3367,2043,316,AddToCart,2025-05-06
3368,1492,390,Wishlist,2025-04-26
3369,695,268,Search,2025-03-21
3370,379,209,View,2025-02-10
3371,1272,757,Wishlist,2026-05-26
3372,1972,444,View,2025-05-05
3373,1271,569,AddToCart,2025-04-05
3374,81,8,Search,2026-02-24
3375,1325,904,Search,2026-01-05
3376,1239,309,Purchase,2026-01-30
3377,1994,587,Search,2025-12-04
3378,478,777,Search,2025-09-18
3379,2817,320,Search,2025-09-21
3380,2060,842,Wishlist,2025-01-14
3381,1545,579,Purchase,2025-09-08
3382,2665,929,Search,2025-12-03
3383,809,167,Purchase,2026-01-27
3384,1575,121,View,2025-12-13
3385,301,536,Wishlist,2025-07-29
3386,1429,587,Purchase,2025-09-01
3387,1073,634,View,2025-04-13
3388,1849,576,AddToCart,2025-04-05
3389,399,12,Wishlist,2026-02-08
3390,1468,967,View,2026-05-08
3391,903,514,AddToCart,2025-05-14
3392,2471,380,View,2025-11-19
3393,815,243,Purchase,2025-12-29
3394,1241,914,Search,2025-11-30
3395,387,18,View,2026-05-10
3396,2467,149,Search,2025-09-09
3397,2020,609,Wishlist,2025-12-01
3398,734,167,Search,2026-01-08
3399,1587,121,Search,2026-04-01
3400,2236,27,View,2026-06-29
3401,2360,410,Purchase,2026-05-27
3402,2878,948,View,2025-09-11
3403,1245,231,Wishlist,2025-07-21
3404,2973,236,AddToCart,2025-05-27
3405,2858,799,Search,2025-06-27
3406,2732,554,AddToCart,2026-05-05
3407,2377,546,Search,2025-12-08
3408,751,693,Wishlist,2025-12-21
3409,186,475,Wishlist,2026-01-17
3410,305,554,Wishlist,2026-03-31
3411,1913,475,AddToCart,2025-09-01
3412,2918,531,AddToCart,2025-03-03
3413,2768,345,AddToCart,2025-03-14
3414,2470,793,Wishlist,2026-01-14
3415,1848,452,Wishlist,2026-06-28
3416,1104,555,AddToCart,2026-01-14
3417,469,622,Purchase,2026-06-15
3418,2440,896,Search,2025-09-13
3419,2486,370,View,2026-05-26
3420,510,308,Wishlist,2025-06-29
3421,2100,301,AddToCart,2025-12-27
3422,327,495,Purchase,2025-09-18
3423,1345,689,Search,2025-09-13
3424,838,247,Search,2026-06-10
3425,1604,257,View,2026-05-28
3426,1790,709,Purchase,2025-06-02
3427,958,693,Search,2026-02-14
3428,113,537,Search,2025-05-18
3429,1421,926,Search,2026-03-19
3430,818,886,AddToCart,2026-05-09
3431,2843,14,Purchase,2026-02-23
3432,2280,433,Search,2025-06-25
3433,1890,592,Wishlist,2025-01-02
3434,202,902,Wishlist,2026-06-08
3435,6,494,Purchase,2026-01-26
3436,1673,363,AddToCart,2025-09-04
3437,1436,442,View,2025-02-14
3438,942,635,Purchase,2025-01-15
3439,1380,289,Purchase,2026-02-05
3440,1588,228,AddToCart,2025-03-05
3441,2359,277,Purchase,2025-10-12
3442,86,691,AddToCart,2025-10-08
3443,124,688,Search,2026-01-25
3444,1860,944,Wishlist,2026-03-21
3445,705,777,AddToCart,2025-01-05
3446,2790,703,View,2025-04-06
3447,1091,378,View,2025-06-01
3448,1322,899,Wishlist,2025-08-06
3449,234,812,Search,2026-06-02
3450,2514,374,View,2025-03-29
3451,976,862,Wishlist,2025-01-31
3452,1081,230,Wishlist,2025-04-04
3453,399,726,Purchase,2025-06-04
3454,1585,638,Search,2025-12-08
3455,1329,451,Search,2025-06-25
3456,2229,168,Wishlist,2025-04-10
3457,17,379,Search,2025-02-11
3458,876,874,Search,2025-07-24
3459,2080,556,Wishlist,2025-02-02
3460,919,547,Wishlist,2025-11-07
3461,1684,597,Wishlist,2026-04-18
3462,105,234,AddToCart,2025-07-13
3463,85,899,Wishlist,2026-03-08
3464,2052,116,AddToCart,2025-01-10
3465,2868,485,Purchase,2025-02-02
3466,2463,454,Wishlist,2026-04-24
3467,1198,492,Purchase,2025-10-03
3468,2340,843,Purchase,2026-02-03
3469,2444,891,View,2025-10-01
3470,245,413,AddToCart,2025-03-30
3471,76,298,Purchase,2025-11-15
3472,687,429,AddToCart,2026-04-13
3473,878,468,View,2026-06-30
3474,2293,329,Search,2025-01-31
3475,816,721,AddToCart,2025-07-08
3476,1112,843,Wishlist,2025-10-18
3477,2253,492,Purchase,2026-05-24
3478,1056,305,Wishlist,2026-06-06
3479,2574,910,Wishlist,2025-07-16
3480,74,181,Purchase,2026-02-22
3481,542,3,AddToCart,2025-04-26
3482,2160,269,AddToCart,2025-12-03
3483,1643,647,AddToCart,2026-05-14
3484,1438,611,AddToCart,2025-11-29
3485,985,633,Purchase,2025-03-30
3486,1751,303,AddToCart,2025-07-18
3487,2507,475,Wishlist,2026-06-11
3488,428,713,View,2025-12-05
3489,657,606,Wishlist,2025-10-03
3490,2821,655,AddToCart,2026-06-29
3491,1727,940,Wishlist,2025-06-19
3492,566,683,Search,2025-08-15
3493,269,793,Wishlist,2026-06-11
3494,1911,911,Search,2025-06-22
3495,2454,745,Search,2025-03-25
3496,1754,476,Search,2026-02-23
3497,398,969,Wishlist,2025-11-24
3498,2499,48,Purchase,2026-02-11
3499,574,331,Wishlist,2025-12-20
3500,1808,995,Purchase,2025-03-22
3501,1676,889,View,2025-03-24
3502,572,282,Wishlist,2025-12-29
3503,199,398,Wishlist,2026-04-06
3504,2841,194,Search,2025-09-11
3505,886,313,Purchase,2025-12-22
3506,2580,294,Search,2025-01-10
3507,984,56,View,2025-01-12
3508,2223,487,Purchase,2025-03-29
3509,806,747,View,2025-06-14
3510,1497,579,View,2026-05-01
3511,2024,476,AddToCart,2026-01-28
3512,1141,21,View,2025-07-20
3513,2990,554,Search,2026-06-14
3514,582,962,Search,2025-01-19
3515,2950,844,Wishlist,2025-05-05
3516,512,271,AddToCart,2026-07-04
3517,1218,956,Wishlist,2025-07-29
3518,1315,141,View,2026-01-22
3519,1449,823,Purchase,2026-01-13
3520,2699,646,Purchase,2026-04-19
3521,2560,552,Search,2025-03-30
3522,2125,856,Purchase,2026-03-06
3523,2426,605,Purchase,2026-05-20
3524,2975,495,View,2026-04-15
3525,2626,896,Wishlist,2026-04-10
3526,1421,886,View,2026-05-30
3527,1612,820,Search,2025-08-31
3528,710,343,Wishlist,2025-10-29
3529,459,108,Wishlist,2025-01-07
3530,1834,144,AddToCart,2025-12-14
3531,131,683,AddToCart,2026-03-30
3532,1803,418,AddToCart,2026-02-19
3533,178,609,Purchase,2025-10-28
3534,1308,117,Purchase,2025-05-24
3535,684,236,Purchase,2026-04-22
3536,2873,287,AddToCart,2026-03-14
3537,1712,509,Wishlist,2026-07-04
3538,2691,230,Purchase,2026-04-22
3539,1611,223,Wishlist,2025-04-09
3540,2657,772,Wishlist,2025-12-26
3541,512,957,AddToCart,2026-04-05
3542,213,995,AddToCart,2025-10-21
3543,1115,266,Purchase,2025-12-12
3544,1357,168,View,2026-01-29
3545,1106,999,Purchase,2026-01-18
3546,440,183,AddToCart,2025-07-18
3547,1064,767,Wishlist,2026-02-18
3548,674,852,View,2026-06-29
3549,2883,461,AddToCart,2026-03-12
3550,291,750,View,2025-08-18
3551,1149,346,Purchase,2025-09-25
3552,2067,59,AddToCart,2025-01-14
3553,1482,394,Purchase,2025-09-25
3554,721,962,Wishlist,2026-01-18
3555,272,657,View,2025-03-27
3556,1975,692,Purchase,2025-08-09
3557,628,396,View,2025-12-30
3558,2601,636,Wishlist,2025-04-12
3559,2987,200,Purchase,2025-01-09
3560,1483,9,Search,2026-06-29
3561,825,790,Purchase,2025-07-21
3562,1943,315,View,2025-09-10
3563,291,441,Search,2026-03-05
3564,2927,678,View,2025-09-24
3565,1865,609,Purchase,2025-12-11
3566,1653,12,Wishlist,2026-05-05
3567,752,735,Search,2026-01-31
3568,1311,567,Search,2026-07-01
3569,229,241,Wishlist,2025-09-12
3570,338,899,View,2025-02-19
3571,2965,501,View,2025-02-03
3572,1332,251,AddToCart,2025-05-30
3573,1422,971,Purchase,2025-07-02
3574,850,31,AddToCart,2026-02-28
3575,2242,986,AddToCart,2025-04-17
3576,2393,294,Purchase,2026-05-10
3577,840,464,Search,2025-05-02
3578,2762,410,Purchase,2026-02-16
3579,2374,863,Wishlist,2026-03-26
3580,2093,978,Wishlist,2025-06-05
3581,1696,591,Purchase,2025-09-02
3582,1950,92,AddToCart,2026-06-04
3583,1800,935,Purchase,2025-06-28
3584,2143,417,Purchase,2025-02-01
3585,333,557,View,2025-03-20
3586,2843,229,Wishlist,2025-08-30
3587,2877,546,Search,2025-05-07
3588,2036,200,View,2025-01-19
3589,1809,859,Purchase,2025-10-11
3590,618,260,AddToCart,2025-11-21
3591,1150,953,Wishlist,2025-10-09
3592,2953,355,Wishlist,2025-08-04
3593,943,934,AddToCart,2025-01-16
3594,283,743,Search,2025-03-15
3595,1918,155,AddToCart,2026-01-11
3596,1466,826,AddToCart,2025-12-07
3597,58,257,Wishlist,2025-06-25
3598,1135,898,Search,2025-02-23
3599,1809,79,AddToCart,2025-11-23
3600,1781,475,Search,2026-03-24
3601,347,137,View,2025-02-11
3602,2440,945,View,2025-01-11
3603,2789,22,AddToCart,2025-10-23
3604,1682,789,AddToCart,2026-07-05
3605,1457,436,Wishlist,2026-03-12
3606,724,318,Wishlist,2026-01-31
3607,52,518,Search,2025-06-06
3608,1909,749,Search,2025-12-02
3609,116,561,View,2026-05-27
3610,2404,554,AddToCart,2025-05-18
3611,1907,979,View,2026-03-28
3612,517,489,View,2026-07-02
3613,2414,478,Wishlist,2025-10-03
3614,2468,664,Wishlist,2025-12-09
3615,2649,975,Purchase,2025-09-01
3616,696,513,Purchase,2025-10-04
3617,609,861,Wishlist,2025-01-29
3618,1446,318,AddToCart,2026-01-01
3619,226,483,AddToCart,2025-07-15
3620,2601,740,Wishlist,2025-06-30
3621,1186,739,Purchase,2025-04-21
3622,88,328,AddToCart,2025-06-07
3623,1989,401,Purchase,2025-08-07
3624,802,85,View,2025-11-06
3625,711,383,Purchase,2025-01-04
3626,2467,645,Wishlist,2025-12-09
3627,665,542,AddToCart,2025-12-05
3628,2328,514,View,2026-05-27
3629,2927,652,Purchase,2025-11-17
3630,173,972,View,2026-01-28
3631,2744,81,Wishlist,2026-04-24
3632,91,131,Wishlist,2025-07-31
3633,665,61,Search,2025-11-15
3634,615,538,AddToCart,2025-02-07
3635,2690,912,Wishlist,2026-06-17
3636,30,263,AddToCart,2025-05-21
3637,2680,905,View,2025-08-22
3638,460,152,AddToCart,2026-03-25
3639,1198,486,Purchase,2025-09-21
3640,1628,427,AddToCart,2025-01-13
3641,1478,256,View,2025-01-06
3642,2154,985,View,2026-06-15
3643,2764,688,Search,2026-06-23
3644,230,850,Search,2025-12-26
3645,1592,186,Purchase,2025-10-28
3646,280,31,Wishlist,2025-05-03
3647,1343,22,Search,2026-03-22
3648,1663,563,AddToCart,2026-05-18
3649,1198,924,Purchase,2026-05-06
3650,1562,888,View,2026-02-05
3651,2160,438,Search,2026-03-15
3652,1023,68,AddToCart,2025-09-06
3653,1687,950,Purchase,2025-11-26
3654,1936,466,View,2025-08-17
3655,687,47,Search,2025-10-17
3656,1737,98,View,2026-07-03
3657,472,543,Wishlist,2025-05-01
3658,1242,156,Wishlist,2025-11-14
3659,2901,242,Purchase,2026-01-18
3660,527,308,Purchase,2025-05-31
3661,1804,369,AddToCart,2026-01-17
3662,302,250,Wishlist,2026-05-04
3663,1111,348,AddToCart,2025-06-25
3664,1428,41,AddToCart,2025-06-12
3665,2666,625,Search,2025-10-01
3666,1485,90,View,2026-06-27
3667,306,571,View,2026-03-06
3668,1967,754,View,2025-02-18
3669,1484,550,Purchase,2026-06-20
3670,167,844,View,2026-01-11
3671,1282,957,AddToCart,2025-02-17
3672,1044,595,View,2025-04-15
3673,1789,773,View,2025-03-17
3674,2227,227,Search,2026-01-18
3675,828,93,Search,2026-02-09
3676,2672,556,View,2025-12-04
3677,89,807,AddToCart,2025-11-14
3678,2542,254,Search,2025-10-04
3679,2620,398,View,2026-06-30
3680,2800,617,Purchase,2025-03-15
3681,1361,463,Wishlist,2026-01-16
3682,2666,686,AddToCart,2025-11-28
3683,233,279,Search,2026-06-23
3684,2693,177,View,2025-01-20
3685,2424,839,Search,2025-08-31
3686,1141,701,View,2025-05-04
3687,835,932,AddToCart,2025-08-08
3688,1015,780,AddToCart,2025-01-13
3689,1376,833,Wishlist,2025-11-22
3690,1700,263,Purchase,2025-09-26
3691,2383,941,Purchase,2026-03-13
3692,2237,211,AddToCart,2025-11-13
3693,1746,701,Wishlist,2025-11-20
3694,841,402,Search,2026-06-22
3695,538,952,AddToCart,2025-04-09
3696,2820,14,AddToCart,2026-01-31
3697,2977,645,Purchase,2025-07-29
3698,2639,689,Purchase,2026-04-26
3699,2447,318,Wishlist,2025-04-02
3700,2642,726,Search,2026-05-19
3701,588,889,Search,2025-11-24
3702,2269,472,Wishlist,2025-12-27
3703,472,741,Purchase,2025-07-02
3704,94,136,AddToCart,2025-10-11
3705,2984,40,Wishlist,2026-02-02
3706,871,292,Purchase,2026-05-09
3707,1288,67,View,2025-01-30
3708,2204,888,Purchase,2026-03-05
3709,364,112,Search,2025-09-14
3710,1720,743,Purchase,2025-07-05
3711,2543,445,Wishlist,2025-08-02
3712,848,478,View,2025-12-28
3713,1363,873,AddToCart,2026-03-01
3714,2224,655,View,2025-02-12
3715,2768,760,Wishlist,2026-05-18
3716,175,974,Wishlist,2025-07-30
3717,2712,426,AddToCart,2025-03-15
3718,154,700,Search,2025-12-12
3719,1281,385,Purchase,2026-02-28
3720,2572,211,Purchase,2025-10-14
3721,2263,28,Wishlist,2025-06-22
3722,573,643,Purchase,2025-08-12
3723,2014,200,Search,2026-05-22
3724,653,137,View,2025-01-16
3725,290,837,Search,2026-04-22
3726,1388,231,Search,2025-12-20
3727,2110,969,View,2025-07-22
3728,2712,331,AddToCart,2026-06-21
3729,1370,819,Wishlist,2026-06-03
3730,2713,491,View,2026-06-15
3731,2300,221,View,2026-05-22
3732,2250,476,View,2026-06-02
3733,490,762,Wishlist,2025-01-22
3734,1712,518,Purchase,2025-09-16
3735,819,307,Purchase,2025-04-23
3736,1421,372,View,2025-12-17
3737,2389,988,Search,2025-10-18
3738,914,7,View,2026-04-28
3739,2742,617,AddToCart,2025-12-31
3740,866,503,Wishlist,2026-01-05
3741,1297,211,Wishlist,2025-12-24
3742,2757,988,Search,2025-07-21
3743,949,238,AddToCart,2026-04-24
3744,487,689,View,2025-03-06
3745,2049,434,Search,2025-08-22
3746,1326,721,Wishlist,2026-01-20
3747,2707,763,Search,2026-01-30
3748,222,444,AddToCart,2025-05-02
3749,114,42,Wishlist,2025-10-28
3750,2940,628,Search,2025-12-17
3751,926,592,Wishlist,2026-06-04
3752,895,73,Purchase,2026-01-23
3753,1176,377,AddToCart,2025-04-23
3754,2909,678,Purchase,2026-01-25
3755,657,385,Wishlist,2025-04-16
3756,724,615,Purchase,2025-06-10
3757,2014,345,Wishlist,2025-09-13
3758,176,339,Purchase,2025-04-22
3759,1374,165,View,2026-03-10
3760,1612,16,View,2025-10-21
3761,2601,758,AddToCart,2026-03-15
3762,2612,136,Wishlist,2025-03-09
3763,176,511,AddToCart,2026-04-12
3764,2789,599,Wishlist,2025-03-28
3765,715,667,Search,2025-09-18
3766,1477,462,AddToCart,2025-08-22
3767,1434,270,Wishlist,2025-02-22
3768,156,476,View,2025-11-04
3769,2724,980,Search,2025-09-08
3770,844,139,Search,2026-04-03
3771,2415,176,Search,2025-04-20
3772,1706,590,AddToCart,2025-10-02
3773,18,432,Wishlist,2025-04-25
3774,1726,245,Purchase,2026-01-27
3775,2895,493,Search,2025-06-21
3776,839,516,Wishlist,2025-08-27
3777,1706,503,Purchase,2026-03-22
3778,517,613,AddToCart,2026-05-13
3779,2234,509,Search,2026-04-16
3780,1393,124,Search,2026-02-09
3781,1394,336,Purchase,2025-03-14
3782,1086,356,Purchase,2026-04-03
3783,1429,449,Purchase,2025-04-12
3784,1466,132,Search,2026-06-26
3785,1408,626,AddToCart,2025-04-06
3786,1629,69,Purchase,2025-09-14
3787,1730,736,Wishlist,2025-06-25
3788,851,918,AddToCart,2026-06-25
3789,2110,562,Purchase,2025-05-06
3790,2687,806,Purchase,2026-04-19
3791,573,538,Wishlist,2025-09-08
3792,1247,538,Search,2025-09-17
3793,2473,469,Search,2025-04-08
3794,1530,543,AddToCart,2026-02-23
3795,1436,826,View,2025-02-11
3796,2619,769,Wishlist,2025-07-11
3797,2825,917,Search,2025-06-18
3798,23,793,AddToCart,2025-05-24
3799,921,25,View,2025-04-06
3800,498,738,Wishlist,2025-05-03
3801,2933,737,AddToCart,2026-02-15
3802,91,708,Wishlist,2025-03-11
3803,2103,18,Purchase,2025-10-24
3804,142,367,Purchase,2025-07-16
3805,1513,817,Purchase,2025-07-31
3806,1263,806,Wishlist,2026-01-10
3807,2934,959,AddToCart,2025-04-29
3808,546,836,Purchase,2025-04-11
3809,1814,129,Purchase,2025-10-19
3810,2536,397,Wishlist,2026-06-15
3811,773,28,AddToCart,2025-01-14
3812,922,14,AddToCart,2025-04-19
3813,306,404,Purchase,2025-07-19
3814,1888,943,Wishlist,2025-10-27
3815,365,816,Search,2025-05-06
3816,711,431,View,2025-12-12
3817,824,575,Purchase,2025-02-25
3818,2012,498,Wishlist,2025-05-03
3819,158,440,Wishlist,2026-05-20
3820,2511,758,Wishlist,2026-06-22
3821,1539,392,Purchase,2025-10-04
3822,2928,127,Wishlist,2026-01-16
3823,2189,313,Wishlist,2025-04-20
3824,1556,369,Search,2026-03-16
3825,2119,148,AddToCart,2026-06-07
3826,1063,789,Purchase,2025-05-30
3827,1060,554,Search,2026-03-26
3828,2561,267,Search,2025-06-14
3829,829,500,AddToCart,2026-02-27
3830,2401,375,Search,2025-03-18
3831,1250,123,AddToCart,2025-06-17
3832,1121,145,Search,2025-03-24
3833,2156,600,Search,2025-11-28
3834,2874,917,Wishlist,2025-05-01
3835,2558,170,View,2025-09-15
3836,1441,42,AddToCart,2026-05-21
3837,2783,97,View,2025-05-03
3838,2685,819,View,2025-12-30
3839,1884,797,Search,2026-04-27
3840,486,414,AddToCart,2025-05-05
3841,2838,745,Wishlist,2026-04-23
3842,1711,649,Wishlist,2025-07-19
3843,1597,16,AddToCart,2025-04-03
3844,1786,968,Wishlist,2026-05-21
3845,212,864,View,2026-04-05
3846,887,103,Search,2025-01-23
3847,2947,114,AddToCart,2026-01-13
3848,1640,229,Purchase,2025-04-22
3849,1653,162,Wishlist,2026-05-06
3850,2057,634,Wishlist,2026-03-11
3851,1125,926,AddToCart,2025-01-09
3852,1594,626,AddToCart,2025-06-08
3853,1222,500,Purchase,2025-12-22
3854,1882,77,Search,2025-10-08
3855,43,913,Purchase,2026-02-01
3856,1986,234,Purchase,2026-01-02
3857,2089,717,Purchase,2026-04-29
3858,2534,889,Search,2025-11-01
3859,727,806,Purchase,2025-10-30
3860,1568,764,Purchase,2025-03-15
3861,210,431,AddToCart,2026-04-10
3862,2956,520,View,2025-05-03
3863,757,895,Purchase,2025-10-22
3864,1552,195,Purchase,2025-03-01
3865,1927,719,AddToCart,2025-02-04
3866,899,887,AddToCart,2025-07-22
3867,2971,171,Purchase,2025-02-09
3868,1599,239,Wishlist,2025-01-16
3869,1873,376,View,2025-12-08
3870,98,206,Search,2025-10-27
3871,188,875,Purchase,2025-11-23
3872,644,633,Wishlist,2025-01-22
3873,2019,635,Search,2025-04-27
3874,301,125,Wishlist,2025-09-07
3875,2760,175,View,2026-06-20
3876,2770,748,View,2026-01-17
3877,2011,774,Wishlist,2025-08-31
3878,2661,644,View,2026-05-12
3879,973,282,Purchase,2025-03-13
3880,1475,875,AddToCart,2025-06-17
3881,2652,982,Search,2025-06-20
3882,829,451,View,2025-02-06
3883,876,919,View,2026-03-24
3884,174,524,View,2026-02-15
3885,859,745,Wishlist,2025-12-29
3886,2094,106,Wishlist,2025-01-20
3887,2521,728,Wishlist,2025-06-19
3888,1568,431,AddToCart,2025-09-26
3889,764,530,Purchase,2025-02-09
3890,555,819,View,2026-06-18
3891,725,126,AddToCart,2026-06-16
3892,519,789,Purchase,2026-06-04
3893,199,310,Purchase,2025-06-07
3894,103,808,View,2025-08-26
3895,672,875,Search,2025-08-30
3896,4,378,Wishlist,2026-02-17
3897,1876,275,Wishlist,2025-05-01
3898,613,314,View,2025-01-20
3899,1009,897,AddToCart,2025-02-25
3900,2450,805,View,2025-07-01
3901,1313,729,Search,2025-08-19
3902,437,211,Purchase,2026-03-28
3903,963,36,View,2025-06-08
3904,361,568,Purchase,2025-04-18
3905,1921,767,View,2025-07-01
3906,1057,80,View,2026-03-10
3907,1228,369,View,2025-01-19
3908,2876,166,Wishlist,2025-10-11
3909,1915,536,Purchase,2025-11-07
3910,598,850,Search,2025-12-04
3911,915,858,Wishlist,2026-02-23
3912,717,250,Wishlist,2025-03-17
3913,1887,888,Search,2025-02-09
3914,1672,376,AddToCart,2026-07-01
3915,1434,630,Purchase,2025-11-24
3916,541,239,AddToCart,2025-03-19
3917,98,431,View,2025-02-09
3918,2852,177,View,2025-03-12
3919,1060,659,Purchase,2025-01-01
3920,2922,217,Purchase,2025-12-10
3921,2158,492,Wishlist,2026-01-17
3922,2446,350,View,2026-02-01
3923,2848,424,Purchase,2025-09-16
3924,1082,787,View,2026-01-29
3925,2377,864,Search,2026-01-16
3926,1009,609,Purchase,2026-01-07
3927,21,672,Wishlist,2025-08-16
3928,1151,976,AddToCart,2026-05-25
3929,199,431,AddToCart,2025-06-25
3930,10,111,Wishlist,2025-02-28
3931,844,687,Wishlist,2026-02-19
3932,898,659,View,2026-05-26
3933,2870,776,AddToCart,2026-04-18
3934,235,285,Wishlist,2025-02-03
3935,2761,948,View,2026-05-08
3936,2258,136,View,2025-07-25
3937,594,317,Purchase,2026-01-08
3938,1255,765,View,2025-09-03
3939,923,395,Wishlist,2025-04-17
3940,2423,954,AddToCart,2025-01-24
3941,2145,646,Search,2025-01-02
3942,1945,244,View,2025-01-12
3943,97,329,AddToCart,2026-05-13
3944,2166,265,View,2025-08-11
3945,2989,114,AddToCart,2025-11-08
3946,1626,553,AddToCart,2026-05-05
3947,2399,479,AddToCart,2025-01-17
3948,1589,6,Purchase,2025-04-02
3949,2785,143,Search,2026-04-17
3950,813,447,Search,2025-12-08
3951,112,31,AddToCart,2026-05-31
3952,265,525,View,2025-05-14
3953,1799,705,Wishlist,2025-02-28
3954,2045,599,Search,2026-06-26
3955,1528,844,AddToCart,2025-03-04
3956,960,843,Purchase,2025-02-15
3957,2887,311,View,2025-12-16
3958,2487,525,Wishlist,2025-08-15
3959,287,668,AddToCart,2025-07-07
3960,767,827,Purchase,2026-05-16
3961,1111,529,View,2025-04-13
3962,165,235,Wishlist,2026-04-11
3963,2145,685,Wishlist,2026-03-05
3964,2053,175,Wishlist,2025-03-20
3965,2310,241,Purchase,2025-03-23
3966,2637,791,Purchase,2026-05-10
3967,2744,856,Search,2025-02-25
3968,80,189,View,2025-09-25
3969,1943,42,Search,2026-03-03
3970,2299,850,View,2025-05-07
3971,1304,700,View,2026-06-04
3972,2017,483,Purchase,2026-06-16
3973,2260,920,Wishlist,2026-01-30
3974,482,736,Purchase,2025-03-12
3975,2096,174,Search,2026-05-12
3976,612,989,Wishlist,2026-04-04
3977,1628,419,Search,2026-04-15
3978,1021,100,Purchase,2025-01-07
3979,1426,695,Wishlist,2025-04-08
3980,2764,671,Search,2025-01-09
3981,399,992,Wishlist,2025-03-25
3982,670,174,View,2025-06-24
3983,909,541,AddToCart,2025-02-26
3984,2450,241,Search,2026-01-20
3985,726,404,View,2026-04-07
3986,2512,571,AddToCart,2026-05-12
3987,600,409,AddToCart,2025-03-09
3988,2812,675,Search,2025-11-13
3989,505,143,Purchase,2025-10-22
3990,762,263,Purchase,2025-02-07
3991,1424,170,Wishlist,2026-02-22
3992,301,196,AddToCart,2025-01-27
3993,419,179,Wishlist,2025-12-06
3994,1684,774,AddToCart,2025-10-02
3995,912,575,Wishlist,2026-03-19
3996,523,882,Wishlist,2026-04-11
3997,462,910,Search,2026-02-12
3998,1334,535,View,2025-06-15
3999,1060,833,View,2025-10-21
4000,776,980,Search,2025-07-27
4001,1795,71,View,2025-04-21
4002,2254,259,AddToCart,2025-12-12
4003,1559,503,AddToCart,2025-08-25
4004,2602,527,View,2025-06-10
4005,2550,709,AddToCart,2025-11-08
4006,154,485,Purchase,2025-08-30
4007,1508,143,AddToCart,2026-02-09
4008,1543,877,View,2026-06-12
4009,410,427,Wishlist,2026-02-10
4010,872,121,View,2025-07-28
4011,984,410,View,2025-11-16
4012,152,994,Purchase,2025-10-23
4013,2852,914,Wishlist,2025-01-23
4014,2072,190,Wishlist,2025-05-02
4015,2955,816,Wishlist,2026-05-15
4016,653,406,View,2025-08-14
4017,497,269,AddToCart,2026-01-17
4018,511,655,Purchase,2025-03-06
4019,762,992,Wishlist,2025-01-24
4020,1497,623,View,2025-08-22
4021,2830,909,Search,2026-03-03
4022,822,161,Search,2025-03-29
4023,129,18,View,2025-12-23
4024,2037,108,View,2025-04-01
4025,704,536,Purchase,2025-05-19
4026,2354,143,View,2025-08-29
4027,2882,596,Purchase,2025-07-20
4028,2050,666,Wishlist,2026-06-05
4029,549,671,Purchase,2025-01-19
4030,2136,51,View,2025-10-22
4031,992,17,AddToCart,2026-02-15
4032,742,20,AddToCart,2025-08-24
4033,1678,91,View,2026-01-31
4034,2945,577,View,2025-07-06
4035,1646,353,View,2026-05-15
4036,1636,92,Search,2026-01-14
4037,2564,921,View,2025-12-15
4038,1900,375,View,2025-11-14
4039,2147,818,Wishlist,2025-09-12
4040,742,928,AddToCart,2025-09-10
4041,1272,150,Wishlist,2026-02-27
4042,2631,728,Purchase,2025-09-19
4043,2151,922,Purchase,2025-01-09
4044,1617,808,View,2026-03-12
4045,2634,117,Purchase,2025-03-15
4046,737,225,AddToCart,2025-08-26
4047,991,471,Search,2025-10-14
4048,1859,559,AddToCart,2025-07-23
4049,2824,761,Purchase,2025-04-02
4050,844,873,Purchase,2025-06-03
4051,2582,154,AddToCart,2025-10-22
4052,396,640,Search,2025-03-05
4053,2758,254,Wishlist,2026-06-02
4054,2704,96,Search,2026-04-11
4055,2409,312,Search,2025-03-05
4056,2408,127,AddToCart,2025-01-10
4057,894,231,Wishlist,2026-07-04
4058,964,202,View,2025-06-08
4059,208,889,Search,2025-08-30
4060,1764,994,AddToCart,2025-06-01
4061,2463,810,Purchase,2025-02-20
4062,712,123,View,2025-03-29
4063,401,119,Purchase,2025-04-14
4064,547,168,Wishlist,2026-06-23
4065,2767,307,Wishlist,2025-04-29
4066,2145,306,Wishlist,2025-06-01
4067,991,158,View,2025-09-29
4068,323,810,Search,2026-04-19
4069,1546,354,Purchase,2025-08-03
4070,1626,634,Wishlist,2025-04-19
4071,1602,817,AddToCart,2025-08-27
4072,855,41,Search,2025-09-15
4073,1559,28,View,2026-06-08
4074,1628,25,Wishlist,2025-11-23
4075,1959,125,View,2025-08-15
4076,157,840,View,2026-05-23
4077,777,482,Wishlist,2026-01-04
4078,2005,220,Wishlist,2025-11-28
4079,272,643,Wishlist,2026-05-22
4080,1433,269,Wishlist,2026-04-04
4081,2842,153,Wishlist,2025-11-09
4082,171,698,AddToCart,2025-07-30
4083,320,685,AddToCart,2026-03-06
4084,1573,1,Purchase,2025-08-29
4085,1148,847,View,2025-05-12
4086,137,605,Purchase,2025-05-21
4087,2677,344,AddToCart,2025-01-20
4088,96,641,Purchase,2026-03-09
4089,1275,446,Wishlist,2026-01-23
4090,2530,619,AddToCart,2025-11-28
4091,217,718,Wishlist,2025-04-30
4092,321,883,AddToCart,2026-04-26
4093,249,88,View,2025-06-10
4094,20,217,AddToCart,2025-03-18
4095,304,262,Wishlist,2025-12-08
4096,1815,270,AddToCart,2025-07-15
4097,2256,802,Wishlist,2026-02-18
4098,2056,368,Wishlist,2025-05-03
4099,1443,643,Wishlist,2025-10-20
4100,2290,291,Search,2025-08-26
4101,798,980,AddToCart,2026-04-28
4102,2513,509,Wishlist,2025-08-20
4103,1515,111,Purchase,2026-06-19
4104,416,211,Purchase,2025-11-22
4105,395,723,AddToCart,2025-05-21
4106,2398,319,Wishlist,2025-02-07
4107,2423,82,AddToCart,2026-04-19
4108,1299,895,Search,2025-07-05
4109,2718,205,AddToCart,2026-04-14
4110,65,750,View,2025-02-09
4111,495,787,Purchase,2026-06-27
4112,56,367,Purchase,2025-06-25
4113,2532,580,View,2025-01-08
4114,1979,3,Purchase,2025-10-18
4115,64,869,Wishlist,2026-02-09
4116,769,834,Purchase,2025-01-27
4117,1940,444,Purchase,2026-03-09
4118,1042,433,Wishlist,2026-04-02
4119,2714,970,Search,2025-07-04
4120,395,690,View,2025-04-16
4121,2902,397,AddToCart,2025-10-22
4122,333,871,Search,2025-04-19
4123,2792,152,Search,2026-02-20
4124,2590,717,Search,2025-11-09
4125,2318,549,AddToCart,2026-01-28
4126,2754,152,Purchase,2025-05-17
4127,126,391,Wishlist,2025-01-31
4128,2264,867,View,2025-02-05
4129,658,983,AddToCart,2025-03-28
4130,2250,603,Search,2025-06-23
4131,675,411,Purchase,2025-01-22
4132,2117,57,Search,2025-11-16
4133,495,876,Purchase,2025-06-26
4134,2901,323,View,2025-12-26
4135,2601,990,AddToCart,2026-02-23
4136,508,896,Wishlist,2025-03-08
4137,149,772,Wishlist,2026-06-13
4138,424,626,Purchase,2025-10-31
4139,2210,280,Purchase,2026-03-10
4140,506,84,AddToCart,2026-02-19
4141,2480,81,View,2025-05-02
4142,117,303,Wishlist,2025-02-16
4143,1248,107,Purchase,2025-08-16
4144,115,618,Wishlist,2025-08-09
4145,991,169,Purchase,2025-01-05
4146,2982,143,AddToCart,2025-06-06
4147,517,178,Purchase,2026-04-29
4148,1416,589,Search,2025-09-19
4149,670,992,Wishlist,2025-07-10
4150,2596,355,AddToCart,2026-06-19
4151,612,394,Wishlist,2025-06-15
4152,1988,366,Search,2026-01-17
4153,2589,720,View,2025-09-16
4154,2184,416,Wishlist,2025-06-17
4155,2992,87,Wishlist,2025-12-28
4156,2933,412,View,2025-03-20
4157,2624,384,Purchase,2025-07-25
4158,1529,731,Search,2025-09-08
4159,2099,539,AddToCart,2025-03-31
4160,1318,128,Wishlist,2025-07-24
4161,1134,640,Wishlist,2025-11-30
4162,2054,878,Purchase,2026-01-09
4163,638,339,Wishlist,2025-06-28
4164,1099,392,View,2026-04-28
4165,2209,454,Purchase,2025-10-10
4166,1876,803,Search,2025-12-02
4167,997,262,Wishlist,2026-03-25
4168,985,848,Wishlist,2025-09-27
4169,2640,363,AddToCart,2026-05-10
4170,2727,721,View,2025-04-18
4171,1180,771,Purchase,2025-07-23
4172,2997,681,Search,2025-05-08
4173,2417,780,AddToCart,2026-02-11
4174,1555,423,View,2025-11-15
4175,1036,966,View,2025-07-14
4176,2514,885,Search,2026-01-12
4177,1896,335,Purchase,2026-04-18
4178,2278,261,Purchase,2025-06-15
4179,770,541,View,2025-02-09
4180,487,85,Search,2025-12-12
4181,2233,364,Purchase,2026-06-16
4182,88,916,Wishlist,2025-04-21
4183,100,572,Search,2025-05-24
4184,2501,854,Purchase,2025-04-04
4185,1503,225,View,2025-02-05
4186,161,245,Purchase,2026-03-19
4187,2259,800,Search,2026-04-03
4188,169,967,Wishlist,2025-08-08
4189,1396,738,AddToCart,2025-11-02
4190,882,969,View,2025-03-13
4191,1168,986,Purchase,2025-11-19
4192,2085,585,Purchase,2025-08-22
4193,198,492,View,2025-09-04
4194,910,872,Purchase,2026-02-12
4195,2800,628,Wishlist,2026-03-04
4196,1700,760,View,2025-03-03
4197,2486,2,AddToCart,2025-06-17
4198,2184,406,View,2025-05-12
4199,1480,898,Wishlist,2026-04-20
4200,263,392,Wishlist,2026-06-21
4201,2494,876,View,2026-02-23
4202,2563,131,Purchase,2026-06-11
4203,1321,975,View,2025-10-15
4204,2076,917,View,2025-03-04
4205,1574,704,View,2025-02-20
4206,2038,821,AddToCart,2025-01-13
4207,2071,540,Search,2025-10-14
4208,1617,804,Search,2025-12-12
4209,555,204,View,2025-04-01
4210,363,108,AddToCart,2025-12-28
4211,2642,626,AddToCart,2026-04-26
4212,2300,301,View,2026-05-24
4213,431,415,View,2026-04-19
4214,2274,258,View,2025-12-21
4215,481,468,Search,2026-02-15
4216,2581,512,Wishlist,2026-02-01
4217,2417,351,Wishlist,2025-09-05
4218,275,949,AddToCart,2025-06-06
4219,1272,69,Wishlist,2025-09-22
4220,864,888,Purchase,2025-05-13
4221,2368,266,Purchase,2026-03-04
4222,2191,21,Wishlist,2025-09-13
4223,677,439,View,2025-12-12
4224,2851,701,AddToCart,2025-01-09
4225,1808,196,Purchase,2025-08-29
4226,1962,495,Wishlist,2026-04-11
4227,1392,445,AddToCart,2025-03-11
4228,645,34,View,2025-02-15
4229,2107,864,Search,2025-07-06
4230,1726,297,Purchase,2025-02-27
4231,2736,164,Purchase,2025-06-08
4232,2442,240,View,2025-07-20
4233,2009,89,View,2025-12-14
4234,2223,765,Wishlist,2025-10-18
4235,2148,731,Wishlist,2026-05-01
4236,1159,115,Purchase,2025-06-25
4237,96,521,Purchase,2026-01-16
4238,826,514,Search,2026-02-16
4239,368,982,Wishlist,2025-11-12
4240,350,179,Search,2025-08-27
4241,2272,733,View,2026-03-19
4242,1940,208,View,2025-08-15
4243,1945,459,Wishlist,2025-04-22
4244,251,503,Wishlist,2025-04-02
4245,2846,168,Purchase,2026-02-08
4246,469,509,Purchase,2025-09-21
4247,1729,286,AddToCart,2025-02-05
4248,2343,530,Search,2026-01-30
4249,839,584,View,2026-06-19
4250,900,660,Search,2025-07-03
4251,1233,257,Purchase,2026-01-15
4252,703,314,Purchase,2025-10-22
4253,2873,741,Wishlist,2025-03-21
4254,2914,239,Wishlist,2025-12-17
4255,2341,529,Purchase,2025-10-06
4256,730,590,View,2025-06-26
4257,885,73,Purchase,2025-04-26
4258,89,410,Search,2025-04-03
4259,910,319,Purchase,2025-10-29
4260,2092,574,View,2025-04-01
4261,378,614,Search,2025-04-01
4262,326,17,Search,2026-06-02
4263,1883,457,Wishlist,2025-12-29
4264,1443,423,AddToCart,2025-10-19
4265,2559,636,Search,2026-06-24
4266,175,908,AddToCart,2025-09-24
4267,1702,143,AddToCart,2025-06-17
4268,722,162,Wishlist,2025-05-03
4269,1639,631,View,2026-04-17
4270,261,245,Wishlist,2026-05-31
4271,614,525,View,2025-08-05
4272,472,912,Search,2025-02-15
4273,998,992,Purchase,2026-03-04
4274,405,639,AddToCart,2025-10-28
4275,237,174,View,2025-04-26
4276,1790,351,View,2025-10-09
4277,2988,151,Wishlist,2026-06-15
4278,2063,149,Purchase,2026-03-03
4279,280,967,Purchase,2025-08-14
4280,2089,188,View,2025-06-21
4281,542,791,Wishlist,2025-11-15
4282,2782,767,Purchase,2025-10-30
4283,1175,495,Search,2025-02-17
4284,879,473,AddToCart,2025-01-03
4285,582,558,Purchase,2025-05-13
4286,960,39,Wishlist,2025-02-26
4287,2393,470,Purchase,2025-09-02
4288,1770,816,AddToCart,2025-11-10
4289,1691,876,Search,2026-02-19
4290,432,155,View,2026-04-18
4291,798,418,View,2025-01-16
4292,1093,56,Purchase,2026-03-05
4293,742,587,AddToCart,2025-08-18
4294,1674,106,Search,2026-02-09
4295,1109,836,Wishlist,2026-05-08
4296,2215,738,AddToCart,2026-05-18
4297,2315,833,AddToCart,2025-05-10
4298,2640,351,Search,2025-01-26
4299,552,846,Search,2025-09-20
4300,2114,834,View,2025-10-10
4301,751,928,Purchase,2025-05-04
4302,2512,268,Search,2026-02-12
4303,319,76,View,2025-05-17
4304,391,609,Wishlist,2025-02-12
4305,2901,638,Purchase,2026-05-05
4306,2062,665,Purchase,2025-03-28
4307,1169,973,Purchase,2025-03-08
4308,921,264,View,2025-11-05
4309,2061,416,Wishlist,2025-09-25
4310,1844,259,Wishlist,2026-03-25
4311,974,505,AddToCart,2025-05-16
4312,1088,363,Search,2025-04-11
4313,2816,76,View,2025-03-04
4314,1761,500,View,2025-09-02
4315,1956,689,View,2025-01-18
4316,2941,80,Search,2025-05-03
4317,1790,758,Search,2025-10-06
4318,2876,885,Search,2026-05-18
4319,2478,668,AddToCart,2025-01-02
4320,1599,120,Purchase,2025-07-21
4321,2039,923,Purchase,2025-06-26
4322,2855,514,Wishlist,2025-07-07
4323,1804,902,AddToCart,2025-06-13
4324,1943,198,AddToCart,2025-12-08
4325,2102,750,Purchase,2025-12-30
4326,1195,249,Purchase,2025-01-11
4327,237,845,View,2025-06-30
4328,442,742,View,2025-06-10
4329,1214,326,View,2025-12-04
4330,2109,660,Search,2025-02-09
4331,2253,919,Purchase,2025-05-05
4332,754,790,Search,2025-10-25
4333,1762,5,Purchase,2026-05-24
4334,1555,218,Wishlist,2025-03-25
4335,1418,956,AddToCart,2025-12-22
4336,1131,127,AddToCart,2025-05-18
4337,65,337,AddToCart,2025-10-24
4338,2450,773,View,2025-05-22
4339,566,631,Search,2025-11-10
4340,638,620,Search,2025-09-19
4341,2731,375,Wishlist,2025-04-02
4342,1720,497,AddToCart,2025-09-04
4343,855,26,View,2025-11-02
4344,1370,23,Search,2025-12-07
4345,2616,525,Purchase,2026-04-01
4346,847,462,AddToCart,2026-07-03
4347,2900,192,Search,2026-05-06
4348,1675,174,Search,2026-05-30
4349,230,228,View,2025-05-20
4350,2567,12,Purchase,2025-05-31
4351,941,72,View,2026-04-20
4352,1523,176,Wishlist,2025-08-15
4353,2661,403,Search,2025-01-31
4354,391,707,Wishlist,2025-03-18
4355,461,583,Purchase,2026-04-07
4356,198,203,View,2025-03-14
4357,2172,638,AddToCart,2026-04-27
4358,1550,561,Wishlist,2026-06-21
4359,691,35,Wishlist,2025-12-22
4360,1926,289,Search,2025-05-05
4361,204,388,Purchase,2025-01-13
4362,263,972,View,2025-08-23
4363,25,918,AddToCart,2025-05-26
4364,505,997,Purchase,2026-07-02
4365,2334,391,Search,2026-06-21
4366,1974,263,Search,2025-02-25
4367,1087,328,Purchase,2025-04-11
4368,2423,52,Search,2025-05-19
4369,840,495,View,2025-01-27
4370,780,914,Purchase,2026-06-29
4371,2135,151,Search,2026-04-02
4372,30,890,Search,2025-02-23
4373,1539,751,Search,2025-12-04
4374,1873,420,View,2026-03-27
4375,493,380,Wishlist,2026-02-02
4376,869,960,Search,2025-03-22
4377,1212,965,Wishlist,2025-07-16
4378,451,139,View,2026-06-06
4379,1197,602,AddToCart,2025-03-07
4380,872,729,View,2025-06-05
4381,1451,753,AddToCart,2025-06-30
4382,2510,483,Search,2025-06-21
4383,691,845,Search,2025-05-27
4384,2750,535,View,2025-12-01
4385,1759,426,View,2025-01-08
4386,2715,833,Search,2025-01-08
4387,1832,923,Search,2026-05-28
4388,2875,638,Search,2026-05-09
4389,2686,716,View,2025-04-06
4390,370,870,Search,2026-05-17
4391,400,326,AddToCart,2026-03-26
4392,307,225,Search,2025-06-28
4393,1415,728,Wishlist,2025-06-10
4394,311,126,AddToCart,2026-03-24
4395,825,192,Search,2025-01-01
4396,1574,243,View,2025-09-17
4397,285,703,Wishlist,2025-03-29
4398,1519,362,Search,2026-04-05
4399,38,73,View,2026-03-14
4400,515,987,Wishlist,2025-05-14
4401,1042,76,View,2025-02-16
4402,1352,719,Wishlist,2025-04-10
4403,1964,556,AddToCart,2025-02-01
4404,2744,1000,Search,2025-03-20
4405,830,14,Wishlist,2026-02-27
4406,754,401,Search,2025-08-19
4407,928,327,Search,2025-12-27
4408,1883,769,Wishlist,2025-09-22
4409,1109,21,Purchase,2025-12-29
4410,1300,275,Purchase,2025-04-09
4411,564,372,Wishlist,2026-03-05
4412,1948,212,Search,2026-05-24
4413,442,471,AddToCart,2025-03-21
4414,1422,100,Purchase,2026-04-27
4415,840,571,Search,2025-11-02
4416,911,664,Purchase,2025-09-25
4417,1418,657,Purchase,2025-07-28
4418,855,706,AddToCart,2025-03-15
4419,2973,193,Search,2026-03-30
4420,1523,810,AddToCart,2025-10-30
4421,2343,790,Wishlist,2026-05-19
4422,248,581,Purchase,2025-08-20
4423,2932,222,AddToCart,2025-09-23
4424,2451,848,Search,2026-02-10
4425,78,988,AddToCart,2025-02-07
4426,1124,666,View,2025-06-22
4427,462,291,Purchase,2026-07-03
4428,122,963,Search,2026-05-11
4429,2210,349,View,2026-04-03
4430,2347,757,Wishlist,2025-08-11
4431,2295,349,AddToCart,2025-04-01
4432,1611,507,Wishlist,2026-02-09
4433,1755,877,AddToCart,2026-01-11
4434,2745,300,AddToCart,2025-12-06
4435,2987,540,Wishlist,2025-07-04
4436,2139,861,Purchase,2026-07-03
4437,2740,726,Search,2025-10-27
4438,1226,451,AddToCart,2025-09-29
4439,2841,218,AddToCart,2025-07-16
4440,239,388,Search,2026-05-20
4441,2695,703,Wishlist,2025-04-03
4442,381,574,View,2025-11-14
4443,685,249,Wishlist,2025-02-24
4444,879,681,AddToCart,2026-06-25
4445,2363,546,AddToCart,2025-12-11
4446,1184,115,View,2025-04-17
4447,2363,478,Purchase,2026-04-07
4448,2686,50,Search,2025-06-15
4449,2282,732,Search,2026-03-07
4450,2858,552,AddToCart,2026-06-01
4451,2529,596,AddToCart,2025-08-13
4452,1377,203,View,2025-05-20
4453,1919,143,AddToCart,2025-03-14
4454,259,165,Purchase,2026-01-12
4455,1164,18,Wishlist,2026-03-25
4456,2613,774,Purchase,2025-12-15
4457,1627,903,Purchase,2025-11-04
4458,1053,65,AddToCart,2026-03-26
4459,65,942,Wishlist,2026-05-12
4460,1051,302,AddToCart,2025-08-23
4461,543,12,Wishlist,2025-02-18
4462,359,238,View,2025-08-08
4463,2158,637,View,2026-04-13
4464,322,500,View,2025-07-07
4465,1697,710,Purchase,2025-08-06
4466,518,611,Search,2025-07-23
4467,123,573,View,2026-05-08
4468,807,592,Wishlist,2025-11-04
4469,2103,738,Purchase,2026-04-26
4470,386,66,Search,2025-07-16
4471,975,623,View,2026-03-23
4472,555,319,View,2025-08-25
4473,316,106,Search,2026-03-10
4474,2332,64,View,2025-04-02
4475,966,416,Wishlist,2026-01-10
4476,1302,242,Wishlist,2026-06-25
4477,1767,580,Purchase,2026-02-14
4478,951,507,Wishlist,2025-10-15
4479,1482,591,Purchase,2025-03-16
4480,2873,102,AddToCart,2026-05-15
4481,634,644,Wishlist,2025-01-09
4482,146,338,Search,2025-06-12
4483,2570,734,Wishlist,2025-05-20
4484,837,576,Purchase,2026-07-04
4485,1761,181,Wishlist,2025-09-22
4486,1150,347,Search,2025-03-11
4487,1202,629,View,2026-02-25
4488,2117,12,Search,2025-06-18
4489,394,791,Purchase,2026-06-18
4490,1901,972,Wishlist,2025-05-17
4491,2992,538,View,2025-12-07
4492,1395,909,Search,2026-05-09
4493,2212,924,View,2025-06-06
4494,1610,3,Purchase,2025-10-07
4495,1671,867,Search,2025-03-27
4496,258,669,View,2026-06-23
4497,1606,383,View,2025-05-25
4498,938,694,AddToCart,2026-05-25
4499,731,469,View,2026-04-30
4500,1385,326,Search,2026-02-07
4501,2656,803,View,2025-07-11
4502,1674,650,Wishlist,2026-05-17
4503,2205,90,AddToCart,2025-08-21
4504,2218,588,AddToCart,2025-01-15
4505,1357,647,View,2025-07-23
4506,748,342,Wishlist,2026-01-13
4507,29,662,Wishlist,2026-04-21
4508,2851,246,Purchase,2026-03-11
4509,2396,347,AddToCart,2026-02-24
4510,2624,965,View,2025-11-18
4511,2976,852,Search,2025-05-30
4512,111,767,Search,2026-05-13
4513,1068,7,View,2025-06-25
4514,2628,891,View,2026-06-03
4515,2137,419,AddToCart,2025-03-08
4516,1709,994,Wishlist,2025-05-20
4517,119,366,Wishlist,2026-03-18
4518,2045,931,Search,2025-01-21
4519,2874,786,Wishlist,2025-03-07
4520,597,234,Purchase,2025-12-11
4521,165,378,Search,2026-06-04
4522,1615,658,Search,2026-03-02
4523,2182,568,AddToCart,2025-01-17
4524,2647,769,AddToCart,2026-06-24
4525,1646,669,Wishlist,2025-04-10
4526,1714,226,Search,2025-05-25
4527,2777,671,Wishlist,2025-08-01
4528,2731,350,AddToCart,2025-07-13
4529,1675,913,View,2026-04-09
4530,2362,655,Search,2025-07-14
4531,2942,530,Search,2025-12-02
4532,2670,179,Search,2025-09-20
4533,1848,322,Search,2025-05-28
4534,711,359,View,2025-04-14
4535,539,31,Purchase,2025-03-10
4536,903,816,Wishlist,2026-04-22
4537,1420,260,AddToCart,2026-04-15
4538,661,469,View,2025-07-14
4539,1160,780,Purchase,2025-01-03
4540,574,892,View,2025-06-12
4541,2430,476,Purchase,2025-06-14
4542,1296,679,Wishlist,2026-05-07
4543,1354,868,Wishlist,2026-04-11
4544,2675,595,Purchase,2025-01-10
4545,2946,325,View,2025-06-09
4546,63,683,Purchase,2025-06-24
4547,984,382,View,2025-01-15
4548,1778,973,View,2025-09-01
4549,1425,26,Search,2025-12-16
4550,802,714,Purchase,2026-02-14
4551,2902,952,Wishlist,2025-02-09
4552,1121,62,Search,2025-07-14
4553,1192,208,View,2025-07-10
4554,1483,335,Wishlist,2026-06-08
4555,282,830,Wishlist,2026-03-21
4556,2789,749,Purchase,2026-01-13
4557,28,916,Purchase,2025-04-28
4558,2289,828,View,2025-04-17
4559,2706,22,Purchase,2026-02-03
4560,898,916,Wishlist,2025-10-21
4561,4,813,AddToCart,2026-03-23
4562,1379,388,Purchase,2025-02-06
4563,1646,511,Search,2025-03-11
4564,197,804,Wishlist,2025-01-09
4565,2092,405,AddToCart,2025-01-04
4566,226,388,Search,2025-04-19
4567,511,573,Purchase,2025-07-22
4568,2209,581,AddToCart,2025-11-02
4569,608,675,AddToCart,2025-11-20
4570,2774,833,Search,2025-03-11
4571,2144,556,AddToCart,2026-02-24
4572,491,625,AddToCart,2025-04-22
4573,1571,870,AddToCart,2025-09-20
4574,1682,270,AddToCart,2025-03-30
4575,627,552,View,2025-12-12
4576,2796,141,AddToCart,2026-01-05
4577,2613,213,Purchase,2025-02-06
4578,235,507,Purchase,2025-05-09
4579,761,538,Wishlist,2025-07-31
4580,2504,474,View,2025-04-01
4581,1967,56,Wishlist,2026-04-14
4582,2979,963,AddToCart,2025-12-27
4583,787,519,Purchase,2025-06-21
4584,803,960,AddToCart,2026-03-02
4585,2882,956,AddToCart,2026-02-09
4586,693,543,Wishlist,2025-12-02
4587,1586,502,AddToCart,2025-10-27
4588,2063,824,View,2025-05-24
4589,562,847,View,2025-07-17
4590,237,999,Purchase,2025-09-13
4591,2886,284,Search,2026-06-16
4592,958,564,Wishlist,2025-04-17
4593,2509,90,AddToCart,2026-04-28
4594,693,814,AddToCart,2025-06-15
4595,1321,239,View,2026-04-29
4596,1819,231,Purchase,2025-11-07
4597,1229,967,AddToCart,2026-05-03
4598,2173,377,View,2025-05-13
4599,1809,922,Wishlist,2025-01-24
4600,2507,106,Search,2026-06-14
4601,2018,885,Search,2025-10-07
4602,2403,830,Search,2026-06-10
4603,702,719,Purchase,2025-09-18
4604,1273,51,AddToCart,2026-01-02
4605,951,685,Purchase,2026-05-10
4606,1543,824,Purchase,2025-09-03
4607,1314,875,Wishlist,2025-09-12
4608,972,447,Purchase,2026-01-26
4609,1236,113,AddToCart,2025-06-23
4610,2842,356,Wishlist,2025-10-02
4611,1024,590,Search,2025-11-21
4612,709,321,Wishlist,2025-05-03
4613,1004,73,View,2025-12-28
4614,2749,906,Purchase,2025-09-29
4615,1880,613,Wishlist,2025-07-04
4616,2163,887,Wishlist,2025-12-11
4617,1447,932,Wishlist,2025-09-21
4618,2795,173,Wishlist,2025-05-05
4619,242,174,Wishlist,2025-05-10
4620,1555,492,Purchase,2025-09-13
4621,1255,519,Search,2025-10-01
4622,1915,92,Wishlist,2025-06-12
4623,2233,199,Search,2026-04-30
4624,644,468,View,2026-04-25
4625,965,239,View,2025-05-12
4626,1692,518,Purchase,2025-11-08
4627,1180,27,View,2025-11-27
4628,489,984,Search,2026-02-25
4629,611,352,Search,2025-09-05
4630,2144,594,AddToCart,2025-12-24
4631,2230,814,AddToCart,2026-02-20
4632,1863,941,View,2026-04-08
4633,458,522,Wishlist,2026-04-03
4634,622,932,Purchase,2025-12-05
4635,1117,987,Wishlist,2025-06-26
4636,2623,606,Search,2025-12-08
4637,653,615,View,2025-05-07
4638,2426,44,Purchase,2025-02-23
4639,929,458,Wishlist,2025-05-04
4640,1966,500,Search,2025-08-07
4641,1951,136,Purchase,2026-05-26
4642,586,680,View,2025-04-17
4643,1452,207,Wishlist,2025-12-19
4644,1978,499,Wishlist,2025-08-16
4645,1072,280,Purchase,2025-09-27
4646,1365,469,Purchase,2026-06-24
4647,1441,896,View,2026-05-07
4648,44,171,AddToCart,2025-12-28
4649,1362,234,Search,2025-12-29
4650,1090,668,Wishlist,2025-12-17
4651,1256,433,AddToCart,2025-10-14
4652,604,234,Search,2025-09-12
4653,2534,759,Search,2025-05-02
4654,1670,202,Wishlist,2025-12-28
4655,927,394,Purchase,2025-12-06
4656,1267,118,View,2025-09-23
4657,556,728,AddToCart,2025-07-26
4658,1557,845,AddToCart,2025-06-08
4659,2824,646,Search,2025-10-17
4660,2608,499,AddToCart,2026-01-31
4661,1004,490,Search,2026-05-16
4662,2671,403,View,2025-11-03
4663,214,970,Wishlist,2025-11-09
4664,2916,364,AddToCart,2025-12-31
4665,2252,747,Search,2025-03-28
4666,1803,961,Search,2025-07-07
4667,1128,421,Search,2025-10-14
4668,592,722,AddToCart,2026-07-04
4669,1389,32,View,2026-05-16
4670,498,391,AddToCart,2026-02-01
4671,732,77,Wishlist,2025-02-04
4672,723,68,Search,2026-02-01
4673,2316,470,Search,2025-10-18
4674,1484,10,Wishlist,2025-09-27
4675,1785,105,Wishlist,2026-03-23
4676,1638,402,Wishlist,2025-01-08
4677,2605,505,Wishlist,2025-06-08
4678,354,230,Search,2025-06-16
4679,1131,802,View,2026-02-26
4680,224,78,View,2025-05-05
4681,2373,70,View,2025-01-27
4682,2999,441,Purchase,2025-07-22
4683,201,419,Purchase,2026-03-04
4684,1672,719,AddToCart,2026-02-04
4685,1757,367,Search,2025-12-10
4686,185,933,Wishlist,2025-06-09
4687,610,813,Search,2025-10-05
4688,2202,693,AddToCart,2025-03-24
4689,287,851,Purchase,2026-02-15
4690,2732,693,Wishlist,2026-01-28
4691,2682,695,Search,2025-10-09
4692,684,906,AddToCart,2025-08-05
4693,429,199,Search,2025-10-30
4694,214,480,AddToCart,2025-11-23
4695,458,583,Purchase,2025-07-11
4696,453,885,View,2025-12-22
4697,2519,866,AddToCart,2025-09-10
4698,2578,47,Purchase,2025-09-03
4699,606,147,View,2025-02-04
4700,2192,382,Purchase,2025-02-26
4701,2035,977,Purchase,2026-01-18
4702,1708,717,Purchase,2026-06-09
4703,1034,683,Purchase,2025-10-17
4704,1667,529,Search,2025-06-29
4705,2950,984,Purchase,2026-05-30
4706,755,220,View,2025-02-10
4707,1009,604,View,2025-12-10
4708,945,301,Wishlist,2025-09-14
4709,1910,825,View,2025-08-04
4710,2214,3,Purchase,2026-07-02
4711,2766,461,Wishlist,2026-01-25
4712,1965,861,AddToCart,2025-07-21
4713,2535,367,View,2025-10-08
4714,643,15,Purchase,2025-05-24
4715,35,780,AddToCart,2025-06-17
4716,277,857,View,2025-10-10
4717,1416,317,Wishlist,2025-06-27
4718,1315,271,View,2025-08-17
4719,338,936,Search,2026-03-28
4720,2288,128,View,2025-07-13
4721,1210,898,Purchase,2026-04-29
4722,2759,650,Search,2025-12-17
4723,62,585,Wishlist,2025-08-07
4724,2461,150,Search,2025-02-28
4725,1838,510,View,2025-07-20
4726,2957,750,Wishlist,2025-09-10
4727,2455,984,Wishlist,2025-05-20
4728,1411,459,Search,2025-08-09
4729,2407,954,Search,2026-04-16
4730,1785,430,View,2025-09-24
4731,996,603,Purchase,2025-08-04
4732,2417,241,View,2025-09-23
4733,2668,223,Wishlist,2025-06-16
4734,803,557,Search,2025-12-09
4735,1189,476,Search,2025-09-06
4736,1288,207,View,2026-02-17
4737,44,680,AddToCart,2026-02-19
4738,2289,371,Wishlist,2026-03-04
4739,2790,431,AddToCart,2025-12-30
4740,673,325,Wishlist,2026-06-20
4741,181,60,AddToCart,2025-06-04
4742,1192,922,View,2025-02-22
4743,119,342,AddToCart,2026-03-17
4744,813,618,AddToCart,2025-06-13
4745,1457,579,Wishlist,2025-09-24
4746,851,163,Search,2025-07-10
4747,1142,371,Search,2025-05-13
4748,873,840,Search,2025-07-04
4749,2574,600,Wishlist,2025-10-06
4750,1707,508,Search,2025-01-20
4751,235,332,Search,2025-01-11
4752,792,915,View,2025-05-03
4753,1139,798,Purchase,2025-11-06
4754,2227,754,Wishlist,2025-04-26
4755,536,934,Purchase,2025-06-16
4756,2568,962,Search,2025-06-14
4757,1729,543,AddToCart,2025-12-07
4758,1986,317,AddToCart,2025-10-13
4759,57,28,Search,2026-01-31
4760,2312,348,Purchase,2025-12-18
4761,922,733,View,2025-01-06
4762,1346,178,Wishlist,2025-02-03
4763,1415,425,View,2025-07-03
4764,2529,131,AddToCart,2025-07-29
4765,2397,931,Purchase,2025-05-08
4766,1688,380,View,2025-01-15
4767,640,74,Search,2026-01-31
4768,2933,729,Search,2026-01-25
4769,1433,270,Search,2025-12-20
4770,1542,738,View,2026-04-07
4771,2038,775,Wishlist,2025-12-19
4772,407,925,AddToCart,2026-04-07
4773,884,108,Search,2025-03-27
4774,925,233,View,2026-01-24
4775,56,880,Search,2025-03-08
4776,504,215,Wishlist,2026-06-16
4777,2657,10,AddToCart,2025-06-30
4778,1184,255,Search,2026-04-18
4779,1118,607,View,2026-03-20
4780,1746,44,View,2025-05-18
4781,56,209,Wishlist,2025-11-22
4782,2499,227,Wishlist,2025-03-12
4783,386,405,Wishlist,2025-03-11
4784,1130,302,View,2025-02-13
4785,436,524,Wishlist,2026-03-14
4786,893,710,View,2025-03-13
4787,1605,377,Wishlist,2025-05-13
4788,2308,221,Search,2025-05-10
4789,993,215,Search,2026-02-25
4790,2783,853,AddToCart,2026-03-11
4791,1125,305,Purchase,2025-09-14
4792,1415,32,AddToCart,2026-03-24
4793,2206,174,Search,2025-03-22
4794,1303,702,Search,2025-10-29
4795,304,955,Purchase,2025-11-15
4796,146,453,View,2026-01-01
4797,2497,567,View,2025-09-21
4798,2094,325,View,2025-04-25
4799,528,55,AddToCart,2025-06-19
4800,263,312,View,2025-05-14
4801,618,40,AddToCart,2026-04-13
4802,1108,626,Wishlist,2025-03-18
4803,1359,271,AddToCart,2025-07-01
4804,1403,390,AddToCart,2025-06-04
4805,1437,860,View,2026-04-15
4806,730,440,AddToCart,2025-03-06
4807,957,45,View,2025-08-06
4808,1130,386,Search,2026-04-03
4809,2799,592,Wishlist,2025-01-03
4810,2505,447,Search,2025-12-02
4811,588,336,View,2026-07-04
4812,818,63,AddToCart,2026-04-17
4813,164,767,Wishlist,2025-11-21
4814,852,883,Search,2026-01-08
4815,1973,952,View,2026-02-20
4816,333,898,Wishlist,2025-06-30
4817,494,993,Purchase,2025-05-31
4818,1622,62,Purchase,2025-04-19
4819,2847,520,AddToCart,2026-03-25
4820,909,259,AddToCart,2026-06-02
4821,1842,176,Wishlist,2026-03-14
4822,2566,156,View,2025-03-17
4823,1493,924,Wishlist,2025-01-22
4824,2908,428,View,2025-01-14
4825,2923,309,AddToCart,2025-11-15
4826,1657,285,AddToCart,2026-07-03
4827,1921,308,AddToCart,2025-07-04
4828,2,245,AddToCart,2025-12-13
4829,534,981,Wishlist,2025-12-10
4830,2106,235,AddToCart,2025-05-13
4831,1952,347,Purchase,2025-01-04
4832,2061,138,Purchase,2025-02-19
4833,1512,347,Purchase,2025-01-17
4834,1032,616,Purchase,2025-11-12
4835,289,142,Purchase,2025-04-04
4836,1115,967,View,2025-02-02
4837,749,784,Purchase,2025-04-11
4838,2249,288,AddToCart,2025-03-22
4839,2283,945,Purchase,2025-02-07
4840,2612,62,Search,2025-06-16
4841,168,719,Search,2026-01-01
4842,1823,787,AddToCart,2026-03-18
4843,1362,506,Wishlist,2026-03-17
4844,233,304,Search,2025-09-03
4845,225,579,Search,2026-03-25
4846,2491,987,View,2025-01-14
4847,1665,581,AddToCart,2025-06-01
4848,1052,54,Purchase,2025-07-01
4849,977,238,AddToCart,2025-11-05
4850,476,109,Wishlist,2025-08-11
4851,2797,423,Wishlist,2026-03-29
4852,62,583,Wishlist,2026-03-26
4853,2649,549,View,2025-10-20
4854,1278,255,Purchase,2026-02-10
4855,2885,434,Purchase,2025-03-17
4856,2834,443,Wishlist,2025-10-19
4857,222,31,AddToCart,2025-01-24
4858,2824,895,Purchase,2025-10-19
4859,1623,554,View,2025-09-20
4860,1060,619,Purchase,2026-05-24
4861,1361,728,Search,2025-03-19
4862,1153,189,Purchase,2026-04-06
4863,209,504,View,2026-06-24
4864,779,450,Search,2026-03-31
4865,831,115,Search,2026-05-09
4866,193,622,AddToCart,2025-09-16
4867,1758,935,Search,2026-05-14
4868,2960,912,AddToCart,2025-02-21
4869,2636,686,Search,2025-12-15
4870,744,894,Purchase,2025-01-24
4871,67,329,AddToCart,2025-08-07
4872,2900,458,Search,2025-03-20
4873,822,82,AddToCart,2025-09-21
4874,363,385,Wishlist,2025-01-27
4875,2325,413,Search,2025-03-04
4876,68,941,View,2025-03-20
4877,1076,317,Wishlist,2025-12-04
4878,1011,848,Wishlist,2025-10-06
4879,2810,222,AddToCart,2025-09-29
4880,2850,847,Purchase,2025-01-19
4881,516,325,View,2025-11-11
4882,619,27,Purchase,2026-05-10
4883,154,846,AddToCart,2026-04-12
4884,1023,807,Search,2026-04-05
4885,2796,502,Wishlist,2025-10-03
4886,447,821,Purchase,2026-06-25
4887,1007,419,View,2026-04-15
4888,1317,105,Wishlist,2025-07-15
4889,23,329,Wishlist,2025-03-10
4890,241,582,Search,2025-07-03
4891,176,442,Search,2025-04-17
4892,1944,957,Purchase,2026-07-01
4893,2165,49,Wishlist,2025-12-22
4894,2472,333,AddToCart,2025-08-05
4895,1062,83,Purchase,2026-07-05
4896,2453,296,Wishlist,2026-01-05
4897,521,885,Search,2026-03-14
4898,2612,336,Wishlist,2025-06-25
4899,1068,431,Wishlist,2025-11-03
4900,2097,790,View,2025-09-30
4901,633,576,View,2026-05-18
4902,2689,581,View,2025-09-23
4903,2724,469,Purchase,2025-12-01
4904,349,910,Wishlist,2025-03-15
4905,2113,737,Purchase,2025-10-04
4906,361,576,AddToCart,2026-06-05
4907,2601,541,AddToCart,2025-07-22
4908,1260,460,Wishlist,2025-07-18
4909,1635,825,Search,2025-05-11
4910,63,198,View,2026-02-05
4911,2478,989,AddToCart,2025-05-10
4912,1346,839,AddToCart,2025-03-09
4913,1193,762,Purchase,2025-04-26
4914,1363,297,Wishlist,2025-06-20
4915,878,546,Purchase,2026-06-09
4916,690,990,Search,2025-06-24
4917,1273,704,AddToCart,2026-01-01
4918,69,777,Purchase,2026-04-02
4919,1708,197,View,2026-06-16
4920,144,284,Wishlist,2025-04-02
4921,2250,854,Search,2026-05-28
4922,2495,860,Search,2026-04-01
4923,2700,705,Search,2026-05-29
4924,2262,464,Wishlist,2025-01-11
4925,2144,884,Wishlist,2025-05-20
4926,445,819,Wishlist,2026-01-25
4927,1730,921,Search,2025-08-16
4928,2579,359,Search,2025-12-27
4929,1323,945,View,2025-05-30
4930,2329,853,Wishlist,2025-07-14
4931,2557,607,Search,2025-02-04
4932,1353,85,Search,2025-06-21
4933,2163,587,Purchase,2026-04-30
4934,461,588,AddToCart,2026-06-10
4935,687,828,Wishlist,2026-05-20
4936,2086,928,View,2025-02-24
4937,2190,156,Search,2026-03-05
4938,1198,120,AddToCart,2025-09-15
4939,530,570,Search,2025-09-08
4940,2637,222,Wishlist,2025-04-18
4941,2351,901,Wishlist,2025-07-22
4942,1085,193,View,2025-10-12
4943,609,738,AddToCart,2026-05-31
4944,509,9,Purchase,2025-12-28
4945,2295,225,Search,2026-05-29
4946,2760,286,AddToCart,2025-03-04
4947,2588,262,View,2026-04-13
4948,1874,779,Wishlist,2025-05-13
4949,1826,599,AddToCart,2025-02-07
4950,2654,174,AddToCart,2025-06-27
4951,1314,616,AddToCart,2025-10-11
4952,998,1000,Search,2026-04-25
4953,594,310,AddToCart,2025-05-15
4954,79,958,View,2026-06-13
4955,2704,919,AddToCart,2025-01-28
4956,1928,833,View,2026-04-28
4957,1926,564,AddToCart,2026-04-22
4958,620,919,View,2025-11-26
4959,2241,969,Search,2025-05-25
4960,151,452,Purchase,2025-03-30
4961,2163,301,Wishlist,2025-07-28
4962,1390,522,Wishlist,2025-01-17
4963,1382,359,AddToCart,2026-06-10
4964,908,36,Wishlist,2026-04-15
4965,2721,334,Search,2026-04-04
4966,291,74,Wishlist,2025-02-02
4967,534,99,View,2026-05-17
4968,117,512,Purchase,2025-03-17
4969,973,217,Purchase,2025-11-21
4970,2735,725,Wishlist,2025-10-22
4971,2831,547,AddToCart,2025-12-16
4972,1297,838,Purchase,2025-10-06
4973,1685,121,Purchase,2026-06-20
4974,1479,136,Purchase,2026-04-15
4975,2345,2,Wishlist,2025-01-04
4976,1991,463,Wishlist,2025-02-01
4977,1611,763,Search,2025-02-07
4978,2251,446,AddToCart,2026-02-01
4979,1534,599,Purchase,2026-05-23
4980,1537,340,View,2025-04-24
4981,815,184,View,2025-03-06
4982,1681,353,Wishlist,2026-06-04
4983,2737,632,Wishlist,2025-03-28
4984,2661,864,View,2025-06-24
4985,855,580,Purchase,2026-04-28
4986,2328,581,Wishlist,2026-05-12
4987,2238,622,View,2025-12-26
4988,764,989,Purchase,2025-08-12
4989,1135,409,Purchase,2025-10-27
4990,754,3,Search,2025-06-19
4991,2711,554,Wishlist,2025-03-02
4992,382,881,AddToCart,2026-04-09
4993,2603,252,Wishlist,2025-04-07
4994,1737,134,Wishlist,2025-12-27
4995,1988,284,View,2025-05-09
4996,1254,174,Purchase,2025-09-30
4997,2462,981,Search,2025-07-29
4998,2467,638,AddToCart,2026-04-19
4999,126,709,Search,2026-02-09
5000,2666,724,Purchase,2026-03-31
5001,994,584,Search,2025-11-21
5002,502,1000,AddToCart,2025-12-17
5003,1984,112,Purchase,2025-11-09
5004,2404,116,Purchase,2025-11-06
5005,2580,906,Search,2026-02-25
5006,222,191,Wishlist,2025-02-19
5007,1046,642,View,2025-08-21
5008,2906,643,AddToCart,2025-12-04
5009,2303,171,Purchase,2026-03-03
5010,2480,688,Search,2026-06-25
5011,2698,695,View,2025-03-06
5012,2136,760,Purchase,2026-05-02
5013,2685,671,Wishlist,2025-06-09
5014,898,868,View,2025-06-21
5015,2939,991,View,2026-03-03
5016,455,274,View,2026-04-10
5017,2327,737,Wishlist,2025-04-10
5018,9,940,Purchase,2026-01-22
5019,1814,471,View,2025-07-11
5020,951,262,Purchase,2025-08-10
5021,2248,341,Purchase,2025-01-05
5022,1068,572,AddToCart,2025-07-02
5023,2909,899,Purchase,2025-04-24
5024,2112,399,Search,2025-06-04
5025,2402,343,Purchase,2025-06-02
5026,895,936,Purchase,2025-04-04
5027,383,207,AddToCart,2026-04-27
5028,1258,678,View,2026-04-03
5029,2098,179,View,2025-11-22
5030,1033,699,Purchase,2026-01-03
5031,1608,284,AddToCart,2025-05-13
5032,1015,120,AddToCart,2026-04-10
5033,2337,247,AddToCart,2025-10-28
5034,2283,154,AddToCart,2026-03-25
5035,944,696,Purchase,2025-02-18
5036,2363,623,Purchase,2025-04-16
5037,1050,906,Purchase,2025-10-04
5038,1274,502,Purchase,2025-07-11
5039,1603,768,Search,2025-03-12
5040,2090,609,View,2025-07-08
5041,2678,572,View,2026-05-01
5042,1418,836,Wishlist,2026-01-22
5043,962,718,AddToCart,2025-10-11
5044,1842,193,Purchase,2025-11-19
5045,2857,755,View,2025-03-18
5046,2716,436,Purchase,2025-04-07
5047,1904,552,Wishlist,2025-07-13
5048,2859,970,AddToCart,2025-01-20
5049,385,448,AddToCart,2026-03-11
5050,1950,176,Search,2025-11-21
5051,2625,689,Purchase,2025-04-12
5052,2345,528,Wishlist,2026-01-20
5053,918,488,View,2025-11-15
5054,1702,619,View,2025-08-25
5055,2450,620,View,2025-03-09
5056,324,157,Search,2025-05-03
5057,1863,159,Search,2025-03-16
5058,356,681,Search,2025-02-08
5059,197,969,AddToCart,2026-01-10
5060,143,474,View,2025-03-11
5061,2080,370,Purchase,2025-04-26
5062,744,752,Purchase,2025-03-03
5063,506,946,View,2025-12-04
5064,2357,763,AddToCart,2025-03-17
5065,1014,3,Purchase,2026-03-18
5066,180,962,AddToCart,2025-12-14
5067,615,663,Purchase,2026-05-01
5068,2049,217,Purchase,2026-02-13
5069,6,573,Search,2026-03-13
5070,417,366,Wishlist,2026-04-02
5071,1810,161,Search,2025-08-31
5072,2274,701,Search,2026-05-31
5073,2080,860,View,2025-02-04
5074,2085,201,AddToCart,2025-01-11
5075,2204,63,Search,2025-12-13
5076,1802,375,Search,2025-02-04
5077,2056,971,AddToCart,2026-03-03
5078,464,419,Wishlist,2025-07-04
5079,241,477,Wishlist,2025-10-16
5080,1041,239,Wishlist,2025-07-28
5081,1575,565,Search,2025-09-10
5082,347,272,View,2026-02-09
5083,1453,223,Wishlist,2026-05-17
5084,1982,736,Wishlist,2025-04-21
5085,2640,345,Purchase,2025-03-16
5086,2915,441,View,2025-06-20
5087,2162,889,Wishlist,2026-03-23
5088,1681,550,AddToCart,2026-06-01
5089,465,793,AddToCart,2026-03-23
5090,1474,833,View,2025-09-27
5091,1308,293,Purchase,2025-05-31
5092,1635,159,AddToCart,2026-05-04
5093,1791,837,Search,2025-07-28
5094,1717,601,View,2025-03-29
5095,1418,14,AddToCart,2025-09-27
5096,1575,245,View,2026-01-08
5097,729,785,Purchase,2026-04-23
5098,604,763,Purchase,2025-02-05
5099,1486,583,Purchase,2026-04-09
5100,71,750,View,2025-04-05
5101,922,378,Wishlist,2026-05-20
5102,873,285,Wishlist,2025-02-02
5103,1781,895,Purchase,2026-01-04
5104,657,954,Wishlist,2026-02-21
5105,1294,95,Wishlist,2025-07-23
5106,2283,942,View,2026-05-13
5107,2212,631,Wishlist,2026-02-08
5108,2249,465,Search,2025-01-14
5109,546,825,Search,2026-03-31
5110,787,852,Purchase,2026-02-17
5111,2207,715,Wishlist,2026-04-28
5112,1501,691,Wishlist,2026-06-03
5113,1378,221,Purchase,2025-09-30
5114,2196,288,Purchase,2025-10-26
5115,1390,527,View,2026-03-12
5116,1612,684,Wishlist,2026-06-06
5117,2882,545,AddToCart,2026-02-26
5118,2039,294,Search,2026-02-15
5119,801,186,View,2025-08-14
5120,1538,729,View,2026-05-12
5121,1601,253,Search,2026-03-01
5122,1115,538,Search,2025-01-23
5123,2488,44,Search,2026-02-06
5124,2908,869,Search,2026-03-28
5125,1325,979,View,2025-01-13
5126,707,904,View,2025-01-06
5127,13,199,Search,2026-02-24
5128,2353,583,Wishlist,2025-05-19
5129,1725,109,Wishlist,2025-10-30
5130,20,623,View,2025-01-15
5131,2690,572,Search,2025-10-15
5132,2624,271,Wishlist,2025-05-09
5133,702,856,View,2026-05-25
5134,2000,691,View,2026-01-01
5135,2158,543,Wishlist,2025-04-08
5136,1503,471,Search,2026-01-19
5137,2957,570,Purchase,2025-01-01
5138,1665,239,AddToCart,2026-02-10
5139,2353,883,Wishlist,2025-05-04
5140,234,730,View,2025-08-01
5141,2699,13,View,2025-09-07
5142,1411,831,Wishlist,2025-03-15
5143,1680,864,Wishlist,2025-01-01
5144,324,515,View,2025-05-21
5145,366,850,Purchase,2025-08-21
5146,824,27,AddToCart,2025-09-25
5147,926,255,Search,2025-07-15
5148,1381,808,AddToCart,2025-09-12
5149,2161,973,AddToCart,2025-02-19
5150,254,599,AddToCart,2026-03-19
5151,2454,42,Search,2025-07-22
5152,2606,766,Purchase,2025-09-03
5153,2755,249,AddToCart,2026-02-22
5154,1404,307,Wishlist,2025-04-15
5155,1133,866,View,2026-05-28
5156,2703,176,Purchase,2025-04-30
5157,1165,972,Wishlist,2026-05-02
5158,2929,810,View,2025-06-20
5159,2726,587,AddToCart,2026-03-01
5160,2604,695,Wishlist,2025-09-15
5161,881,299,View,2026-05-17
5162,2681,373,Purchase,2025-10-17
5163,2997,278,AddToCart,2026-04-15
5164,555,8,Wishlist,2025-07-05
5165,1446,836,AddToCart,2025-03-04
5166,201,959,View,2025-07-15
5167,2980,981,View,2025-10-08
5168,1974,351,Purchase,2025-04-30
5169,2924,75,Search,2026-05-04
5170,2313,555,AddToCart,2025-01-17
5171,820,864,Purchase,2025-06-13
5172,516,740,Wishlist,2026-02-22
5173,2814,427,Purchase,2025-02-07
5174,343,750,Wishlist,2025-12-16
5175,1648,497,View,2025-08-17
5176,1251,459,AddToCart,2026-06-25
5177,218,824,AddToCart,2026-05-06
5178,2719,564,View,2026-02-16
5179,2456,875,Purchase,2025-05-02
5180,802,245,Search,2025-06-05
5181,1703,613,Search,2025-08-25
5182,2165,89,View,2025-10-22
5183,2636,318,Purchase,2025-07-25
5184,821,659,View,2025-06-05
5185,1478,360,Purchase,2025-08-11
5186,1801,42,Wishlist,2026-04-12
5187,2792,935,Purchase,2026-05-30
5188,1158,991,Search,2026-05-17
5189,1258,85,Purchase,2025-05-11
5190,933,248,Search,2025-08-09
5191,147,103,Purchase,2026-05-31
5192,1365,760,Wishlist,2026-01-07
5193,2287,559,View,2026-04-01
5194,1586,615,Purchase,2025-06-30
5195,1093,939,Search,2026-05-30
5196,487,984,Purchase,2026-01-06
5197,927,157,Purchase,2026-06-28
5198,871,281,Purchase,2025-09-25
5199,2361,640,Wishlist,2025-10-16
5200,553,916,AddToCart,2025-11-27
5201,693,498,Wishlist,2025-10-03
5202,1689,127,Purchase,2025-05-31
5203,2655,574,View,2025-11-13
5204,1815,526,Purchase,2026-03-27
5205,1847,99,Wishlist,2026-01-09
5206,2704,957,Wishlist,2025-02-09
5207,285,531,Purchase,2026-05-30
5208,1692,737,Search,2025-04-02
5209,2314,352,View,2026-04-26
5210,292,610,AddToCart,2025-06-06
5211,2147,547,Purchase,2026-01-30
5212,1309,405,Purchase,2025-08-01
5213,2876,855,Purchase,2025-07-20
5214,2534,184,Search,2025-05-29
5215,2815,195,AddToCart,2025-02-21
5216,1486,572,Search,2026-05-01
5217,854,773,Purchase,2026-04-16
5218,418,710,AddToCart,2026-03-13
5219,2216,578,Purchase,2026-05-26
5220,1438,278,Wishlist,2025-08-31
5221,1292,192,Purchase,2026-04-29
5222,244,538,Wishlist,2025-01-01
5223,2058,285,AddToCart,2026-04-13
5224,2989,122,Wishlist,2026-01-28
5225,1267,553,Purchase,2026-04-08
5226,2534,96,Purchase,2025-02-15
5227,1105,428,Wishlist,2025-02-11
5228,1280,892,View,2025-09-12
5229,634,986,Search,2026-01-16
5230,1698,813,Wishlist,2025-04-22
5231,1488,454,View,2025-01-25
5232,2803,807,Purchase,2025-03-08
5233,2095,521,View,2026-05-24
5234,480,917,Wishlist,2025-11-29
5235,2778,151,Search,2025-12-10
5236,1307,941,View,2026-06-22
5237,1739,907,Purchase,2025-02-01
5238,2015,399,View,2025-01-24
5239,2334,769,AddToCart,2026-01-21
5240,1484,668,View,2026-02-15
5241,672,686,Wishlist,2025-01-30
5242,1371,310,Purchase,2025-09-07
5243,508,4,Wishlist,2026-04-10
5244,609,878,Search,2025-12-31
5245,741,427,AddToCart,2025-03-14
5246,1838,924,View,2025-10-18
5247,1836,323,Wishlist,2025-07-28
5248,2367,501,View,2025-11-19
5249,285,932,View,2025-12-03
5250,1084,174,Purchase,2025-10-11
5251,2036,948,View,2026-07-02
5252,1944,935,Wishlist,2025-10-25
5253,2893,537,Search,2025-08-23
5254,1412,520,AddToCart,2025-12-05
5255,2944,353,View,2025-06-24
5256,1195,68,Purchase,2025-02-18
5257,1417,228,Purchase,2025-12-11
5258,1172,89,AddToCart,2026-04-28
5259,2310,866,View,2026-03-09
5260,2649,400,Purchase,2025-11-08
5261,1383,486,Search,2025-09-03
5262,1632,18,AddToCart,2025-11-03
5263,1899,170,View,2025-05-19
5264,1002,126,Wishlist,2026-01-05
5265,1108,157,AddToCart,2026-04-27
5266,513,278,View,2026-03-23
5267,788,954,Purchase,2026-06-07
5268,1914,841,AddToCart,2025-03-06
5269,2864,267,AddToCart,2025-04-20
5270,62,232,Wishlist,2026-05-20
5271,1898,287,AddToCart,2026-03-12
5272,2729,970,View,2025-02-23
5273,2137,212,Wishlist,2025-04-25
5274,2103,763,Search,2025-03-25
5275,2756,13,AddToCart,2025-11-11
5276,1190,432,Wishlist,2025-12-30
5277,2055,658,AddToCart,2025-03-15
5278,2969,74,Wishlist,2026-03-12
5279,2209,101,View,2025-12-20
5280,2174,136,View,2026-02-15
5281,2798,451,Purchase,2025-10-02
5282,1688,332,Wishlist,2025-10-25
5283,169,502,Wishlist,2025-08-23
5284,485,681,Search,2025-06-08
5285,2389,583,Search,2025-06-08
5286,1813,701,Purchase,2025-04-18
5287,941,158,Search,2025-12-07
5288,592,369,AddToCart,2025-08-03
5289,1813,513,View,2025-08-07
5290,1566,812,Search,2025-06-21
5291,2810,19,Purchase,2025-10-14
5292,2573,372,AddToCart,2026-02-18
5293,1475,387,Purchase,2025-12-16
5294,2492,237,Search,2025-12-31
5295,2478,883,Search,2025-01-16
5296,2249,768,View,2025-07-05
5297,2342,795,Search,2025-12-09
5298,2310,40,AddToCart,2025-06-06
5299,885,226,Search,2026-06-21
5300,1130,542,Purchase,2025-12-27
5301,41,522,Wishlist,2025-06-30
5302,2526,511,Wishlist,2025-07-27
5303,2185,524,Purchase,2025-03-06
5304,1257,961,View,2025-11-03
5305,311,766,AddToCart,2026-05-25
5306,1700,388,AddToCart,2026-03-11
5307,2024,573,View,2025-08-01
5308,1690,256,View,2026-06-18
5309,1490,158,View,2025-07-08
5310,613,279,Purchase,2025-09-21
5311,1609,516,Purchase,2025-01-17
5312,504,782,Purchase,2026-02-07
5313,665,751,Wishlist,2025-06-20
5314,2985,168,AddToCart,2025-01-18
5315,2445,8,View,2025-06-09
5316,2917,257,Wishlist,2026-03-15
5317,2475,674,AddToCart,2026-05-19
5318,2373,516,AddToCart,2025-01-31
5319,2458,514,Wishlist,2026-03-21
5320,1013,541,View,2025-03-30
5321,1501,771,View,2025-07-16
5322,1977,428,View,2026-01-07
5323,2421,823,Purchase,2025-12-04
5324,2014,882,AddToCart,2025-09-03
5325,2521,934,Search,2025-09-05
5326,1814,454,Purchase,2025-05-31
5327,183,841,AddToCart,2025-05-16
5328,2325,408,AddToCart,2025-04-29
5329,244,535,Search,2025-10-10
5330,22,220,Purchase,2025-11-06
5331,1865,678,View,2025-08-19
5332,21,874,Search,2025-06-29
5333,382,351,Wishlist,2025-03-13
5334,1894,520,View,2025-07-02
5335,137,144,Purchase,2025-09-10
5336,2650,821,View,2026-01-18
5337,1649,914,Wishlist,2025-08-24
5338,1280,186,View,2026-03-02
5339,1223,866,View,2025-10-30
5340,1706,813,Wishlist,2026-04-05
5341,1075,737,Wishlist,2025-11-03
5342,980,21,Purchase,2026-02-23
5343,2814,756,View,2026-04-05
5344,2006,126,Search,2025-03-18
5345,400,878,Search,2026-01-11
5346,2619,131,View,2025-09-05
5347,983,176,Search,2026-07-02
5348,712,301,Purchase,2025-03-24
5349,2195,561,Wishlist,2026-02-08
5350,778,324,View,2025-09-06
5351,1006,348,Wishlist,2026-05-13
5352,586,873,View,2026-03-30
5353,2731,778,AddToCart,2025-10-29
5354,2096,811,Search,2026-02-19
5355,2466,614,AddToCart,2025-06-12
5356,709,390,Purchase,2025-07-17
5357,2808,720,Purchase,2025-03-27
5358,1875,537,Search,2025-08-09
5359,473,200,View,2025-03-11
5360,2687,999,View,2026-03-29
5361,1909,441,Wishlist,2026-02-03
5362,1027,182,Search,2025-04-08
5363,811,469,Wishlist,2025-07-20
5364,2446,660,View,2025-08-15
5365,869,244,AddToCart,2025-11-24
5366,247,698,AddToCart,2026-01-12
5367,39,290,View,2025-03-29
5368,1658,291,Wishlist,2026-05-01
5369,1546,873,View,2026-06-22
5370,2085,441,AddToCart,2026-03-01
5371,1595,624,Purchase,2025-08-23
5372,2058,130,Wishlist,2025-06-16
5373,1509,529,Search,2026-01-19
5374,2685,558,Purchase,2025-06-04
5375,240,673,Purchase,2025-06-24
5376,2386,960,Wishlist,2025-11-06
5377,1980,26,Purchase,2026-01-12
5378,516,266,View,2025-05-04
5379,745,30,Purchase,2026-01-23
5380,1257,853,View,2025-12-12
5381,2747,955,Search,2026-05-29
5382,1378,452,Wishlist,2025-10-20
5383,58,82,Search,2025-08-26
5384,596,812,Wishlist,2026-06-12
5385,512,686,Search,2025-10-08
5386,879,500,Purchase,2026-03-09
5387,674,992,View,2025-02-27
5388,1614,74,View,2025-04-17
5389,149,134,Purchase,2025-02-26
5390,2142,441,Search,2025-03-06
5391,965,891,Purchase,2026-06-01
5392,721,305,AddToCart,2025-08-24
5393,792,619,Search,2025-06-10
5394,1348,776,Wishlist,2025-06-04
5395,1900,478,View,2026-02-27
5396,2242,530,View,2025-01-17
5397,2438,142,Wishlist,2026-05-17
5398,1353,146,Purchase,2026-01-19
5399,1355,261,Search,2025-11-11
5400,1543,601,AddToCart,2026-06-30
5401,962,751,Search,2025-08-18
5402,2337,69,AddToCart,2025-08-29
5403,698,908,Purchase,2025-12-06
5404,2941,769,View,2026-05-16
5405,42,747,View,2025-01-12
5406,1812,802,Wishlist,2025-10-21
5407,1634,470,Wishlist,2025-10-07
5408,511,417,View,2025-06-14
5409,934,412,Search,2025-04-28
5410,177,29,Search,2025-05-17
5411,2363,693,View,2025-03-02
5412,1282,635,View,2025-04-24
5413,2012,907,Purchase,2025-05-02
5414,1889,835,AddToCart,2025-10-13
5415,378,621,Search,2025-03-27
5416,2706,510,Search,2025-05-01
5417,2997,375,Purchase,2025-08-13
5418,1133,772,Purchase,2025-02-19
5419,1023,61,Search,2026-05-16
5420,2321,385,View,2026-01-16
5421,1496,793,View,2025-10-16
5422,262,950,Purchase,2026-03-17
5423,188,520,Search,2026-05-07
5424,1792,387,Wishlist,2025-09-13
5425,2932,373,Search,2026-03-21
5426,2046,257,Wishlist,2025-06-25
5427,1613,265,AddToCart,2025-05-22
5428,768,708,Search,2025-12-15
5429,649,196,View,2025-04-26
5430,2730,537,View,2026-04-10
5431,1658,388,View,2026-04-05
5432,935,34,Purchase,2025-10-01
5433,2531,576,Search,2025-09-07
5434,951,78,View,2026-06-10
5435,1298,227,Wishlist,2025-05-15
5436,2431,966,Purchase,2026-06-12
5437,2324,135,Wishlist,2025-06-28
5438,186,786,Purchase,2025-04-18
5439,1474,431,View,2026-04-17
5440,2218,210,Search,2025-10-14
5441,1456,832,Purchase,2025-12-02
5442,2756,153,AddToCart,2025-10-07
5443,1998,627,View,2026-02-07
5444,2022,550,Wishlist,2025-05-23
5445,2795,917,Purchase,2025-04-18
5446,43,355,View,2025-05-02
5447,547,735,Purchase,2026-01-01
5448,841,324,Wishlist,2025-10-19
5449,1389,414,View,2025-11-13
5450,2544,577,Search,2026-02-05
5451,2799,218,Search,2026-04-06
5452,969,159,Wishlist,2025-09-13
5453,2814,413,Purchase,2026-01-03
5454,2921,928,View,2026-06-02
5455,1758,440,View,2025-03-09
5456,710,739,AddToCart,2025-10-30
5457,108,544,Wishlist,2025-08-03
5458,212,959,Wishlist,2025-12-08
5459,88,783,AddToCart,2026-04-27
5460,66,826,AddToCart,2025-05-01
5461,2837,45,Purchase,2025-08-30
5462,342,170,AddToCart,2026-05-18
5463,1769,285,Wishlist,2026-01-12
5464,2025,181,AddToCart,2026-05-01
5465,1141,476,View,2025-07-30
5466,1093,61,Wishlist,2026-05-15
5467,1327,315,View,2026-01-28
5468,182,998,Purchase,2025-08-24
5469,1594,24,Search,2025-01-21
5470,974,782,Wishlist,2026-02-18
5471,2498,258,Wishlist,2025-05-27
5472,338,890,AddToCart,2025-02-14
5473,2934,202,Search,2025-06-08
5474,181,618,View,2025-02-28
5475,1920,325,AddToCart,2025-03-29
5476,2318,167,Wishlist,2026-02-26
5477,2437,964,Search,2026-05-22
5478,917,474,Purchase,2025-02-24
5479,1008,729,Purchase,2026-06-01
5480,194,187,Wishlist,2026-06-10
5481,1434,47,View,2026-01-23
5482,2784,444,Search,2025-06-14
5483,2971,141,Wishlist,2025-07-28
5484,1557,39,AddToCart,2026-02-16
5485,1076,942,Wishlist,2025-07-23
5486,818,90,Search,2025-11-07
5487,2463,432,Purchase,2025-01-02
5488,2320,507,Wishlist,2025-04-30
5489,1531,661,Wishlist,2025-04-01
5490,2164,441,View,2026-06-19
5491,1092,922,View,2025-12-31
5492,2671,615,Wishlist,2025-04-29
5493,349,23,View,2025-08-26
5494,783,519,AddToCart,2026-06-14
5495,883,211,Search,2026-01-04
5496,563,504,Purchase,2025-11-24
5497,2182,697,View,2025-05-16
5498,1591,160,AddToCart,2025-02-26
5499,2797,642,Purchase,2025-08-28
5500,592,446,View,2025-11-16
5501,2641,328,AddToCart,2026-01-02
5502,2693,236,View,2025-12-29
5503,2842,567,Purchase,2025-02-06
5504,1447,721,AddToCart,2025-02-02
5505,1082,862,AddToCart,2025-03-15
5506,842,687,View,2025-04-02
5507,2185,897,Wishlist,2025-03-06
5508,1814,487,Purchase,2025-06-09
5509,2291,351,Wishlist,2025-05-03
5510,375,442,Wishlist,2025-07-31
5511,2407,131,AddToCart,2025-07-28
5512,2113,404,View,2026-03-16
5513,1012,14,Purchase,2026-04-30
5514,2322,473,View,2025-12-18
5515,1228,357,View,2025-12-17
5516,2164,368,Search,2025-09-26
5517,2451,645,View,2025-02-17
5518,606,344,AddToCart,2025-09-12
5519,2282,215,Wishlist,2025-11-03
5520,2939,803,Purchase,2025-05-20
5521,2437,197,AddToCart,2026-01-03
5522,2034,519,Search,2025-09-13
5523,1458,178,View,2026-01-24
5524,412,206,AddToCart,2025-02-05
5525,1561,937,Wishlist,2025-09-18
5526,1299,360,AddToCart,2026-03-07
5527,1512,782,AddToCart,2025-05-27
5528,125,280,Wishlist,2026-03-16
5529,2599,522,Purchase,2025-03-19
5530,2297,740,View,2025-05-19
5531,2617,882,Purchase,2026-01-31
5532,1932,968,AddToCart,2025-09-29
5533,2894,987,View,2025-04-08
5534,467,213,Search,2025-05-21
5535,27,802,Search,2025-05-17
5536,1223,847,Purchase,2025-04-01
5537,2652,63,View,2025-12-21
5538,112,849,AddToCart,2025-12-15
5539,2318,487,AddToCart,2025-11-24
5540,598,809,Purchase,2025-11-04
5541,529,389,View,2025-08-16
5542,816,781,AddToCart,2025-11-23
5543,2963,903,Purchase,2025-08-11
5544,1695,934,AddToCart,2026-04-17
5545,1843,330,Purchase,2025-10-12
5546,357,754,View,2025-02-04
5547,2288,76,Wishlist,2025-12-30
5548,1355,141,Purchase,2026-04-19
5549,2264,376,View,2025-11-11
5550,1347,806,View,2026-07-01
5551,2758,255,AddToCart,2026-02-15
5552,1195,948,View,2025-06-21
5553,304,206,Wishlist,2026-01-26
5554,2975,945,AddToCart,2025-08-06
5555,2772,215,View,2026-01-24
5556,1567,35,View,2025-12-27
5557,467,923,Purchase,2025-11-24
5558,637,148,Search,2025-12-21
5559,2056,148,Wishlist,2025-05-21
5560,2486,349,AddToCart,2025-07-10
5561,996,802,View,2025-07-08
5562,2946,158,Wishlist,2025-05-22
5563,32,564,View,2026-02-24
5564,2041,213,View,2025-12-05
5565,506,476,AddToCart,2026-02-06
5566,383,213,Search,2025-04-20
5567,1476,330,Search,2026-06-11
5568,1339,714,Purchase,2025-04-23
5569,2767,111,Purchase,2025-12-17
5570,633,420,Wishlist,2025-10-04
5571,723,466,Search,2026-02-09
5572,2776,999,Wishlist,2025-04-25
5573,2646,31,Wishlist,2026-05-17
5574,790,651,Wishlist,2025-01-29
5575,473,400,View,2026-02-26
5576,2246,200,Purchase,2025-11-18
5577,2744,856,AddToCart,2025-10-14
5578,1290,159,Wishlist,2025-09-02
5579,1074,329,Purchase,2025-09-21
5580,960,755,AddToCart,2025-11-06
5581,2189,67,Purchase,2025-06-05
5582,969,74,Purchase,2025-11-30
5583,911,327,Wishlist,2025-09-24
5584,2501,426,View,2026-01-02
5585,1584,380,View,2025-11-23
5586,156,348,Search,2025-06-24
5587,2818,390,Search,2025-05-29
5588,218,387,Search,2026-04-05
5589,1459,172,Wishlist,2025-10-20
5590,390,260,Wishlist,2026-02-03
5591,1493,883,View,2025-01-21
5592,65,870,Wishlist,2025-07-03
5593,1477,468,Search,2025-09-06
5594,1256,624,AddToCart,2026-03-15
5595,20,737,AddToCart,2026-01-12
5596,599,794,Wishlist,2025-10-30
5597,1686,71,View,2025-05-31
5598,855,20,Purchase,2026-01-31
5599,1790,652,Search,2025-12-15
5600,1243,162,Purchase,2026-04-12
5601,1127,337,View,2026-01-07
5602,1348,780,Wishlist,2026-04-29
5603,1845,971,Wishlist,2025-11-22
5604,1545,139,Purchase,2025-02-02
5605,2369,986,Search,2025-08-14
5606,1902,886,Search,2025-04-14
5607,2597,315,View,2025-10-28
5608,222,777,Purchase,2025-08-15
5609,1038,484,Purchase,2026-03-15
5610,502,359,Wishlist,2026-02-24
5611,1261,56,View,2025-05-03
5612,2683,515,View,2025-01-21
5613,2984,104,Search,2025-12-05
5614,287,624,View,2025-07-26
5615,1189,845,View,2026-01-16
5616,689,544,AddToCart,2025-01-25
5617,2545,62,Wishlist,2026-04-08
5618,837,273,AddToCart,2026-04-16
5619,422,490,Wishlist,2026-04-17
5620,1862,683,Wishlist,2025-10-24
5621,1617,373,AddToCart,2025-02-03
5622,161,402,AddToCart,2025-12-04
5623,327,874,Search,2025-03-04
5624,1595,614,View,2026-01-17
5625,2136,129,Purchase,2025-01-17
5626,2758,309,Wishlist,2025-07-09
5627,1493,977,Purchase,2026-05-22
5628,2461,137,Purchase,2026-01-05
5629,1776,81,Purchase,2025-09-13
5630,1471,612,View,2025-02-06
5631,2364,688,View,2025-07-31
5632,1565,670,View,2025-04-29
5633,2479,597,Purchase,2025-01-22
5634,1821,598,Purchase,2025-04-19
5635,256,722,Search,2026-05-08
5636,1542,450,View,2025-09-23
5637,869,976,Wishlist,2025-09-25
5638,16,697,AddToCart,2025-02-12
5639,304,945,Wishlist,2025-12-08
5640,1867,241,Purchase,2025-01-02
5641,114,634,View,2026-02-18
5642,1926,30,Purchase,2026-05-26
5643,2514,338,Search,2025-05-23
5644,945,899,Purchase,2025-02-04
5645,2153,323,AddToCart,2025-07-04
5646,656,407,View,2026-06-02
5647,1596,381,Wishlist,2026-01-10
5648,2605,511,Wishlist,2025-10-22
5649,706,937,View,2025-02-02
5650,589,385,Purchase,2025-06-02
5651,143,491,AddToCart,2025-12-03
5652,706,618,View,2025-02-24
5653,1526,61,AddToCart,2025-05-31
5654,2079,524,Wishlist,2026-04-04
5655,2334,17,View,2025-09-12
5656,1915,375,View,2025-09-10
5657,1968,626,Wishlist,2025-08-07
5658,1460,347,Wishlist,2025-08-26
5659,125,652,Search,2025-03-29
5660,1945,819,View,2026-06-22
5661,525,731,Purchase,2026-02-13
5662,1735,761,Search,2025-08-07
5663,161,993,AddToCart,2026-05-18
5664,1001,537,Purchase,2025-03-10
5665,402,625,AddToCart,2025-02-19
5666,1847,733,AddToCart,2025-12-08
5667,1093,871,Wishlist,2026-05-27
5668,2044,765,Wishlist,2025-03-16
5669,1189,723,Search,2025-04-14
5670,305,350,AddToCart,2025-09-30
5671,78,63,View,2026-04-27
5672,2776,466,Purchase,2025-12-31
5673,1255,356,Wishlist,2026-02-08
5674,2134,946,Search,2026-07-02
5675,1023,381,Search,2026-01-28
5676,1617,160,View,2025-02-20
5677,1252,641,AddToCart,2025-05-19
5678,2564,873,Search,2025-08-23
5679,2964,523,AddToCart,2025-11-04
5680,1559,764,Wishlist,2025-05-11
5681,981,923,View,2026-07-02
5682,96,43,AddToCart,2025-09-19
5683,1291,713,Wishlist,2025-04-14
5684,1031,253,Search,2026-06-18
5685,1875,977,Purchase,2025-04-03
5686,2215,673,Search,2026-01-28
5687,21,778,Search,2025-03-19
5688,1333,989,AddToCart,2025-12-07
5689,2542,120,Purchase,2025-08-24
5690,58,230,Wishlist,2025-11-14
5691,352,738,AddToCart,2025-04-22
5692,2752,60,AddToCart,2025-05-09
5693,1593,146,AddToCart,2025-02-05
5694,1212,561,Wishlist,2025-02-25
5695,1674,743,Wishlist,2026-04-24
5696,483,390,Purchase,2025-12-27
5697,928,837,Search,2025-12-21
5698,1034,330,Search,2025-07-14
5699,2941,165,Wishlist,2025-07-04
5700,2331,321,Purchase,2025-01-16
5701,582,162,AddToCart,2026-03-19
5702,471,915,View,2026-02-03
5703,2347,353,AddToCart,2025-03-10
5704,2562,188,View,2025-01-07
5705,2067,236,View,2026-05-14
5706,50,450,View,2026-04-17
5707,167,574,View,2025-08-31
5708,1320,314,View,2026-04-16
5709,208,935,Search,2025-11-16
5710,2061,758,View,2025-09-17
5711,2981,798,Wishlist,2026-02-18
5712,177,725,Search,2025-08-19
5713,1028,631,Wishlist,2026-02-27
5714,2177,438,AddToCart,2025-02-10
5715,2933,57,Search,2025-06-04
5716,2422,198,Wishlist,2025-05-29
5717,486,579,Wishlist,2025-03-18
5718,280,671,Purchase,2025-05-21
5719,2520,676,View,2025-05-04
5720,647,245,AddToCart,2025-04-05
5721,1028,670,Wishlist,2025-11-21
5722,1122,683,Purchase,2025-10-12
5723,909,109,View,2025-01-03
5724,2516,185,Search,2025-12-23
5725,1736,191,View,2025-07-10
5726,656,890,Wishlist,2026-02-12
5727,969,726,Wishlist,2025-03-25
5728,1717,156,View,2025-09-08
5729,2284,927,Purchase,2026-04-20
5730,1217,269,AddToCart,2025-08-17
5731,1457,545,Purchase,2025-07-23
5732,1760,805,View,2025-05-14
5733,1866,17,View,2025-11-08
5734,2290,188,Purchase,2025-10-08
5735,1365,871,Purchase,2026-05-14
5736,1739,194,Purchase,2025-05-22
5737,2548,187,View,2025-11-22
5738,2130,44,AddToCart,2026-07-01
5739,759,888,Search,2025-02-16
5740,1679,644,Wishlist,2025-08-08
5741,2084,579,Search,2026-01-09
5742,1186,228,Wishlist,2025-05-06
5743,2062,879,AddToCart,2025-07-19
5744,1430,234,Purchase,2025-06-16
5745,268,634,AddToCart,2025-05-05
5746,1081,737,View,2025-05-28
5747,2612,312,Wishlist,2026-04-22
5748,2100,588,Purchase,2025-01-09
5749,2908,576,AddToCart,2025-04-20
5750,2609,427,Wishlist,2025-03-15
5751,1510,326,View,2025-02-23
5752,847,398,Search,2025-01-08
5753,2125,431,AddToCart,2026-05-01
5754,2206,760,View,2026-01-11
5755,680,703,Wishlist,2025-12-17
5756,2936,394,Wishlist,2026-01-11
5757,1340,563,View,2025-10-20
5758,1685,677,Search,2026-05-13
5759,2336,320,AddToCart,2026-06-24
5760,1640,476,Purchase,2025-03-05
5761,1635,116,Wishlist,2026-02-17
5762,1262,279,Wishlist,2025-11-23
5763,709,50,AddToCart,2025-02-27
5764,1381,827,Purchase,2025-12-12
5765,549,310,View,2025-05-24
5766,231,11,AddToCart,2025-03-24
5767,82,272,Purchase,2025-04-08
5768,2744,557,View,2025-12-12
5769,2989,545,Wishlist,2025-12-27
5770,540,677,View,2025-12-11
5771,1860,362,Search,2026-03-18
5772,2042,498,View,2025-08-08
5773,1875,113,Wishlist,2026-01-20
5774,2607,719,Wishlist,2026-06-19
5775,627,87,View,2025-09-23
5776,2664,985,View,2026-03-17
5777,2791,458,Search,2025-06-04
5778,412,672,View,2025-06-21
5779,1511,306,Search,2026-02-02
5780,2340,768,AddToCart,2025-02-09
5781,1426,747,AddToCart,2026-03-30
5782,2063,412,Search,2025-09-21
5783,113,135,Purchase,2025-11-19
5784,1256,41,Wishlist,2025-04-04
5785,2348,606,Search,2025-07-13
5786,1074,938,Search,2025-01-02
5787,1716,854,AddToCart,2025-01-27
5788,891,530,AddToCart,2025-04-28
5789,437,481,Purchase,2026-04-13
5790,2601,10,Purchase,2025-11-04
5791,720,818,AddToCart,2025-04-29
5792,748,241,AddToCart,2025-01-13
5793,2561,281,Purchase,2026-06-15
5794,2118,409,Search,2025-03-04
5795,1319,735,Purchase,2025-08-29
5796,2743,518,View,2025-05-31
5797,2833,430,Wishlist,2026-06-27
5798,65,743,Search,2025-12-01
5799,1460,867,Purchase,2025-05-23
5800,243,156,AddToCart,2025-03-10
5801,1901,71,Search,2025-05-27
5802,1041,158,Search,2025-06-25
5803,134,320,Purchase,2025-12-15
5804,1779,874,Search,2026-03-29
5805,503,645,Wishlist,2025-10-10
5806,1465,132,AddToCart,2025-06-11
5807,1272,585,View,2025-09-11
5808,144,11,Search,2026-04-07
5809,1769,712,View,2025-06-06
5810,2161,30,Search,2025-03-17
5811,1999,80,Purchase,2026-01-25
5812,2183,194,Search,2025-01-21
5813,2628,549,AddToCart,2025-04-24
5814,2072,598,View,2025-11-14
5815,595,382,Search,2026-02-18
5816,2139,409,View,2026-04-23
5817,88,64,Wishlist,2025-12-05
5818,926,84,Purchase,2025-03-22
5819,2978,291,Wishlist,2025-06-03
5820,1624,611,Search,2025-09-26
5821,2718,174,AddToCart,2025-07-27
5822,2428,94,Wishlist,2025-01-15
5823,1771,509,View,2025-11-15
5824,285,638,AddToCart,2025-06-19
5825,439,508,Purchase,2025-06-01
5826,2126,487,View,2025-10-25
5827,2605,883,Purchase,2025-07-23
5828,1910,516,Wishlist,2025-06-07
5829,151,846,AddToCart,2025-03-22
5830,1292,212,Purchase,2025-03-20
5831,2548,658,AddToCart,2026-06-01
5832,1264,62,View,2025-06-08
5833,1566,916,Search,2025-09-06
5834,2547,678,View,2025-09-20
5835,316,349,Purchase,2025-04-02
5836,2545,46,View,2026-05-18
5837,1186,665,Purchase,2026-02-16
5838,45,354,Purchase,2025-07-07
5839,1162,27,AddToCart,2026-03-12
5840,2976,609,View,2025-08-21
5841,799,328,View,2025-02-21
5842,954,361,AddToCart,2025-01-21
5843,1594,916,Wishlist,2025-02-21
5844,1792,251,Search,2025-03-29
5845,1083,609,View,2025-01-22
5846,1537,483,View,2025-11-16
5847,554,508,AddToCart,2025-05-09
5848,1814,147,Wishlist,2025-11-24
5849,493,26,Wishlist,2025-06-08
5850,1034,261,View,2025-05-16
5851,1307,451,Purchase,2025-08-07
5852,208,130,Wishlist,2025-03-05
5853,518,704,Purchase,2026-02-03
5854,2700,633,Purchase,2026-02-04
5855,2900,196,Wishlist,2025-11-16
5856,395,125,Purchase,2026-06-28
5857,55,696,Purchase,2025-01-02
5858,2027,292,Search,2025-10-23
5859,471,802,Search,2025-11-14
5860,315,201,Purchase,2025-06-08
5861,1813,243,AddToCart,2025-07-02
5862,1732,289,View,2025-10-07
5863,533,27,Purchase,2026-06-26
5864,2375,531,View,2026-04-05
5865,158,950,View,2026-02-12
5866,1238,962,View,2026-03-23
5867,1621,424,Wishlist,2025-04-13
5868,1166,107,AddToCart,2026-06-02
5869,2459,266,Search,2025-11-25
5870,1295,7,AddToCart,2025-08-06
5871,797,900,Wishlist,2026-06-26
5872,1815,407,Search,2025-10-05
5873,2002,887,Purchase,2026-01-01
5874,2817,78,Search,2026-03-03
5875,195,781,Wishlist,2026-05-14
5876,1568,18,View,2025-12-10
5877,2271,428,AddToCart,2026-03-03
5878,1690,838,Purchase,2025-07-30
5879,1702,35,AddToCart,2025-12-21
5880,2567,340,AddToCart,2025-06-15
5881,2026,498,Purchase,2025-05-26
5882,1576,651,AddToCart,2026-01-05
5883,2108,304,AddToCart,2025-09-19
5884,2665,786,Wishlist,2025-01-26
5885,2065,998,AddToCart,2025-07-27
5886,356,581,Search,2025-04-09
5887,2304,440,Purchase,2025-01-22
5888,2735,925,Purchase,2026-03-11
5889,2882,791,Search,2025-01-19
5890,2882,311,Wishlist,2025-07-08
5891,1422,143,Purchase,2025-05-15
5892,1703,161,Purchase,2025-02-21
5893,13,243,AddToCart,2025-07-10
5894,1060,516,Wishlist,2025-04-15
5895,1732,254,AddToCart,2025-06-08
5896,880,439,Wishlist,2025-09-02
5897,1912,890,Purchase,2025-07-30
5898,39,253,Search,2025-10-31
5899,2224,689,Purchase,2025-03-18
5900,584,712,View,2025-12-21
5901,2650,453,Search,2025-05-16
5902,1372,10,View,2025-03-24
5903,2762,707,Search,2026-03-04
5904,2686,83,Wishlist,2026-02-24
5905,2146,246,AddToCart,2025-04-14
5906,2790,811,AddToCart,2025-01-27
5907,884,784,Wishlist,2026-03-21
5908,514,839,Wishlist,2026-02-08
5909,2885,833,View,2025-09-15
5910,2137,670,Search,2025-11-07
5911,1922,868,Purchase,2025-08-27
5912,2103,491,View,2025-02-13
5913,2416,931,AddToCart,2025-12-12
5914,645,882,Search,2025-04-15
5915,403,17,Wishlist,2025-09-06
5916,1142,835,Search,2025-01-07
5917,551,758,Purchase,2026-02-10
5918,43,371,View,2025-06-13
5919,1976,316,Purchase,2025-12-10
5920,2420,867,View,2025-11-01
5921,151,284,Purchase,2025-05-18
5922,443,246,AddToCart,2025-06-10
5923,1558,137,Search,2025-06-26
5924,2275,407,View,2025-10-16
5925,1910,427,Wishlist,2025-05-06
5926,2634,225,AddToCart,2025-05-06
5927,2110,864,Search,2025-09-13
5928,2285,558,AddToCart,2026-02-07
5929,1824,561,AddToCart,2025-01-12
5930,273,505,AddToCart,2026-05-14
5931,293,439,View,2025-07-17
5932,2113,14,Purchase,2026-01-29
5933,933,329,Search,2025-01-14
5934,1528,875,Purchase,2025-12-15
5935,19,719,AddToCart,2025-11-11
5936,2706,892,Purchase,2026-02-07
5937,394,851,View,2026-03-16
5938,907,986,Search,2025-04-02
5939,1868,322,AddToCart,2025-12-28
5940,2329,406,AddToCart,2025-02-08
5941,835,859,Search,2025-05-31
5942,2852,357,AddToCart,2026-03-17
5943,277,221,Purchase,2026-02-28
5944,2314,575,Purchase,2025-02-01
5945,1694,72,Search,2026-05-17
5946,1854,220,Wishlist,2025-01-27
5947,1697,762,Purchase,2026-01-08
5948,2064,947,Wishlist,2026-07-03
5949,114,45,View,2025-12-05
5950,872,781,Search,2025-11-28
5951,822,934,AddToCart,2025-12-26
5952,2896,238,View,2025-07-10
5953,2859,490,Wishlist,2026-06-11
5954,630,127,Wishlist,2025-04-30
5955,198,502,Wishlist,2025-05-04
5956,1196,794,Purchase,2026-03-07
5957,141,62,Wishlist,2025-10-20
5958,2208,330,Search,2025-11-05
5959,1187,733,View,2025-11-09
5960,1119,912,Search,2025-09-18
5961,558,877,Wishlist,2025-07-14
5962,611,648,AddToCart,2025-07-07
5963,1602,401,Purchase,2025-06-08
5964,758,241,View,2025-11-27
5965,252,692,Purchase,2026-01-17
5966,1696,202,Purchase,2026-05-17
5967,517,216,AddToCart,2026-04-20
5968,969,820,AddToCart,2026-03-17
5969,2143,445,Purchase,2026-06-06
5970,1756,467,View,2025-05-23
5971,1578,391,Wishlist,2025-02-25
5972,2922,98,Wishlist,2026-05-30
5973,1236,310,AddToCart,2026-04-08
5974,35,973,Search,2025-07-23
5975,1931,492,View,2025-10-17
5976,2500,272,Search,2025-01-10
5977,1028,669,AddToCart,2025-05-19
5978,85,512,Purchase,2026-01-19
5979,1196,695,Wishlist,2025-04-06
5980,1595,791,Wishlist,2026-04-18
5981,1980,511,Search,2026-04-08
5982,2278,962,Purchase,2025-04-29
5983,2092,154,Search,2025-09-08
5984,1874,599,Wishlist,2025-02-13
5985,2589,624,Search,2025-07-06
5986,527,869,View,2026-06-10
5987,1080,110,View,2025-11-05
5988,1344,291,Search,2025-01-17
5989,2809,988,Search,2026-01-16
5990,2662,721,Purchase,2026-03-12
5991,389,200,Search,2025-04-18
5992,167,928,Purchase,2026-06-26
5993,2673,66,Wishlist,2025-11-06
5994,125,359,Purchase,2025-05-23
5995,396,436,View,2025-02-04
5996,48,302,AddToCart,2025-01-22
5997,878,334,AddToCart,2025-06-09
5998,1451,813,AddToCart,2026-04-05
5999,2403,793,View,2025-11-20
6000,2269,149,Search,2025-07-10
6001,2015,303,Search,2025-06-16
6002,816,728,Search,2025-01-21
6003,396,510,AddToCart,2025-01-04
6004,292,870,Wishlist,2026-01-12
6005,286,240,Purchase,2025-02-17
6006,305,472,Purchase,2025-08-07
6007,695,480,Search,2025-01-20
6008,651,270,AddToCart,2025-04-24
6009,2743,460,AddToCart,2026-02-20
6010,1018,195,Search,2025-07-24
6011,45,766,Wishlist,2025-01-30
6012,2340,670,AddToCart,2026-05-25
6013,1720,646,Search,2025-04-21
6014,582,562,Wishlist,2025-12-26
6015,2245,372,Purchase,2025-08-11
6016,2558,295,View,2025-03-25
6017,2809,180,View,2025-09-19
6018,2939,461,View,2025-10-19
6019,450,365,Purchase,2025-12-21
6020,1313,93,Wishlist,2025-04-20
6021,2290,52,Search,2025-04-25
6022,2565,958,AddToCart,2026-01-31
6023,1312,509,AddToCart,2026-01-11
6024,2021,636,View,2026-02-10
6025,933,978,AddToCart,2025-07-03
6026,2169,444,View,2025-10-03
6027,1518,223,Purchase,2025-03-04
6028,2989,2,AddToCart,2025-12-16
6029,1144,585,Purchase,2025-08-12
6030,2625,427,Purchase,2026-05-22
6031,2181,759,View,2025-11-09
6032,2712,616,View,2025-09-25
6033,2952,423,View,2025-01-20
6034,1974,646,AddToCart,2025-12-27
6035,2672,742,Search,2026-05-05
6036,2047,873,Purchase,2025-03-27
6037,1696,401,Search,2026-04-27
6038,1274,132,Search,2025-08-02
6039,712,7,Search,2025-10-20
6040,136,142,View,2026-05-04
6041,1805,585,Search,2025-11-30
6042,2000,937,Purchase,2026-05-09
6043,2109,181,AddToCart,2025-12-06
6044,1303,236,AddToCart,2026-04-12
6045,2681,342,Purchase,2025-04-13
6046,2944,132,Wishlist,2025-05-13
6047,1740,396,Search,2025-09-10
6048,1986,645,Search,2025-03-10
6049,1275,552,AddToCart,2026-06-17
6050,143,974,AddToCart,2025-03-05
6051,1332,563,Wishlist,2026-03-12
6052,1818,282,Wishlist,2026-01-20
6053,187,342,Wishlist,2025-03-12
6054,2118,541,Wishlist,2026-01-17
6055,1439,339,Purchase,2025-04-18
6056,2216,536,AddToCart,2026-03-02
6057,140,206,Purchase,2026-05-14
6058,649,102,AddToCart,2025-09-25
6059,1397,157,View,2025-03-01
6060,1216,415,Wishlist,2025-08-26
6061,158,666,Search,2025-02-24
6062,242,343,Search,2025-03-18
6063,2794,186,Wishlist,2026-06-16
6064,1518,489,Wishlist,2026-03-18
6065,2625,324,Purchase,2025-03-06
6066,1533,491,AddToCart,2025-10-10
6067,2530,228,Search,2025-10-18
6068,1766,761,View,2025-12-19
6069,2081,372,AddToCart,2025-04-24
6070,491,914,View,2025-08-09
6071,2138,974,Purchase,2026-05-21
6072,1326,762,AddToCart,2026-02-01
6073,1480,779,Search,2025-07-26
6074,2525,656,View,2026-01-29
6075,418,399,AddToCart,2025-10-18
6076,1596,270,Purchase,2025-03-06
6077,485,934,Search,2025-12-28
6078,2663,415,View,2025-07-23
6079,1680,64,Wishlist,2026-01-08
6080,2248,916,AddToCart,2026-03-08
6081,2460,490,View,2025-12-11
6082,523,327,AddToCart,2026-05-10
6083,999,402,Purchase,2026-07-04
6084,1044,221,AddToCart,2026-01-04
6085,619,448,Wishlist,2025-10-07
6086,1230,310,AddToCart,2026-04-04
6087,1074,939,Wishlist,2025-02-24
6088,2801,735,Search,2025-02-07
6089,1067,851,Purchase,2025-04-07
6090,2672,756,Wishlist,2025-04-07
6091,46,732,View,2025-03-17
6092,2544,175,Search,2025-08-31
6093,1066,532,Wishlist,2025-03-28
6094,1546,268,Purchase,2026-04-29
6095,1235,797,Purchase,2026-04-23
6096,2297,109,View,2025-07-05
6097,2007,724,AddToCart,2025-06-14
6098,1881,481,View,2025-11-21
6099,139,7,View,2026-04-12
6100,1918,631,AddToCart,2025-04-30
6101,2526,699,View,2025-06-21
6102,2135,932,Search,2026-01-12
6103,381,540,Wishlist,2026-02-18
6104,290,146,Wishlist,2025-01-24
6105,1496,714,Purchase,2025-11-22
6106,874,458,View,2026-02-16
6107,660,582,Search,2025-04-18
6108,2886,566,Purchase,2025-02-08
6109,780,305,Wishlist,2025-07-22
6110,2272,792,Search,2025-08-27
6111,1292,965,View,2025-09-08
6112,213,524,AddToCart,2025-01-09
6113,504,164,View,2026-06-14
6114,2541,991,AddToCart,2025-10-10
6115,531,749,View,2025-03-30
6116,318,574,Purchase,2025-12-29
6117,1882,176,AddToCart,2026-01-20
6118,2694,656,AddToCart,2026-06-02
6119,1074,825,Purchase,2026-02-27
6120,561,257,Search,2026-06-26
6121,736,312,Wishlist,2025-07-12
6122,310,512,Purchase,2026-06-18
6123,2062,680,Search,2025-11-04
6124,552,627,Wishlist,2025-04-29
6125,974,924,Wishlist,2025-12-07
6126,551,350,Wishlist,2026-01-04
6127,742,167,Search,2025-10-16
6128,2135,673,Search,2025-07-05
6129,776,371,Search,2025-07-17
6130,2822,458,Search,2025-11-12
6131,1917,671,Search,2025-08-02
6132,1099,41,Wishlist,2026-06-07
6133,2528,463,Search,2025-05-27
6134,1623,406,Search,2026-06-25
6135,2604,406,AddToCart,2025-01-24
6136,681,258,View,2026-04-24
6137,2438,411,Wishlist,2025-01-20
6138,358,874,AddToCart,2026-03-16
6139,1725,840,AddToCart,2025-07-26
6140,985,386,Wishlist,2025-10-27
6141,1069,830,Search,2025-10-21
6142,1266,532,Search,2025-11-04
6143,2180,155,Search,2025-06-01
6144,1359,619,Wishlist,2026-07-03
6145,2310,882,Purchase,2025-03-21
6146,854,959,Search,2025-01-07
6147,649,197,Wishlist,2025-01-01
6148,2923,489,Purchase,2025-08-22
6149,529,606,Purchase,2025-10-16
6150,1758,535,Purchase,2026-05-25
6151,1932,809,Wishlist,2025-03-12
6152,1284,599,Wishlist,2025-09-08
6153,398,561,Purchase,2025-06-21
6154,1626,359,AddToCart,2025-11-30
6155,1054,815,AddToCart,2025-03-01
6156,2552,912,Purchase,2025-09-03
6157,480,802,Purchase,2025-07-17
6158,199,676,Purchase,2025-05-21
6159,1634,461,Purchase,2025-11-22
6160,1917,814,View,2026-06-28
6161,677,307,AddToCart,2025-05-09
6162,1652,230,View,2026-03-21
6163,750,532,View,2025-03-07
6164,2567,774,AddToCart,2026-06-27
6165,1097,51,Search,2026-02-20
6166,197,408,View,2026-01-18
6167,873,497,Purchase,2026-03-30
6168,750,329,View,2025-11-30
6169,464,301,AddToCart,2026-01-31
6170,1130,990,AddToCart,2025-04-10
6171,583,933,AddToCart,2026-03-22
6172,969,990,AddToCart,2025-03-25
6173,2921,686,View,2025-04-19
6174,1436,246,AddToCart,2026-03-04
6175,1042,591,Purchase,2025-01-14
6176,1825,677,AddToCart,2026-04-19
6177,682,566,AddToCart,2026-05-03
6178,2332,493,Wishlist,2025-08-21
6179,2099,734,View,2025-03-28
6180,2053,731,Purchase,2025-02-27
6181,1029,453,Purchase,2025-07-03
6182,743,123,View,2025-01-24
6183,878,722,Search,2025-07-06
6184,180,635,Search,2025-12-09
6185,1419,78,Purchase,2026-03-26
6186,2264,549,Purchase,2025-03-18
6187,361,324,View,2025-06-01
6188,1725,399,Purchase,2025-05-19
6189,203,337,AddToCart,2026-07-01
6190,2988,125,Purchase,2025-08-12
6191,704,169,Wishlist,2026-02-03
6192,1483,357,AddToCart,2025-04-03
6193,1047,488,Wishlist,2025-02-23
6194,949,865,View,2025-03-08
6195,802,477,Search,2025-10-02
6196,1956,416,Search,2025-07-29
6197,780,896,Purchase,2025-09-25
6198,1422,987,Search,2025-05-19
6199,2331,448,Search,2025-10-17
6200,1167,47,View,2026-07-05
6201,63,283,AddToCart,2025-08-03
6202,2932,568,Wishlist,2026-04-17
6203,467,209,View,2025-04-27
6204,2179,519,Purchase,2026-03-12
6205,2203,806,AddToCart,2025-03-21
6206,219,607,View,2026-01-01
6207,2547,911,View,2025-04-23
6208,185,114,Wishlist,2025-02-17
6209,2712,140,Purchase,2025-12-03
6210,1285,773,Wishlist,2026-05-09
6211,1517,791,AddToCart,2026-03-21
6212,303,90,Purchase,2025-05-04
6213,239,917,Search,2025-11-19
6214,1851,179,Wishlist,2025-12-31
6215,1118,353,View,2025-11-17
6216,1127,207,Purchase,2025-10-02
6217,1410,887,View,2025-01-19
6218,461,464,Purchase,2026-05-14
6219,2430,393,View,2026-04-11
6220,1881,531,View,2026-02-14
6221,1773,687,View,2025-03-29
6222,2529,389,View,2026-03-23
6223,2222,282,View,2025-08-14
6224,2630,524,AddToCart,2025-01-18
6225,127,886,Wishlist,2025-03-05
6226,1323,654,Purchase,2025-04-01
6227,1525,913,View,2025-11-03
6228,92,112,Wishlist,2025-06-29
6229,2042,406,Wishlist,2026-02-20
6230,121,774,View,2025-02-20
6231,842,103,Wishlist,2025-09-29
6232,2976,925,View,2026-03-17
6233,564,452,Purchase,2025-06-10
6234,1517,773,Wishlist,2026-06-25
6235,1589,434,AddToCart,2026-03-03
6236,1077,402,View,2025-01-01
6237,1724,518,Purchase,2026-05-29
6238,2085,166,Purchase,2026-05-21
6239,2960,668,AddToCart,2025-11-06
6240,180,156,Wishlist,2025-03-11
6241,2828,73,Wishlist,2026-05-10
6242,623,315,Wishlist,2026-02-14
6243,915,219,Wishlist,2026-02-08
6244,2709,454,Wishlist,2025-06-09
6245,672,900,AddToCart,2025-01-29
6246,596,631,Search,2025-05-23
6247,1318,85,View,2026-05-01
6248,1531,650,Wishlist,2025-12-13
6249,506,162,AddToCart,2025-07-05
6250,263,814,Wishlist,2026-03-25
6251,2784,273,Wishlist,2025-07-28
6252,1324,549,Search,2025-05-28
6253,1405,580,AddToCart,2026-04-01
6254,968,134,Search,2025-09-22
6255,1551,624,View,2026-05-30
6256,2968,85,Purchase,2025-07-30
6257,1893,538,Search,2026-06-08
6258,1964,999,Wishlist,2025-07-29
6259,521,964,Purchase,2026-01-09
6260,1345,620,Wishlist,2026-05-11
6261,1523,577,AddToCart,2026-04-25
6262,130,726,Purchase,2026-02-23
6263,2785,673,Wishlist,2026-01-03
6264,219,230,AddToCart,2025-12-02
6265,362,884,Search,2025-04-14
6266,2132,910,Purchase,2025-03-10
6267,2303,29,Wishlist,2025-07-18
6268,238,624,Purchase,2026-05-02
6269,1139,109,View,2025-05-20
6270,1297,520,Purchase,2026-01-02
6271,851,292,AddToCart,2025-02-02
6272,2613,647,View,2025-08-29
6273,2990,4,AddToCart,2025-03-22
6274,2685,338,View,2025-05-25
6275,242,250,Purchase,2025-07-07
6276,1236,592,Wishlist,2025-10-28
6277,171,410,Purchase,2026-05-31
6278,1489,876,View,2026-05-21
6279,1090,655,AddToCart,2025-12-26
6280,1381,907,Purchase,2026-05-11
6281,891,542,Wishlist,2026-01-29
6282,177,957,Search,2025-09-17
6283,1003,523,View,2025-10-29
6284,1356,991,AddToCart,2025-12-03
6285,382,290,AddToCart,2026-02-02
6286,1968,467,AddToCart,2025-02-01
6287,1460,127,Search,2026-06-08
6288,1221,822,View,2025-09-13
6289,889,301,AddToCart,2025-04-16
6290,1669,813,Wishlist,2025-12-18
6291,2429,486,Search,2026-06-14
6292,2482,675,View,2025-07-02
6293,2465,781,Search,2026-02-26
6294,1284,254,View,2025-02-12
6295,848,285,Purchase,2026-04-22
6296,404,574,AddToCart,2025-03-28
6297,1712,525,Wishlist,2025-09-16
6298,2203,264,View,2025-05-16
6299,1511,55,Wishlist,2025-08-19
6300,1843,784,Search,2025-02-11
6301,1629,119,Search,2025-09-11
6302,1810,57,View,2025-05-09
6303,1526,627,Purchase,2025-09-08
6304,205,204,Purchase,2025-10-23
6305,334,420,Purchase,2025-02-16
6306,1501,743,Purchase,2026-05-18
6307,1239,55,View,2025-12-26
6308,1350,495,AddToCart,2025-12-10
6309,1370,756,Purchase,2026-05-30
6310,2972,546,Wishlist,2026-01-11
6311,59,255,Wishlist,2025-01-22
6312,385,699,Purchase,2025-12-06
6313,166,130,Purchase,2025-11-17
6314,482,643,Wishlist,2026-01-30
6315,875,809,View,2026-06-20
6316,712,774,Search,2025-04-30
6317,1892,541,Wishlist,2025-09-24
6318,2248,713,Search,2025-12-20
6319,1686,990,Purchase,2025-05-10
6320,2254,956,Search,2025-04-18
6321,1524,767,Purchase,2025-02-03
6322,662,30,Search,2025-04-28
6323,1830,6,Purchase,2025-03-14
6324,884,64,AddToCart,2025-05-05
6325,1007,197,Search,2026-04-15
6326,1647,702,Purchase,2025-07-10
6327,640,908,AddToCart,2025-09-21
6328,391,829,AddToCart,2026-01-21
6329,1332,958,View,2025-03-05
6330,2997,178,Wishlist,2025-12-23
6331,978,472,AddToCart,2026-04-30
6332,1448,726,Search,2025-06-11
6333,26,682,AddToCart,2025-06-07
6334,2844,821,View,2025-12-14
6335,2836,706,AddToCart,2025-04-11
6336,2344,244,Wishlist,2026-01-24
6337,510,112,Search,2025-02-08
6338,144,646,View,2025-08-26
6339,2327,659,Search,2025-04-09
6340,2266,123,Search,2025-06-18
6341,2649,834,Wishlist,2026-02-16
6342,2330,945,Wishlist,2025-10-02
6343,2343,197,View,2025-03-31
6344,2746,361,AddToCart,2025-02-03
6345,1391,84,AddToCart,2026-03-02
6346,1032,626,View,2025-10-13
6347,2551,881,Purchase,2025-02-06
6348,1551,802,Purchase,2025-01-22
6349,1573,240,AddToCart,2025-05-09
6350,2955,241,Search,2026-01-01
6351,2529,358,AddToCart,2026-03-30
6352,1976,565,Purchase,2026-02-25
6353,915,169,View,2025-07-15
6354,1527,880,Wishlist,2025-09-26
6355,869,149,Search,2025-08-20
6356,652,531,AddToCart,2026-04-11
6357,2474,826,Search,2025-11-06
6358,1436,483,Wishlist,2025-12-09
6359,1075,293,View,2026-04-25
6360,1400,609,Search,2026-05-12
6361,47,890,View,2026-04-24
6362,1268,791,Purchase,2025-06-29
6363,1996,841,View,2025-03-22
6364,2632,907,AddToCart,2025-07-28
6365,336,366,Purchase,2026-04-16
6366,1830,580,Search,2025-07-19
6367,739,696,AddToCart,2025-03-15
6368,1353,607,Wishlist,2025-09-10
6369,1858,69,Wishlist,2025-09-10
6370,2798,71,AddToCart,2025-11-11
6371,2301,484,AddToCart,2026-04-12
6372,1867,709,Search,2025-04-11
6373,1415,797,Wishlist,2025-08-06
6374,2588,538,Purchase,2026-05-28
6375,817,728,Purchase,2025-08-19
6376,2392,864,Purchase,2026-06-27
6377,193,201,AddToCart,2026-01-24
6378,718,437,Purchase,2026-01-15
6379,2631,135,Purchase,2025-11-12
6380,2988,403,View,2026-01-29
6381,2695,313,Purchase,2025-02-02
6382,75,484,View,2026-03-07
6383,9,451,Search,2025-09-19
6384,1986,276,Wishlist,2026-01-20
6385,2630,735,View,2025-11-06
6386,239,495,Purchase,2025-05-12
6387,1642,271,Search,2026-06-24
6388,1614,853,Wishlist,2025-05-10
6389,2739,31,AddToCart,2025-08-09
6390,2553,939,Search,2025-06-23
6391,2185,588,Wishlist,2026-04-17
6392,1794,265,Search,2025-03-15
6393,928,801,AddToCart,2025-10-02
6394,1637,377,Search,2025-08-17
6395,315,870,Search,2025-04-29
6396,1311,895,Search,2025-02-07
6397,580,274,Search,2025-09-06
6398,1671,158,Wishlist,2026-03-04
6399,630,281,AddToCart,2025-11-24
6400,1859,354,AddToCart,2025-10-24
6401,1961,360,AddToCart,2026-01-01
6402,2353,477,Search,2025-07-09
6403,1013,729,Wishlist,2025-02-11
6404,1729,544,AddToCart,2025-11-07
6405,138,760,Purchase,2025-08-25
6406,1401,390,Purchase,2025-02-10
6407,2466,20,Search,2025-02-19
6408,456,956,Search,2026-02-27
6409,1871,517,Purchase,2025-10-26
6410,1075,513,Wishlist,2025-02-17
6411,241,463,Wishlist,2025-05-13
6412,1393,367,View,2025-05-23
6413,1212,16,View,2026-03-24
6414,946,90,Purchase,2026-03-21
6415,1065,873,View,2025-03-20
6416,329,888,AddToCart,2025-02-06
6417,1536,35,View,2025-10-31
6418,1422,260,Purchase,2025-07-01
6419,14,628,Wishlist,2026-01-16
6420,1508,1,Wishlist,2026-06-10
6421,2199,370,Purchase,2025-08-01
6422,1270,928,Search,2025-09-08
6423,724,946,View,2025-08-10
6424,1637,252,Purchase,2026-05-15
6425,1396,30,AddToCart,2025-02-05
6426,1718,76,Search,2025-11-08
6427,947,13,AddToCart,2025-11-15
6428,197,23,View,2025-06-20
6429,1472,137,Purchase,2025-06-19
6430,2251,475,Wishlist,2025-06-08
6431,957,324,Purchase,2025-06-16
6432,2739,197,View,2025-07-21
6433,660,897,Purchase,2025-08-13
6434,160,477,Wishlist,2025-06-21
6435,2618,335,View,2025-01-22
6436,767,786,Wishlist,2025-05-01
6437,1959,412,AddToCart,2026-01-07
6438,2768,225,Search,2025-11-21
6439,936,113,AddToCart,2026-04-11
6440,1022,693,Wishlist,2026-01-29
6441,535,147,AddToCart,2025-07-22
6442,1723,960,View,2025-12-08
6443,2941,539,Wishlist,2026-01-22
6444,1883,154,Purchase,2025-08-30
6445,1086,726,View,2026-03-30
6446,936,286,Purchase,2025-05-23
6447,1085,630,Purchase,2025-02-13
6448,853,961,Search,2025-03-02
6449,793,551,Purchase,2025-07-04
6450,626,381,AddToCart,2025-04-06
6451,2917,374,Wishlist,2025-10-10
6452,1597,939,Purchase,2025-06-07
6453,2240,601,Wishlist,2025-03-14
6454,186,396,AddToCart,2026-04-05
6455,1111,109,Wishlist,2025-01-26
6456,1390,282,Wishlist,2025-03-21
6457,709,672,Purchase,2025-12-25
6458,1738,774,AddToCart,2025-07-09
6459,1896,348,AddToCart,2025-11-26
6460,1957,571,Search,2025-10-30
6461,2177,276,Wishlist,2025-01-25
6462,2317,621,Purchase,2026-02-16
6463,327,939,AddToCart,2025-08-10
6464,1630,62,Wishlist,2025-01-01
6465,488,161,Wishlist,2025-04-08
6466,1344,327,Wishlist,2025-01-29
6467,881,774,Search,2025-07-26
6468,2394,785,Search,2025-06-17
6469,2102,650,View,2026-04-16
6470,2074,96,Purchase,2025-05-04
6471,2191,579,Wishlist,2025-02-06
6472,893,918,Wishlist,2025-05-25
6473,1138,71,Purchase,2025-07-28
6474,1763,761,Wishlist,2026-03-28
6475,2562,194,AddToCart,2025-11-25
6476,1427,234,Search,2025-11-13
6477,2027,555,Purchase,2025-10-18
6478,2896,553,Wishlist,2025-12-23
6479,2649,362,Search,2026-01-17
6480,1914,360,Purchase,2025-12-12
6481,2657,212,Wishlist,2025-10-17
6482,1626,620,View,2026-01-27
6483,2962,584,AddToCart,2025-04-28
6484,928,669,Purchase,2025-06-22
6485,701,607,AddToCart,2025-10-16
6486,668,564,AddToCart,2025-10-08
6487,606,918,View,2025-06-28
6488,1430,158,Wishlist,2025-07-08
6489,1593,372,Search,2025-05-20
6490,161,566,Wishlist,2025-04-23
6491,1406,180,Purchase,2025-10-15
6492,1650,766,Wishlist,2025-11-06
6493,2320,366,Search,2026-01-27
6494,384,774,Wishlist,2025-04-22
6495,2319,614,Search,2026-04-11
6496,1170,289,Purchase,2025-05-02
6497,2934,120,View,2025-12-02
6498,1014,770,AddToCart,2025-06-22
6499,1042,370,Search,2025-09-06
6500,2555,99,Purchase,2026-04-11
6501,842,531,Purchase,2026-04-15
6502,2169,654,Search,2025-09-09
6503,2542,416,View,2025-11-16
6504,1219,461,AddToCart,2026-06-25
6505,2277,158,Purchase,2025-12-08
6506,2908,191,Search,2025-10-04
6507,60,120,Wishlist,2025-05-01
6508,1287,508,View,2026-04-10
6509,285,317,Purchase,2025-06-07
6510,875,824,Search,2026-02-08
6511,1235,418,AddToCart,2025-10-22
6512,2586,703,AddToCart,2025-06-02
6513,967,767,View,2025-04-24
6514,2796,262,Purchase,2025-10-25
6515,203,820,Search,2025-06-30
6516,2814,388,View,2026-05-09
6517,750,883,Wishlist,2025-03-25
6518,1295,62,View,2025-03-19
6519,2670,231,Search,2026-05-18
6520,1590,280,Purchase,2025-07-26
6521,976,661,View,2026-05-18
6522,922,789,Wishlist,2025-02-15
6523,640,775,Purchase,2026-02-04
6524,4,408,AddToCart,2026-04-21
6525,984,175,Purchase,2026-04-01
6526,1241,47,Search,2025-12-08
6527,928,929,View,2026-03-26
6528,2270,845,Purchase,2025-08-02
6529,824,670,View,2025-07-25
6530,1438,621,AddToCart,2026-01-26
6531,2576,865,Purchase,2025-09-25
6532,2004,91,Wishlist,2026-01-17
6533,724,974,Wishlist,2025-01-19
6534,1222,652,Purchase,2026-01-03
6535,2758,839,Purchase,2026-03-12
6536,2862,202,Wishlist,2025-02-11
6537,1572,784,Wishlist,2025-05-22
6538,762,470,Search,2025-04-19
6539,1991,506,Wishlist,2026-01-08
6540,11,901,Wishlist,2026-05-01
6541,2299,253,View,2025-09-10
6542,1239,307,Search,2025-05-15
6543,290,620,View,2025-01-29
6544,747,259,Purchase,2026-05-27
6545,2489,649,Search,2025-08-29
6546,2836,401,Search,2026-04-01
6547,1095,823,Wishlist,2025-12-02
6548,2498,748,Purchase,2025-12-18
6549,900,247,Search,2026-02-09
6550,83,181,Purchase,2025-08-20
6551,284,71,Wishlist,2026-01-31
6552,2072,923,View,2025-05-13
6553,1352,435,Wishlist,2025-12-16
6554,1708,877,Purchase,2025-02-06
6555,1946,480,Wishlist,2025-12-20
6556,1147,699,View,2026-05-30
6557,123,156,AddToCart,2026-07-04
6558,1797,136,AddToCart,2026-02-23
6559,1995,244,Wishlist,2025-03-08
6560,2434,617,Search,2025-05-06
6561,841,117,Wishlist,2025-10-26
6562,1707,696,Purchase,2026-02-15
6563,1334,792,AddToCart,2026-01-04
6564,2043,624,Search,2025-11-12
6565,2871,3,Search,2026-01-25
6566,2488,268,Purchase,2025-08-23
6567,2044,324,Search,2025-09-22
6568,1220,151,Search,2025-11-17
6569,2469,978,Purchase,2025-04-16
6570,398,99,Wishlist,2025-08-25
6571,193,19,Purchase,2025-07-26
6572,2386,180,Search,2025-07-13
6573,2712,816,View,2026-04-16
6574,2364,494,Wishlist,2025-04-25
6575,297,343,Wishlist,2026-05-30
6576,2668,683,Search,2025-03-02
6577,1234,872,AddToCart,2025-06-06
6578,1767,908,Wishlist,2025-06-10
6579,1707,987,AddToCart,2025-04-25
6580,1621,754,View,2026-02-04
6581,567,204,Search,2025-07-08
6582,2801,497,AddToCart,2025-01-14
6583,2813,264,Wishlist,2025-10-12
6584,176,612,AddToCart,2026-04-06
6585,1178,162,View,2025-06-08
6586,1252,516,Wishlist,2025-04-12
6587,2407,30,Search,2025-06-19
6588,95,255,AddToCart,2025-08-05
6589,207,688,Wishlist,2026-01-09
6590,2485,17,View,2025-02-14
6591,1035,94,AddToCart,2025-01-17
6592,1375,56,AddToCart,2025-02-22
6593,1596,675,AddToCart,2025-04-26
6594,2191,894,Purchase,2025-08-20
6595,1230,932,View,2025-08-04
6596,478,674,AddToCart,2026-02-23
6597,151,368,Search,2025-02-24
6598,547,101,Purchase,2025-06-08
6599,2645,618,Purchase,2025-09-13
6600,1585,876,View,2025-09-23
6601,1476,526,Purchase,2025-11-23
6602,2260,393,Wishlist,2026-01-10
6603,1583,323,View,2026-06-16
6604,1171,725,View,2025-02-09
6605,518,885,Search,2025-12-05
6606,881,261,View,2026-02-25
6607,1503,985,View,2026-04-25
6608,1121,780,AddToCart,2025-11-04
6609,2984,891,AddToCart,2025-06-17
6610,2910,97,Search,2026-03-21
6611,1251,744,Search,2026-01-08
6612,1605,460,View,2026-06-16
6613,2213,378,View,2025-07-27
6614,2630,388,AddToCart,2025-07-31
6615,2808,576,Purchase,2025-12-22
6616,1635,560,Wishlist,2025-03-19
6617,2948,420,Purchase,2026-01-01
6618,2544,224,Wishlist,2026-01-21
6619,2998,55,Wishlist,2025-08-11
6620,2368,25,Search,2026-04-04
6621,161,160,Wishlist,2025-03-30
6622,1630,773,Search,2025-05-11
6623,2657,190,AddToCart,2025-11-22
6624,1213,277,Purchase,2025-05-06
6625,366,692,Purchase,2026-01-03
6626,2970,338,AddToCart,2025-06-22
6627,1276,313,Purchase,2025-03-30
6628,887,164,Purchase,2026-07-05
6629,2622,706,AddToCart,2026-04-18
6630,666,65,Wishlist,2025-05-29
6631,2207,272,AddToCart,2026-06-26
6632,1715,867,View,2025-04-14
6633,967,870,View,2025-08-09
6634,2978,140,Search,2025-08-09
6635,293,741,AddToCart,2026-04-29
6636,2794,601,AddToCart,2026-02-11
6637,1031,263,Search,2025-04-20
6638,2059,649,Wishlist,2025-07-19
6639,705,532,Purchase,2025-01-27
6640,470,98,Search,2025-02-25
6641,2789,916,Search,2025-09-14
6642,2158,116,Search,2026-01-14
6643,159,751,Search,2026-03-31
6644,2939,501,Purchase,2026-05-01
6645,967,421,Purchase,2025-04-12
6646,1670,808,Search,2025-12-01
6647,250,988,AddToCart,2025-02-01
6648,2122,515,AddToCart,2025-09-06
6649,2903,387,View,2025-01-14
6650,1963,287,AddToCart,2026-05-13
6651,1958,217,Purchase,2026-03-26
6652,541,626,Wishlist,2025-01-19
6653,2521,70,Purchase,2025-01-01
6654,2729,123,Wishlist,2025-07-11
6655,450,348,Wishlist,2026-04-28
6656,2144,818,Search,2026-03-13
6657,2043,144,View,2026-01-21
6658,1408,480,AddToCart,2025-09-08
6659,1565,267,View,2025-09-21
6660,1941,861,View,2026-04-13
6661,407,487,Wishlist,2025-06-18
6662,1342,590,View,2025-09-20
6663,1290,650,Purchase,2025-09-18
6664,2399,557,AddToCart,2025-11-16
6665,1519,494,Search,2025-03-11
6666,2444,382,AddToCart,2025-06-21
6667,1553,818,Wishlist,2025-02-14
6668,2858,402,Purchase,2026-04-13
6669,1638,34,View,2026-06-12
6670,2141,188,Purchase,2026-04-30
6671,1716,364,View,2025-09-03
6672,675,428,Wishlist,2025-03-27
6673,1715,512,Wishlist,2025-03-23
6674,1677,546,Wishlist,2025-12-13
6675,1285,306,AddToCart,2025-09-17
6676,2541,723,Purchase,2025-02-04
6677,219,109,AddToCart,2025-02-03
6678,2756,366,Search,2025-05-14
6679,1425,433,View,2025-11-11
6680,732,954,Purchase,2025-06-23
6681,1341,19,Search,2025-02-26
6682,2500,867,AddToCart,2025-07-13
6683,1663,791,Purchase,2025-03-18
6684,590,44,Wishlist,2025-01-09
6685,2282,744,AddToCart,2025-07-21
6686,16,651,View,2026-05-23
6687,1620,141,View,2025-12-08
6688,1250,495,View,2026-03-02
6689,2276,342,AddToCart,2026-01-03
6690,1533,985,Search,2025-09-05
6691,2730,382,AddToCart,2026-01-17
6692,518,56,Search,2025-11-21
6693,1877,487,Purchase,2025-08-09
6694,71,856,AddToCart,2026-01-12
6695,1671,382,AddToCart,2025-04-10
6696,1011,195,Purchase,2026-02-06
6697,2012,20,AddToCart,2025-02-01
6698,1481,317,View,2025-12-22
6699,2341,953,AddToCart,2025-01-21
6700,1161,434,Purchase,2025-11-10
6701,2559,472,Wishlist,2026-04-14
6702,2128,7,Wishlist,2025-05-29
6703,2460,489,AddToCart,2025-08-20
6704,2253,233,AddToCart,2025-03-19
6705,223,496,AddToCart,2025-07-19
6706,1263,802,Wishlist,2025-03-02
6707,419,119,View,2026-01-27
6708,174,410,Search,2025-07-24
6709,1657,105,Search,2025-10-10
6710,2478,100,Wishlist,2026-03-31
6711,1827,659,View,2025-09-02
6712,2737,31,Wishlist,2025-11-12
6713,858,913,Purchase,2025-06-10
6714,2361,375,Search,2026-07-05
6715,2022,927,Wishlist,2025-11-11
6716,404,175,Search,2025-02-12
6717,2556,326,AddToCart,2026-05-24
6718,325,985,Wishlist,2025-12-07
6719,1943,934,Search,2025-10-18
6720,1954,976,Search,2026-02-13
6721,844,672,Purchase,2026-04-11
6722,554,190,View,2025-05-06
6723,239,471,View,2026-03-15
6724,649,984,View,2025-05-09
6725,1237,799,AddToCart,2025-11-01
6726,850,493,Search,2025-10-30
6727,306,996,View,2026-02-22
6728,356,530,View,2026-03-03
6729,29,372,Purchase,2025-11-08
6730,2988,202,View,2025-02-23
6731,1564,795,Purchase,2025-06-15
6732,937,964,Wishlist,2026-03-03
6733,1113,589,Search,2026-01-22
6734,802,411,Search,2025-04-06
6735,680,959,Search,2026-05-01
6736,488,99,Wishlist,2026-01-30
6737,1431,392,Wishlist,2026-03-27
6738,2765,883,Search,2025-04-21
6739,1274,293,Wishlist,2025-08-06
6740,2189,386,View,2026-03-09
6741,417,470,Wishlist,2026-06-03
6742,1641,999,View,2025-09-14
6743,1585,959,AddToCart,2025-09-20
6744,2257,156,Wishlist,2025-11-08
6745,1880,69,Search,2025-07-07
6746,2257,108,View,2025-10-13
6747,2555,559,AddToCart,2026-05-07
6748,2224,957,View,2025-12-06
6749,110,772,View,2025-11-09
6750,440,622,Search,2026-04-26
6751,2243,183,View,2026-05-06
6752,1625,998,Purchase,2025-10-20
6753,1517,824,Search,2025-04-17
6754,2224,802,View,2025-07-14
6755,1701,292,AddToCart,2025-08-10
6756,1691,491,Wishlist,2025-11-11
6757,951,845,AddToCart,2026-01-03
6758,2064,312,AddToCart,2025-10-28
6759,1710,835,AddToCart,2026-06-25
6760,2093,398,Wishlist,2025-01-12
6761,1521,508,View,2026-05-11
6762,55,275,Search,2025-09-18
6763,2704,728,AddToCart,2026-04-22
6764,949,768,Purchase,2025-12-15
6765,1927,518,View,2025-03-02
6766,1204,93,View,2025-09-17
6767,2178,325,View,2025-03-31
6768,131,117,Search,2025-11-11
6769,984,594,AddToCart,2025-08-06
6770,787,767,View,2025-02-20
6771,2,538,Wishlist,2025-05-26
6772,1854,22,Search,2025-01-18
6773,2501,616,Search,2025-02-26
6774,1820,849,Wishlist,2025-08-10
6775,469,89,Wishlist,2025-06-28
6776,2947,635,AddToCart,2025-12-23
6777,1359,990,View,2025-06-05
6778,211,955,Search,2026-03-11
6779,2438,161,AddToCart,2025-04-19
6780,2560,481,Search,2026-04-28
6781,2730,658,Purchase,2025-04-24
6782,1869,566,Wishlist,2025-06-03
6783,1137,461,Purchase,2025-01-11
6784,1349,991,Wishlist,2026-04-07
6785,2343,76,AddToCart,2025-07-27
6786,2443,295,Purchase,2025-08-15
6787,1873,782,Wishlist,2025-02-11
6788,1946,977,AddToCart,2025-03-26
6789,1192,685,Purchase,2025-06-05
6790,1048,85,Search,2026-01-23
6791,2756,712,Wishlist,2025-03-25
6792,55,68,AddToCart,2025-07-01
6793,1919,928,View,2026-06-13
6794,341,270,Wishlist,2025-08-14
6795,2173,585,Search,2025-06-01
6796,1002,362,Purchase,2026-04-08
6797,1957,845,Purchase,2025-09-23
6798,2546,958,Search,2025-12-22
6799,2907,373,Wishlist,2025-04-10
6800,1509,958,Purchase,2026-03-31
6801,130,513,Wishlist,2025-04-29
6802,2899,897,Search,2025-01-03
6803,2484,357,View,2026-04-12
6804,2440,247,Search,2025-03-15
6805,850,136,Search,2026-02-18
6806,410,401,Wishlist,2025-11-05
6807,1462,376,Purchase,2025-06-29
6808,1012,16,Wishlist,2025-07-10
6809,1996,352,AddToCart,2025-05-13
6810,2380,854,View,2025-06-13
6811,2746,704,Wishlist,2025-09-16
6812,741,669,View,2025-01-28
6813,2796,908,Wishlist,2026-01-01
6814,135,557,Wishlist,2026-01-27
6815,1859,969,Purchase,2025-11-11
6816,438,85,View,2025-01-19
6817,182,848,Search,2025-02-24
6818,2170,317,Search,2025-03-21
6819,543,93,Wishlist,2025-12-09
6820,107,925,Purchase,2025-06-07
6821,948,208,Purchase,2025-11-24
6822,2569,225,Purchase,2025-09-15
6823,2481,543,View,2025-01-27
6824,1990,493,AddToCart,2025-02-10
6825,1630,481,Search,2026-05-31
6826,2374,719,Search,2026-02-27
6827,73,532,View,2026-04-22
6828,712,107,Search,2026-06-24
6829,224,74,Wishlist,2026-01-08
6830,2696,568,Search,2025-07-06
6831,338,470,View,2026-06-25
6832,1170,559,Search,2025-03-20
6833,2729,820,AddToCart,2025-07-10
6834,1702,780,Search,2025-06-08
6835,359,169,Wishlist,2025-03-16
6836,1572,673,View,2025-02-10
6837,2658,535,AddToCart,2025-05-16
6838,2673,159,AddToCart,2025-07-24
6839,2915,73,AddToCart,2026-01-29
6840,778,204,View,2026-03-25
6841,1337,327,AddToCart,2025-10-25
6842,1046,832,Purchase,2026-01-22
6843,523,377,View,2026-02-25
6844,921,279,View,2025-09-22
6845,807,709,AddToCart,2025-07-05
6846,62,729,View,2025-09-07
6847,2330,930,View,2026-06-22
6848,303,793,AddToCart,2025-02-17
6849,137,260,Wishlist,2025-07-21
6850,1971,284,AddToCart,2025-11-11
6851,794,46,View,2026-04-12
6852,2335,728,Search,2026-01-01
6853,2140,918,Search,2026-05-20
6854,2663,279,Purchase,2025-11-03
6855,1363,127,View,2026-06-04
6856,1002,632,Search,2025-02-07
6857,1417,282,Wishlist,2025-04-01
6858,222,769,AddToCart,2025-11-01
6859,1843,347,Search,2025-07-08
6860,221,823,Search,2026-05-15
6861,724,208,Wishlist,2026-04-20
6862,792,340,AddToCart,2026-03-16
6863,1433,682,AddToCart,2025-04-18
6864,2902,740,AddToCart,2025-09-15
6865,2501,684,Wishlist,2025-04-17
6866,57,978,View,2025-08-12
6867,2968,842,Search,2025-06-04
6868,2975,492,AddToCart,2025-11-01
6869,790,497,Search,2025-06-21
6870,2953,413,AddToCart,2026-05-21
6871,864,309,View,2025-05-12
6872,2164,409,Search,2025-12-25
6873,483,434,AddToCart,2026-01-03
6874,2987,983,Search,2025-04-22
6875,909,755,Wishlist,2025-09-13
6876,2415,741,View,2025-05-25
6877,2823,141,AddToCart,2025-01-07
6878,495,847,AddToCart,2025-09-27
6879,2681,435,Purchase,2025-08-08
6880,2316,393,Wishlist,2026-03-31
6881,758,360,Search,2026-02-12
6882,2222,723,Purchase,2025-09-14
6883,1375,380,View,2026-05-02
6884,1835,695,Purchase,2025-04-15
6885,1992,932,View,2026-06-29
6886,922,862,View,2026-01-17
6887,19,759,Search,2025-04-04
6888,1291,499,Purchase,2025-05-06
6889,2141,13,Search,2025-10-16
6890,62,251,Search,2025-09-08
6891,2905,30,Purchase,2026-06-25
6892,2518,548,Purchase,2026-02-26
6893,2288,321,View,2026-07-03
6894,983,696,Purchase,2025-09-12
6895,1466,317,View,2026-05-26
6896,2706,54,Purchase,2025-10-27
6897,1723,920,Wishlist,2025-04-05
6898,1715,461,View,2026-06-25
6899,2713,421,Purchase,2026-05-27
6900,2719,44,AddToCart,2026-06-29
6901,81,858,Wishlist,2026-06-30
6902,1874,609,View,2026-03-25
6903,2509,299,Purchase,2025-08-18
6904,2324,472,Purchase,2025-10-30
6905,164,983,Purchase,2025-05-12
6906,2395,291,Purchase,2025-02-02
6907,1468,822,Search,2025-12-20
6908,1602,933,Purchase,2026-02-28
6909,288,941,View,2025-10-18
6910,1898,938,AddToCart,2025-04-23
6911,229,55,Search,2025-07-26
6912,1407,513,Purchase,2026-06-30
6913,2695,849,View,2026-03-11
6914,2516,929,View,2025-10-07
6915,1246,345,Wishlist,2026-01-03
6916,2955,186,AddToCart,2026-01-31
6917,1988,733,AddToCart,2025-04-11
6918,983,880,Wishlist,2025-06-19
6919,2417,464,Purchase,2025-10-10
6920,372,900,View,2026-07-05
6921,2461,77,Wishlist,2025-12-29
6922,2185,127,AddToCart,2025-01-12
6923,1846,822,AddToCart,2025-03-19
6924,1666,125,Purchase,2025-11-13
6925,1145,498,Search,2026-02-26
6926,750,793,Search,2026-05-14
6927,1801,975,AddToCart,2026-03-08
6928,2356,341,Wishlist,2026-03-30
6929,2718,804,Wishlist,2025-05-12
6930,1295,430,View,2026-07-04
6931,1662,878,Search,2025-04-02
6932,1067,702,Search,2026-01-09
6933,1531,679,AddToCart,2026-02-20
6934,2249,811,Wishlist,2025-08-06
6935,1298,725,AddToCart,2025-12-04
6936,2858,661,View,2026-05-29
6937,1974,483,Wishlist,2026-05-18
6938,2639,361,Wishlist,2026-03-03
6939,401,558,View,2025-10-23
6940,1658,526,View,2025-08-03
6941,975,223,Purchase,2026-01-17
6942,93,867,AddToCart,2026-01-30
6943,2456,522,Purchase,2026-05-21
6944,2471,115,Purchase,2026-06-18
6945,333,211,Purchase,2025-02-10
6946,2398,500,Search,2025-02-03
6947,294,747,Purchase,2025-02-08
6948,2758,723,Search,2025-03-11
6949,138,63,Wishlist,2026-02-12
6950,1940,210,View,2026-03-26
6951,685,2,Wishlist,2025-03-13
6952,1907,388,View,2025-04-16
6953,92,817,Purchase,2025-08-15
6954,406,113,AddToCart,2026-04-07
6955,1308,469,Search,2026-06-03
6956,1754,587,Purchase,2025-12-22
6957,1999,13,AddToCart,2025-01-13
6958,1328,944,Search,2026-03-15
6959,154,156,AddToCart,2025-12-15
6960,164,292,AddToCart,2025-06-09
6961,774,838,Search,2026-03-30
6962,2716,867,Wishlist,2025-12-11
6963,2892,644,Search,2025-09-01
6964,2764,674,Purchase,2026-04-22
6965,93,269,Wishlist,2026-02-01
6966,1222,165,AddToCart,2025-09-06
6967,2527,196,Wishlist,2026-05-17
6968,1260,10,Wishlist,2026-06-06
6969,202,400,Search,2026-04-17
6970,641,990,AddToCart,2025-03-20
6971,1105,139,Wishlist,2025-12-09
6972,2828,152,Wishlist,2026-06-03
6973,150,544,AddToCart,2025-04-11
6974,1106,479,Purchase,2025-03-01
6975,2015,740,Search,2025-09-21
6976,1629,989,Search,2026-01-25
6977,184,544,Purchase,2026-06-16
6978,367,619,AddToCart,2025-10-20
6979,1487,685,Purchase,2026-01-06
6980,2234,690,Purchase,2025-08-05
6981,2567,195,Search,2025-05-26
6982,230,97,Purchase,2025-03-06
6983,2216,406,AddToCart,2026-03-25
6984,1940,947,Search,2026-03-23
6985,430,289,AddToCart,2025-11-19
6986,399,461,AddToCart,2025-05-15
6987,277,831,View,2026-01-19
6988,1763,809,AddToCart,2026-03-22
6989,983,416,Wishlist,2025-08-28
6990,223,151,AddToCart,2025-12-27
6991,1958,164,Wishlist,2026-04-25
6992,744,126,AddToCart,2025-11-27
6993,1331,828,View,2026-03-31
6994,91,745,AddToCart,2025-07-02
6995,1777,81,Purchase,2026-04-19
6996,1720,545,AddToCart,2025-09-28
6997,754,770,Wishlist,2025-08-09
6998,1299,238,AddToCart,2025-05-11
6999,864,654,Search,2025-01-24
7000,649,934,View,2025-09-06
7001,2333,510,Wishlist,2025-04-22
7002,855,339,Search,2026-07-04
7003,320,36,AddToCart,2025-02-05
7004,1546,242,View,2026-03-09
7005,488,752,Wishlist,2026-04-19
7006,2770,668,AddToCart,2025-12-01
7007,1172,867,Search,2025-04-21
7008,787,38,Purchase,2026-03-27
7009,1364,827,View,2026-06-27
7010,317,611,Wishlist,2026-01-10
7011,824,523,AddToCart,2026-01-12
7012,580,162,Wishlist,2025-03-09
7013,2599,62,Search,2025-05-15
7014,2447,683,Wishlist,2025-12-24
7015,447,602,AddToCart,2026-05-28
7016,322,840,Wishlist,2025-07-17
7017,555,789,Purchase,2025-04-17
7018,1032,737,Purchase,2025-12-11
7019,2786,439,AddToCart,2025-09-08
7020,717,196,Search,2025-05-19
7021,263,959,Search,2025-12-02
7022,27,744,Wishlist,2025-04-03
7023,1389,951,View,2025-05-14
7024,645,847,Purchase,2026-05-14
7025,17,34,AddToCart,2025-01-24
7026,1934,860,Search,2025-11-23
7027,2141,674,Purchase,2025-08-27
7028,2948,326,Search,2026-04-23
7029,1988,528,Search,2026-01-23
7030,2996,194,Purchase,2025-11-08
7031,1871,832,AddToCart,2025-11-06
7032,1201,847,Search,2025-12-31
7033,845,958,Wishlist,2026-06-02
7034,945,117,AddToCart,2026-05-15
7035,1604,874,View,2025-02-28
7036,1241,601,AddToCart,2025-02-14
7037,2773,821,AddToCart,2025-07-27
7038,2583,270,Search,2025-03-14
7039,1343,125,Search,2025-01-02
7040,788,12,Wishlist,2025-09-19
7041,1908,207,View,2026-02-09
7042,1278,201,Wishlist,2025-05-28
7043,2107,733,View,2025-06-30
7044,2382,736,Purchase,2025-03-31
7045,2454,161,Purchase,2026-04-12
7046,690,168,View,2026-06-04
7047,882,768,View,2025-08-01
7048,2344,110,Wishlist,2025-09-25
7049,2819,762,Purchase,2025-10-29
7050,397,524,Purchase,2025-03-30
7051,1846,441,View,2025-10-09
7052,2858,823,Wishlist,2025-07-01
7053,868,92,AddToCart,2025-06-02
7054,538,676,Wishlist,2025-07-27
7055,885,563,AddToCart,2025-04-17
7056,2933,656,Search,2026-01-12
7057,2372,419,View,2026-02-16
7058,2865,765,Search,2025-12-28
7059,2777,53,Search,2025-11-16
7060,2337,475,Search,2025-05-21
7061,1659,722,AddToCart,2026-03-08
7062,1637,335,Search,2025-12-18
7063,1995,495,View,2025-10-17
7064,2388,75,View,2025-06-28
7065,750,655,Search,2025-03-23
7066,1622,543,AddToCart,2025-08-05
7067,1299,788,Purchase,2025-05-19
7068,1336,715,Purchase,2026-05-21
7069,1240,739,Purchase,2025-07-06
7070,1909,305,Wishlist,2025-03-22
7071,1861,325,View,2026-03-05
7072,1361,918,Search,2025-09-02
7073,2469,336,AddToCart,2025-01-23
7074,2469,312,Purchase,2026-04-14
7075,33,303,View,2025-01-07
7076,98,268,Search,2025-05-17
7077,2973,49,View,2025-09-18
7078,1399,81,Purchase,2025-09-30
7079,2625,737,View,2025-10-27
7080,756,676,Purchase,2026-05-26
7081,636,996,Purchase,2026-01-21
7082,829,737,Search,2026-01-08
7083,1884,135,AddToCart,2025-03-02
7084,2190,666,Purchase,2026-03-10
7085,683,79,Wishlist,2025-06-27
7086,1517,711,Search,2025-02-20
7087,2195,780,Search,2025-01-26
7088,1283,973,AddToCart,2025-03-11
7089,655,782,Wishlist,2025-05-10
7090,2043,822,Wishlist,2025-10-22
7091,921,791,Search,2025-05-10
7092,424,713,Wishlist,2025-12-20
7093,1517,146,AddToCart,2026-02-20
7094,231,381,Wishlist,2025-07-16
7095,2967,81,View,2025-10-17
7096,2258,906,Purchase,2025-03-10
7097,2274,856,Purchase,2025-04-17
7098,1240,428,View,2025-10-13
7099,2076,816,Wishlist,2026-02-23
7100,1992,738,View,2025-12-23
7101,295,33,AddToCart,2025-10-20
7102,2158,488,View,2026-06-23
7103,2995,612,View,2026-06-06
7104,1060,528,Wishlist,2026-05-14
7105,616,248,Search,2026-01-04
7106,711,732,Wishlist,2026-01-06
7107,1045,593,AddToCart,2025-01-12
7108,1098,68,AddToCart,2025-07-26
7109,1686,399,Search,2025-02-09
7110,1748,748,Wishlist,2026-04-26
7111,1673,702,Wishlist,2025-10-14
7112,611,801,View,2026-03-17
7113,2391,551,AddToCart,2025-08-07
7114,163,4,Search,2025-09-11
7115,562,597,AddToCart,2025-07-04
7116,394,965,Purchase,2025-05-19
7117,1036,837,View,2025-06-01
7118,2310,356,AddToCart,2025-10-28
7119,1017,349,View,2025-04-11
7120,2805,714,View,2025-04-23
7121,120,740,Search,2025-01-09
7122,1021,42,AddToCart,2026-03-01
7123,2667,527,Wishlist,2025-06-13
7124,2963,699,View,2025-02-04
7125,2103,650,Search,2026-06-10
7126,2027,653,Purchase,2026-06-26
7127,1299,942,Search,2025-04-25
7128,1942,90,Purchase,2026-06-06
7129,2495,737,Purchase,2025-04-17
7130,960,235,Wishlist,2025-02-01
7131,229,55,Wishlist,2025-12-25
7132,2747,190,View,2025-11-07
7133,2990,351,AddToCart,2025-11-17
7134,1966,959,Search,2026-03-29
7135,2727,110,View,2025-10-19
7136,2344,883,Search,2026-05-25
7137,1341,185,AddToCart,2026-03-10
7138,612,408,Purchase,2025-09-09
7139,1592,362,AddToCart,2026-01-27
7140,2602,182,View,2025-01-27
7141,12,280,Search,2026-04-13
7142,2985,231,AddToCart,2026-01-25
7143,734,796,Search,2025-10-04
7144,2772,757,View,2026-01-18
7145,2032,753,Purchase,2025-10-17
7146,860,123,Purchase,2025-09-17
7147,331,566,Purchase,2026-05-29
7148,2133,489,Wishlist,2025-06-27
7149,2117,488,View,2025-11-17
7150,1406,973,Search,2025-07-02
7151,2279,364,Purchase,2025-09-23
7152,914,54,AddToCart,2025-06-05
7153,301,198,Search,2026-06-01
7154,2062,699,Purchase,2026-03-22
7155,2361,554,AddToCart,2026-04-14
7156,2635,448,View,2025-10-05
7157,1379,359,Search,2026-03-03
7158,1156,905,AddToCart,2025-07-17
7159,1457,781,Purchase,2026-03-29
7160,195,780,Wishlist,2026-02-21
7161,1921,495,AddToCart,2025-08-11
7162,2770,979,AddToCart,2026-06-29
7163,996,498,View,2025-03-10
7164,441,492,AddToCart,2025-03-12
7165,627,163,Search,2026-03-03
7166,304,897,AddToCart,2025-01-01
7167,331,642,Wishlist,2026-03-20
7168,633,183,View,2025-01-20
7169,146,183,Wishlist,2026-03-08
7170,1941,993,Wishlist,2026-03-30
7171,2472,702,Purchase,2026-03-13
7172,1032,934,Purchase,2025-06-03
7173,1986,153,Purchase,2025-11-03
7174,1961,61,AddToCart,2025-12-02
7175,749,393,Wishlist,2025-05-22
7176,1904,628,AddToCart,2025-05-15
7177,1648,9,AddToCart,2025-02-25
7178,65,529,Search,2025-06-17
7179,2601,840,Search,2025-03-07
7180,102,181,Purchase,2026-05-01
7181,340,286,Purchase,2025-09-16
7182,1493,996,View,2025-10-10
7183,52,444,Search,2025-01-21
7184,1229,599,AddToCart,2025-02-13
7185,1608,385,View,2025-08-27
7186,2736,834,Wishlist,2026-05-20
7187,1085,359,View,2025-01-09
7188,2964,2,Wishlist,2025-12-16
7189,1983,186,View,2025-02-27
7190,2247,592,View,2025-10-26
7191,1234,265,View,2025-11-20
7192,1143,867,View,2026-01-23
7193,2174,545,View,2025-11-10
7194,599,819,View,2025-09-06
7195,2914,292,AddToCart,2025-06-02
7196,2515,544,View,2026-04-29
7197,517,387,View,2025-08-23
7198,2041,121,Wishlist,2025-09-28
7199,368,61,Search,2026-04-10
7200,2128,877,AddToCart,2025-12-10
7201,1825,235,Purchase,2025-03-07
7202,1454,903,View,2026-05-06
7203,2917,458,AddToCart,2025-04-22
7204,1540,609,AddToCart,2025-04-28
7205,848,17,Wishlist,2025-08-03
7206,351,496,AddToCart,2025-01-12
7207,2174,390,Wishlist,2026-01-12
7208,1000,648,Wishlist,2025-03-05
7209,118,557,Wishlist,2025-07-15
7210,1971,856,Search,2025-10-26
7211,2797,373,Wishlist,2025-09-10
7212,1982,339,Wishlist,2026-05-06
7213,1492,686,View,2025-04-30
7214,1757,622,Purchase,2026-02-25
7215,2807,249,View,2025-09-28
7216,2195,458,View,2026-04-01
7217,2129,421,AddToCart,2026-03-10
7218,2256,621,Wishlist,2026-04-29
7219,1030,168,Purchase,2025-11-26
7220,172,653,Wishlist,2025-07-12
7221,2241,905,Wishlist,2025-06-14
7222,2411,584,View,2025-01-21
7223,105,854,Purchase,2026-05-27
7224,640,30,Wishlist,2025-11-03
7225,2878,335,Purchase,2025-10-17
7226,144,104,Search,2025-11-09
7227,2240,265,View,2025-12-20
7228,2864,361,View,2025-07-01
7229,1975,515,Search,2026-04-08
7230,532,194,Search,2025-08-14
7231,385,78,View,2025-05-25
7232,2768,639,Wishlist,2026-05-17
7233,925,316,Wishlist,2025-12-28
7234,1299,703,Search,2026-01-05
7235,1152,625,Wishlist,2025-06-20
7236,59,226,Search,2026-02-05
7237,1595,596,AddToCart,2026-03-27
7238,915,828,Purchase,2025-10-31
7239,724,977,Search,2025-10-11
7240,2371,862,Wishlist,2025-06-23
7241,1917,209,Purchase,2026-04-25
7242,1498,510,Wishlist,2025-04-20
7243,514,993,Wishlist,2025-11-25
7244,2572,537,Search,2026-01-19
7245,1143,104,AddToCart,2025-08-12
7246,2890,889,Wishlist,2025-05-29
7247,1531,258,View,2025-04-12
7248,878,143,Wishlist,2025-10-14
7249,769,521,AddToCart,2025-07-16
7250,1160,130,Purchase,2026-03-07
7251,1721,235,Search,2025-01-14
7252,2818,376,View,2026-04-14
7253,2896,802,View,2025-01-29
7254,358,928,Purchase,2026-06-03
7255,1989,290,Search,2025-08-18
7256,2535,796,View,2026-01-25
7257,2479,109,Wishlist,2025-09-05
7258,1284,512,Purchase,2026-02-28
7259,26,959,Purchase,2025-11-06
7260,12,410,AddToCart,2025-04-08
7261,852,39,Search,2025-12-17
7262,2092,532,Purchase,2025-11-08
7263,2100,129,View,2026-06-01
7264,1373,953,Wishlist,2025-02-02
7265,2934,50,Purchase,2025-02-15
7266,1387,30,Wishlist,2025-07-17
7267,1801,994,View,2026-06-15
7268,2045,472,AddToCart,2025-09-18
7269,947,922,Purchase,2025-08-05
7270,399,123,View,2025-10-04
7271,238,162,AddToCart,2026-03-21
7272,707,113,Wishlist,2025-06-14
7273,2250,920,Wishlist,2026-07-02
7274,748,167,Search,2025-06-04
7275,2239,413,View,2025-06-21
7276,2024,619,AddToCart,2026-04-06
7277,292,536,Purchase,2025-07-27
7278,55,742,AddToCart,2025-12-08
7279,1461,37,Wishlist,2026-04-04
7280,2071,911,Search,2025-12-09
7281,1593,464,AddToCart,2025-12-08
7282,627,929,Search,2025-06-05
7283,111,474,Search,2025-05-24
7284,508,180,Wishlist,2025-12-29
7285,2262,15,View,2025-06-19
7286,1524,444,Wishlist,2025-10-31
7287,2899,794,Purchase,2025-07-19
7288,1847,452,View,2026-03-25
7289,593,677,View,2025-07-13
7290,2184,872,Purchase,2026-01-29
7291,2672,794,Wishlist,2025-11-30
7292,134,270,AddToCart,2025-10-29
7293,2697,261,View,2025-09-25
7294,1603,748,Purchase,2026-01-30
7295,2357,674,Wishlist,2025-06-13
7296,2249,48,Search,2025-09-16
7297,2883,32,Purchase,2026-04-08
7298,1364,567,AddToCart,2025-01-13
7299,1194,722,Search,2026-05-09
7300,155,585,Purchase,2026-05-27
7301,1759,236,AddToCart,2025-12-13
7302,360,401,AddToCart,2025-09-01
7303,2407,963,Wishlist,2026-01-15
7304,1380,476,View,2026-06-26
7305,1991,880,Wishlist,2026-04-26
7306,2179,368,Wishlist,2025-06-01
7307,2010,212,AddToCart,2025-03-04
7308,2241,433,Wishlist,2025-07-11
7309,2297,825,Purchase,2025-02-26
7310,1440,733,Purchase,2025-08-17
7311,1741,344,AddToCart,2026-01-29
7312,533,208,Purchase,2026-03-23
7313,646,200,Wishlist,2026-01-21
7314,2959,688,Wishlist,2025-12-22
7315,1312,720,View,2025-10-16
7316,1838,969,View,2026-04-01
7317,1372,133,Wishlist,2025-12-20
7318,1151,992,Purchase,2025-05-21
7319,2218,686,View,2026-02-21
7320,249,620,View,2026-02-08
7321,2625,513,AddToCart,2026-02-02
7322,92,83,Wishlist,2025-05-01
7323,2960,635,Purchase,2026-03-28
7324,1750,983,Wishlist,2025-11-12
7325,755,851,AddToCart,2025-10-25
7326,550,723,Search,2025-04-07
7327,2768,575,Purchase,2025-03-20
7328,2282,404,Purchase,2025-11-08
7329,1371,616,Purchase,2025-09-06
7330,2478,868,Search,2026-06-22
7331,1212,521,AddToCart,2026-04-05
7332,1553,782,Wishlist,2026-05-29
7333,1967,349,Search,2025-09-30
7334,2300,625,View,2026-02-04
7335,510,73,Purchase,2025-01-05
7336,1683,682,Wishlist,2025-06-23
7337,1331,462,Wishlist,2025-01-01
7338,1181,910,View,2026-04-17
7339,226,628,View,2025-04-08
7340,350,332,Purchase,2026-03-16
7341,1676,413,AddToCart,2026-01-31
7342,2317,774,Search,2025-04-02
7343,2089,494,AddToCart,2025-09-03
7344,663,13,Search,2025-08-11
7345,542,2,View,2025-06-24
7346,2347,90,Wishlist,2026-01-30
7347,2336,626,Wishlist,2026-05-26
7348,419,678,AddToCart,2026-03-10
7349,1762,717,Search,2025-02-14
7350,2233,469,Search,2025-04-14
7351,684,943,AddToCart,2025-04-28
7352,1566,335,Wishlist,2026-02-26
7353,213,176,Purchase,2025-04-26
7354,1539,571,Search,2025-11-25
7355,1237,934,Search,2026-06-28
7356,650,299,Purchase,2025-02-28
7357,2882,992,AddToCart,2025-08-21
7358,2521,28,View,2026-05-09
7359,1888,929,Search,2025-11-08
7360,1840,381,AddToCart,2025-04-03
7361,1387,955,Wishlist,2026-07-05
7362,1745,613,Wishlist,2025-01-07
7363,266,180,Search,2025-07-29
7364,911,348,Search,2026-06-21
7365,71,241,View,2025-08-25
7366,1358,292,AddToCart,2026-02-16
7367,1738,968,Purchase,2026-06-11
7368,2606,659,Purchase,2025-12-02
7369,2855,827,Wishlist,2026-05-02
7370,911,27,AddToCart,2026-05-04
7371,1907,94,View,2025-12-31
7372,2259,100,Purchase,2025-06-28
7373,2788,904,AddToCart,2025-10-01
7374,2447,70,AddToCart,2025-02-25
7375,1772,594,Purchase,2025-01-29
7376,487,965,Search,2025-11-04
7377,2331,523,Purchase,2025-08-01
7378,2289,537,AddToCart,2025-11-28
7379,2712,435,AddToCart,2025-11-14
7380,1551,847,Search,2026-01-17
7381,2938,227,AddToCart,2026-05-19
7382,458,664,Wishlist,2025-04-03
7383,2018,783,Purchase,2026-03-05
7384,1768,15,View,2025-10-31
7385,1750,76,View,2025-11-04
7386,874,300,AddToCart,2025-01-03
7387,1106,190,AddToCart,2026-05-05
7388,2725,129,Search,2025-11-25
7389,2424,604,AddToCart,2026-06-01
7390,968,549,AddToCart,2025-12-12
7391,205,18,Search,2026-06-20
7392,2157,179,View,2026-04-30
7393,2889,430,Purchase,2025-06-15
7394,1676,894,Search,2026-04-19
7395,2935,562,View,2026-06-05
7396,2685,357,AddToCart,2025-11-13
7397,1823,57,View,2025-12-05
7398,2391,434,Purchase,2026-02-15
7399,2417,370,Search,2026-01-29
7400,1020,852,Wishlist,2025-10-04
7401,651,814,Purchase,2025-10-28
7402,2480,611,View,2025-04-22
7403,2950,356,View,2026-03-18
7404,78,255,Search,2025-01-31
7405,2743,691,Search,2025-06-03
7406,1428,183,Wishlist,2026-04-21
7407,762,248,Purchase,2026-05-12
7408,1054,44,Search,2025-01-21
7409,326,594,AddToCart,2025-10-20
7410,2175,677,AddToCart,2025-01-17
7411,92,462,View,2025-01-17
7412,1370,759,Wishlist,2025-01-05
7413,829,299,Purchase,2025-10-05
7414,1526,744,View,2025-01-03
7415,1594,653,Wishlist,2025-05-19
7416,586,830,Wishlist,2026-03-31
7417,2296,786,Wishlist,2025-03-15
7418,394,729,Search,2025-12-09
7419,2395,292,Search,2026-03-18
7420,1418,362,View,2026-06-15
7421,1904,151,View,2025-03-25
7422,150,609,Purchase,2026-06-01
7423,2484,336,Purchase,2026-04-19
7424,2214,825,Search,2025-02-20
7425,140,304,AddToCart,2026-06-07
7426,896,296,Purchase,2025-05-17
7427,1932,415,AddToCart,2025-09-11
7428,1087,472,Search,2026-03-07
7429,2590,750,Wishlist,2026-02-09
7430,1050,180,Search,2025-12-04
7431,2338,275,AddToCart,2025-07-05
7432,1071,819,AddToCart,2026-04-06
7433,2239,83,Search,2026-01-22
7434,971,974,View,2026-03-06
7435,2580,147,Purchase,2025-04-14
7436,939,345,Search,2025-01-27
7437,2970,885,Purchase,2025-08-05
7438,1102,815,AddToCart,2025-08-21
7439,1931,107,Purchase,2025-01-23
7440,2915,553,View,2025-04-11
7441,45,103,Search,2026-04-22
7442,740,942,AddToCart,2025-04-24
7443,886,9,View,2026-06-04
7444,1990,360,Wishlist,2025-09-03
7445,770,665,Wishlist,2025-06-14
7446,2434,892,Search,2026-05-07
7447,1429,961,Search,2025-10-19
7448,1311,594,Wishlist,2025-03-13
7449,2348,376,Search,2025-07-07
7450,1137,95,Purchase,2025-02-10
7451,1695,613,View,2025-12-27
7452,55,850,Wishlist,2025-09-26
7453,1664,692,Search,2025-02-14
7454,610,301,AddToCart,2026-05-29
7455,2190,661,Search,2025-11-12
7456,1212,996,Search,2025-03-09
7457,2481,441,View,2026-03-28
7458,436,191,AddToCart,2025-08-16
7459,989,23,View,2025-07-18
7460,2935,484,Search,2026-03-18
7461,436,114,Purchase,2026-03-18
7462,47,407,Purchase,2025-12-27
7463,397,475,Search,2025-04-25
7464,1367,390,AddToCart,2026-02-19
7465,2733,665,AddToCart,2025-05-06
7466,234,785,Purchase,2025-01-04
7467,1574,432,View,2026-04-14
7468,2167,17,View,2025-11-10
7469,2272,246,AddToCart,2026-03-20
7470,2238,6,AddToCart,2026-03-03
7471,53,433,View,2026-03-16
7472,118,95,AddToCart,2026-05-08
7473,948,323,Wishlist,2025-01-22
7474,2539,983,Wishlist,2026-06-24
7475,1902,469,Purchase,2026-03-11
7476,1691,534,Search,2026-05-01
7477,1068,500,Wishlist,2026-07-01
7478,1768,142,Wishlist,2025-12-02
7479,1350,598,AddToCart,2025-04-30
7480,1040,102,View,2025-08-29
7481,2811,233,Wishlist,2026-06-27
7482,2316,329,AddToCart,2025-10-29
7483,245,223,Purchase,2025-08-20
7484,491,260,Wishlist,2026-04-03
7485,310,227,View,2025-01-07
7486,241,31,View,2025-10-19
7487,1911,73,View,2026-05-18
7488,2641,834,View,2025-09-27
7489,290,782,View,2026-06-21
7490,908,960,AddToCart,2026-05-25
7491,34,194,Wishlist,2026-01-21
7492,952,365,Purchase,2025-08-17
7493,1266,937,View,2025-12-11
7494,654,404,Search,2026-01-10
7495,1067,800,Search,2025-11-21
7496,1163,296,Purchase,2025-02-10
7497,1045,142,AddToCart,2025-05-10
7498,1746,465,View,2025-01-08
7499,2602,955,AddToCart,2025-11-30
7500,1473,381,Wishlist,2026-05-15
7501,308,782,View,2026-03-20
7502,225,605,Search,2025-01-31
7503,86,90,Wishlist,2026-06-04
7504,2492,154,AddToCart,2025-08-31
7505,2591,957,Wishlist,2026-02-18
7506,1636,206,AddToCart,2026-04-25
7507,488,348,AddToCart,2025-07-20
7508,1494,478,View,2026-02-23
7509,2715,56,Wishlist,2025-03-04
7510,2017,19,Purchase,2025-08-24
7511,296,114,Purchase,2025-09-25
7512,2824,232,Purchase,2026-04-30
7513,1643,934,Purchase,2025-01-24
7514,1746,288,View,2025-06-15
7515,1744,14,Purchase,2025-03-15
7516,2256,29,Wishlist,2025-08-16
7517,1442,82,Search,2025-08-29
7518,2742,479,Purchase,2025-07-31
7519,1264,693,Search,2026-03-27
7520,2068,21,AddToCart,2026-04-05
7521,692,934,Search,2026-01-04
7522,2633,937,Search,2026-04-01
7523,80,710,View,2025-05-08
7524,545,944,AddToCart,2025-04-18
7525,293,144,View,2026-01-21
7526,1925,557,AddToCart,2026-05-02
7527,324,280,Wishlist,2025-06-08
7528,512,966,Search,2026-03-07
7529,2469,527,Purchase,2026-04-13
7530,492,82,View,2026-05-30
7531,2374,667,AddToCart,2025-03-13
7532,150,693,AddToCart,2025-09-25
7533,2039,112,Search,2025-01-29
7534,790,454,Search,2025-04-26
7535,2446,752,Purchase,2025-05-07
7536,32,480,Search,2025-10-24
7537,2937,366,View,2026-02-20
7538,868,227,View,2025-09-10
7539,94,623,Wishlist,2025-03-22
7540,1713,320,Wishlist,2025-01-26
7541,1929,861,AddToCart,2025-01-25
7542,307,739,Wishlist,2026-03-05
7543,355,604,AddToCart,2025-06-02
7544,295,933,Purchase,2025-03-15
7545,2618,256,AddToCart,2025-03-12
7546,777,525,Purchase,2025-12-21
7547,2100,246,View,2025-01-25
7548,2612,43,Purchase,2025-01-15
7549,1008,829,View,2025-11-19
7550,2280,49,Purchase,2025-08-21
7551,1373,469,AddToCart,2025-09-21
7552,946,391,View,2026-06-20
7553,149,371,AddToCart,2025-05-02
7554,460,388,Wishlist,2025-11-11
7555,354,663,Wishlist,2026-06-29
7556,2557,306,Purchase,2026-05-31
7557,1552,93,Search,2025-08-01
7558,2739,236,Search,2026-03-09
7559,1381,75,Search,2025-06-13
7560,1352,962,View,2026-02-16
7561,2176,466,View,2026-01-29
7562,148,135,Wishlist,2025-02-19
7563,2581,968,View,2026-01-14
7564,1362,378,Wishlist,2025-02-01
7565,2782,37,View,2026-04-20
7566,1917,679,Wishlist,2025-12-02
7567,1651,555,AddToCart,2026-04-05
7568,1132,138,Wishlist,2025-08-21
7569,135,40,View,2025-01-09
7570,213,432,View,2026-03-23
7571,322,250,Search,2025-02-10
7572,2593,351,Purchase,2026-01-13
7573,1024,829,Search,2026-03-14
7574,1586,653,Purchase,2025-09-13
7575,2934,387,Search,2025-01-18
7576,406,698,Purchase,2025-01-07
7577,1668,661,Search,2025-07-28
7578,788,658,View,2026-01-16
7579,1206,588,Search,2026-04-03
7580,424,234,AddToCart,2025-07-27
7581,718,20,View,2025-02-25
7582,2067,612,View,2025-11-06
7583,1710,78,View,2025-04-27
7584,1340,738,Wishlist,2025-09-08
7585,2988,17,Search,2026-01-31
7586,399,923,AddToCart,2025-02-06
7587,1153,710,Purchase,2025-09-26
7588,40,734,Wishlist,2025-12-30
7589,832,213,Wishlist,2026-04-01
7590,53,53,AddToCart,2025-12-12
7591,851,931,Wishlist,2025-01-26
7592,1777,949,Search,2025-07-21
7593,1667,700,Search,2025-03-03
7594,2234,328,AddToCart,2025-10-10
7595,1324,445,Search,2026-07-04
7596,111,441,Search,2025-08-06
7597,1370,606,AddToCart,2025-03-18
7598,298,621,Purchase,2025-09-28
7599,1443,622,Search,2025-05-12
7600,2594,127,View,2026-01-09
7601,1759,785,View,2025-03-26
7602,1387,813,Wishlist,2025-06-22
7603,1125,844,Purchase,2025-04-03
7604,256,946,Wishlist,2025-02-04
7605,1755,6,Purchase,2025-01-07
7606,1399,146,AddToCart,2025-07-29
7607,1761,205,Purchase,2025-10-17
7608,2309,838,Search,2026-01-22
7609,2485,136,View,2025-02-16
7610,2014,462,Wishlist,2025-12-11
7611,356,137,Search,2025-04-07
7612,1907,783,Wishlist,2025-07-19
7613,2395,847,AddToCart,2025-05-15
7614,736,805,Wishlist,2025-06-29
7615,2246,899,Wishlist,2025-04-03
7616,2906,411,Wishlist,2025-04-03
7617,1422,173,Wishlist,2026-01-16
7618,2898,498,Wishlist,2025-08-06
7619,981,675,Purchase,2025-11-15
7620,1899,215,AddToCart,2025-04-13
7621,2662,870,Purchase,2026-05-21
7622,789,33,View,2025-06-05
7623,2820,467,View,2025-02-15
7624,1908,495,AddToCart,2025-05-12
7625,2495,628,Wishlist,2025-03-13
7626,664,275,Purchase,2026-01-03
7627,2873,52,AddToCart,2026-02-18
7628,2470,921,AddToCart,2025-10-18
7629,2392,770,View,2025-08-10
7630,720,853,Search,2025-11-09
7631,1132,896,Purchase,2025-02-23
7632,2983,407,Search,2026-05-24
7633,1491,681,AddToCart,2025-02-25
7634,976,729,Wishlist,2025-06-12
7635,1816,295,Search,2025-04-02
7636,1076,651,Purchase,2025-07-24
7637,1722,68,Purchase,2026-06-07
7638,1415,685,Wishlist,2025-03-27
7639,2162,699,Wishlist,2025-04-29
7640,524,15,AddToCart,2025-01-25
7641,138,531,Wishlist,2025-10-05
7642,2372,349,Wishlist,2025-06-24
7643,1515,659,Purchase,2025-11-15
7644,2676,729,Wishlist,2025-11-21
7645,2934,763,Search,2025-12-08
7646,1117,627,View,2025-09-05
7647,1065,173,AddToCart,2026-01-18
7648,1039,469,Purchase,2025-01-03
7649,107,210,View,2025-12-28
7650,2178,959,View,2025-09-07
7651,900,190,Wishlist,2025-05-13
7652,232,830,Wishlist,2025-08-30
7653,521,113,Purchase,2025-11-26
7654,733,744,AddToCart,2025-02-08
7655,2216,526,Purchase,2025-07-15
7656,1598,91,Purchase,2025-10-12
7657,2553,882,AddToCart,2026-03-23
7658,2719,128,Wishlist,2026-06-07
7659,1534,784,Search,2025-11-12
7660,1480,336,Wishlist,2025-03-27
7661,1159,371,AddToCart,2026-06-23
7662,839,258,View,2025-11-13
7663,650,108,View,2025-10-16
7664,1361,152,Search,2025-04-09
7665,1157,913,View,2025-03-02
7666,67,147,Search,2025-11-30
7667,548,601,Wishlist,2025-06-03
7668,1459,894,Search,2025-05-21
7669,880,333,View,2025-01-22
7670,2708,786,View,2025-04-13
7671,1143,404,Search,2026-01-29
7672,2339,62,AddToCart,2025-11-15
7673,1665,469,View,2026-05-09
7674,762,504,AddToCart,2025-11-10
7675,2193,925,Purchase,2025-10-08
7676,2772,487,AddToCart,2026-03-31
7677,2712,327,View,2025-11-09
7678,310,969,Wishlist,2026-06-20
7679,2534,230,Search,2025-07-07
7680,379,590,Search,2025-06-05
7681,2673,83,Search,2026-02-12
7682,925,845,Wishlist,2025-10-13
7683,1144,968,Purchase,2026-06-16
7684,1917,578,AddToCart,2025-08-01
7685,1945,502,Wishlist,2025-09-15
7686,1902,480,Wishlist,2026-02-06
7687,398,350,Search,2026-06-19
7688,535,787,AddToCart,2025-11-17
7689,500,106,Search,2025-01-29
7690,2442,469,Purchase,2025-04-08
7691,2226,965,Wishlist,2025-02-19
7692,1001,64,Purchase,2025-11-30
7693,163,299,AddToCart,2025-09-09
7694,609,626,AddToCart,2026-01-19
7695,1201,427,View,2026-01-14
7696,137,666,Purchase,2026-01-20
7697,1934,825,Search,2025-01-18
7698,197,550,View,2026-03-03
7699,1814,52,Purchase,2025-04-06
7700,2455,419,Wishlist,2025-11-03
7701,2035,220,AddToCart,2025-06-13
7702,1564,812,AddToCart,2026-04-14
7703,2047,703,Wishlist,2026-03-02
7704,207,836,Purchase,2025-12-12
7705,125,506,Purchase,2025-12-18
7706,2081,944,AddToCart,2025-03-14
7707,654,318,Wishlist,2025-03-20
7708,311,377,AddToCart,2026-04-04
7709,1270,994,AddToCart,2025-08-23
7710,1123,719,Wishlist,2025-10-16
7711,638,707,View,2025-01-18
7712,1024,152,AddToCart,2026-04-07
7713,2998,857,View,2026-03-29
7714,794,27,View,2025-11-10
7715,294,993,AddToCart,2026-04-27
7716,428,807,AddToCart,2026-03-30
7717,2512,373,Purchase,2025-09-14
7718,185,968,Wishlist,2025-04-25
7719,1364,257,Wishlist,2026-01-19
7720,2982,512,View,2025-06-23
7721,1985,848,Search,2026-06-29
7722,248,980,Wishlist,2026-01-24
7723,2636,844,Purchase,2025-10-03
7724,31,422,Search,2025-01-29
7725,1731,483,AddToCart,2025-03-22
7726,564,676,View,2026-01-20
7727,2941,547,View,2025-10-22
7728,2165,93,Search,2025-07-10
7729,430,528,Wishlist,2025-08-14
7730,2182,830,Search,2025-06-27
7731,1807,613,Wishlist,2026-04-18
7732,1031,832,Purchase,2025-12-09
7733,366,558,Search,2025-11-10
7734,770,912,AddToCart,2026-06-21
7735,1142,432,Search,2025-10-26
7736,2004,916,AddToCart,2026-05-12
7737,2536,630,Search,2025-12-25
7738,2659,295,Wishlist,2025-03-07
7739,1141,150,Wishlist,2025-05-22
7740,2110,375,AddToCart,2025-08-30
7741,1299,453,Search,2025-09-01
7742,203,79,Purchase,2025-08-12
7743,271,958,View,2025-04-02
7744,875,538,Purchase,2025-08-13
7745,2573,218,Search,2025-11-19
7746,1767,735,AddToCart,2025-04-04
7747,222,479,Search,2025-02-18
7748,1895,178,Wishlist,2026-05-19
7749,774,22,Wishlist,2026-04-05
7750,1427,161,AddToCart,2026-01-20
7751,2648,857,Purchase,2026-06-12
7752,1818,318,Purchase,2025-04-06
7753,2525,52,Purchase,2025-08-30
7754,1405,785,View,2025-04-28
7755,2065,881,Search,2026-04-14
7756,699,438,AddToCart,2025-12-19
7757,2414,963,Wishlist,2025-10-18
7758,1964,404,View,2025-06-26
7759,1565,63,Wishlist,2025-06-08
7760,1862,292,View,2026-06-18
7761,2145,186,Search,2025-10-01
7762,2161,126,Purchase,2025-10-29
7763,517,552,Wishlist,2026-02-08
7764,1574,704,Search,2025-06-04
7765,2230,636,AddToCart,2026-04-26
7766,1632,994,Search,2025-12-23
7767,749,734,View,2025-07-12
7768,2483,297,Search,2025-03-06
7769,1919,840,Search,2025-07-30
7770,2517,249,Purchase,2026-06-13
7771,1207,686,Purchase,2025-05-31
7772,2453,890,Purchase,2026-05-27
7773,2892,548,AddToCart,2025-05-07
7774,68,752,Search,2025-02-16
7775,1623,21,Search,2025-10-30
7776,2400,766,View,2026-05-18
7777,1356,179,Wishlist,2026-01-12
7778,1721,79,Search,2025-04-27
7779,2792,596,AddToCart,2025-04-10
7780,2008,190,Search,2025-09-28
7781,2029,170,Wishlist,2026-02-26
7782,2387,444,View,2025-09-26
7783,1801,488,Wishlist,2025-10-27
7784,1455,640,AddToCart,2025-08-26
7785,829,6,Wishlist,2025-01-05
7786,781,260,Search,2026-02-14
7787,985,455,Search,2025-01-12
7788,1402,175,Search,2026-01-29
7789,81,723,AddToCart,2025-04-17
7790,2680,321,AddToCart,2026-05-03
7791,1580,86,View,2026-06-02
7792,128,483,View,2026-03-07
7793,2710,554,Wishlist,2025-11-22
7794,1340,347,Purchase,2025-03-20
7795,419,581,Purchase,2025-02-06
7796,2542,185,View,2025-01-20
7797,1769,519,Search,2025-11-02
7798,245,442,AddToCart,2025-01-19
7799,2238,799,AddToCart,2026-02-14
7800,2876,502,AddToCart,2026-01-31
7801,2613,493,AddToCart,2026-03-03
7802,389,173,Purchase,2025-07-26
7803,715,654,Search,2025-06-11
7804,537,887,Purchase,2026-04-06
7805,880,636,Search,2025-05-19
7806,2555,77,Purchase,2025-08-15
7807,2465,686,Search,2025-10-19
7808,1908,590,Search,2026-04-20
7809,1517,661,Search,2025-12-04
7810,2790,841,View,2025-06-13
7811,2557,204,View,2026-03-29
7812,469,39,Purchase,2026-05-02
7813,1208,133,Purchase,2025-07-12
7814,1823,992,Search,2025-08-30
7815,762,166,AddToCart,2025-02-16
7816,25,15,AddToCart,2026-04-21
7817,79,763,Search,2025-10-08
7818,2925,908,View,2025-05-09
7819,1586,546,Purchase,2026-05-28
7820,726,380,Search,2025-03-24
7821,1607,644,Wishlist,2025-07-08
7822,2883,914,AddToCart,2025-07-30
7823,2694,498,Search,2025-02-09
7824,963,312,Search,2026-01-13
7825,2633,469,AddToCart,2025-12-03
7826,720,127,Search,2026-04-29
7827,2902,102,Search,2025-06-12
7828,1373,152,Search,2025-07-24
7829,2744,197,AddToCart,2025-07-13
7830,2359,756,Wishlist,2026-04-18
7831,1176,114,Search,2026-03-20
7832,2752,979,Wishlist,2025-04-11
7833,2682,483,Search,2026-05-20
7834,952,807,Wishlist,2026-03-13
7835,826,625,View,2025-03-05
7836,1058,581,AddToCart,2025-06-07
7837,1895,127,AddToCart,2025-11-30
7838,620,14,Wishlist,2025-07-28
7839,2617,892,AddToCart,2026-01-16
7840,1941,323,AddToCart,2026-01-16
7841,1393,316,Wishlist,2026-04-29
7842,576,866,Purchase,2025-12-07
7843,2667,335,Search,2025-08-04
7844,790,513,View,2025-03-23
7845,2545,854,Search,2025-07-11
7846,508,233,Purchase,2026-04-05
7847,547,180,View,2025-01-27
7848,2427,283,AddToCart,2025-05-22
7849,2378,322,Purchase,2025-07-05
7850,1890,670,Wishlist,2025-12-30
7851,1196,227,Wishlist,2026-01-31
7852,874,55,AddToCart,2026-02-26
7853,2677,839,AddToCart,2025-02-07
7854,1902,87,View,2026-05-04
7855,313,492,Purchase,2025-06-27
7856,2141,684,Purchase,2025-07-09
7857,2595,130,Purchase,2026-02-05
7858,799,752,AddToCart,2026-05-20
7859,2422,782,View,2025-04-11
7860,1590,448,AddToCart,2025-08-05
7861,660,30,Wishlist,2026-05-24
7862,798,227,Search,2025-10-14
7863,2710,48,View,2025-11-09
7864,497,115,Search,2026-02-15
7865,1626,73,Wishlist,2025-06-06
7866,2043,39,View,2025-03-23
7867,1650,396,View,2025-05-24
7868,1797,745,Search,2025-05-20
7869,2828,267,Wishlist,2025-04-01
7870,625,588,Wishlist,2025-01-10
7871,1570,713,View,2025-03-28
7872,1236,746,Search,2025-11-28
7873,951,453,Search,2025-02-06
7874,1696,314,AddToCart,2025-08-18
7875,789,135,AddToCart,2026-06-13
7876,2741,589,Search,2025-01-28
7877,547,752,View,2025-12-09
7878,798,634,Wishlist,2025-06-27
7879,1108,78,Search,2025-05-17
7880,2480,364,AddToCart,2026-02-16
7881,1291,458,Search,2025-10-20
7882,161,121,View,2025-07-15
7883,421,293,Search,2025-03-04
7884,2931,493,Purchase,2025-01-04
7885,179,820,View,2026-01-23
7886,1674,224,AddToCart,2026-05-30
7887,1306,648,AddToCart,2025-11-27
7888,2107,542,Purchase,2026-06-24
7889,169,390,Search,2025-08-04
7890,1400,45,Search,2025-12-24
7891,2503,24,Search,2026-02-08
7892,1709,468,AddToCart,2026-01-13
7893,1351,912,View,2025-12-11
7894,2943,219,Wishlist,2025-08-11
7895,2218,452,Wishlist,2026-05-23
7896,2162,158,Search,2025-10-02
7897,1327,822,Wishlist,2026-02-07
7898,2994,802,Search,2025-04-25
7899,711,746,Purchase,2025-07-04
7900,926,660,Search,2025-10-07
7901,752,792,View,2026-06-29
7902,849,397,View,2025-11-24
7903,1080,667,Search,2025-02-07
7904,1405,6,Purchase,2026-04-01
7905,1165,275,Wishlist,2026-02-17
7906,2415,761,Purchase,2025-08-12
7907,1210,428,Purchase,2026-01-30
7908,1042,985,Wishlist,2025-06-29
7909,1796,552,Purchase,2025-01-27
7910,112,68,View,2026-07-01
7911,574,683,AddToCart,2025-02-08
7912,494,359,Purchase,2025-11-25
7913,1562,491,Search,2025-07-08
7914,2855,114,Search,2026-02-26
7915,1399,276,Wishlist,2025-03-06
7916,1630,30,Wishlist,2026-03-12
7917,635,36,Wishlist,2026-01-12
7918,1286,264,Purchase,2025-10-14
7919,1375,968,Purchase,2025-09-24
7920,1162,318,Search,2025-08-19
7921,741,807,Purchase,2025-11-19
7922,58,38,Purchase,2025-03-04
7923,2912,91,Search,2026-02-06
7924,870,623,AddToCart,2025-11-03
7925,2447,83,Search,2025-02-17
7926,2366,857,AddToCart,2026-02-24
7927,458,17,AddToCart,2026-03-21
7928,1351,282,Search,2025-04-28
7929,654,872,View,2025-04-15
7930,2948,148,Search,2026-05-10
7931,2715,512,AddToCart,2026-07-03
7932,2823,571,View,2026-02-17
7933,1308,63,Wishlist,2025-05-05
7934,1785,549,Wishlist,2025-07-26
7935,2106,765,Search,2025-02-08
7936,1098,597,Wishlist,2026-01-09
7937,366,575,Wishlist,2025-05-09
7938,2489,180,View,2025-03-02
7939,2847,80,AddToCart,2026-04-07
7940,203,863,Search,2026-05-12
7941,43,918,View,2025-02-04
7942,1129,145,AddToCart,2025-10-19
7943,1747,648,Purchase,2025-10-02
7944,1078,490,Search,2025-08-19
7945,1666,136,View,2026-06-29
7946,1423,125,AddToCart,2026-03-21
7947,1978,548,Search,2025-07-14
7948,1238,823,Wishlist,2026-05-27
7949,1495,672,View,2026-03-01
7950,2603,240,Search,2026-07-05
7951,1536,892,Wishlist,2025-01-25
7952,113,931,Wishlist,2025-08-15
7953,2717,450,Wishlist,2025-05-28
7954,288,918,View,2026-03-22
7955,1088,560,Search,2026-01-09
7956,2688,868,View,2026-05-02
7957,1931,782,Wishlist,2025-06-26
7958,896,786,View,2026-05-24
7959,2024,83,Wishlist,2026-05-18
7960,1699,864,Search,2025-02-19
7961,4,127,Search,2025-02-07
7962,2404,448,Wishlist,2025-02-01
7963,439,20,AddToCart,2025-08-20
7964,1621,539,AddToCart,2025-10-12
7965,547,774,Wishlist,2026-04-29
7966,803,999,Wishlist,2025-01-24
7967,2395,149,Search,2026-02-18
7968,1884,797,View,2025-10-11
7969,2768,635,Purchase,2025-04-08
7970,1553,696,Wishlist,2025-02-17
7971,665,923,AddToCart,2025-06-07
7972,320,914,AddToCart,2025-06-01
7973,2136,58,Purchase,2025-01-27
7974,874,89,AddToCart,2025-08-18
7975,2694,38,View,2025-06-27
7976,1004,847,Purchase,2026-01-31
7977,1427,609,View,2025-04-05
7978,129,448,View,2025-08-01
7979,1130,580,Search,2026-03-16
7980,2961,494,Wishlist,2025-03-08
7981,904,739,View,2025-03-02
7982,1957,646,Wishlist,2026-04-20
7983,1219,359,Purchase,2026-02-28
7984,1991,388,Purchase,2025-09-25
7985,1547,948,Purchase,2025-05-07
7986,238,904,Wishlist,2025-08-29
7987,1203,548,Search,2025-10-14
7988,1594,467,Search,2026-03-25
7989,1302,287,AddToCart,2025-02-13
7990,460,739,View,2026-06-14
7991,2979,488,Search,2025-09-11
7992,618,360,AddToCart,2026-02-24
7993,2859,331,View,2026-06-14
7994,777,421,View,2025-05-15
7995,1184,344,Search,2026-05-15
7996,732,128,Wishlist,2025-03-16
7997,982,171,Purchase,2025-01-29
7998,1217,875,Purchase,2025-12-25
7999,347,402,Wishlist,2025-05-10
8000,1031,200,AddToCart,2026-06-13
8001,2370,580,Wishlist,2025-09-24
8002,1202,74,AddToCart,2026-01-28
8003,1035,580,Purchase,2025-07-17
8004,2666,601,View,2026-04-24
8005,2935,704,Search,2026-06-12
8006,2503,796,AddToCart,2025-12-24
8007,2464,31,View,2026-07-02
8008,1932,263,Search,2025-10-23
8009,2660,665,View,2025-11-30
8010,951,599,Wishlist,2026-06-18
8011,1456,201,View,2025-10-20
8012,645,352,Wishlist,2025-08-18
8013,745,759,Search,2025-12-24
8014,522,620,View,2026-04-08
8015,2477,573,View,2025-06-09
8016,2899,605,Wishlist,2026-03-22
8017,2650,202,View,2025-03-15
8018,240,949,AddToCart,2025-04-20
8019,1650,255,Search,2026-05-02
8020,2672,905,Wishlist,2025-02-17
8021,1192,535,Search,2025-05-09
8022,223,674,Search,2025-09-14
8023,593,755,View,2025-02-12
8024,2147,666,Wishlist,2025-03-05
8025,1736,212,AddToCart,2025-01-10
8026,1136,233,AddToCart,2026-06-09
8027,2282,928,AddToCart,2026-01-19
8028,2751,680,Wishlist,2025-10-01
8029,2188,561,Search,2025-10-23
8030,1086,863,Wishlist,2025-06-22
8031,914,810,View,2026-03-23
8032,1343,73,AddToCart,2025-11-26
8033,1462,146,Wishlist,2025-03-29
8034,1709,290,AddToCart,2025-09-18
8035,843,447,Search,2025-03-01
8036,1726,636,View,2025-05-30
8037,2169,882,Wishlist,2025-12-28
8038,673,709,Search,2025-09-08
8039,1569,859,Wishlist,2025-03-04
8040,2490,221,Search,2025-01-10
8041,1555,463,View,2025-04-26
8042,2286,6,View,2026-05-23
8043,2677,392,Purchase,2026-01-07
8044,2965,879,Wishlist,2025-08-29
8045,167,9,AddToCart,2025-12-13
8046,758,117,Wishlist,2025-04-14
8047,1338,4,Search,2025-07-20
8048,536,84,AddToCart,2025-04-19
8049,1526,456,Purchase,2025-11-29
8050,2463,39,Wishlist,2025-10-14
8051,2666,485,Search,2025-06-25
8052,1285,309,Search,2025-10-28
8053,2969,327,Search,2025-01-08
8054,449,15,Wishlist,2025-01-08
8055,137,940,Purchase,2025-02-03
8056,380,210,Wishlist,2025-11-17
8057,2014,611,Search,2025-01-16
8058,1527,712,Wishlist,2025-07-02
8059,37,288,Purchase,2025-08-11
8060,2861,796,Purchase,2025-02-23
8061,2950,359,Purchase,2025-05-11
8062,1242,895,View,2026-03-05
8063,1197,12,Purchase,2025-02-27
8064,350,42,Search,2026-05-12
8065,421,332,View,2026-03-01
8066,2666,759,Search,2025-07-15
8067,107,166,View,2025-05-31
8068,388,681,Search,2025-06-23
8069,1176,163,Wishlist,2025-06-08
8070,1272,899,AddToCart,2026-02-08
8071,2981,988,AddToCart,2026-05-11
8072,2892,927,AddToCart,2026-04-13
8073,1747,164,View,2026-01-10
8074,1643,671,Purchase,2026-01-15
8075,1338,645,View,2025-10-09
8076,2579,561,View,2025-08-30
8077,1409,228,Wishlist,2025-01-06
8078,2557,394,AddToCart,2025-01-18
8079,2516,886,Wishlist,2026-05-11
8080,2670,774,Purchase,2025-05-15
8081,1727,338,View,2025-01-04
8082,1357,816,Wishlist,2025-05-24
8083,957,641,Search,2026-02-09
8084,602,494,Search,2025-01-19
8085,1981,957,Wishlist,2025-04-18
8086,2186,503,Purchase,2025-09-06
8087,2386,965,Purchase,2025-09-27
8088,970,378,View,2025-11-15
8089,1540,654,AddToCart,2025-01-21
8090,1282,704,Wishlist,2025-06-05
8091,2869,389,Purchase,2025-03-06
8092,447,989,View,2026-06-03
8093,2243,786,AddToCart,2026-06-08
8094,2369,700,View,2026-02-04
8095,962,718,Purchase,2026-06-26
8096,152,606,View,2026-01-19
8097,1427,609,AddToCart,2026-06-08
8098,2562,695,View,2025-12-30
8099,136,278,Search,2026-01-31
8100,1781,517,Wishlist,2026-04-12
8101,1821,4,View,2025-12-27
8102,2507,231,Search,2025-03-29
8103,907,929,View,2025-11-09
8104,1361,792,Search,2025-09-04
8105,1398,857,AddToCart,2025-06-30
8106,389,341,Purchase,2025-02-19
8107,2711,686,View,2026-05-21
8108,1664,312,Search,2025-06-05
8109,1183,592,Wishlist,2025-08-30
8110,2371,87,Wishlist,2025-03-28
8111,2746,371,Purchase,2026-01-05
8112,223,588,AddToCart,2025-08-06
8113,568,654,Search,2026-03-18
8114,1516,345,Search,2025-06-06
8115,1469,407,Search,2025-03-06
8116,33,631,Purchase,2026-04-26
8117,897,989,Search,2025-04-27
8118,1451,727,View,2025-07-27
8119,863,334,View,2026-07-04
8120,1540,644,View,2026-01-13
8121,2617,314,AddToCart,2026-02-10
8122,2230,927,Search,2026-01-29
8123,1524,789,View,2025-04-18
8124,1032,385,Purchase,2025-01-04
8125,1289,839,View,2026-06-09
8126,2292,756,Search,2025-05-12
8127,2561,370,Search,2026-04-26
8128,112,596,AddToCart,2025-11-09
8129,1072,919,Wishlist,2025-08-29
8130,2203,526,Search,2025-09-26
8131,741,244,AddToCart,2025-10-07
8132,2919,6,Wishlist,2026-01-06
8133,2157,475,Purchase,2025-05-08
8134,238,753,Search,2026-02-09
8135,2810,87,Purchase,2026-04-07
8136,747,519,Wishlist,2025-09-21
8137,2525,458,Search,2025-05-01
8138,2040,968,Purchase,2026-06-24
8139,1456,688,Purchase,2026-03-05
8140,1407,646,AddToCart,2025-02-13
8141,2175,707,Wishlist,2025-05-20
8142,655,522,Wishlist,2026-02-22
8143,888,27,Search,2025-09-07
8144,1370,732,Wishlist,2026-02-06
8145,2619,304,Search,2025-05-08
8146,2667,853,View,2025-06-09
8147,2571,3,Search,2025-10-12
8148,2292,435,AddToCart,2025-11-16
8149,264,152,View,2025-09-07
8150,1681,804,Search,2025-07-02
8151,1214,525,Purchase,2025-07-25
8152,2346,821,Wishlist,2026-06-10
8153,1471,940,Search,2026-07-01
8154,1677,327,Purchase,2025-11-28
8155,526,796,AddToCart,2025-01-13
8156,248,821,View,2025-11-05
8157,2994,304,View,2026-03-20
8158,18,300,View,2025-09-28
8159,2427,322,Purchase,2025-09-15
8160,404,934,AddToCart,2026-01-23
8161,767,843,Search,2025-11-12
8162,2591,914,Wishlist,2025-09-09
8163,188,204,Purchase,2025-09-22
8164,1934,744,AddToCart,2025-07-31
8165,1510,492,View,2025-09-14
8166,1846,847,AddToCart,2025-06-17
8167,2167,716,View,2026-02-09
8168,222,425,Wishlist,2025-07-20
8169,1677,895,View,2025-12-27
8170,1597,725,Search,2026-05-30
8171,2124,123,Search,2026-01-18
8172,151,16,View,2025-06-25
8173,2271,269,Search,2026-02-05
8174,2166,931,AddToCart,2025-09-24
8175,2718,813,Purchase,2025-05-19
8176,557,488,Search,2025-09-21
8177,456,517,Search,2025-07-30
8178,2389,653,AddToCart,2026-06-21
8179,375,276,View,2026-01-23
8180,2765,500,Wishlist,2025-10-13
8181,1043,961,Wishlist,2026-05-13
8182,1527,355,View,2026-04-26
8183,2192,250,Wishlist,2025-01-20
8184,2425,623,View,2026-06-11
8185,2969,386,Search,2026-02-10
8186,2825,819,View,2025-02-14
8187,1660,248,Wishlist,2025-07-09
8188,1931,166,View,2026-02-19
8189,1903,940,Search,2025-10-16
8190,1692,702,View,2026-01-11
8191,2773,909,Search,2025-06-13
8192,1918,970,AddToCart,2026-05-26
8193,363,670,Wishlist,2025-11-29
8194,2252,899,Purchase,2025-07-05
8195,899,730,AddToCart,2025-07-26
8196,1588,914,AddToCart,2026-01-05
8197,2845,926,Wishlist,2025-11-21
8198,2237,16,Purchase,2025-11-14
8199,160,159,Wishlist,2025-01-25
8200,1861,708,View,2025-06-16
8201,158,544,Search,2025-09-13
8202,1023,311,Wishlist,2025-08-01
8203,102,733,AddToCart,2025-01-16
8204,1961,950,Purchase,2025-02-22
8205,1819,620,View,2025-09-27
8206,700,961,Search,2025-12-02
8207,418,155,Wishlist,2025-08-08
8208,1906,331,Purchase,2025-07-03
8209,1562,648,Search,2025-04-18
8210,1114,242,Purchase,2025-03-09
8211,2541,558,AddToCart,2025-02-07
8212,228,874,Purchase,2025-01-14
8213,2597,737,Search,2025-05-02
8214,2549,560,Search,2025-10-20
8215,701,524,AddToCart,2026-06-22
8216,2865,835,Search,2025-07-11
8217,2014,838,Wishlist,2026-02-05
8218,57,526,Purchase,2025-02-21
8219,2869,428,Purchase,2025-06-08
8220,322,730,View,2025-07-02
8221,225,430,Wishlist,2025-10-22
8222,1809,524,View,2025-05-28
8223,2065,738,Search,2025-09-01
8224,1328,971,Search,2025-12-31
8225,2865,198,Purchase,2025-09-19
8226,2096,232,View,2025-10-20
8227,1523,580,Wishlist,2025-04-22
8228,2375,115,Wishlist,2025-11-19
8229,2609,972,Wishlist,2025-03-19
8230,707,860,Wishlist,2025-11-19
8231,478,819,AddToCart,2025-06-21
8232,55,102,Wishlist,2025-04-25
8233,2592,618,Wishlist,2025-02-24
8234,2026,969,Search,2025-02-22
8235,1,673,Search,2025-03-12
8236,2570,719,Wishlist,2026-01-31
8237,667,398,Wishlist,2026-03-26
8238,2934,802,Wishlist,2025-05-18
8239,2806,91,Purchase,2025-01-31
8240,2252,524,AddToCart,2025-04-24
8241,1744,830,AddToCart,2025-10-08
8242,1505,979,AddToCart,2025-11-06
8243,1725,256,AddToCart,2026-05-31
8244,2954,116,Search,2025-08-29
8245,2108,806,Wishlist,2025-08-16
8246,1537,661,Wishlist,2025-11-23
8247,1082,902,AddToCart,2025-03-07
8248,2533,846,View,2025-12-22
8249,2482,396,View,2025-08-09
8250,234,898,View,2026-01-19
8251,1855,267,View,2026-06-28
8252,273,404,Purchase,2025-03-17
8253,121,970,View,2025-03-18
8254,1147,782,AddToCart,2025-02-01
8255,1695,696,Purchase,2025-07-30
8256,2730,432,Wishlist,2026-05-28
8257,2777,350,Wishlist,2025-02-23
8258,352,610,AddToCart,2025-12-29
8259,922,44,Search,2026-04-04
8260,1867,129,View,2026-04-21
8261,762,701,Purchase,2025-08-14
8262,2041,440,Purchase,2025-11-13
8263,1697,946,AddToCart,2026-07-04
8264,945,719,Wishlist,2026-02-08
8265,906,507,View,2025-02-22
8266,1495,94,Wishlist,2025-11-10
8267,149,368,AddToCart,2025-03-28
8268,2680,671,Purchase,2025-10-13
8269,1647,459,Search,2026-06-13
8270,2702,820,AddToCart,2025-06-08
8271,2234,183,View,2026-03-20
8272,272,785,Wishlist,2025-12-13
8273,601,244,AddToCart,2025-04-23
8274,2857,93,AddToCart,2026-02-16
8275,2080,467,View,2025-11-17
8276,1606,528,Wishlist,2025-04-09
8277,157,696,Wishlist,2025-04-29
8278,2796,820,View,2026-05-02
8279,766,365,Search,2025-02-07
8280,2976,443,Search,2025-01-24
8281,1363,174,AddToCart,2026-03-17
8282,2432,504,AddToCart,2026-05-02
8283,1226,751,AddToCart,2025-03-02
8284,906,440,View,2025-10-14
8285,253,814,Purchase,2026-05-24
8286,1898,885,View,2025-06-16
8287,829,522,Search,2026-05-08
8288,817,980,Search,2026-03-11
8289,960,519,Search,2026-03-21
8290,2012,621,Purchase,2025-11-11
8291,965,889,Purchase,2026-01-23
8292,2621,937,Purchase,2025-03-23
8293,293,197,Purchase,2026-01-24
8294,1687,351,AddToCart,2026-05-13
8295,704,974,Search,2026-04-19
8296,1906,297,Wishlist,2026-01-30
8297,2908,17,Purchase,2025-09-11
8298,1667,901,AddToCart,2026-02-08
8299,148,802,Wishlist,2026-01-09
8300,2391,863,AddToCart,2025-05-22
8301,2641,874,View,2025-07-17
8302,2137,66,Search,2025-08-26
8303,2458,225,View,2025-02-12
8304,1745,921,Wishlist,2026-01-29
8305,2937,932,View,2026-02-24
8306,377,511,Search,2026-02-10
8307,1721,218,Wishlist,2025-11-12
8308,1770,488,AddToCart,2026-04-22
8309,1301,926,View,2025-11-05
8310,417,4,View,2026-04-21
8311,1973,492,Wishlist,2026-03-28
8312,16,775,View,2025-06-18
8313,1308,270,Wishlist,2026-04-28
8314,2779,312,Purchase,2025-03-17
8315,1807,823,AddToCart,2026-02-26
8316,2494,810,View,2025-11-28
8317,1712,907,Wishlist,2026-06-22
8318,1523,526,Wishlist,2025-12-17
8319,329,358,Purchase,2025-03-13
8320,51,584,AddToCart,2026-05-18
8321,2132,884,AddToCart,2025-03-04
8322,2863,643,Purchase,2026-02-15
8323,2913,438,View,2025-03-18
8324,1997,255,Search,2025-04-10
8325,22,774,Wishlist,2025-11-28
8326,2865,887,View,2026-05-31
8327,1609,759,Search,2026-03-25
8328,2117,814,Wishlist,2025-04-21
8329,105,79,Search,2026-06-17
8330,2939,125,Search,2026-03-01
8331,2098,81,Search,2025-09-27
8332,668,334,Purchase,2025-07-08
8333,1220,213,Wishlist,2025-08-09
8334,2287,206,AddToCart,2026-05-19
8335,1628,146,AddToCart,2025-07-29
8336,1930,46,View,2026-02-14
8337,1451,362,Purchase,2025-08-22
8338,1774,312,AddToCart,2025-08-07
8339,23,611,AddToCart,2025-12-22
8340,795,499,Wishlist,2025-11-22
8341,1999,808,Wishlist,2025-02-03
8342,602,805,Wishlist,2026-03-19
8343,2283,87,AddToCart,2025-12-10
8344,2208,674,View,2026-05-21
8345,1066,278,AddToCart,2025-11-18
8346,2430,802,Purchase,2025-01-07
8347,2508,239,Search,2025-01-04
8348,2296,825,View,2026-02-16
8349,1298,124,AddToCart,2025-11-10
8350,1952,29,Purchase,2026-05-17
8351,2479,602,View,2026-03-02
8352,1687,299,AddToCart,2025-06-07
8353,98,609,View,2026-01-30
8354,1627,600,View,2025-01-31
8355,2158,486,Search,2025-12-29
8356,6,196,Purchase,2025-08-16
8357,2336,421,Search,2026-06-25
8358,1859,455,AddToCart,2025-11-17
8359,2189,572,View,2025-04-09
8360,757,940,Search,2025-08-06
8361,864,404,Wishlist,2025-12-08
8362,2161,632,View,2025-04-15
8363,506,994,Wishlist,2025-03-28
8364,1494,146,View,2025-06-24
8365,875,446,AddToCart,2025-12-14
8366,1469,662,View,2025-06-25
8367,816,994,AddToCart,2025-09-09
8368,1964,73,Purchase,2025-01-29
8369,25,404,Purchase,2026-06-04
8370,552,261,Wishlist,2026-04-20
8371,2247,985,Purchase,2025-04-22
8372,2075,276,Search,2025-03-31
8373,1764,744,AddToCart,2025-01-05
8374,390,645,AddToCart,2025-12-10
8375,263,882,Purchase,2025-02-20
8376,2642,181,Purchase,2026-01-29
8377,2793,55,Purchase,2026-06-27
8378,389,21,Wishlist,2026-03-24
8379,1245,554,Wishlist,2025-03-17
8380,2400,865,Search,2026-02-03
8381,2851,918,Purchase,2025-07-20
8382,864,554,Wishlist,2025-09-07
8383,132,9,View,2025-02-16
8384,2873,637,Search,2026-01-28
8385,1038,168,AddToCart,2026-04-01
8386,657,882,AddToCart,2026-01-28
8387,86,34,Search,2025-04-12
8388,2902,886,View,2026-06-09
8389,1564,53,Wishlist,2026-03-18
8390,2480,574,Search,2025-09-26
8391,55,723,View,2025-10-16
8392,2659,713,AddToCart,2025-09-17
8393,722,493,Purchase,2025-09-09
8394,1519,818,Wishlist,2025-11-10
8395,1225,402,View,2026-02-07
8396,1847,206,AddToCart,2025-08-21
8397,473,487,AddToCart,2025-08-16
8398,2877,638,Wishlist,2025-06-05
8399,1358,997,AddToCart,2026-05-23
8400,413,182,AddToCart,2026-03-12
8401,2625,329,View,2026-02-25
8402,366,187,Purchase,2025-06-19
8403,1335,686,Purchase,2025-02-01
8404,444,88,Purchase,2025-12-22
8405,2313,851,Purchase,2026-06-07
8406,2558,550,AddToCart,2026-05-10
8407,1576,983,Purchase,2026-03-25
8408,2783,522,Search,2026-07-05
8409,2034,257,Purchase,2025-04-25
8410,2896,775,Wishlist,2025-03-31
8411,1239,121,Purchase,2026-04-26
8412,2057,918,Search,2025-11-02
8413,738,621,Search,2025-10-03
8414,1705,931,Search,2025-01-30
8415,2013,553,View,2026-04-19
8416,2088,269,View,2025-06-16
8417,2924,273,Search,2025-11-29
8418,642,612,AddToCart,2025-06-14
8419,2410,252,Purchase,2026-06-20
8420,2857,910,View,2025-02-12
8421,1514,425,View,2025-06-13
8422,908,704,Purchase,2025-09-23
8423,2808,639,Wishlist,2025-09-23
8424,2998,173,Purchase,2026-02-18
8425,317,669,Purchase,2025-04-19
8426,965,18,Purchase,2026-01-23
8427,2725,218,AddToCart,2025-10-22
8428,2386,438,Search,2025-10-24
8429,1205,151,View,2026-05-16
8430,2246,228,Wishlist,2025-01-23
8431,2142,925,AddToCart,2025-05-21
8432,507,135,Wishlist,2025-12-01
8433,2402,837,View,2026-02-15
8434,930,31,Search,2026-06-04
8435,2310,171,Purchase,2025-05-31
8436,1297,369,AddToCart,2025-01-13
8437,708,426,Wishlist,2025-05-18
8438,1842,926,Search,2025-03-02
8439,1411,136,AddToCart,2026-01-01
8440,859,869,Wishlist,2025-12-06
8441,2618,629,View,2025-12-28
8442,2451,444,Wishlist,2026-06-03
8443,2565,803,AddToCart,2025-09-23
8444,1423,856,View,2025-10-13
8445,2311,315,Search,2025-01-02
8446,1099,676,Purchase,2025-12-01
8447,209,528,View,2025-09-27
8448,2947,834,View,2025-12-15
8449,1234,27,View,2025-05-18
8450,2975,392,View,2025-08-02
8451,1424,651,Search,2025-02-24
8452,174,621,AddToCart,2025-10-08
8453,730,966,AddToCart,2025-09-14
8454,1579,147,Wishlist,2025-04-03
8455,875,813,AddToCart,2025-06-10
8456,1071,537,Purchase,2025-04-05
8457,932,341,View,2025-11-03
8458,693,576,Search,2025-07-15
8459,1851,29,View,2025-02-09
8460,1442,333,AddToCart,2025-03-03
8461,1622,364,Search,2025-04-07
8462,2772,334,View,2026-02-02
8463,141,403,Search,2025-12-22
8464,2296,398,AddToCart,2025-10-06
8465,548,886,View,2025-12-12
8466,90,372,Wishlist,2025-03-14
8467,2974,809,Purchase,2026-01-25
8468,603,899,Wishlist,2026-04-25
8469,1089,925,Purchase,2025-11-03
8470,799,814,Wishlist,2025-04-06
8471,2154,597,View,2025-02-01
8472,837,568,Search,2025-01-16
8473,129,310,Purchase,2025-02-13
8474,1535,536,Wishlist,2025-11-11
8475,2725,467,Wishlist,2026-01-14
8476,560,101,AddToCart,2025-06-18
8477,2171,197,View,2025-02-12
8478,1938,662,View,2026-02-05
8479,2569,257,Search,2025-01-22
8480,985,327,Purchase,2025-08-22
8481,1307,463,Search,2025-09-24
8482,1710,463,Wishlist,2025-04-09
8483,2828,943,Search,2025-03-22
8484,283,566,AddToCart,2026-05-24
8485,2108,357,View,2025-01-15
8486,321,974,AddToCart,2025-05-04
8487,2062,377,AddToCart,2025-11-19
8488,137,85,Search,2026-06-15
8489,1385,264,Purchase,2025-02-24
8490,2666,394,View,2026-03-02
8491,2648,24,Purchase,2025-09-08
8492,1515,432,AddToCart,2026-02-06
8493,428,919,Purchase,2025-11-23
8494,1201,630,View,2025-08-04
8495,2702,208,View,2025-03-23
8496,1590,322,Purchase,2025-11-11
8497,2059,494,View,2025-03-29
8498,1,110,Search,2025-02-14
8499,2661,268,Wishlist,2026-06-10
8500,2601,32,Purchase,2026-06-01
8501,900,664,View,2026-05-16
8502,1963,876,Wishlist,2025-02-03
8503,2602,880,View,2025-10-28
8504,1775,118,Search,2025-02-13
8505,91,508,AddToCart,2025-07-05
8506,2668,935,Search,2026-07-03
8507,2787,498,Search,2025-07-13
8508,1517,813,View,2026-03-20
8509,1757,472,Purchase,2025-08-13
8510,1457,965,View,2025-05-28
8511,1346,149,Purchase,2025-07-15
8512,1298,135,AddToCart,2025-06-24
8513,1451,311,View,2025-07-18
8514,2384,720,View,2025-04-13
8515,1131,67,AddToCart,2025-09-13
8516,2893,790,AddToCart,2026-04-16
8517,2465,272,View,2025-10-15
8518,1041,6,View,2025-01-27
8519,737,11,View,2026-05-18
8520,2002,513,Search,2025-11-15
8521,1869,398,Purchase,2026-01-17
8522,736,497,Purchase,2025-03-30
8523,1192,283,Purchase,2026-05-18
8524,1422,212,Purchase,2026-02-27
8525,2560,724,Purchase,2026-07-05
8526,1421,428,AddToCart,2025-06-28
8527,1036,916,Wishlist,2025-05-29
8528,2361,20,Wishlist,2025-05-10
8529,2443,357,View,2025-08-12
8530,2610,747,Purchase,2026-05-21
8531,2393,572,Purchase,2025-04-18
8532,1220,482,Purchase,2025-03-19
8533,1314,784,View,2026-05-30
8534,1045,257,AddToCart,2025-12-27
8535,2452,708,AddToCart,2025-09-20
8536,2799,49,Wishlist,2026-07-01
8537,277,426,View,2025-02-05
8538,1971,325,Search,2026-03-28
8539,2318,152,Search,2026-06-06
8540,2249,235,Wishlist,2025-10-16
8541,515,649,Wishlist,2025-06-06
8542,483,850,Wishlist,2025-05-28
8543,663,942,Search,2025-09-25
8544,1649,275,AddToCart,2025-03-31
8545,1808,459,AddToCart,2026-04-29
8546,1845,624,Purchase,2026-05-16
8547,182,165,Search,2025-05-05
8548,2497,426,Purchase,2025-03-24
8549,846,210,Wishlist,2025-06-15
8550,747,585,AddToCart,2025-02-27
8551,1963,554,View,2026-01-03
8552,2052,819,Purchase,2025-03-11
8553,2238,359,Search,2025-06-14
8554,39,81,Purchase,2025-06-04
8555,379,170,AddToCart,2025-12-17
8556,1511,346,Purchase,2025-05-02
8557,1976,367,Wishlist,2025-09-26
8558,2669,790,View,2026-05-01
8559,342,607,Purchase,2026-04-06
8560,463,103,Search,2026-04-14
8561,578,314,Purchase,2026-06-13
8562,1870,495,Wishlist,2025-02-18
8563,614,207,Search,2026-01-18
8564,2171,544,AddToCart,2025-07-07
8565,487,737,Search,2026-02-06
8566,2895,768,AddToCart,2026-02-19
8567,791,222,AddToCart,2025-12-12
8568,766,952,Purchase,2025-03-26
8569,557,9,AddToCart,2025-01-24
8570,993,658,Search,2026-05-05
8571,211,673,Search,2025-10-22
8572,1153,957,Wishlist,2025-02-24
8573,1535,544,View,2025-08-17
8574,1508,440,AddToCart,2025-04-08
8575,595,164,View,2026-04-26
8576,2197,439,View,2025-11-07
8577,1366,384,Purchase,2025-01-31
8578,2210,211,Wishlist,2026-05-08
8579,1146,879,AddToCart,2025-02-16
8580,1190,493,Wishlist,2025-01-05
8581,2469,795,Wishlist,2026-05-24
8582,661,439,Purchase,2025-08-10
8583,1126,33,View,2025-04-30
8584,2783,854,Search,2025-10-26
8585,1997,238,View,2025-07-11
8586,1465,404,Wishlist,2025-01-21
8587,2906,772,Wishlist,2025-08-31
8588,75,769,Search,2026-03-12
8589,2621,640,Purchase,2025-09-16
8590,738,4,Wishlist,2026-04-06
8591,2734,711,AddToCart,2025-04-09
8592,434,45,Purchase,2025-01-28
8593,1208,525,View,2025-11-16
8594,1967,398,Search,2025-08-20
8595,1814,762,AddToCart,2025-10-04
8596,104,572,Purchase,2025-04-19
8597,1811,56,View,2025-12-22
8598,2271,154,Purchase,2025-04-13
8599,380,718,AddToCart,2025-06-28
8600,167,249,Wishlist,2026-06-08
8601,2460,337,Purchase,2025-03-27
8602,382,197,View,2025-08-31
8603,2968,954,Wishlist,2026-04-26
8604,301,353,Wishlist,2025-04-29
8605,589,262,View,2025-11-24
8606,2473,416,AddToCart,2025-05-22
8607,1072,627,View,2025-12-13
8608,1518,582,Wishlist,2025-12-23
8609,610,469,Purchase,2025-04-26
8610,2763,815,Purchase,2025-01-29
8611,1130,872,AddToCart,2026-02-17
8612,527,77,Purchase,2025-05-08
8613,648,525,AddToCart,2025-07-09
8614,2815,853,Purchase,2025-11-05
8615,615,292,View,2026-05-04
8616,1712,933,AddToCart,2026-01-02
8617,1408,143,Wishlist,2025-11-13
8618,1665,238,AddToCart,2026-04-15
8619,548,659,Purchase,2026-05-05
8620,2385,767,AddToCart,2025-08-01
8621,2998,886,View,2025-07-10
8622,2733,333,Wishlist,2025-03-07
8623,421,606,Wishlist,2025-03-18
8624,2006,220,AddToCart,2025-01-30
8625,2786,861,Wishlist,2025-10-19
8626,1308,422,Wishlist,2025-05-11
8627,1687,691,View,2026-05-20
8628,191,372,Wishlist,2026-04-02
8629,2296,600,AddToCart,2026-06-18
8630,1708,585,Purchase,2025-06-26
8631,334,596,Wishlist,2025-04-21
8632,866,826,Purchase,2025-03-08
8633,2632,652,Wishlist,2026-03-17
8634,1212,587,Purchase,2025-10-30
8635,2357,314,Search,2025-06-07
8636,1267,89,Purchase,2025-03-17
8637,843,240,Purchase,2025-09-12
8638,1837,219,Wishlist,2026-03-22
8639,1169,939,View,2026-05-27
8640,1823,658,Purchase,2025-11-20
8641,2932,503,Search,2025-11-10
8642,1379,658,AddToCart,2025-01-03
8643,2331,959,Purchase,2025-11-30
8644,176,114,Wishlist,2025-07-10
8645,2503,208,AddToCart,2025-04-12
8646,94,533,View,2026-01-29
8647,2263,367,AddToCart,2025-10-20
8648,1786,200,Search,2025-07-20
8649,2288,896,Purchase,2026-01-11
8650,2686,576,AddToCart,2026-02-07
8651,1824,998,View,2025-06-04
8652,2980,874,Search,2025-04-04
8653,1465,620,AddToCart,2025-07-02
8654,637,25,View,2026-02-17
8655,2797,435,Purchase,2025-09-22
8656,1027,161,Wishlist,2025-10-22
8657,1173,769,AddToCart,2025-04-20
8658,2517,923,Purchase,2025-10-20
8659,2857,938,Purchase,2025-03-02
8660,2556,9,AddToCart,2026-06-24
8661,114,713,Wishlist,2025-04-13
8662,536,932,View,2025-08-18
8663,653,742,Search,2026-03-17
8664,689,169,AddToCart,2026-01-23
8665,1498,262,View,2025-06-26
8666,2460,675,Search,2025-07-10
8667,199,185,Search,2025-12-04
8668,1040,351,Purchase,2025-02-25
8669,1296,805,View,2025-06-19
8670,2618,949,Wishlist,2026-06-06
8671,2847,927,View,2026-01-19
8672,1583,462,Search,2026-02-20
8673,2188,834,AddToCart,2025-05-11
8674,2213,653,Search,2025-11-30
8675,1693,847,Search,2026-04-21
8676,1406,427,Wishlist,2025-08-10
8677,403,662,Wishlist,2025-10-19
8678,2850,206,View,2026-02-09
8679,2300,133,AddToCart,2025-02-21
8680,974,572,Wishlist,2025-04-30
8681,1639,316,Search,2025-01-22
8682,2726,805,AddToCart,2026-05-21
8683,493,968,View,2025-05-02
8684,257,854,AddToCart,2025-04-11
8685,1820,48,View,2025-08-07
8686,2916,232,Wishlist,2025-03-16
8687,752,26,Search,2025-04-07
8688,2285,926,Purchase,2025-09-28
8689,1539,155,Search,2026-01-27
8690,649,684,Purchase,2025-06-22
8691,634,386,AddToCart,2025-03-30
8692,619,677,AddToCart,2026-04-15
8693,2989,391,Purchase,2025-09-19
8694,938,441,AddToCart,2026-05-25
8695,2792,448,Wishlist,2025-11-21
8696,769,70,Search,2025-06-04
8697,952,357,Search,2026-04-07
8698,2935,730,Purchase,2025-10-16
8699,23,788,Search,2026-02-19
8700,2335,224,View,2025-01-05
8701,2322,438,AddToCart,2026-05-06
8702,1547,709,Search,2025-01-18
8703,1698,998,Search,2025-12-14
8704,1025,794,AddToCart,2026-02-04
8705,775,129,View,2025-07-06
8706,991,261,Purchase,2025-04-15
8707,694,893,AddToCart,2026-03-31
8708,2720,991,Search,2026-07-03
8709,2496,939,AddToCart,2026-04-01
8710,1352,774,AddToCart,2026-01-29
8711,2430,66,Wishlist,2025-05-22
8712,277,915,Search,2025-06-28
8713,1191,790,View,2025-12-10
8714,303,635,AddToCart,2025-02-20
8715,2575,694,View,2025-02-19
8716,693,293,Wishlist,2025-04-04
8717,1509,191,Wishlist,2026-04-17
8718,2924,234,Search,2025-06-18
8719,986,591,View,2026-06-04
8720,1356,310,Search,2025-08-17
8721,2329,99,View,2025-05-11
8722,2465,482,Purchase,2025-12-14
8723,380,565,AddToCart,2025-10-04
8724,267,665,AddToCart,2025-02-21
8725,1655,351,Wishlist,2025-08-09
8726,1924,665,Purchase,2025-02-14
8727,2252,321,Search,2025-04-03
8728,1016,115,Search,2026-04-12
8729,341,461,View,2025-03-08
8730,2967,437,Search,2026-06-17
8731,74,71,Purchase,2025-03-11
8732,375,259,AddToCart,2026-03-23
8733,2996,477,Purchase,2026-01-23
8734,2353,442,AddToCart,2025-08-24
8735,959,859,Search,2025-02-09
8736,1469,733,Wishlist,2025-01-16
8737,399,552,Purchase,2025-10-01
8738,1087,8,View,2025-06-27
8739,2127,553,Wishlist,2025-11-25
8740,622,31,AddToCart,2025-06-29
8741,1445,199,Search,2025-09-17
8742,501,901,Search,2026-07-04
8743,1161,770,View,2025-01-26
8744,1386,302,AddToCart,2026-01-22
8745,605,824,View,2026-01-04
8746,960,150,Purchase,2025-01-19
8747,688,148,Purchase,2025-01-30
8748,2928,821,Wishlist,2025-10-15
8749,1136,319,Search,2025-07-26
8750,82,862,View,2025-08-24
8751,2972,897,AddToCart,2025-09-12
8752,1019,314,View,2025-08-08
8753,821,34,Search,2025-02-03
8754,1540,499,Search,2026-05-13
8755,1830,580,Search,2025-02-03
8756,1930,98,Purchase,2026-02-28
8757,419,174,Search,2025-08-26
8758,1277,577,AddToCart,2025-11-27
8759,2022,676,Purchase,2026-02-13
8760,2,162,View,2026-06-11
8761,1315,992,Search,2025-11-29
8762,2766,162,View,2025-06-29
8763,1106,239,AddToCart,2025-04-26
8764,1775,211,AddToCart,2025-04-27
8765,1535,491,AddToCart,2026-06-13
8766,2511,677,Wishlist,2025-04-01
8767,2220,569,View,2025-02-28
8768,1574,530,Search,2025-01-03
8769,1772,635,Purchase,2025-05-15
8770,1233,215,Search,2025-08-31
8771,1722,513,Search,2025-07-26
8772,775,890,View,2026-06-24
8773,1430,765,View,2025-12-15
8774,2129,214,View,2025-07-20
8775,1824,74,Wishlist,2025-04-20
8776,2218,843,Search,2025-12-07
8777,982,438,View,2025-03-04
8778,204,433,View,2025-08-01
8779,1304,471,Wishlist,2025-11-03
8780,1837,807,Search,2026-02-20
8781,2701,469,AddToCart,2025-06-18
8782,2087,139,AddToCart,2025-07-11
8783,965,915,Search,2025-04-06
8784,795,803,AddToCart,2025-07-25
8785,295,505,Purchase,2026-03-28
8786,273,268,Wishlist,2025-12-24
8787,1001,204,View,2025-04-16
8788,2978,782,View,2025-03-13
8789,2013,778,Search,2025-08-02
8790,1323,155,Search,2025-11-26
8791,318,990,View,2025-07-30
8792,1989,186,AddToCart,2025-04-30
8793,1420,80,Wishlist,2025-04-23
8794,1166,979,View,2026-01-26
8795,2927,151,Purchase,2025-04-05
8796,163,371,Search,2026-07-01
8797,6,473,Purchase,2025-09-26
8798,1799,823,View,2026-05-16
8799,864,666,Purchase,2026-03-09
8800,2943,842,AddToCart,2026-02-08
8801,827,181,Search,2026-05-21
8802,379,470,Wishlist,2025-08-07
8803,1753,299,Wishlist,2026-04-09
8804,296,60,Wishlist,2025-01-03
8805,83,609,Wishlist,2025-06-21
8806,1889,925,AddToCart,2025-11-27
8807,1921,443,Search,2026-01-11
8808,445,760,Purchase,2025-08-09
8809,541,951,View,2025-01-02
8810,2220,877,AddToCart,2026-04-08
8811,224,729,AddToCart,2025-09-02
8812,2876,111,AddToCart,2025-03-08
8813,2318,7,Search,2025-10-26
8814,1037,135,View,2026-03-27
8815,460,372,View,2025-12-12
8816,232,801,View,2026-05-09
8817,1523,239,View,2026-02-26
8818,1482,869,Wishlist,2025-06-04
8819,548,401,Purchase,2025-06-09
8820,1445,156,Wishlist,2025-05-26
8821,2307,269,Search,2025-01-23
8822,1597,299,Wishlist,2026-02-01
8823,673,419,View,2026-01-31
8824,452,658,Purchase,2025-04-05
8825,2677,19,Wishlist,2025-07-18
8826,1592,789,Wishlist,2026-05-18
8827,2506,253,Wishlist,2025-08-20
8828,1338,208,Purchase,2026-02-28
8829,2778,777,Search,2025-12-08
8830,757,910,Search,2026-05-21
8831,1809,468,Search,2025-10-07
8832,913,787,Wishlist,2025-03-25
8833,405,292,View,2025-08-12
8834,988,357,AddToCart,2026-05-21
8835,659,24,Search,2025-04-29
8836,2646,685,AddToCart,2025-11-14
8837,2017,569,Purchase,2025-10-23
8838,865,373,Search,2025-11-16
8839,150,343,Wishlist,2025-10-31
8840,388,630,Search,2025-12-01
8841,2226,923,Search,2026-01-20
8842,1734,935,Search,2025-01-23
8843,2106,629,Search,2026-04-02
8844,1402,196,Search,2025-12-13
8845,1328,426,Search,2026-01-02
8846,2406,936,Purchase,2025-10-18
8847,2450,730,AddToCart,2025-12-08
8848,1365,992,Purchase,2026-05-23
8849,739,322,AddToCart,2025-08-16
8850,1516,776,View,2026-01-23
8851,675,975,Wishlist,2026-03-18
8852,1893,314,AddToCart,2025-01-17
8853,59,121,Search,2026-05-01
8854,2278,503,AddToCart,2025-03-02
8855,2048,450,Purchase,2026-01-27
8856,179,296,View,2026-06-08
8857,3000,646,Purchase,2026-04-25
8858,1977,639,Purchase,2025-09-23
8859,331,331,Search,2025-03-10
8860,1883,466,Search,2025-11-17
8861,727,73,AddToCart,2025-10-01
8862,995,345,AddToCart,2026-04-17
8863,1236,485,Search,2025-05-28
8864,1633,795,Wishlist,2025-02-06
8865,1480,291,View,2025-07-14
8866,992,67,View,2026-06-10
8867,2473,831,Search,2026-05-20
8868,483,693,Search,2025-08-18
8869,2323,74,Purchase,2026-04-16
8870,522,895,Wishlist,2025-04-11
8871,2302,647,Search,2026-04-22
8872,702,462,Wishlist,2025-07-20
8873,856,484,AddToCart,2026-03-10
8874,1107,900,Purchase,2025-09-08
8875,2415,601,AddToCart,2025-06-17
8876,2567,713,AddToCart,2025-06-11
8877,2560,578,View,2026-03-26
8878,1806,176,View,2025-02-21
8879,1585,439,Search,2026-02-27
8880,2133,290,View,2025-07-08
8881,1957,505,Purchase,2025-09-09
8882,199,440,Purchase,2025-07-02
8883,929,405,Search,2026-04-01
8884,334,180,Search,2025-03-27
8885,1022,421,View,2025-08-04
8886,1481,416,AddToCart,2025-05-04
8887,2904,733,View,2025-08-26
8888,187,977,Purchase,2026-02-09
8889,388,585,Wishlist,2025-10-02
8890,2299,989,View,2026-01-21
8891,1181,674,View,2026-04-30
8892,1198,547,Wishlist,2026-02-16
8893,2692,780,View,2026-02-27
8894,1824,802,View,2025-11-04
8895,239,148,Search,2026-06-03
8896,1337,774,Search,2025-03-13
8897,2366,379,Search,2026-06-02
8898,1316,861,Wishlist,2025-12-26
8899,1123,423,AddToCart,2025-04-16
8900,1796,712,View,2025-12-30
8901,1577,130,AddToCart,2026-03-21
8902,2550,940,Wishlist,2026-02-28
8903,1750,226,AddToCart,2025-04-25
8904,1930,640,Purchase,2025-03-20
8905,1386,841,View,2026-04-01
8906,2952,918,Wishlist,2025-01-07
8907,76,195,View,2026-04-20
8908,471,385,View,2026-03-10
8909,2708,9,View,2025-11-20
8910,1936,500,View,2026-02-07
8911,1450,167,AddToCart,2025-01-24
8912,2492,554,Wishlist,2025-11-09
8913,1744,270,AddToCart,2026-02-20
8914,568,882,Wishlist,2026-03-14
8915,1389,470,Purchase,2025-07-10
8916,1498,213,View,2025-04-20
8917,2000,784,AddToCart,2025-12-03
8918,1957,743,Purchase,2025-09-20
8919,776,975,View,2026-01-16
8920,2690,618,View,2025-01-10
8921,296,1,Search,2026-02-16
8922,2785,797,AddToCart,2026-02-08
8923,2400,104,Search,2026-04-25
8924,1848,477,Wishlist,2026-04-03
8925,960,942,Search,2025-11-05
8926,1146,43,Search,2026-06-04
8927,1718,304,View,2026-07-02
8928,1320,95,Wishlist,2025-04-18
8929,2352,244,Wishlist,2025-12-10
8930,1336,890,Wishlist,2026-03-11
8931,1465,618,AddToCart,2026-04-16
8932,2543,477,AddToCart,2026-05-25
8933,938,783,Wishlist,2026-05-07
8934,2771,418,Purchase,2026-02-04
8935,1724,395,AddToCart,2025-02-20
8936,2215,665,Purchase,2026-01-12
8937,1721,447,View,2025-11-23
8938,2471,85,View,2026-04-23
8939,1425,317,Wishlist,2025-01-26
8940,1008,851,Wishlist,2026-01-04
8941,2923,404,Search,2026-04-02
8942,1619,471,Search,2025-07-12
8943,512,746,Purchase,2025-05-21
8944,152,179,Purchase,2026-04-13
8945,2767,858,Purchase,2025-06-08
8946,95,903,Wishlist,2026-04-12
8947,534,724,Wishlist,2025-07-23
8948,315,699,Wishlist,2025-12-13
8949,2988,351,Search,2026-03-22
8950,2058,853,AddToCart,2025-12-26
8951,479,329,Purchase,2026-05-21
8952,173,762,View,2025-06-23
8953,2905,351,Wishlist,2026-01-24
8954,1780,358,Purchase,2025-01-26
8955,1283,925,Wishlist,2025-05-27
8956,582,519,AddToCart,2025-08-27
8957,1843,79,Purchase,2026-03-23
8958,36,799,View,2026-06-21
8959,395,79,AddToCart,2025-09-29
8960,2145,215,Purchase,2026-02-09
8961,1017,752,View,2025-02-20
8962,1189,135,Wishlist,2025-01-21
8963,1646,289,Wishlist,2025-05-30
8964,1448,568,AddToCart,2025-11-01
8965,905,236,View,2026-06-21
8966,2073,328,AddToCart,2025-07-29
8967,1748,1,Wishlist,2025-12-08
8968,1216,861,View,2026-06-26
8969,2616,17,View,2025-01-08
8970,2386,278,View,2025-06-27
8971,2168,635,AddToCart,2026-06-16
8972,658,554,AddToCart,2026-02-05
8973,2613,210,AddToCart,2026-02-10
8974,1004,778,Purchase,2025-09-06
8975,797,698,Wishlist,2025-03-06
8976,2599,223,Purchase,2026-01-18
8977,1202,577,AddToCart,2025-04-01
8978,1991,1,Wishlist,2025-03-11
8979,2771,80,Wishlist,2025-04-17
8980,2680,676,View,2025-08-17
8981,2921,772,Wishlist,2026-01-20
8982,2744,639,AddToCart,2025-02-14
8983,2146,448,Search,2026-04-06
8984,1853,533,AddToCart,2025-06-17
8985,447,688,View,2025-02-06
8986,715,742,AddToCart,2025-08-23
8987,997,757,View,2025-11-14
8988,2260,465,Wishlist,2025-06-09
8989,1514,668,AddToCart,2026-02-16
8990,1136,116,Wishlist,2025-10-04
8991,44,709,Search,2025-05-10
8992,2623,202,View,2026-05-11
8993,2314,917,Search,2025-04-29
8994,2165,353,Wishlist,2025-01-12
8995,818,17,View,2025-03-08
8996,2830,165,View,2025-04-26
8997,573,522,Wishlist,2025-12-14
8998,432,135,AddToCart,2025-08-27
8999,2173,481,Search,2025-11-21
9000,782,425,Wishlist,2026-03-06
9001,52,152,Wishlist,2026-03-30
9002,512,710,Search,2025-05-05
9003,1453,462,Wishlist,2025-05-09
9004,2072,754,AddToCart,2026-06-08
9005,2130,623,View,2026-02-20
9006,522,151,Purchase,2025-08-28
9007,327,374,Wishlist,2026-06-04
9008,1306,357,Purchase,2026-04-24
9009,439,516,Wishlist,2025-12-26
9010,475,87,AddToCart,2026-01-30
9011,2957,787,Wishlist,2025-08-16
9012,590,903,Purchase,2025-03-23
9013,1716,965,Purchase,2025-05-22
9014,666,438,Search,2025-12-23
9015,2798,910,Wishlist,2026-05-13
9016,2345,763,Purchase,2026-05-08
9017,2132,493,View,2025-08-19
9018,2315,275,Wishlist,2026-03-17
9019,2990,626,View,2025-09-09
9020,532,531,AddToCart,2026-03-24
9021,1401,496,View,2025-11-25
9022,2880,521,Wishlist,2026-04-10
9023,1338,902,Search,2025-01-27
9024,871,491,Search,2025-03-11
9025,2165,510,View,2026-06-02
9026,701,184,View,2026-05-03
9027,2769,661,Purchase,2026-04-17
9028,196,407,Search,2025-02-28
9029,2891,14,Wishlist,2026-05-19
9030,1768,431,Purchase,2026-01-08
9031,559,445,Purchase,2026-04-29
9032,2636,527,Purchase,2025-04-30
9033,1506,515,Wishlist,2025-05-13
9034,2797,466,Purchase,2026-02-02
9035,2654,644,Purchase,2025-06-30
9036,1668,30,AddToCart,2025-09-06
9037,1090,290,AddToCart,2026-05-21
9038,1602,311,Wishlist,2025-10-16
9039,1707,189,View,2026-03-13
9040,2373,382,Purchase,2025-01-29
9041,1921,267,Purchase,2025-12-16
9042,1413,949,Search,2025-10-11
9043,292,940,AddToCart,2025-07-01
9044,2326,852,AddToCart,2025-06-14
9045,1908,640,AddToCart,2025-09-02
9046,60,716,View,2026-03-08
9047,1093,758,Search,2025-03-16
9048,840,214,AddToCart,2025-07-17
9049,780,173,Wishlist,2025-02-17
9050,891,465,Purchase,2025-12-12
9051,1992,662,Search,2026-03-22
9052,2489,598,View,2026-04-01
9053,607,22,View,2025-06-02
9054,2698,436,Wishlist,2025-02-20
9055,651,337,View,2025-12-30
9056,1855,526,View,2025-09-26
9057,2936,797,View,2026-06-01
9058,2599,699,View,2026-06-06
9059,1951,866,View,2026-02-02
9060,140,259,View,2025-09-17
9061,540,55,Search,2025-05-03
9062,1863,542,View,2025-07-23
9063,2616,239,Purchase,2025-09-30
9064,636,654,Search,2025-05-29
9065,862,746,Search,2026-01-20
9066,2605,161,AddToCart,2025-01-31
9067,379,471,Search,2025-07-11
9068,107,10,AddToCart,2025-10-24
9069,1227,473,View,2025-05-15
9070,1732,102,Wishlist,2025-12-13
9071,1287,400,AddToCart,2025-07-18
9072,1638,29,Search,2025-02-12
9073,373,30,AddToCart,2025-04-15
9074,2963,211,View,2025-06-05
9075,504,387,View,2025-03-08
9076,13,379,View,2025-09-06
9077,1043,720,Search,2026-01-27
9078,1780,549,AddToCart,2025-06-24
9079,2488,944,Purchase,2026-03-27
9080,2290,47,AddToCart,2025-07-27
9081,1002,913,Wishlist,2026-01-14
9082,1693,559,Wishlist,2026-05-07
9083,1731,832,AddToCart,2025-05-17
9084,1723,58,AddToCart,2025-08-26
9085,2904,268,Search,2025-12-05
9086,1066,934,Search,2026-06-11
9087,2860,509,Wishlist,2025-11-09
9088,2048,775,Search,2026-01-29
9089,2982,805,Wishlist,2026-06-27
9090,1228,168,Wishlist,2025-06-08
9091,2198,526,AddToCart,2026-05-03
9092,1022,966,AddToCart,2025-02-13
9093,2050,175,Search,2025-12-10
9094,2097,634,Wishlist,2025-07-27
9095,52,521,View,2026-05-04
9096,163,878,Purchase,2025-08-12
9097,1451,794,AddToCart,2026-03-10
9098,2101,974,AddToCart,2026-04-23
9099,2736,490,Search,2025-03-22
9100,2908,77,View,2026-01-28
9101,1905,717,AddToCart,2025-01-31
9102,1240,373,View,2025-06-03
9103,2494,352,View,2025-02-21
9104,2258,891,Search,2026-04-13
9105,2599,503,Search,2026-01-21
9106,1838,5,AddToCart,2025-05-24
9107,2251,662,Wishlist,2025-03-17
9108,605,814,View,2025-07-24
9109,1565,531,View,2025-04-16
9110,50,359,View,2026-01-30
9111,1726,483,Search,2026-05-21
9112,1859,208,Purchase,2026-02-25
9113,722,898,Search,2026-06-17
9114,185,727,View,2025-04-23
9115,1754,312,Search,2026-01-05
9116,183,466,Search,2026-06-11
9117,1575,609,View,2025-06-11
9118,1852,625,AddToCart,2025-12-28
9119,2521,756,Wishlist,2026-01-25
9120,2956,578,Search,2025-08-30
9121,813,359,Wishlist,2025-03-17
9122,802,229,View,2025-01-27
9123,190,104,Search,2025-02-17
9124,2547,590,AddToCart,2026-03-12
9125,2974,398,View,2025-10-06
9126,2203,484,AddToCart,2025-06-12
9127,2160,2,Wishlist,2026-05-13
9128,2044,521,Wishlist,2025-04-04
9129,406,503,Purchase,2026-02-06
9130,840,661,Search,2025-01-13
9131,376,962,View,2026-05-07
9132,1548,768,View,2025-08-02
9133,2266,855,Search,2025-02-08
9134,2976,418,View,2026-05-05
9135,2608,528,Purchase,2025-01-10
9136,2391,821,Search,2025-05-21
9137,546,81,AddToCart,2025-01-23
9138,1476,724,Purchase,2025-09-24
9139,1219,199,Purchase,2026-02-01
9140,877,916,View,2025-01-06
9141,2488,929,Purchase,2025-02-18
9142,2651,940,View,2026-05-17
9143,978,245,View,2025-03-17
9144,2743,643,Wishlist,2025-01-15
9145,2798,957,Purchase,2026-01-15
9146,625,253,Wishlist,2026-05-14
9147,1105,468,Wishlist,2026-07-05
9148,2923,789,Search,2025-10-26
9149,2433,184,Purchase,2025-02-07
9150,1542,630,Wishlist,2026-02-12
9151,156,468,View,2026-03-09
9152,1976,922,AddToCart,2026-05-25
9153,469,745,Search,2026-01-11
9154,580,820,AddToCart,2025-06-29
9155,1974,991,AddToCart,2026-04-02
9156,2993,278,AddToCart,2025-11-01
9157,2353,475,Purchase,2026-06-02
9158,1014,236,AddToCart,2026-03-08
9159,2627,182,View,2025-09-02
9160,784,818,View,2026-06-19
9161,142,727,View,2025-09-16
9162,2273,552,AddToCart,2026-03-14
9163,2663,61,Purchase,2026-05-31
9164,415,147,Search,2025-12-22
9165,2090,398,Search,2025-01-10
9166,2130,311,Search,2025-08-17
9167,76,824,Wishlist,2026-04-13
9168,926,118,Search,2025-07-10
9169,1513,752,AddToCart,2026-01-30
9170,382,235,Wishlist,2025-01-10
9171,188,198,Purchase,2026-03-19
9172,9,880,Search,2025-04-07
9173,2645,498,Search,2026-02-02
9174,523,203,Wishlist,2025-12-17
9175,2626,744,Wishlist,2025-12-04
9176,2092,243,Search,2025-08-28
9177,120,651,Search,2025-08-30
9178,289,108,View,2026-01-28
9179,185,403,Wishlist,2025-11-07
9180,433,178,Wishlist,2026-02-20
9181,2263,555,Purchase,2025-09-16
9182,952,187,View,2025-07-28
9183,2519,491,Purchase,2025-01-31
9184,805,166,Search,2025-06-19
9185,1965,933,View,2026-02-22
9186,1709,401,AddToCart,2025-09-10
9187,1577,23,Wishlist,2026-05-23
9188,1647,233,View,2025-06-04
9189,492,600,Wishlist,2025-01-27
9190,1947,803,Search,2025-04-24
9191,1739,717,AddToCart,2025-11-25
9192,1099,853,Search,2025-09-30
9193,186,334,AddToCart,2025-05-12
9194,165,599,Search,2026-03-24
9195,2417,678,AddToCart,2026-05-02
9196,1905,467,Wishlist,2026-06-13
9197,1769,768,View,2025-01-30
9198,1750,160,Wishlist,2026-06-21
9199,1524,515,Wishlist,2025-08-08
9200,208,321,View,2025-01-21
9201,2155,712,Wishlist,2026-03-31
9202,2550,881,Purchase,2026-06-16
9203,657,248,AddToCart,2026-04-08
9204,109,667,AddToCart,2025-10-20
9205,1471,671,View,2025-05-18
9206,2669,452,Wishlist,2026-04-17
9207,945,956,AddToCart,2026-02-02
9208,2847,98,Search,2026-07-02
9209,1565,217,Purchase,2025-08-12
9210,744,663,Search,2025-01-26
9211,2326,342,View,2026-01-20
9212,1353,920,View,2025-03-05
9213,1293,589,Wishlist,2026-02-27
9214,175,576,Purchase,2025-06-17
9215,2892,774,View,2026-02-27
9216,1937,570,Wishlist,2025-10-25
9217,2758,985,AddToCart,2025-06-08
9218,39,6,Purchase,2025-04-01
9219,66,467,Purchase,2026-01-06
9220,429,732,Search,2026-02-03
9221,377,453,Purchase,2026-02-14
9222,1567,433,Purchase,2026-07-04
9223,2597,808,Purchase,2026-05-02
9224,1522,926,Wishlist,2025-01-09
9225,306,896,Wishlist,2025-08-15
9226,2730,464,Wishlist,2026-02-13
9227,1125,739,View,2025-10-19
9228,854,502,AddToCart,2025-06-26
9229,509,481,View,2025-10-04
9230,2234,738,Wishlist,2025-05-24
9231,94,208,Search,2025-05-21
9232,257,165,Wishlist,2025-03-01
9233,1700,710,Search,2025-11-01
9234,1072,870,Search,2026-02-09
9235,465,905,AddToCart,2026-06-12
9236,939,350,AddToCart,2025-05-06
9237,2130,174,Wishlist,2026-03-02
9238,2871,269,AddToCart,2025-01-06
9239,2307,214,Purchase,2026-05-11
9240,713,7,AddToCart,2025-01-17
9241,1308,624,AddToCart,2026-03-12
9242,1248,22,AddToCart,2025-06-19
9243,1273,81,View,2025-04-12
9244,1273,283,Wishlist,2025-06-05
9245,1009,788,Wishlist,2026-06-24
9246,105,991,AddToCart,2025-04-17
9247,2474,555,Search,2025-03-21
9248,324,704,View,2025-10-23
9249,1526,181,Purchase,2025-02-01
9250,2802,956,AddToCart,2025-09-28
9251,323,408,Search,2025-10-15
9252,826,923,Wishlist,2026-06-22
9253,2469,352,Wishlist,2025-05-18
9254,2300,544,AddToCart,2026-05-08
9255,268,646,Search,2025-06-04
9256,235,488,Purchase,2025-12-31
9257,2582,610,View,2025-07-13
9258,366,447,View,2025-01-05
9259,638,987,AddToCart,2025-07-21
9260,2338,772,Search,2025-04-09
9261,2491,86,Wishlist,2025-09-16
9262,80,523,Search,2026-06-10
9263,1460,310,Wishlist,2025-09-04
9264,534,812,View,2025-10-23
9265,1109,555,View,2025-06-06
9266,1232,358,Wishlist,2026-03-27
9267,1559,736,AddToCart,2025-04-24
9268,2739,685,View,2025-07-12
9269,2045,161,View,2025-12-10
9270,844,194,AddToCart,2025-06-24
9271,1954,840,Purchase,2025-02-05
9272,482,571,Wishlist,2025-10-27
9273,2875,238,Wishlist,2025-01-24
9274,1063,248,View,2025-04-23
9275,344,398,AddToCart,2026-01-20
9276,19,866,View,2025-01-23
9277,824,74,Wishlist,2025-11-11
9278,1106,819,Search,2026-02-06
9279,2193,741,Purchase,2026-02-06
9280,346,153,View,2025-09-12
9281,1979,958,Wishlist,2025-04-30
9282,2180,225,AddToCart,2025-10-24
9283,313,326,Purchase,2025-09-24
9284,2752,767,Purchase,2026-06-06
9285,357,250,AddToCart,2026-01-15
9286,1207,272,AddToCart,2026-01-02
9287,584,36,View,2025-12-13
9288,1648,729,Wishlist,2026-06-11
9289,493,875,Purchase,2025-06-02
9290,1056,899,AddToCart,2026-03-30
9291,431,87,Purchase,2026-01-06
9292,2891,601,AddToCart,2025-08-17
9293,107,553,Search,2026-06-12
9294,770,428,Search,2025-02-26
9295,2101,101,Purchase,2026-07-04
9296,1905,169,AddToCart,2026-03-21
9297,2789,327,Wishlist,2026-06-26
9298,209,502,Search,2025-02-08
9299,215,812,Purchase,2025-09-08
9300,2533,18,View,2026-03-05
9301,1301,292,Wishlist,2026-07-03
9302,1951,379,Wishlist,2025-12-30
9303,2652,527,AddToCart,2025-06-25
9304,1781,307,Search,2025-03-10
9305,2882,259,Purchase,2026-03-28
9306,316,21,Search,2025-05-20
9307,1465,278,Search,2025-10-04
9308,2213,422,Search,2025-03-03
9309,2840,901,Wishlist,2025-01-21
9310,1764,338,View,2026-01-10
9311,454,964,View,2025-02-21
9312,983,952,AddToCart,2025-10-15
9313,1070,428,AddToCart,2025-10-16
9314,2861,878,View,2025-01-20
9315,388,844,AddToCart,2025-09-09
9316,679,672,Purchase,2025-11-22
9317,523,270,AddToCart,2025-05-04
9318,892,558,AddToCart,2026-03-01
9319,2822,107,View,2026-03-03
9320,213,318,Search,2025-04-08
9321,420,11,View,2025-09-20
9322,2761,265,Wishlist,2025-01-26
9323,1050,221,AddToCart,2025-08-08
9324,2952,237,Purchase,2026-03-18
9325,914,515,View,2025-07-28
9326,534,974,AddToCart,2025-09-13
9327,1692,18,Search,2025-12-09
9328,2431,101,Purchase,2025-09-16
9329,1888,173,View,2025-08-01
9330,1991,381,View,2025-11-05
9331,951,877,Wishlist,2025-06-15
9332,1021,49,Purchase,2026-03-26
9333,333,760,Purchase,2025-06-05
9334,948,1,View,2025-06-09
9335,2637,856,Search,2025-01-18
9336,1740,935,Search,2025-08-03
9337,2138,59,Wishlist,2025-02-18
9338,2366,832,Wishlist,2026-06-24
9339,342,798,Purchase,2026-05-30
9340,2282,161,View,2025-09-07
9341,599,456,Wishlist,2025-09-05
9342,1236,179,Wishlist,2025-06-10
9343,1037,681,Search,2026-02-17
9344,875,380,AddToCart,2025-11-22
9345,66,235,Wishlist,2025-07-27
9346,1897,618,Wishlist,2025-04-27
9347,1711,375,View,2025-06-04
9348,2302,89,Wishlist,2025-07-22
9349,1876,821,View,2025-05-08
9350,551,7,View,2025-12-04
9351,2501,217,View,2025-10-05
9352,583,999,Wishlist,2025-04-06
9353,645,766,View,2025-06-15
9354,1220,856,AddToCart,2025-10-06
9355,2046,610,Purchase,2026-06-27
9356,1752,58,Wishlist,2026-06-24
9357,1680,895,Purchase,2026-04-18
9358,1478,576,View,2025-04-08
9359,2091,719,Purchase,2026-01-24
9360,1584,823,Purchase,2026-07-04
9361,211,292,View,2025-06-15
9362,1882,923,Search,2025-07-12
9363,1204,921,Search,2025-04-30
9364,2660,184,Purchase,2025-08-23
9365,1232,200,Purchase,2025-11-10
9366,203,872,Search,2025-06-05
9367,2897,102,Purchase,2026-01-21
9368,2965,540,View,2025-04-22
9369,2191,146,Wishlist,2025-07-13
9370,1523,832,Wishlist,2026-04-17
9371,1533,143,Purchase,2025-05-09
9372,2118,463,View,2025-04-25
9373,2216,814,Search,2025-06-05
9374,1879,906,View,2026-04-11
9375,1964,718,Purchase,2025-05-07
9376,2538,927,AddToCart,2025-03-05
9377,1361,959,Wishlist,2025-01-18
9378,1360,94,Search,2026-05-07
9379,1802,579,Wishlist,2025-01-12
9380,1320,389,AddToCart,2025-09-27
9381,2956,567,Wishlist,2025-01-23
9382,537,320,View,2026-05-26
9383,2208,232,View,2025-02-22
9384,1161,722,AddToCart,2025-01-22
9385,2864,166,Purchase,2025-03-09
9386,595,133,View,2025-08-09
9387,2942,260,View,2026-05-06
9388,883,292,Wishlist,2025-07-04
9389,661,186,Purchase,2025-04-22
9390,2665,580,Search,2026-06-21
9391,2582,328,Purchase,2025-10-27
9392,735,38,Wishlist,2026-03-03
9393,2290,775,Search,2025-06-26
9394,1273,761,View,2026-01-14
9395,251,356,View,2025-06-24
9396,2792,697,AddToCart,2025-06-03
9397,1368,917,View,2025-10-06
9398,364,758,AddToCart,2026-01-23
9399,160,195,Wishlist,2025-08-10
9400,739,471,Wishlist,2025-09-03
9401,2834,632,Wishlist,2025-03-04
9402,1488,148,Purchase,2025-06-01
9403,2231,131,Wishlist,2026-05-30
9404,1529,256,View,2026-05-26
9405,1620,309,View,2025-01-09
9406,471,687,Wishlist,2025-06-26
9407,591,572,AddToCart,2025-04-01
9408,199,675,AddToCart,2026-03-20
9409,747,823,Search,2025-06-17
9410,485,373,Purchase,2025-01-17
9411,1522,449,Wishlist,2026-07-01
9412,2468,98,Wishlist,2025-08-02
9413,647,304,Search,2025-12-03
9414,213,746,View,2025-09-04
9415,2042,967,Wishlist,2025-05-12
9416,256,6,Search,2025-04-28
9417,1156,876,Search,2026-04-25
9418,207,241,View,2025-03-09
9419,1002,40,Search,2025-08-15
9420,2479,908,Wishlist,2025-01-04
9421,1982,400,View,2025-03-25
9422,564,80,Purchase,2025-09-15
9423,119,566,Wishlist,2026-02-13
9424,867,683,Search,2025-04-19
9425,1938,319,Search,2026-04-27
9426,82,472,Wishlist,2025-09-22
9427,2926,262,Wishlist,2025-09-04
9428,62,527,Wishlist,2025-05-13
9429,2679,403,View,2026-03-20
9430,1815,172,Search,2026-03-31
9431,578,835,Wishlist,2025-11-19
9432,1192,861,Wishlist,2025-02-25
9433,1134,838,Wishlist,2026-02-24
9434,1372,782,Purchase,2025-01-10
9435,2246,882,Search,2025-01-01
9436,2883,303,AddToCart,2025-10-01
9437,1399,898,View,2025-02-27
9438,1650,458,View,2025-09-20
9439,2646,789,View,2026-01-27
9440,2417,410,AddToCart,2025-11-25
9441,395,281,AddToCart,2025-12-31
9442,2626,310,Wishlist,2025-08-12
9443,1584,568,AddToCart,2025-09-07
9444,1688,675,AddToCart,2025-10-30
9445,1585,426,View,2025-06-17
9446,254,535,Search,2026-02-23
9447,2727,706,Search,2025-01-11
9448,1998,523,AddToCart,2025-01-03
9449,287,712,View,2025-12-06
9450,407,912,View,2025-08-11
9451,2832,830,AddToCart,2025-09-12
9452,735,373,AddToCart,2025-01-18
9453,1344,370,AddToCart,2025-04-20
9454,171,575,Purchase,2025-11-11
9455,1804,475,Search,2025-11-07
9456,2537,50,View,2025-12-10
9457,1353,431,View,2025-10-14
9458,1995,490,Search,2026-05-13
9459,1797,600,Search,2025-01-28
9460,1364,358,Search,2025-12-01
9461,33,274,AddToCart,2026-06-02
9462,1432,582,View,2025-02-08
9463,2169,926,AddToCart,2025-02-04
9464,1625,62,Wishlist,2025-12-18
9465,449,149,View,2026-05-15
9466,573,801,AddToCart,2025-12-14
9467,667,747,Wishlist,2025-09-19
9468,2241,65,AddToCart,2025-10-09
9469,1343,233,AddToCart,2026-04-15
9470,604,635,View,2026-04-24
9471,2837,946,Search,2025-10-01
9472,2160,6,Purchase,2026-04-01
9473,198,424,Purchase,2026-06-27
9474,1973,215,AddToCart,2025-02-24
9475,635,873,AddToCart,2025-02-19
9476,684,940,Purchase,2025-05-09
9477,2093,164,Purchase,2026-03-17
9478,1567,426,View,2025-06-28
9479,2583,120,AddToCart,2025-05-26
9480,408,982,Wishlist,2026-06-02
9481,1144,252,View,2025-11-07
9482,2590,994,Search,2025-07-23
9483,1266,639,Search,2026-01-12
9484,2136,531,View,2026-01-09
9485,2170,730,Search,2025-03-15
9486,2314,173,View,2025-04-05
9487,1780,522,View,2025-03-26
9488,2919,796,Search,2026-04-08
9489,168,259,Purchase,2025-12-30
9490,829,692,AddToCart,2026-01-25
9491,2923,216,View,2026-06-07
9492,1022,625,Purchase,2025-11-17
9493,1186,190,Purchase,2026-03-22
9494,797,837,AddToCart,2025-11-27
9495,317,350,Wishlist,2025-07-19
9496,1272,897,View,2025-10-08
9497,1339,334,Wishlist,2025-02-08
9498,731,301,Search,2025-09-17
9499,1223,180,AddToCart,2025-07-27
9500,2743,337,AddToCart,2025-10-18
9501,2537,647,AddToCart,2025-05-30
9502,439,141,Wishlist,2026-05-16
9503,1311,559,Search,2025-03-26
9504,1596,786,Purchase,2025-10-07
9505,1171,279,AddToCart,2025-03-04
9506,522,486,Search,2025-08-15
9507,620,611,View,2025-02-01
9508,1548,538,Purchase,2025-11-01
9509,891,20,View,2025-07-12
9510,1350,743,Search,2025-08-01
9511,1519,18,Purchase,2026-04-05
9512,331,960,View,2025-05-20
9513,2655,270,Search,2025-12-29
9514,230,553,Search,2025-10-30
9515,1404,963,Wishlist,2026-03-14
9516,257,954,View,2026-01-22
9517,479,255,Search,2025-02-13
9518,133,897,Search,2025-02-05
9519,1543,616,AddToCart,2026-02-01
9520,1818,755,Search,2025-06-26
9521,1074,62,View,2026-02-20
9522,2095,494,Wishlist,2025-08-18
9523,2380,52,Purchase,2026-03-19
9524,1553,107,AddToCart,2025-02-21
9525,2887,904,Wishlist,2025-10-04
9526,2792,221,Purchase,2026-06-04
9527,2609,392,AddToCart,2026-03-22
9528,1028,554,Purchase,2025-09-18
9529,2536,97,Search,2026-04-20
9530,1607,250,Search,2025-10-11
9531,2762,510,View,2025-08-07
9532,2898,5,AddToCart,2025-09-18
9533,2817,85,Search,2025-11-23
9534,2982,875,Search,2025-10-19
9535,386,692,Search,2026-04-25
9536,2436,750,AddToCart,2025-05-07
9537,1450,32,Wishlist,2025-06-18
9538,277,5,Purchase,2025-04-07
9539,505,977,AddToCart,2025-01-30
9540,447,539,Wishlist,2025-05-24
9541,1921,51,View,2025-04-26
9542,2942,179,View,2025-06-13
9543,1352,201,Search,2025-02-07
9544,613,396,Search,2026-03-15
9545,1587,835,Search,2026-06-21
9546,1521,162,AddToCart,2025-07-12
9547,52,375,Purchase,2026-04-18
9548,545,310,View,2025-04-01
9549,915,843,AddToCart,2025-11-29
9550,2700,877,Wishlist,2025-04-20
9551,1453,830,Purchase,2025-06-30
9552,1988,165,View,2026-03-16
9553,1959,238,AddToCart,2025-05-13
9554,1900,146,Wishlist,2025-01-17
9555,208,561,AddToCart,2025-02-13
9556,1657,266,Wishlist,2025-03-23
9557,2854,82,View,2025-08-18
9558,1247,489,Purchase,2025-10-16
9559,2432,290,AddToCart,2026-03-19
9560,560,380,Purchase,2026-05-26
9561,507,419,Wishlist,2025-03-09
9562,1455,430,Purchase,2025-09-20
9563,227,894,View,2026-01-31
9564,2765,994,AddToCart,2026-06-02
9565,1335,873,AddToCart,2026-03-12
9566,2766,946,Purchase,2025-04-20
9567,2086,242,Purchase,2025-05-03
9568,1322,469,Purchase,2025-01-17
9569,1138,502,Wishlist,2026-05-09
9570,700,535,View,2025-05-27
9571,1983,471,View,2025-10-08
9572,1359,667,AddToCart,2026-02-04
9573,1368,5,Purchase,2026-03-11
9574,438,748,Wishlist,2025-06-18
9575,2043,211,AddToCart,2026-05-30
9576,1413,205,View,2025-05-27
9577,2917,377,Purchase,2026-05-03
9578,2374,545,Search,2025-10-27
9579,2704,983,AddToCart,2025-03-03
9580,2104,237,View,2025-08-02
9581,2632,822,Search,2025-05-23
9582,745,624,Wishlist,2025-01-19
9583,2030,52,Search,2025-02-10
9584,2379,717,View,2025-07-29
9585,1841,830,Wishlist,2025-12-29
9586,2326,445,Purchase,2025-12-28
9587,2960,718,Wishlist,2025-04-22
9588,21,638,AddToCart,2025-06-29
9589,2519,479,View,2025-02-28
9590,1882,4,Purchase,2025-10-23
9591,951,294,Purchase,2025-09-29
9592,1628,883,Search,2025-04-21
9593,1268,373,Wishlist,2025-03-26
9594,1849,505,AddToCart,2025-12-10
9595,2511,120,Purchase,2025-06-15
9596,1220,103,View,2026-03-09
9597,2498,926,Purchase,2025-02-13
9598,1759,516,View,2026-03-14
9599,1679,439,AddToCart,2026-01-11
9600,2784,751,Purchase,2026-05-17
9601,1600,420,Purchase,2026-01-29
9602,205,915,Search,2025-08-22
9603,738,337,View,2026-03-19
9604,1584,829,Search,2026-01-26
9605,737,903,Purchase,2025-08-22
9606,382,265,Wishlist,2025-10-08
9607,2021,645,View,2025-06-08
9608,2557,301,Search,2026-01-22
9609,2919,710,AddToCart,2025-10-20
9610,1283,680,Wishlist,2025-04-19
9611,566,274,AddToCart,2026-04-21
9612,868,447,View,2025-09-13
9613,815,783,Wishlist,2026-06-12
9614,1776,595,Wishlist,2025-05-30
9615,1978,421,Search,2025-02-22
9616,1962,755,Search,2026-04-06
9617,1009,773,Purchase,2026-02-07
9618,1242,209,Purchase,2025-07-18
9619,551,948,Purchase,2026-06-27
9620,1566,651,View,2026-06-12
9621,258,693,View,2026-04-16
9622,711,814,Purchase,2026-04-05
9623,1476,79,View,2026-01-16
9624,1054,230,Search,2025-01-06
9625,78,73,Wishlist,2025-05-25
9626,1840,545,Wishlist,2025-02-03
9627,1578,363,Wishlist,2025-01-21
9628,2017,197,Search,2025-05-19
9629,1091,116,Search,2025-04-04
9630,1651,715,Search,2025-01-18
9631,2113,851,Search,2026-06-02
9632,514,655,Purchase,2025-08-22
9633,1385,524,Purchase,2025-04-08
9634,736,949,Purchase,2026-01-31
9635,2881,475,AddToCart,2025-06-07
9636,1554,855,Purchase,2025-03-19
9637,1719,426,Purchase,2025-05-30
9638,875,663,View,2025-01-20
9639,1529,596,View,2025-04-26
9640,2139,723,Purchase,2025-08-23
9641,598,679,Search,2025-07-20
9642,1141,339,Wishlist,2025-06-02
9643,2841,497,Purchase,2026-05-27
9644,931,206,View,2025-09-16
9645,1915,813,Wishlist,2026-06-19
9646,2917,676,Wishlist,2025-04-01
9647,567,783,AddToCart,2025-01-25
9648,1626,552,Search,2026-01-09
9649,2471,891,View,2025-10-31
9650,1565,760,View,2025-01-18
9651,1720,62,Wishlist,2026-03-23
9652,2325,907,Search,2026-02-04
9653,1957,476,Search,2025-06-21
9654,1074,714,Search,2025-05-12
9655,750,600,Purchase,2026-05-08
9656,1650,849,Search,2025-01-23
9657,2991,302,AddToCart,2025-05-15
9658,489,169,Wishlist,2025-01-07
9659,2922,807,View,2025-05-11
9660,2313,582,Purchase,2025-06-21
9661,2783,356,Wishlist,2025-06-13
9662,2609,90,AddToCart,2025-09-10
9663,1317,576,Wishlist,2025-08-13
9664,2248,507,Wishlist,2026-02-05
9665,1840,409,Wishlist,2026-02-11
9666,2047,136,Purchase,2026-01-24
9667,72,261,AddToCart,2026-03-16
9668,2390,847,View,2026-07-05
9669,2394,513,Search,2025-04-12
9670,1661,969,AddToCart,2026-01-09
9671,2530,707,View,2025-02-02
9672,2498,649,Purchase,2026-04-24
9673,533,774,Search,2025-08-20
9674,1577,466,Search,2026-01-09
9675,2482,298,AddToCart,2026-02-17
9676,1520,533,Purchase,2026-02-15
9677,335,553,Search,2025-04-11
9678,2120,81,Purchase,2025-11-23
9679,2797,838,Search,2025-02-02
9680,2508,462,Wishlist,2026-03-06
9681,891,810,Search,2025-11-24
9682,2115,253,Wishlist,2025-07-18
9683,2648,133,View,2025-11-29
9684,679,850,Purchase,2026-05-29
9685,984,540,Search,2025-10-22
9686,179,327,Search,2025-06-10
9687,2050,216,Wishlist,2025-04-12
9688,558,880,Wishlist,2025-12-28
9689,2424,391,Wishlist,2026-01-14
9690,1274,675,Search,2026-04-14
9691,825,554,Search,2026-05-20
9692,1758,396,Search,2026-04-30
9693,1758,901,Search,2026-04-04
9694,2636,469,View,2025-01-17
9695,1615,177,AddToCart,2026-03-24
9696,968,869,View,2025-06-01
9697,509,454,AddToCart,2025-05-12
9698,2319,773,Purchase,2026-01-12
9699,2755,744,Purchase,2025-06-30
9700,1246,616,AddToCart,2026-01-27
9701,1486,224,Wishlist,2025-09-28
9702,490,463,Search,2025-07-30
9703,2096,366,AddToCart,2026-06-19
9704,2294,183,Wishlist,2025-10-05
9705,336,910,Wishlist,2025-11-09
9706,1701,905,Wishlist,2025-08-03
9707,2895,10,AddToCart,2025-11-08
9708,1645,667,View,2025-05-03
9709,872,243,Search,2025-06-04
9710,2869,484,Search,2025-04-22
9711,557,478,Wishlist,2025-11-14
9712,2151,381,Purchase,2025-12-24
9713,190,856,Search,2025-11-08
9714,451,237,Purchase,2026-03-22
9715,133,42,Search,2026-04-09
9716,281,309,Purchase,2026-06-19
9717,2373,759,AddToCart,2025-06-03
9718,330,283,Search,2025-02-10
9719,1516,332,AddToCart,2025-11-10
9720,298,422,AddToCart,2026-03-12
9721,2354,507,Wishlist,2025-07-01
9722,2929,972,View,2026-01-18
9723,195,893,AddToCart,2025-11-07
9724,576,329,Search,2025-01-27
9725,1048,955,View,2025-03-23
9726,1158,380,Wishlist,2026-04-22
9727,1557,827,Wishlist,2025-10-17
9728,1215,144,Search,2026-06-23
9729,28,818,Search,2025-12-24
9730,2873,130,Purchase,2025-04-21
9731,1751,881,View,2025-05-24
9732,2643,916,View,2025-01-26
9733,847,689,Search,2025-01-28
9734,177,748,Purchase,2025-05-30
9735,1246,780,Purchase,2026-07-01
9736,2749,869,AddToCart,2025-02-11
9737,861,3,AddToCart,2025-05-26
9738,1355,907,Purchase,2025-06-04
9739,2096,125,Purchase,2026-03-06
9740,1176,986,Search,2025-07-14
9741,68,439,View,2026-05-07
9742,1348,566,Purchase,2025-03-15
9743,2961,874,Wishlist,2025-08-23
9744,1295,231,AddToCart,2025-07-12
9745,2946,848,AddToCart,2026-02-27
9746,1217,968,Purchase,2025-03-17
9747,487,556,AddToCart,2025-10-16
9748,400,549,Purchase,2025-12-30
9749,2284,11,Purchase,2025-12-24
9750,945,103,Wishlist,2026-05-18
9751,2311,84,Wishlist,2026-01-25
9752,159,908,Wishlist,2026-01-18
9753,1735,734,View,2025-02-21
9754,549,341,Wishlist,2025-02-18
9755,551,373,Search,2025-07-15
9756,52,135,View,2025-03-09
9757,1430,348,Purchase,2025-05-27
9758,1038,966,AddToCart,2025-07-17
9759,1582,126,Wishlist,2026-04-21
9760,506,648,Wishlist,2026-01-15
9761,1432,987,View,2025-08-23
9762,92,432,Purchase,2026-01-14
9763,2601,904,Wishlist,2026-05-24
9764,2063,119,Search,2026-06-04
9765,756,510,AddToCart,2025-01-30
9766,234,534,Wishlist,2025-07-27
9767,1530,939,Wishlist,2025-04-02
9768,2058,993,View,2026-03-26
9769,1889,301,View,2025-10-25
9770,1254,949,View,2025-03-17
9771,2507,87,Search,2026-02-17
9772,1841,119,Purchase,2025-01-29
9773,1620,252,AddToCart,2025-11-17
9774,878,439,Wishlist,2026-03-13
9775,2714,725,Purchase,2025-03-20
9776,1318,111,Search,2025-12-25
9777,2750,953,Wishlist,2025-03-08
9778,2915,858,Wishlist,2025-11-04
9779,820,35,Wishlist,2025-05-18
9780,756,622,Wishlist,2025-02-05
9781,1378,607,Purchase,2025-08-31
9782,782,656,Purchase,2025-03-30
9783,1975,581,Wishlist,2025-07-29
9784,2475,248,Purchase,2026-02-11
9785,2811,549,View,2025-10-02
9786,997,473,AddToCart,2025-02-22
9787,302,157,View,2025-07-09
9788,2559,992,AddToCart,2025-02-26
9789,2240,262,Wishlist,2025-05-30
9790,189,501,AddToCart,2026-07-05
9791,1410,149,View,2025-04-23
9792,892,4,Purchase,2026-05-15
9793,486,259,AddToCart,2025-04-14
9794,1940,207,Wishlist,2025-01-11
9795,2499,436,View,2026-05-27
9796,922,1,AddToCart,2025-06-28
9797,1215,307,Search,2025-11-10
9798,1063,962,Wishlist,2026-04-22
9799,2369,982,Wishlist,2025-08-05
9800,1950,477,AddToCart,2025-04-27
9801,2715,538,Wishlist,2025-10-25
9802,2496,290,Search,2025-10-30
9803,2781,250,Search,2026-06-06
9804,291,609,Wishlist,2025-10-13
9805,1008,303,Search,2025-11-08
9806,2725,540,AddToCart,2025-02-03
9807,2809,130,View,2025-11-25
9808,1511,934,View,2025-05-27
9809,2742,529,View,2026-04-07
9810,1468,937,View,2026-03-24
9811,2084,749,Search,2025-05-22
9812,711,327,Search,2025-10-06
9813,2712,378,AddToCart,2025-11-11
9814,2787,918,Search,2025-09-01
9815,2968,536,AddToCart,2025-10-28
9816,506,700,View,2026-05-30
9817,428,361,View,2026-01-30
9818,2758,225,View,2025-06-23
9819,1114,709,Search,2026-05-12
9820,978,898,Search,2025-03-05
9821,2042,143,Purchase,2025-02-04
9822,1600,721,AddToCart,2025-07-14
9823,139,753,Wishlist,2026-04-15
9824,260,391,Purchase,2025-10-30
9825,2799,718,Purchase,2025-09-04
9826,67,779,AddToCart,2025-05-20
9827,1027,2,Purchase,2025-04-03
9828,868,239,Search,2025-05-18
9829,2300,602,Purchase,2025-10-22
9830,169,263,View,2026-01-09
9831,2379,309,View,2025-03-06
9832,1354,198,View,2025-05-10
9833,2368,132,Purchase,2025-08-31
9834,29,679,Wishlist,2026-07-05
9835,534,992,Wishlist,2026-02-16
9836,2850,868,Search,2025-01-05
9837,617,140,Wishlist,2025-11-25
9838,2338,635,AddToCart,2025-02-02
9839,2750,877,Purchase,2026-04-20
9840,564,810,View,2025-11-01
9841,59,497,Purchase,2025-05-13
9842,2117,18,Search,2025-07-27
9843,1367,362,Search,2025-12-01
9844,1081,669,Purchase,2025-10-13
9845,791,545,Search,2026-03-26
9846,2481,350,Wishlist,2026-05-31
9847,534,67,Wishlist,2026-02-10
9848,2677,63,Search,2025-08-06
9849,2510,504,Search,2026-02-21
9850,741,620,Search,2025-12-16
9851,725,303,View,2026-03-28
9852,120,25,Purchase,2025-10-11
9853,702,747,Wishlist,2025-01-04
9854,2615,117,AddToCart,2025-09-01
9855,1823,165,Purchase,2026-05-09
9856,624,632,Purchase,2025-03-19
9857,2353,139,View,2025-07-23
9858,1149,139,AddToCart,2026-01-18
9859,2174,58,Wishlist,2025-08-15
9860,550,59,Wishlist,2025-03-28
9861,2659,688,View,2025-06-06
9862,980,667,Purchase,2025-06-08
9863,173,516,Search,2025-02-19
9864,724,880,AddToCart,2026-04-01
9865,2141,320,AddToCart,2025-04-08
9866,1414,78,AddToCart,2026-01-09
9867,1881,11,Purchase,2025-12-16
9868,1187,699,Wishlist,2025-04-27
9869,1223,62,Purchase,2026-03-20
9870,326,993,Search,2025-10-18
9871,2208,39,View,2026-07-03
9872,12,600,Search,2025-10-08
9873,1094,1,Purchase,2025-08-27
9874,1140,373,AddToCart,2026-02-11
9875,1338,607,Search,2025-12-30
9876,940,599,AddToCart,2025-10-04
9877,2385,411,Search,2025-02-28
9878,1337,686,Purchase,2026-06-12
9879,2045,169,Wishlist,2026-01-25
9880,2957,137,AddToCart,2025-09-29
9881,607,108,Purchase,2025-10-08
9882,2637,509,Wishlist,2026-02-28
9883,1367,686,Wishlist,2026-06-12
9884,231,364,View,2025-12-05
9885,569,576,Purchase,2025-02-06
9886,161,580,AddToCart,2025-11-18
9887,364,10,Purchase,2026-05-22
9888,528,314,AddToCart,2025-12-10
9889,1004,183,AddToCart,2025-04-19
9890,31,522,View,2025-11-10
9891,1013,874,AddToCart,2025-05-02
9892,642,224,AddToCart,2025-12-03
9893,194,353,View,2025-02-23
9894,1317,645,Wishlist,2026-03-18
9895,2185,610,AddToCart,2025-02-14
9896,1821,685,AddToCart,2025-02-05
9897,765,122,AddToCart,2026-01-17
9898,2766,627,AddToCart,2026-02-14
9899,603,350,Search,2025-01-14
9900,273,20,AddToCart,2026-06-09
9901,443,854,Purchase,2025-11-27
9902,1792,302,Wishlist,2025-08-15
9903,807,573,View,2025-06-26
9904,212,644,Wishlist,2025-08-07
9905,221,881,Wishlist,2025-04-10
9906,1473,754,Wishlist,2025-04-03
9907,635,142,Purchase,2026-02-19
9908,1427,686,Purchase,2026-01-30
9909,842,663,AddToCart,2025-08-26
9910,2681,588,Purchase,2025-06-06
9911,2860,511,Search,2026-06-08
9912,47,672,Purchase,2026-04-25
9913,2695,660,Search,2026-01-16
9914,1028,710,AddToCart,2025-03-19
9915,2734,926,Search,2025-01-30
9916,385,235,Purchase,2026-04-11
9917,1150,520,AddToCart,2025-08-18
9918,1293,913,AddToCart,2025-12-22
9919,1632,813,AddToCart,2025-05-27
9920,1135,158,View,2025-07-01
9921,2070,636,Wishlist,2025-06-15
9922,984,510,AddToCart,2025-01-17
9923,521,7,Wishlist,2025-09-01
9924,1513,117,Purchase,2025-10-30
9925,2248,906,Wishlist,2025-07-21
9926,1355,530,View,2025-04-18
9927,1447,46,Wishlist,2025-12-27
9928,2451,65,Wishlist,2026-06-06
9929,2258,721,Search,2026-04-13
9930,784,149,Wishlist,2025-09-22
9931,405,491,AddToCart,2026-01-22
9932,860,145,Wishlist,2026-04-28
9933,2270,918,View,2025-04-30
9934,2235,554,Wishlist,2026-02-09
9935,133,949,Search,2025-12-31
9936,220,708,Wishlist,2025-01-07
9937,976,662,AddToCart,2025-01-06
9938,125,958,Search,2025-04-04
9939,1825,957,View,2025-04-23
9940,2485,366,Wishlist,2025-09-13
9941,220,662,View,2025-10-10
9942,1096,853,Purchase,2026-06-02
9943,911,701,Wishlist,2025-09-20
9944,982,498,Wishlist,2025-11-30
9945,1745,655,View,2025-04-13
9946,771,941,AddToCart,2026-05-11
9947,1198,472,View,2025-08-28
9948,2133,400,Purchase,2025-03-05
9949,1694,564,Search,2026-05-26
9950,2306,568,View,2025-08-27
9951,1123,162,Wishlist,2025-04-11
9952,2123,93,Wishlist,2026-03-07
9953,582,688,AddToCart,2026-01-06
9954,959,7,View,2025-01-22
9955,1408,551,Purchase,2025-12-15
9956,1652,14,AddToCart,2026-05-09
9957,36,795,Purchase,2025-06-30
9958,1440,575,Purchase,2025-05-24
9959,2010,276,Wishlist,2025-02-18
9960,2245,970,AddToCart,2025-10-24
9961,339,123,Wishlist,2026-04-16
9962,1671,888,Wishlist,2026-05-09
9963,1844,658,View,2026-04-17
9964,2255,55,View,2026-04-06
9965,2565,72,Wishlist,2025-08-28
9966,1157,126,View,2025-05-09
9967,574,611,Wishlist,2025-05-05
9968,2279,724,View,2026-03-02
9969,1143,487,Purchase,2025-05-06
9970,1189,30,Purchase,2025-05-05
9971,668,862,Search,2025-10-08
9972,104,717,AddToCart,2026-03-31
9973,1550,528,AddToCart,2025-12-28
9974,1788,558,Wishlist,2026-03-16
9975,1740,911,Search,2026-06-04
9976,628,821,Purchase,2026-03-22
9977,578,672,Purchase,2026-06-22
9978,1485,986,Purchase,2026-04-24
9979,1982,298,Wishlist,2025-08-24
9980,1527,388,Purchase,2026-03-07
9981,1907,274,AddToCart,2026-03-12
9982,1915,190,Wishlist,2025-11-27
9983,1540,612,Purchase,2025-12-21
9984,1947,611,Purchase,2025-12-10
9985,416,889,View,2025-05-02
9986,2070,730,Purchase,2026-02-11
9987,2784,62,Purchase,2025-09-24
9988,37,783,AddToCart,2025-12-08
9989,1108,69,View,2025-10-29
9990,1903,710,AddToCart,2025-05-24
9991,1941,449,View,2026-06-21
9992,487,223,AddToCart,2026-06-06
9993,2660,49,View,2026-06-25
9994,2777,701,Search,2026-01-27
9995,13,72,AddToCart,2025-12-15
9996,321,495,Search,2026-06-14
9997,102,172,Wishlist,2025-03-09
9998,2797,298,Purchase,2026-01-23
9999,575,518,View,2025-10-11
10000,1491,183,Search,2025-06-07
10001,1749,271,View,2025-08-03
10002,1607,729,Search,2026-02-02
10003,1247,35,AddToCart,2026-03-28
10004,797,438,AddToCart,2026-06-11
10005,2599,686,Wishlist,2025-03-09
10006,671,656,Search,2025-02-13
10007,1861,279,Purchase,2025-10-26
10008,2512,136,Search,2025-11-15
10009,1762,221,Search,2026-04-27
10010,2880,430,View,2025-12-08
10011,2757,838,View,2025-06-13
10012,1228,47,Search,2025-04-06
10013,2949,603,Search,2026-05-26
10014,2964,889,AddToCart,2025-07-02
10015,1978,996,Wishlist,2026-03-12
10016,2885,44,AddToCart,2025-08-19
10017,1862,699,Wishlist,2025-11-28
10018,936,43,View,2026-02-17
10019,791,172,Purchase,2025-02-08
10020,1924,697,AddToCart,2025-04-27
10021,2228,872,AddToCart,2025-05-01
10022,107,859,AddToCart,2025-12-16
10023,1608,780,Purchase,2025-09-21
10024,591,281,Purchase,2025-07-21
10025,957,353,Wishlist,2025-03-29
10026,2930,472,Purchase,2025-07-25
10027,1562,3,View,2025-12-25
10028,308,634,Search,2025-09-15
10029,2686,88,View,2025-06-17
10030,978,325,AddToCart,2025-10-26
10031,281,415,View,2025-01-04
10032,2127,833,Search,2025-04-10
10033,709,679,View,2026-06-27
10034,2187,526,Search,2025-02-15
10035,534,459,Wishlist,2025-06-18
10036,1675,794,View,2026-01-31
10037,764,522,Search,2025-06-29
10038,2023,556,View,2025-05-19
10039,1992,764,AddToCart,2025-04-16
10040,116,463,AddToCart,2025-09-14
10041,2129,797,AddToCart,2025-12-09
10042,2057,442,Search,2025-09-24
10043,1271,501,Wishlist,2025-03-23
10044,2288,666,Wishlist,2026-06-10
10045,1872,16,Wishlist,2025-08-02
10046,635,847,AddToCart,2025-12-15
10047,2365,156,AddToCart,2025-01-06
10048,1668,810,Search,2025-12-05
10049,1118,179,Wishlist,2026-02-18
10050,777,791,Search,2025-04-29
10051,2431,131,Search,2026-04-16
10052,2126,225,Purchase,2025-05-27
10053,163,959,Search,2026-01-03
10054,2640,888,Wishlist,2025-02-22
10055,361,289,Purchase,2025-06-22
10056,2891,897,View,2026-06-13
10057,1416,614,Wishlist,2026-02-21
10058,1291,890,View,2025-03-21
10059,1706,983,AddToCart,2025-09-14
10060,2004,317,View,2025-04-09
10061,600,60,Purchase,2025-04-04
10062,2558,842,View,2026-01-03
10063,1434,209,Wishlist,2025-04-29
10064,1088,80,View,2025-06-07
10065,1047,669,View,2026-01-26
10066,264,670,AddToCart,2025-06-20
10067,1916,436,Purchase,2025-07-07
10068,2162,935,Purchase,2025-02-17
10069,1661,202,View,2026-02-13
10070,429,874,Wishlist,2025-06-13
10071,578,620,Purchase,2025-04-30
10072,1420,572,AddToCart,2026-07-02
10073,2705,193,Search,2026-04-28
10074,1525,557,Search,2025-10-22
10075,1065,816,Wishlist,2025-08-18
10076,2919,521,Search,2025-08-26
10077,2004,184,Wishlist,2025-03-15
10078,892,894,Purchase,2026-05-22
10079,1057,473,AddToCart,2025-11-16
10080,160,771,AddToCart,2026-05-09
10081,2018,449,Search,2026-04-14
10082,2632,974,View,2026-02-05
10083,2299,720,Wishlist,2025-11-15
10084,1255,76,AddToCart,2025-02-20
10085,668,748,Wishlist,2026-05-20
10086,2906,47,AddToCart,2025-07-16
10087,2137,769,Search,2025-08-05
10088,1079,333,Purchase,2025-10-17
10089,1960,752,Search,2025-08-24
10090,692,303,Wishlist,2025-10-12
10091,2651,97,Search,2026-02-27
10092,44,636,View,2025-01-18
10093,1587,936,Search,2026-01-03
10094,2497,331,Wishlist,2025-05-26
10095,1512,710,AddToCart,2026-03-31
10096,749,688,Purchase,2026-05-01
10097,225,504,AddToCart,2025-03-14
10098,2531,243,Search,2026-03-15
10099,2851,853,AddToCart,2025-10-27
10100,2490,441,Purchase,2025-10-13
10101,2456,953,View,2025-12-19
10102,68,456,Wishlist,2026-06-07
10103,1482,869,View,2026-05-13
10104,2825,479,AddToCart,2025-08-16
10105,665,715,AddToCart,2026-06-27
10106,878,392,Purchase,2025-08-26
10107,664,892,Purchase,2026-02-05
10108,945,662,Purchase,2026-04-09
10109,1877,120,Purchase,2026-06-09
10110,1172,358,Search,2025-02-25
10111,2008,451,Search,2026-03-21
10112,1090,717,Purchase,2025-05-07
10113,376,357,Wishlist,2025-11-23
10114,1785,990,Search,2025-03-06
10115,2715,782,AddToCart,2026-06-19
10116,2299,175,AddToCart,2025-10-11
10117,2265,576,View,2025-12-08
10118,2635,564,AddToCart,2025-07-02
10119,1256,150,Purchase,2026-05-03
10120,30,443,Wishlist,2025-01-10
10121,1670,984,Search,2025-09-30
10122,48,791,Search,2025-03-09
10123,1588,203,Purchase,2025-08-28
10124,617,439,Search,2026-05-26
10125,296,729,Wishlist,2025-10-11
10126,2223,204,Wishlist,2025-01-17
10127,55,544,AddToCart,2026-06-01
10128,426,939,View,2025-05-30
10129,2444,495,Search,2025-06-08
10130,2631,369,View,2026-01-07
10131,2322,836,Search,2025-05-26
10132,106,317,View,2025-07-01
10133,1325,702,View,2025-05-17
10134,2775,602,AddToCart,2025-02-12
10135,877,923,AddToCart,2025-05-27
10136,1170,288,Search,2025-10-09
10137,1486,467,View,2025-09-29
10138,2511,306,Wishlist,2025-06-18
10139,1848,834,AddToCart,2025-11-30
10140,1219,383,Purchase,2026-05-11
10141,280,323,View,2025-08-16
10142,1916,152,AddToCart,2025-06-17
10143,1530,313,Purchase,2025-09-25
10144,1578,308,AddToCart,2026-07-04
10145,207,713,Search,2025-11-17
10146,2813,621,View,2026-03-25
10147,1614,433,Wishlist,2026-01-14
10148,520,760,AddToCart,2026-05-28
10149,2691,498,Wishlist,2026-01-29
10150,1869,835,AddToCart,2025-12-13
10151,1184,391,Purchase,2026-05-13
10152,2024,219,Search,2026-05-06
10153,459,164,Search,2026-01-01
10154,1677,297,Search,2026-05-31
10155,228,190,Search,2026-06-20
10156,340,267,View,2026-05-06
10157,2449,66,Purchase,2025-08-25
10158,1316,219,Search,2025-03-18
10159,394,466,AddToCart,2025-06-01
10160,560,274,Wishlist,2025-12-08
10161,2889,297,AddToCart,2025-12-05
10162,2284,44,AddToCart,2025-07-20
10163,492,562,View,2026-04-11
10164,1977,352,AddToCart,2025-01-04
10165,2480,52,Purchase,2025-05-26
10166,387,421,View,2025-02-12
10167,2736,428,Wishlist,2025-04-28
10168,2558,637,Purchase,2025-11-03
10169,314,171,View,2026-03-27
10170,2882,248,View,2025-03-06
10171,2132,849,View,2025-01-13
10172,2658,670,View,2025-08-23
10173,734,38,Search,2026-02-28
10174,598,111,AddToCart,2025-07-15
10175,2389,214,Purchase,2026-04-26
10176,1792,132,Wishlist,2025-09-06
10177,931,364,AddToCart,2026-04-16
10178,1995,540,View,2026-01-20
10179,927,162,AddToCart,2025-06-09
10180,2481,261,View,2025-01-04
10181,753,330,AddToCart,2025-07-05
10182,1970,255,AddToCart,2025-08-07
10183,672,594,Search,2026-03-08
10184,1898,252,View,2026-04-13
10185,793,995,Purchase,2026-06-29
10186,178,273,Wishlist,2026-03-20
10187,716,58,Search,2025-10-08
10188,673,997,Wishlist,2025-03-02
10189,2384,541,Purchase,2026-04-24
10190,689,546,Purchase,2026-02-17
10191,1571,326,Search,2025-01-12
10192,999,938,Purchase,2025-07-23
10193,788,815,AddToCart,2025-12-18
10194,72,334,Search,2025-04-19
10195,65,433,Wishlist,2026-03-06
10196,1067,120,Purchase,2025-09-23
10197,2255,695,Purchase,2025-08-23
10198,2741,509,View,2026-03-29
10199,784,35,Search,2026-05-09
10200,1078,982,View,2026-03-15
10201,2531,820,AddToCart,2025-10-01
10202,803,770,Search,2025-05-11
10203,1122,621,Purchase,2025-10-27
10204,660,448,Wishlist,2025-06-18
10205,2146,933,Wishlist,2026-01-18
10206,774,663,Wishlist,2025-02-12
10207,1288,460,View,2025-12-16
10208,858,884,AddToCart,2025-04-06
10209,690,950,AddToCart,2025-10-02
10210,1825,706,AddToCart,2026-04-24
10211,261,212,Purchase,2025-08-26
10212,1540,527,AddToCart,2025-08-09
10213,2311,294,AddToCart,2026-07-03
10214,2748,536,View,2026-04-20
10215,2490,670,Search,2025-10-19
10216,281,508,View,2025-04-30
10217,318,819,AddToCart,2025-09-15
10218,2114,969,Purchase,2025-01-22
10219,2166,544,Search,2026-05-27
10220,2015,135,Wishlist,2025-12-03
10221,891,684,AddToCart,2025-09-16
10222,503,361,AddToCart,2025-02-25
10223,2170,876,Purchase,2025-01-06
10224,48,57,Search,2025-02-08
10225,177,331,View,2026-01-03
10226,506,362,Search,2026-05-14
10227,97,301,Wishlist,2025-09-01
10228,2044,693,Wishlist,2026-05-04
10229,1047,135,AddToCart,2025-03-17
10230,2102,845,AddToCart,2025-07-25
10231,1475,203,AddToCart,2025-05-27
10232,363,839,Purchase,2025-10-08
10233,1802,34,View,2025-11-08
10234,2127,431,Search,2025-07-10
10235,1688,638,View,2025-10-02
10236,1465,132,AddToCart,2026-02-12
10237,2591,431,View,2026-05-19
10238,2732,900,AddToCart,2026-01-17
10239,740,239,AddToCart,2026-02-26
10240,1433,848,Search,2025-04-06
10241,1834,766,Purchase,2025-11-10
10242,1120,643,AddToCart,2025-05-07
10243,2948,101,View,2025-08-27
10244,278,347,Search,2025-03-05
10245,461,102,AddToCart,2026-04-22
10246,2668,692,Search,2025-10-27
10247,24,518,View,2025-07-27
10248,2007,285,AddToCart,2025-06-30
10249,397,479,Wishlist,2026-02-24
10250,1427,519,Purchase,2025-08-11
10251,1,804,Search,2025-12-08
10252,1332,425,Search,2025-11-03
10253,1008,655,Search,2025-07-08
10254,841,596,Wishlist,2025-11-01
10255,1508,605,Purchase,2025-02-13
10256,2094,614,Purchase,2025-08-25
10257,1469,34,View,2025-05-03
10258,62,755,Purchase,2026-02-17
10259,2415,969,Wishlist,2025-11-27
10260,2218,40,Search,2026-05-02
10261,1880,126,View,2025-05-06
10262,817,605,Search,2025-06-14
10263,2035,493,Wishlist,2026-03-19
10264,2174,238,AddToCart,2025-11-01
10265,108,536,View,2026-05-26
10266,2829,582,Wishlist,2025-03-31
10267,1399,667,Search,2025-01-19
10268,2126,872,AddToCart,2025-06-01
10269,1034,283,View,2026-01-19
10270,2487,505,Wishlist,2025-01-28
10271,1957,268,AddToCart,2026-01-11
10272,468,206,Search,2025-11-18
10273,360,185,Purchase,2025-01-01
10274,2161,300,View,2025-03-09
10275,1450,624,AddToCart,2025-03-20
10276,1313,116,View,2025-07-14
10277,6,327,Purchase,2025-07-24
10278,1677,708,View,2026-02-04
10279,838,598,AddToCart,2025-01-04
10280,992,715,View,2026-04-06
10281,2858,676,Purchase,2025-05-22
10282,2783,747,AddToCart,2026-04-24
10283,924,785,Search,2025-11-22
10284,1840,662,Purchase,2025-06-03
10285,1664,499,Wishlist,2025-12-01
10286,2435,444,AddToCart,2025-06-24
10287,2060,593,AddToCart,2026-05-20
10288,113,250,Search,2025-05-24
10289,1655,318,Purchase,2025-12-11
10290,1295,983,AddToCart,2025-03-28
10291,1558,395,Wishlist,2025-10-28
10292,442,93,View,2026-02-15
10293,2136,265,AddToCart,2026-04-01
10294,1533,734,Wishlist,2026-02-07
10295,2015,112,Search,2026-03-06
10296,2510,321,Wishlist,2025-03-17
10297,25,981,Wishlist,2026-02-25
10298,1012,102,View,2026-04-29
10299,2275,147,AddToCart,2025-11-10
10300,1658,183,Purchase,2025-02-12
10301,1303,611,Purchase,2026-02-22
10302,2886,833,Search,2026-05-20
10303,814,149,Search,2025-11-14
10304,574,621,AddToCart,2025-05-08
10305,1088,298,Purchase,2025-07-07
10306,647,611,Wishlist,2025-09-06
10307,1514,891,Search,2026-04-05
10308,1872,992,Wishlist,2026-05-24
10309,41,389,Purchase,2026-03-16
10310,15,797,View,2026-04-03
10311,272,269,AddToCart,2025-03-09
10312,344,280,View,2025-09-11
10313,2198,337,Purchase,2025-11-26
10314,1955,679,Wishlist,2025-11-18
10315,2523,222,Wishlist,2025-12-19
10316,819,976,View,2025-02-08
10317,2844,847,Purchase,2026-02-05
10318,2464,581,View,2026-05-04
10319,830,851,AddToCart,2026-06-09
10320,86,136,Wishlist,2025-11-01
10321,2373,829,Wishlist,2025-08-17
10322,772,442,Wishlist,2025-11-19
10323,140,143,Purchase,2026-06-13
10324,1629,477,AddToCart,2026-02-11
10325,1666,14,Wishlist,2025-05-14
10326,2692,130,Wishlist,2025-01-05
10327,1805,281,Search,2026-02-03
10328,510,319,Wishlist,2025-02-22
10329,556,955,Purchase,2025-02-19
10330,607,696,View,2025-05-17
10331,2717,680,Wishlist,2025-11-26
10332,2105,239,Wishlist,2025-12-25
10333,2542,86,AddToCart,2025-04-29
10334,2459,154,View,2025-10-17
10335,2530,496,Purchase,2025-12-09
10336,2074,1000,AddToCart,2025-07-02
10337,231,475,Search,2026-05-21
10338,960,966,Purchase,2025-12-25
10339,2477,357,AddToCart,2025-11-11
10340,1290,791,AddToCart,2026-04-14
10341,2940,383,AddToCart,2026-03-07
10342,1387,257,AddToCart,2025-04-26
10343,1942,393,View,2026-02-19
10344,310,683,Wishlist,2026-03-10
10345,2776,725,View,2026-01-03
10346,191,478,Purchase,2026-05-18
10347,2034,523,View,2026-02-16
10348,2206,125,View,2025-04-05
10349,2117,881,AddToCart,2025-05-04
10350,311,958,AddToCart,2026-02-15
10351,1369,322,View,2026-04-03
10352,862,830,Purchase,2025-12-17
10353,1102,106,Wishlist,2025-05-03
10354,2507,293,View,2026-01-01
10355,890,532,Purchase,2025-09-09
10356,2096,494,Purchase,2025-12-27
10357,1082,43,View,2025-03-31
10358,1955,822,Wishlist,2025-04-08
10359,1312,548,View,2026-04-29
10360,1297,324,Wishlist,2025-03-31
10361,2894,892,AddToCart,2025-04-12
10362,2633,954,Purchase,2025-03-07
10363,946,446,AddToCart,2025-04-01
10364,2195,654,Purchase,2026-01-09
10365,160,637,Wishlist,2025-04-15
10366,454,277,Wishlist,2025-01-04
10367,781,229,View,2026-04-13
10368,54,673,Wishlist,2026-01-25
10369,1654,734,Wishlist,2025-02-06
10370,2870,746,AddToCart,2025-01-24
10371,1692,704,Wishlist,2025-05-07
10372,2959,519,View,2026-06-30
10373,2522,83,View,2025-01-26
10374,2045,222,Search,2025-11-11
10375,1907,803,Wishlist,2026-02-17
10376,492,325,Wishlist,2025-09-29
10377,496,211,Wishlist,2025-01-16
10378,2500,421,Purchase,2026-05-19
10379,2539,537,Purchase,2026-07-02
10380,2203,653,Wishlist,2025-05-28
10381,2557,627,AddToCart,2026-06-20
10382,2333,5,Search,2025-09-17
10383,1056,808,Search,2025-07-28
10384,1109,180,Wishlist,2025-03-16
10385,883,565,Search,2025-03-12
10386,1425,247,AddToCart,2025-12-14
10387,881,934,Purchase,2026-01-07
10388,2295,40,Purchase,2025-04-09
10389,486,74,Purchase,2026-05-31
10390,2755,99,Wishlist,2025-03-07
10391,1927,56,View,2025-02-15
10392,2384,790,Wishlist,2025-01-29
10393,1479,681,View,2025-05-10
10394,1797,486,Purchase,2026-03-03
10395,512,654,Purchase,2026-03-02
10396,209,77,Search,2025-05-23
10397,469,299,Search,2026-03-24
10398,2382,585,Purchase,2026-06-14
10399,181,450,Search,2026-02-08
10400,2310,797,Wishlist,2025-11-08
10401,778,987,AddToCart,2026-01-24
10402,2796,529,AddToCart,2025-10-05
10403,1887,397,AddToCart,2025-08-08
10404,63,373,Purchase,2026-05-23
10405,1307,816,View,2025-04-26
10406,2191,266,Purchase,2026-05-11
10407,266,802,AddToCart,2025-02-26
10408,1760,466,Wishlist,2025-07-21
10409,2372,507,Search,2025-08-24
10410,753,925,Wishlist,2025-12-11
10411,1639,417,Wishlist,2026-06-03
10412,2540,779,View,2025-06-08
10413,2073,345,Wishlist,2025-12-04
10414,1586,814,Purchase,2025-01-15
10415,958,895,AddToCart,2025-03-31
10416,875,638,View,2026-01-26
10417,1428,218,Purchase,2025-06-18
10418,2816,845,View,2025-06-08
10419,2381,4,View,2025-05-26
10420,1321,667,AddToCart,2025-06-14
10421,1719,860,View,2025-11-13
10422,2049,531,AddToCart,2026-01-07
10423,2181,354,Purchase,2025-05-08
10424,1467,872,View,2025-02-12
10425,533,393,AddToCart,2026-05-19
10426,2570,271,View,2025-04-14
10427,2380,219,Wishlist,2026-05-08
10428,15,164,Purchase,2025-11-10
10429,2745,140,Search,2025-03-17
10430,339,675,View,2025-01-06
10431,1725,748,Search,2025-08-28
10432,2253,986,Wishlist,2025-02-24
10433,566,584,View,2025-06-03
10434,1387,723,Search,2025-06-25
10435,307,859,AddToCart,2026-04-25
10436,1067,122,Wishlist,2025-06-18
10437,2984,230,View,2025-04-09
10438,1358,482,AddToCart,2026-06-20
10439,1403,907,AddToCart,2025-08-28
10440,22,248,Wishlist,2025-06-25
10441,840,994,Purchase,2025-07-15
10442,659,388,View,2026-06-10
10443,2322,555,Wishlist,2026-01-10
10444,1341,321,Wishlist,2026-03-21
10445,2667,787,Purchase,2026-01-08
10446,2031,599,AddToCart,2026-06-03
10447,2223,72,AddToCart,2026-05-19
10448,2997,450,View,2026-02-08
10449,1241,868,Search,2025-08-31
10450,1049,103,Purchase,2025-08-31
10451,358,452,View,2025-10-20
10452,1754,175,AddToCart,2025-07-17
10453,318,527,Search,2025-06-24
10454,1740,199,Purchase,2025-03-13
10455,2156,836,AddToCart,2025-04-15
10456,1721,547,AddToCart,2025-12-21
10457,2636,962,View,2025-06-19
10458,1291,235,Purchase,2026-06-24
10459,2030,524,Search,2026-01-12
10460,1387,630,View,2025-07-01
10461,1252,991,Wishlist,2025-11-12
10462,1684,942,Purchase,2025-03-12
10463,2688,324,Wishlist,2025-12-11
10464,1017,101,AddToCart,2025-01-14
10465,2797,355,Search,2026-04-19
10466,1157,175,Search,2025-09-16
10467,257,676,AddToCart,2026-03-04
10468,1394,649,Purchase,2025-06-21
10469,335,933,Purchase,2026-01-14
10470,1714,540,View,2026-05-15
10471,2809,159,Purchase,2025-12-17
10472,1945,31,Wishlist,2025-01-25
10473,218,244,Purchase,2025-04-02
10474,2043,441,View,2026-06-10
10475,1685,973,Wishlist,2025-05-03
10476,1556,380,Search,2025-02-01
10477,1457,18,View,2025-08-11
10478,1612,928,Purchase,2026-06-13
10479,739,831,AddToCart,2026-03-19
10480,2138,696,Search,2025-12-26
10481,352,507,View,2026-04-23
10482,556,628,Wishlist,2025-04-17
10483,1361,323,Purchase,2025-01-05
10484,1064,700,Wishlist,2025-10-16
10485,119,229,Search,2025-04-17
10486,838,794,View,2025-02-24
10487,2765,312,View,2025-04-10
10488,1137,815,AddToCart,2026-05-14
10489,1470,836,AddToCart,2025-09-14
10490,1583,767,AddToCart,2025-08-16
10491,510,320,Purchase,2026-06-13
10492,2094,77,AddToCart,2026-04-29
10493,1487,993,AddToCart,2026-04-22
10494,344,883,Purchase,2025-09-28
10495,1578,285,Wishlist,2025-05-27
10496,1437,614,AddToCart,2026-06-23
10497,994,609,View,2025-04-30
10498,1472,258,View,2026-03-01
10499,2698,955,AddToCart,2025-05-15
10500,704,313,Wishlist,2025-04-13
10501,2702,237,Wishlist,2025-03-03
10502,129,61,Search,2026-04-13
10503,2302,41,Search,2025-08-04
10504,1878,356,Purchase,2025-03-28
10505,758,360,AddToCart,2025-12-21
10506,1374,453,AddToCart,2026-04-27
10507,2307,768,Wishlist,2025-03-07
10508,2482,30,View,2025-11-10
10509,2620,910,View,2026-03-27
10510,1568,371,Wishlist,2026-01-17
10511,1223,515,Purchase,2026-04-04
10512,1930,295,AddToCart,2025-10-15
10513,786,427,Search,2026-03-10
10514,107,90,Wishlist,2025-02-09
10515,427,185,View,2025-08-09
10516,1482,172,Purchase,2025-03-18
10517,115,626,Purchase,2026-01-12
10518,1489,926,Wishlist,2026-04-08
10519,725,664,AddToCart,2026-03-08
10520,2554,848,Purchase,2025-04-13
10521,729,392,View,2026-04-12
10522,765,201,AddToCart,2025-07-30
10523,757,137,Wishlist,2026-03-21
10524,2199,709,View,2026-01-13
10525,1182,515,Purchase,2025-11-07
10526,1393,210,View,2026-01-31
10527,225,564,Purchase,2025-04-20
10528,2956,89,View,2025-06-16
10529,2655,863,Search,2025-02-19
10530,1820,487,Search,2025-09-26
10531,2174,246,Wishlist,2025-06-02
10532,913,676,Purchase,2025-05-22
10533,400,690,Wishlist,2025-10-17
10534,2191,515,Search,2026-02-02
10535,2342,818,AddToCart,2025-02-24
10536,1357,572,Wishlist,2025-07-26
10537,1077,792,Wishlist,2025-12-21
10538,489,713,AddToCart,2025-12-31
10539,2216,513,AddToCart,2025-11-06
10540,2367,708,Wishlist,2025-10-23
10541,1828,899,View,2025-09-17
10542,1646,266,Purchase,2025-05-29
10543,695,362,AddToCart,2025-03-16
10544,255,442,Search,2026-03-16
10545,22,306,Purchase,2025-02-23
10546,1282,680,Search,2026-05-01
10547,2419,235,Search,2025-11-17
10548,2064,479,AddToCart,2025-06-28
10549,1900,131,Wishlist,2025-10-25
10550,2714,684,View,2025-03-31
10551,2874,467,Purchase,2025-04-02
10552,451,433,Search,2025-10-05
10553,2318,52,Wishlist,2026-05-12
10554,2357,417,Search,2025-03-05
10555,2832,190,View,2025-05-16
10556,1322,465,AddToCart,2026-04-02
10557,1217,724,Purchase,2025-08-15
10558,948,519,View,2025-07-21
10559,342,226,Purchase,2026-03-06
10560,759,313,View,2026-04-28
10561,1319,850,View,2026-05-23
10562,1546,148,Purchase,2025-04-01
10563,396,17,Search,2025-03-03
10564,2623,546,Wishlist,2026-05-28
10565,2655,226,Purchase,2026-05-03
10566,312,657,Search,2025-10-15
10567,1231,795,Wishlist,2026-03-07
10568,2454,729,Wishlist,2025-08-27
10569,2637,268,View,2025-01-01
10570,2149,458,Purchase,2025-04-14
10571,922,161,Wishlist,2025-12-07
10572,2796,13,AddToCart,2025-10-10
10573,1955,359,Search,2026-01-24
10574,485,729,View,2026-05-29
10575,2801,505,Wishlist,2025-05-01
10576,396,214,Purchase,2026-04-22
10577,894,10,View,2026-02-19
10578,162,537,Search,2025-04-26
10579,2741,397,Wishlist,2025-07-09
10580,2547,484,Purchase,2025-10-20
10581,2502,187,View,2025-09-22
10582,1947,33,AddToCart,2025-11-18
10583,2074,801,View,2025-07-25
10584,2394,672,Wishlist,2026-05-27
10585,2195,101,AddToCart,2026-01-03
10586,934,705,Purchase,2026-01-12
10587,228,279,AddToCart,2025-07-17
10588,1591,596,Purchase,2026-02-22
10589,1027,870,View,2026-02-23
10590,1010,168,AddToCart,2025-10-14
10591,539,606,AddToCart,2025-10-22
10592,2067,379,Wishlist,2026-05-12
10593,761,751,AddToCart,2026-03-03
10594,2819,627,AddToCart,2026-07-04
10595,2067,230,AddToCart,2025-05-16
10596,296,473,Wishlist,2026-03-09
10597,2168,824,Wishlist,2025-02-28
10598,2884,371,View,2026-05-14
10599,202,761,Search,2025-05-26
10600,1883,653,View,2025-02-06
10601,2932,762,Search,2025-10-11
10602,2338,943,Wishlist,2025-09-29
10603,1175,479,View,2025-08-18
10604,806,627,View,2025-06-08
10605,501,476,Wishlist,2025-01-29
10606,1232,17,Wishlist,2025-05-23
10607,2330,950,View,2025-07-07
10608,2769,252,Search,2025-12-21
10609,2,122,Purchase,2025-08-07
10610,2360,375,AddToCart,2025-04-20
10611,112,526,Search,2026-06-25
10612,567,147,View,2025-03-26
10613,1005,557,AddToCart,2026-03-16
10614,2423,404,Purchase,2026-06-09
10615,1327,631,Wishlist,2025-05-27
10616,2591,897,Wishlist,2025-11-11
10617,691,367,AddToCart,2025-03-23
10618,1185,859,Wishlist,2025-09-19
10619,366,410,View,2026-03-25
10620,1022,727,View,2026-06-10
10621,2093,848,AddToCart,2025-05-18
10622,870,371,AddToCart,2025-04-24
10623,2363,447,View,2025-11-20
10624,191,209,View,2026-05-12
10625,2627,359,Purchase,2025-10-28
10626,1575,46,View,2025-11-25
10627,1951,180,AddToCart,2025-05-08
10628,2032,77,View,2025-08-30
10629,2636,656,AddToCart,2026-02-02
10630,1849,135,AddToCart,2026-01-23
10631,357,194,AddToCart,2025-03-21
10632,1374,799,Wishlist,2025-03-13
10633,1081,412,AddToCart,2025-04-06
10634,2750,753,Search,2025-08-04
10635,1897,981,Search,2025-01-03
10636,710,288,AddToCart,2025-03-16
10637,489,83,Wishlist,2026-06-14
10638,1017,890,Search,2026-02-03
10639,2312,723,Wishlist,2026-05-14
10640,2669,386,Search,2025-06-13
10641,2587,566,View,2025-04-10
10642,2116,616,Purchase,2026-02-05
10643,169,668,Purchase,2025-03-01
10644,1125,972,Purchase,2026-04-12
10645,2116,351,Search,2026-05-27
10646,2808,778,Purchase,2025-06-12
10647,2124,198,Search,2025-04-14
10648,2111,897,View,2025-11-21
10649,1129,796,View,2026-03-16
10650,2268,549,Purchase,2025-05-16
10651,2478,209,AddToCart,2025-01-11
10652,2404,812,View,2025-04-23
10653,757,54,Wishlist,2026-06-17
10654,876,395,Wishlist,2025-03-04
10655,1769,256,AddToCart,2025-02-09
10656,310,781,Wishlist,2025-10-27
10657,2247,58,Wishlist,2025-03-21
10658,1089,175,View,2025-08-25
10659,2820,558,View,2025-08-20
10660,2129,672,Purchase,2025-03-25
10661,2774,294,Search,2026-02-19
10662,716,827,View,2025-01-23
10663,2536,469,Wishlist,2026-02-03
10664,190,731,Purchase,2025-06-16
10665,886,907,AddToCart,2025-01-20
10666,1773,982,View,2025-08-29
10667,1052,359,Wishlist,2026-05-31
10668,138,315,Wishlist,2025-01-21
10669,1939,324,Search,2025-09-30
10670,2220,951,Purchase,2025-09-22
10671,793,772,Purchase,2025-11-03
10672,2168,67,View,2025-06-12
10673,1208,268,Purchase,2025-09-11
10674,444,570,View,2025-06-05
10675,1931,730,View,2025-04-21
10676,1487,265,Purchase,2026-02-18
10677,1168,43,Purchase,2025-12-21
10678,268,833,View,2026-01-10
10679,2631,199,View,2025-05-24
10680,1031,27,Wishlist,2025-04-16
10681,2510,19,Search,2025-09-28
10682,2845,931,Wishlist,2026-02-09
10683,543,40,Wishlist,2025-03-11
10684,1790,319,View,2025-07-22
10685,2615,178,View,2026-06-03
10686,2467,94,AddToCart,2025-03-10
10687,1953,231,AddToCart,2025-04-21
10688,761,962,Search,2025-04-15
10689,2498,328,View,2025-09-13
10690,2162,531,Purchase,2025-09-10
10691,2681,712,Wishlist,2025-03-25
10692,2647,655,View,2025-07-05
10693,1294,742,Search,2025-01-16
10694,897,586,Purchase,2025-04-13
10695,2925,777,View,2025-01-20
10696,1641,156,Purchase,2025-11-20
10697,1130,200,View,2025-08-28
10698,1416,926,AddToCart,2025-06-06
10699,907,955,View,2025-08-31
10700,2163,561,AddToCart,2025-12-30
10701,2669,261,Search,2026-01-23
10702,905,938,AddToCart,2025-09-17
10703,2315,636,AddToCart,2026-04-30
10704,231,15,View,2025-06-21
10705,2089,706,AddToCart,2026-04-29
10706,2511,883,Search,2026-04-20
10707,1147,912,Search,2025-01-04
10708,2171,71,Search,2026-04-04
10709,1735,247,Search,2025-10-15
10710,1682,229,View,2025-11-04
10711,898,435,View,2025-02-06
10712,60,690,AddToCart,2025-11-15
10713,633,531,AddToCart,2025-12-08
10714,318,488,Purchase,2025-11-07
10715,2693,407,Purchase,2025-09-10
10716,298,947,View,2025-06-30
10717,517,337,Search,2026-04-19
10718,2502,430,Purchase,2026-03-20
10719,1034,413,Purchase,2025-01-31
10720,1761,724,Wishlist,2025-06-05
10721,651,816,View,2026-05-25
10722,738,696,Search,2025-12-17
10723,393,521,Search,2025-03-15
10724,2623,43,Purchase,2025-12-05
10725,336,359,AddToCart,2025-05-12
10726,2012,337,Purchase,2026-07-04
10727,131,886,Wishlist,2025-10-04
10728,1720,217,View,2026-02-09
10729,398,323,Wishlist,2025-11-13
10730,2095,780,View,2025-07-20
10731,2320,913,Search,2025-02-05
10732,1524,494,View,2026-07-01
10733,1692,687,View,2025-06-22
10734,1064,196,AddToCart,2025-07-05
10735,2505,278,AddToCart,2025-12-22
10736,2627,564,Wishlist,2025-07-26
10737,668,864,Wishlist,2025-07-07
10738,462,575,Wishlist,2025-06-24
10739,1457,931,AddToCart,2026-02-26
10740,1069,364,View,2025-10-05
10741,1413,283,Search,2025-12-13
10742,2827,489,Purchase,2026-05-01
10743,975,964,Search,2026-06-10
10744,2478,323,View,2025-07-31
10745,1274,935,Purchase,2026-06-21
10746,165,107,Wishlist,2025-01-23
10747,1962,383,Search,2025-12-26
10748,310,174,Search,2025-07-30
10749,1092,312,Purchase,2025-09-07
10750,1857,113,AddToCart,2025-06-11
10751,2292,472,Search,2025-08-26
10752,2042,147,AddToCart,2025-08-26
10753,2253,306,Wishlist,2026-01-15
10754,2230,822,AddToCart,2026-04-18
10755,1005,757,Purchase,2025-10-02
10756,998,857,Wishlist,2025-11-15
10757,249,258,AddToCart,2026-02-14
10758,939,682,AddToCart,2026-06-28
10759,88,825,Purchase,2026-01-07
10760,534,523,Wishlist,2025-09-17
10761,1089,954,Purchase,2025-07-24
10762,700,337,Purchase,2025-09-18
10763,1588,669,Wishlist,2026-04-25
10764,76,742,AddToCart,2026-02-28
10765,2413,831,Purchase,2026-04-05
10766,1213,175,View,2025-02-27
10767,284,299,Purchase,2025-12-23
10768,1554,724,AddToCart,2026-02-11
10769,770,546,Purchase,2025-08-01
10770,1387,719,Purchase,2025-12-08
10771,330,887,Purchase,2026-03-08
10772,1478,437,Wishlist,2025-12-08
10773,1954,763,View,2026-06-06
10774,495,691,Purchase,2026-05-06
10775,2961,637,Search,2026-03-29
10776,2348,861,Search,2026-06-26
10777,734,791,Search,2025-06-10
10778,1129,444,View,2025-02-04
10779,487,595,View,2025-10-20
10780,1558,442,Wishlist,2025-03-28
10781,478,63,AddToCart,2025-12-08
10782,850,928,Wishlist,2025-12-18
10783,2032,468,View,2026-05-15
10784,2078,375,Wishlist,2025-11-15
10785,1403,648,AddToCart,2025-07-05
10786,2262,537,Purchase,2025-03-08
10787,2841,739,View,2025-07-02
10788,599,120,Search,2026-01-04
10789,600,801,Search,2026-05-29
10790,987,762,AddToCart,2025-08-10
10791,2975,216,View,2025-08-09
10792,1999,997,Search,2026-04-28
10793,527,799,Purchase,2026-05-02
10794,1548,11,Wishlist,2026-02-25
10795,1477,106,View,2025-04-26
10796,1261,716,AddToCart,2025-05-30
10797,2463,19,Wishlist,2026-04-23
10798,870,230,View,2025-12-22
10799,2341,849,Search,2025-01-26
10800,1447,88,Search,2026-04-07
10801,1691,256,AddToCart,2025-03-23
10802,972,303,AddToCart,2026-02-20
10803,1101,356,Search,2025-11-01
10804,1187,936,Wishlist,2025-09-28
10805,1304,646,AddToCart,2025-02-21
10806,1889,175,Purchase,2026-03-16
10807,954,419,AddToCart,2026-02-24
10808,2766,8,Purchase,2026-02-18
10809,586,60,Wishlist,2025-05-14
10810,1064,667,View,2025-12-24
10811,739,946,Search,2025-05-23
10812,909,564,Search,2025-06-21
10813,2527,132,Search,2025-06-20
10814,2531,764,Search,2026-04-14
10815,1562,955,View,2025-05-17
10816,2571,863,Wishlist,2025-08-25
10817,812,77,AddToCart,2025-01-18
10818,467,354,Search,2025-06-06
10819,714,225,View,2025-07-30
10820,2052,734,AddToCart,2026-03-19
10821,2356,212,Wishlist,2026-03-19
10822,1267,896,Search,2025-07-24
10823,1474,320,Search,2025-05-30
10824,352,722,Purchase,2025-12-10
10825,103,387,Wishlist,2026-05-01
10826,739,164,Wishlist,2025-06-16
10827,1410,230,AddToCart,2026-05-05
10828,1405,956,Purchase,2025-01-12
10829,1496,753,View,2025-11-20
10830,2410,512,View,2025-11-30
10831,1776,398,Wishlist,2025-12-23
10832,1687,725,Wishlist,2025-02-19
10833,97,969,AddToCart,2025-02-03
10834,2211,730,Purchase,2025-07-20
10835,2665,826,AddToCart,2025-10-09
10836,974,289,AddToCart,2025-06-19
10837,779,761,AddToCart,2025-10-20
10838,444,400,Search,2025-11-17
10839,878,758,Search,2025-02-22
10840,1421,281,Search,2026-03-10
10841,2946,953,View,2026-04-27
10842,2382,924,AddToCart,2025-12-27
10843,394,512,AddToCart,2025-04-05
10844,1232,675,Search,2025-09-30
10845,2823,628,View,2025-03-30
10846,789,342,Purchase,2026-01-18
10847,2448,62,Wishlist,2025-03-27
10848,235,696,Purchase,2026-06-02
10849,846,127,Search,2025-10-27
10850,890,923,View,2026-04-05
10851,2374,244,Search,2025-09-06
10852,2252,607,Wishlist,2026-03-05
10853,1926,885,Purchase,2026-03-31
10854,1651,704,View,2025-02-18
10855,2545,516,View,2025-09-03
10856,1388,974,Wishlist,2026-05-06
10857,897,670,View,2026-07-05
10858,185,98,Wishlist,2025-08-17
10859,2841,923,Purchase,2026-06-25
10860,409,121,Purchase,2025-10-05
10861,955,443,Search,2025-01-29
10862,1055,498,Wishlist,2025-03-20
10863,574,632,Wishlist,2026-05-14
10864,2473,328,Search,2026-06-11
10865,1996,19,AddToCart,2026-06-23
10866,334,709,Search,2025-01-02
10867,1406,242,AddToCart,2025-08-05
10868,2928,78,Purchase,2026-01-03
10869,1457,381,Wishlist,2025-08-23
10870,2301,714,Purchase,2025-04-27
10871,373,200,AddToCart,2025-11-08
10872,2307,933,Purchase,2026-05-22
10873,2228,874,AddToCart,2026-04-23
10874,255,791,View,2026-03-31
10875,2594,133,View,2025-12-22
10876,1627,112,Purchase,2026-04-02
10877,1634,655,Purchase,2025-01-09
10878,2779,151,Wishlist,2026-05-13
10879,1935,153,Wishlist,2025-06-28
10880,1501,308,View,2026-02-26
10881,1432,786,View,2025-07-22
10882,739,704,View,2025-06-10
10883,4,133,Wishlist,2025-07-07
10884,595,288,Wishlist,2026-03-21
10885,1794,599,Search,2025-01-08
10886,2976,573,Search,2026-01-22
10887,1642,808,View,2025-03-23
10888,2784,492,Wishlist,2025-01-21
10889,611,589,Search,2025-04-18
10890,1155,251,Search,2025-11-16
10891,2616,902,View,2026-04-28
10892,467,193,AddToCart,2026-06-06
10893,396,818,Wishlist,2025-01-05
10894,311,922,Purchase,2026-06-23
10895,329,860,View,2025-02-09
10896,1176,922,Search,2025-10-22
10897,2342,345,View,2025-08-20
10898,1707,145,AddToCart,2025-10-14
10899,2524,233,Purchase,2025-12-02
10900,2115,523,AddToCart,2026-02-13
10901,2347,195,Purchase,2025-06-08
10902,1872,937,Wishlist,2025-08-11
10903,257,116,Purchase,2025-07-25
10904,688,588,Search,2025-02-27
10905,843,677,Purchase,2025-01-19
10906,1504,933,AddToCart,2026-05-04
10907,2734,336,View,2025-09-02
10908,729,959,Purchase,2025-09-14
10909,901,335,Purchase,2025-08-31
10910,2504,887,View,2026-06-03
10911,623,992,AddToCart,2025-07-18
10912,134,615,View,2026-01-22
10913,1828,192,Purchase,2026-04-06
10914,2679,203,View,2026-04-22
10915,2127,748,Search,2026-01-11
10916,2220,384,Purchase,2026-01-29
10917,1704,734,AddToCart,2025-03-08
10918,1389,462,Search,2025-10-12
10919,487,406,Search,2026-01-31
10920,1095,738,AddToCart,2025-03-04
10921,2928,17,Search,2025-06-22
10922,2703,816,Purchase,2026-02-15
10923,2352,31,AddToCart,2025-05-22
10924,2926,489,Search,2025-03-22
10925,1164,15,Purchase,2025-03-24
10926,2140,254,Search,2025-10-06
10927,107,454,View,2025-11-04
10928,546,796,Purchase,2026-06-13
10929,583,136,Purchase,2025-03-23
10930,1794,707,Wishlist,2025-12-18
10931,2072,911,AddToCart,2025-01-19
10932,1054,650,Wishlist,2025-06-27
10933,1203,210,AddToCart,2026-02-04
10934,1026,695,View,2025-11-14
10935,2474,963,Wishlist,2026-01-19
10936,1923,797,Purchase,2025-11-14
10937,1238,575,Purchase,2025-06-23
10938,1403,545,Search,2026-03-18
10939,2160,82,Wishlist,2025-04-24
10940,425,465,Search,2026-07-04
10941,795,614,Search,2025-01-19
10942,1927,529,Wishlist,2025-09-11
10943,1952,965,AddToCart,2025-03-25
10944,2163,267,View,2025-03-28
10945,1354,309,Purchase,2025-11-22
10946,2105,349,Wishlist,2025-07-17
10947,1520,248,Wishlist,2025-02-10
10948,2055,167,AddToCart,2025-05-11
10949,99,7,Search,2025-07-10
10950,73,190,View,2025-02-27
10951,2243,11,Wishlist,2025-01-02
10952,2125,349,AddToCart,2026-01-03
10953,2802,191,Wishlist,2025-03-05
10954,2026,995,Wishlist,2025-09-07
10955,685,641,Wishlist,2025-03-15
10956,2913,722,Purchase,2025-03-22
10957,2013,631,Search,2026-04-16
10958,324,108,Search,2026-02-27
10959,1354,340,Search,2025-08-18
10960,225,604,Wishlist,2026-02-10
10961,866,51,Wishlist,2025-12-19
10962,1014,60,Search,2026-01-05
10963,869,716,Search,2025-07-31
10964,338,992,Wishlist,2026-04-06
10965,2387,959,AddToCart,2025-06-25
10966,2942,502,View,2026-06-30
10967,2798,417,View,2025-04-17
10968,630,647,AddToCart,2025-09-11
10969,1035,21,Wishlist,2025-03-01
10970,2265,811,Purchase,2025-05-07
10971,932,620,Purchase,2025-02-13
10972,2253,958,Search,2025-05-07
10973,1445,15,Search,2025-06-04
10974,324,277,Wishlist,2025-03-23
10975,54,421,Search,2025-05-23
10976,1072,914,Purchase,2025-04-25
10977,2243,381,View,2025-02-23
10978,906,74,View,2026-06-23
10979,373,403,Search,2026-04-06
10980,186,282,Purchase,2026-02-22
10981,2665,737,AddToCart,2025-06-02
10982,2823,638,Search,2025-01-13
10983,2318,160,AddToCart,2025-01-31
10984,1426,416,AddToCart,2026-07-03
10985,270,79,Purchase,2025-03-15
10986,431,45,Purchase,2025-07-11
10987,2600,574,Purchase,2025-05-11
10988,734,253,AddToCart,2025-10-10
10989,109,92,View,2025-12-16
10990,992,734,Purchase,2025-03-15
10991,210,361,AddToCart,2025-02-12
10992,2810,772,View,2025-05-03
10993,1314,14,AddToCart,2025-07-24
10994,2271,70,Purchase,2026-03-29
10995,948,369,AddToCart,2026-03-16
10996,730,836,Search,2025-12-23
10997,1475,339,AddToCart,2025-02-20
10998,573,624,AddToCart,2025-07-25
10999,220,904,Wishlist,2025-12-07
11000,2938,870,Wishlist,2025-04-29
11001,1605,973,Purchase,2025-03-15
11002,2851,651,Search,2025-03-09
11003,219,171,Search,2026-06-04
11004,1395,937,AddToCart,2025-08-07
11005,267,563,AddToCart,2026-05-16
11006,1044,704,View,2025-12-13
11007,1831,624,Wishlist,2025-06-23
11008,872,260,Purchase,2025-01-25
11009,313,124,AddToCart,2025-09-19
11010,577,715,Purchase,2025-10-22
11011,2996,740,AddToCart,2026-02-04
11012,634,982,Wishlist,2025-05-03
11013,1919,773,View,2025-07-21
11014,585,209,Search,2025-01-22
11015,1530,298,AddToCart,2025-06-13
11016,260,980,Search,2025-12-08
11017,270,403,View,2025-09-01
11018,187,316,Search,2025-07-18
11019,1687,654,Wishlist,2025-03-14
11020,131,863,View,2026-05-19
11021,64,296,AddToCart,2026-01-11
11022,905,178,Purchase,2025-06-17
11023,1795,964,View,2025-10-14
11024,2092,105,Search,2026-06-12
11025,1016,515,AddToCart,2026-06-05
11026,1530,171,AddToCart,2025-10-09
11027,2318,649,View,2025-10-16
11028,87,173,AddToCart,2025-03-18
11029,1106,621,Purchase,2026-04-25
11030,30,693,Search,2026-02-15
11031,2172,65,View,2025-03-15
11032,314,428,View,2025-12-17
11033,204,308,Search,2025-08-30
11034,1715,665,Search,2025-02-08
11035,537,101,Search,2025-09-20
11036,518,987,AddToCart,2025-03-04
11037,520,188,Search,2025-03-01
11038,2368,633,Search,2025-11-06
11039,2545,350,View,2026-05-23
11040,2054,559,AddToCart,2025-08-10
11041,2946,825,Search,2025-05-18
11042,2594,931,View,2025-11-26
11043,641,253,View,2025-02-05
11044,2927,927,View,2025-10-21
11045,275,434,Purchase,2025-07-07
11046,1869,298,Purchase,2026-06-16
11047,2572,420,Search,2025-12-03
11048,2650,131,View,2025-01-07
11049,1720,623,Search,2025-04-13
11050,1132,678,AddToCart,2025-07-20
11051,1447,407,Search,2026-03-11
11052,2734,899,Search,2025-05-22
11053,2083,811,View,2026-02-25
11054,2320,641,View,2025-11-04
11055,1847,79,Purchase,2025-02-24
11056,2110,300,Search,2026-03-23
11057,817,59,Wishlist,2025-11-25
11058,1257,808,AddToCart,2025-10-14
11059,998,712,Purchase,2025-10-04
11060,384,470,Wishlist,2025-10-18
11061,1280,139,Purchase,2025-11-01
11062,212,35,Wishlist,2026-04-15
11063,2664,265,Purchase,2025-06-12
11064,1577,189,View,2026-04-18
11065,2405,610,Wishlist,2025-12-28
11066,1841,138,View,2026-04-04
11067,1736,687,Wishlist,2025-01-17
11068,1676,125,Search,2025-03-17
11069,1806,585,Wishlist,2025-01-31
11070,1625,539,AddToCart,2025-08-08
11071,2894,712,Purchase,2025-10-02
11072,1437,322,View,2025-04-09
11073,2034,232,Wishlist,2025-07-17
11074,1459,641,Purchase,2025-06-27
11075,2676,753,AddToCart,2026-03-25
11076,2614,607,AddToCart,2025-05-02
11077,1559,405,Purchase,2025-09-30
11078,883,694,Search,2025-11-16
11079,2716,947,Purchase,2025-03-27
11080,1569,11,Purchase,2026-01-30
11081,261,569,View,2025-10-29
11082,1319,262,AddToCart,2025-03-29
11083,2679,479,View,2025-06-22
11084,2867,197,View,2025-07-26
11085,1417,46,Search,2025-06-15
11086,2206,366,Purchase,2026-01-13
11087,628,783,AddToCart,2025-04-26
11088,2745,334,Purchase,2026-02-11
11089,2832,589,Wishlist,2025-07-19
11090,539,824,View,2025-07-08
11091,2902,705,Wishlist,2025-12-04
11092,2815,820,Wishlist,2026-03-23
11093,1344,695,View,2026-03-11
11094,1629,63,Wishlist,2025-03-18
11095,321,378,Purchase,2026-02-07
11096,1014,553,Purchase,2025-12-30
11097,2343,628,Purchase,2025-08-07
11098,2028,231,Wishlist,2025-09-05
11099,2113,418,Purchase,2026-03-12
11100,99,389,Search,2026-06-20
11101,1061,509,Purchase,2026-06-25
11102,719,25,Search,2025-08-04
11103,1479,423,Purchase,2025-10-26
11104,2110,619,Wishlist,2025-03-28
11105,1365,547,AddToCart,2026-05-19
11106,321,132,Wishlist,2025-03-06
11107,2457,670,Search,2026-01-28
11108,1076,80,Search,2025-10-18
11109,404,230,Purchase,2025-01-13
11110,2789,562,Purchase,2026-02-28
11111,1821,535,Purchase,2025-11-23
11112,944,653,AddToCart,2026-01-24
11113,322,961,Purchase,2026-02-18
11114,159,399,AddToCart,2025-12-04
11115,2349,666,Purchase,2025-06-01
11116,1674,330,Wishlist,2026-01-30
11117,463,536,Wishlist,2026-04-18
11118,2381,342,Search,2025-06-13
11119,663,798,View,2025-06-20
11120,2363,268,Wishlist,2025-10-14
11121,38,272,View,2026-01-18
11122,1776,966,AddToCart,2025-09-13
11123,803,15,Wishlist,2026-03-03
11124,1546,195,Search,2025-09-25
11125,256,986,Search,2025-11-16
11126,1479,610,View,2025-01-30
11127,688,891,AddToCart,2025-12-11
11128,1639,729,Search,2026-02-25
11129,788,621,Wishlist,2025-11-22
11130,2187,930,View,2025-03-22
11131,2983,333,Purchase,2025-03-24
11132,1442,761,View,2025-04-26
11133,1249,149,Wishlist,2025-06-30
11134,365,709,Wishlist,2026-01-09
11135,2092,16,Purchase,2025-09-30
11136,1287,237,Wishlist,2026-01-19
11137,2728,117,View,2026-01-09
11138,277,495,AddToCart,2026-04-23
11139,2517,312,Purchase,2026-01-18
11140,1075,676,Search,2025-07-07
11141,1844,817,AddToCart,2026-06-17
11142,225,373,Search,2025-10-26
11143,1087,922,AddToCart,2025-09-16
11144,2520,592,Search,2025-12-31
11145,2371,38,View,2025-10-28
11146,722,481,View,2026-01-01
11147,1089,907,Search,2025-05-01
11148,2055,256,Purchase,2026-05-31
11149,2387,499,Purchase,2025-05-20
11150,1645,36,View,2026-02-20
11151,2422,445,View,2026-01-12
11152,987,565,Search,2025-11-20
11153,2569,27,Search,2025-11-25
11154,2164,132,View,2025-05-27
11155,750,585,Wishlist,2025-01-18
11156,2372,579,Search,2025-05-30
11157,2551,553,Search,2026-04-02
11158,2028,139,AddToCart,2025-07-11
11159,2105,366,AddToCart,2025-08-29
11160,2911,592,Purchase,2026-05-01
11161,929,726,Search,2026-06-10
11162,1923,404,Wishlist,2025-07-26
11163,993,935,AddToCart,2025-09-24
11164,1123,160,View,2025-01-24
11165,155,149,Search,2025-08-18
11166,2533,15,Search,2026-06-05
11167,1368,359,AddToCart,2025-11-19
11168,2662,472,Wishlist,2025-10-11
11169,1339,252,Wishlist,2025-01-01
11170,46,652,AddToCart,2025-04-15
11171,485,284,View,2025-03-18
11172,1721,137,Wishlist,2025-05-27
11173,1071,73,Search,2025-06-09
11174,2074,101,Search,2025-07-27
11175,1676,277,View,2026-02-18
11176,587,343,Wishlist,2025-06-10
11177,1197,978,Search,2026-06-09
11178,678,973,Search,2025-02-20
11179,1174,976,Search,2026-05-12
11180,958,217,Search,2025-01-30
11181,866,306,Purchase,2025-08-04
11182,1204,298,Purchase,2026-03-19
11183,465,834,AddToCart,2025-11-25
11184,259,272,Wishlist,2025-08-04
11185,1883,742,AddToCart,2026-03-15
11186,593,594,Purchase,2025-01-03
11187,1980,359,View,2026-06-26
11188,402,326,Purchase,2025-09-23
11189,730,638,Search,2025-09-04
11190,2121,700,Search,2026-01-29
11191,1193,47,AddToCart,2026-07-04
11192,1954,796,Search,2025-10-22
11193,1315,6,View,2025-09-05
11194,2721,998,Purchase,2026-04-26
11195,2605,195,Search,2026-05-05
11196,949,155,AddToCart,2025-06-06
11197,1974,382,Search,2026-06-09
11198,455,784,Wishlist,2026-02-15
11199,1729,317,View,2026-02-08
11200,1582,162,Search,2025-07-16
11201,2622,246,Search,2025-01-04
11202,1840,500,Purchase,2026-01-24
11203,102,163,Search,2025-04-05
11204,2498,465,Purchase,2025-02-24
11205,633,9,Purchase,2026-01-16
11206,2456,845,Wishlist,2025-06-02
11207,384,804,Search,2026-05-29
11208,219,343,Search,2026-03-09
11209,2900,20,Wishlist,2025-01-29
11210,2479,675,Purchase,2026-06-21
11211,2305,570,Search,2025-06-06
11212,389,800,View,2025-10-24
11213,2138,321,Wishlist,2025-04-02
11214,3000,434,Search,2026-01-26
11215,882,841,Wishlist,2026-02-21
11216,302,727,View,2025-10-10
11217,1327,898,Purchase,2025-06-16
11218,2779,373,Purchase,2025-08-03
11219,2816,129,Search,2025-07-05
11220,2403,264,AddToCart,2026-03-08
11221,2761,87,Purchase,2025-12-23
11222,816,397,Purchase,2025-04-06
11223,798,333,Search,2026-04-18
11224,185,383,AddToCart,2025-07-15
11225,251,916,View,2026-04-16
11226,2168,804,Search,2025-08-06
11227,1589,750,AddToCart,2026-05-27
11228,2980,160,Purchase,2026-04-07
11229,62,881,Wishlist,2026-06-13
11230,2086,133,Search,2025-02-11
11231,214,959,AddToCart,2025-02-25
11232,25,44,AddToCart,2025-02-16
11233,2354,956,View,2025-04-02
11234,1722,609,Search,2026-06-16
11235,2391,104,Search,2025-04-23
11236,1791,387,AddToCart,2026-03-14
11237,797,889,Purchase,2026-03-02
11238,2990,615,AddToCart,2025-04-06
11239,247,582,Search,2025-06-19
11240,2380,27,Wishlist,2026-06-25
11241,1084,279,AddToCart,2026-01-29
11242,2357,557,Purchase,2025-04-10
11243,1514,453,AddToCart,2025-04-11
11244,1992,59,View,2025-11-28
11245,731,191,Wishlist,2026-05-02
11246,343,510,Purchase,2026-05-16
11247,2960,61,Wishlist,2025-09-09
11248,2173,274,View,2025-09-30
11249,1067,699,Wishlist,2026-03-17
11250,1015,580,Search,2025-05-02
11251,1021,686,Purchase,2025-05-23
11252,2951,158,Purchase,2026-03-16
11253,2807,894,View,2025-12-07
11254,2853,931,Search,2026-03-08
11255,1764,184,Wishlist,2025-09-01
11256,1268,150,Purchase,2025-10-23
11257,902,669,Wishlist,2025-08-20
11258,1470,522,Wishlist,2025-11-28
11259,1787,677,View,2025-04-07
11260,1414,950,Wishlist,2026-01-01
11261,351,133,View,2026-01-27
11262,1849,896,View,2026-06-16
11263,2559,302,AddToCart,2025-06-28
11264,2580,621,Search,2025-10-27
11265,2113,125,View,2026-05-24
11266,1271,163,Wishlist,2025-02-20
11267,1960,4,Search,2025-09-20
11268,2346,26,Purchase,2025-02-02
11269,2637,552,AddToCart,2025-08-11
11270,1900,835,View,2025-10-09
11271,2034,335,Wishlist,2025-07-11
11272,2823,647,AddToCart,2026-05-28
11273,242,495,Wishlist,2026-06-18
11274,816,29,Wishlist,2026-01-28
11275,1513,94,AddToCart,2026-04-20
11276,411,239,AddToCart,2026-01-11
11277,1336,47,Search,2026-04-03
11278,1353,117,Wishlist,2025-05-24
11279,2776,483,Search,2026-05-11
11280,1634,442,View,2025-07-20
11281,1065,725,Purchase,2025-01-31
11282,2620,802,Search,2025-02-12
11283,2656,352,View,2026-04-15
11284,1419,236,Purchase,2025-09-22
11285,385,925,AddToCart,2025-08-17
11286,59,968,Purchase,2025-09-25
11287,451,504,Purchase,2025-11-06
11288,2793,4,View,2026-04-19
11289,2323,184,View,2025-10-30
11290,2281,552,Purchase,2025-11-07
11291,416,330,Search,2025-03-12
11292,2431,319,Purchase,2025-02-01
11293,1484,78,Search,2025-06-02
11294,2320,451,Search,2026-01-11
11295,1231,649,AddToCart,2025-08-14
11296,2486,914,Search,2025-08-02
11297,631,386,AddToCart,2025-10-27
11298,516,617,Wishlist,2025-06-09
11299,2956,306,Search,2025-06-03
11300,299,909,Wishlist,2026-02-04
11301,151,250,View,2025-06-17
11302,1352,636,Search,2026-01-27
11303,2004,529,Search,2025-12-08
11304,357,993,Purchase,2025-02-09
11305,1005,421,Wishlist,2025-09-29
11306,2140,421,View,2025-10-22
11307,2615,260,View,2025-07-14
11308,712,759,Wishlist,2025-06-16
11309,2000,708,View,2026-05-14
11310,758,822,AddToCart,2025-05-29
11311,1981,983,AddToCart,2026-04-20
11312,129,353,View,2026-04-08
11313,1652,583,AddToCart,2025-07-05
11314,384,46,AddToCart,2025-07-19
11315,111,882,AddToCart,2025-11-08
11316,748,236,Search,2025-08-29
11317,586,118,Purchase,2026-03-22
11318,2490,657,Purchase,2025-06-16
11319,360,142,Search,2025-05-23
11320,1788,379,View,2025-06-21
11321,1246,471,View,2025-09-21
11322,1445,312,AddToCart,2026-05-10
11323,2256,687,Wishlist,2025-02-04
11324,410,220,View,2025-01-22
11325,2098,330,Wishlist,2025-05-28
11326,1607,160,AddToCart,2026-01-15
11327,447,910,Wishlist,2025-08-23
11328,2432,518,View,2025-04-09
11329,2857,681,AddToCart,2025-08-09
11330,380,843,Wishlist,2025-04-07
11331,2067,109,AddToCart,2025-12-09
11332,332,602,AddToCart,2026-06-07
11333,1743,444,View,2025-12-08
11334,2257,8,View,2025-10-08
11335,2468,337,Wishlist,2025-05-24
11336,1649,438,View,2026-04-15
11337,2467,298,Purchase,2025-11-09
11338,1418,413,Purchase,2025-10-10
11339,2357,422,Search,2026-01-22
11340,1170,297,Purchase,2025-06-06
11341,2901,942,View,2026-01-16
11342,1457,458,View,2026-01-04
11343,950,522,Wishlist,2025-12-16
11344,278,321,AddToCart,2025-11-20
11345,32,561,Wishlist,2026-05-06
11346,1608,53,AddToCart,2026-03-16
11347,644,652,View,2025-06-20
11348,1965,402,AddToCart,2025-08-03
11349,327,540,AddToCart,2025-09-21
11350,1358,600,Search,2025-05-24
11351,2880,297,View,2025-12-03
11352,810,126,Search,2026-04-13
11353,172,315,Wishlist,2025-06-18
11354,1306,378,View,2025-11-21
11355,427,224,AddToCart,2026-02-18
11356,272,711,Search,2026-05-11
11357,179,470,AddToCart,2026-02-17
11358,613,215,AddToCart,2026-02-26
11359,1225,590,View,2026-04-18
11360,1163,875,View,2025-06-07
11361,2359,540,View,2025-03-07
11362,984,385,View,2025-10-05
11363,2757,787,Purchase,2026-06-17
11364,2692,801,Purchase,2025-08-15
11365,1069,168,Search,2025-09-12
11366,1516,880,Wishlist,2025-10-27
11367,2971,542,View,2025-12-27
11368,149,689,AddToCart,2025-11-07
11369,2947,581,Search,2025-05-12
11370,2121,75,View,2025-07-09
11371,724,250,Search,2026-03-03
11372,2049,786,Search,2025-12-07
11373,518,777,Wishlist,2026-03-04
11374,62,466,Purchase,2025-10-15
11375,358,714,View,2026-06-15
11376,1015,231,Search,2025-08-23
11377,1680,236,Search,2026-03-30
11378,2546,4,Wishlist,2025-01-07
11379,2028,970,View,2025-08-09
11380,2444,205,AddToCart,2026-04-05
11381,1970,430,Search,2025-07-19
11382,903,435,View,2025-02-23
11383,2673,8,View,2025-04-30
11384,1118,642,Purchase,2026-03-18
11385,1641,260,Purchase,2025-04-04
11386,1430,546,AddToCart,2025-11-01
11387,2525,465,AddToCart,2025-08-12
11388,2109,11,Search,2026-05-02
11389,1277,293,Wishlist,2026-04-30
11390,2373,430,Purchase,2025-01-16
11391,842,173,AddToCart,2026-06-13
11392,553,530,Search,2025-07-10
11393,2029,99,Purchase,2025-10-10
11394,2707,187,Purchase,2025-08-21
11395,1197,10,AddToCart,2025-01-18
11396,2189,629,Wishlist,2026-01-03
11397,2246,789,View,2025-05-29
11398,2296,906,Search,2026-02-02
11399,1550,711,AddToCart,2026-04-27
11400,1842,143,View,2025-06-22
11401,979,655,Purchase,2025-03-18
11402,2289,104,Wishlist,2025-08-04
11403,1225,166,Purchase,2025-04-10
11404,1228,3,Purchase,2025-02-13
11405,91,996,AddToCart,2025-09-05
11406,2007,766,Wishlist,2025-11-13
11407,1473,746,AddToCart,2026-05-19
11408,2594,68,AddToCart,2025-05-14
11409,106,477,Purchase,2025-04-04
11410,2993,591,Wishlist,2025-11-22
11411,2067,84,Wishlist,2025-09-15
11412,2015,753,AddToCart,2026-06-11
11413,1368,580,Purchase,2025-07-15
11414,762,597,Purchase,2025-11-16
11415,1563,686,Wishlist,2025-10-06
11416,626,39,Wishlist,2025-04-08
11417,1129,305,Wishlist,2026-03-01
11418,625,451,Wishlist,2025-08-19
11419,974,699,Search,2025-03-08
11420,791,446,Search,2025-02-12
11421,2331,475,Search,2026-01-05
11422,421,120,Wishlist,2025-01-16
11423,2073,568,Purchase,2025-01-26
11424,22,713,View,2025-09-28
11425,2689,484,Purchase,2026-07-02
11426,1523,397,AddToCart,2025-01-28
11427,1935,263,AddToCart,2025-08-31
11428,2057,718,Search,2025-02-05
11429,366,799,View,2026-05-04
11430,1779,331,Search,2025-12-03
11431,127,968,Purchase,2025-10-25
11432,510,998,Search,2026-04-10
11433,551,574,Purchase,2025-11-29
11434,1684,966,Wishlist,2025-12-05
11435,2526,286,Search,2025-03-05
11436,2045,284,View,2025-02-22
11437,2667,98,AddToCart,2026-01-08
11438,1716,665,Search,2026-05-28
11439,778,253,Wishlist,2025-11-07
11440,1841,711,AddToCart,2026-05-06
11441,2074,982,View,2025-11-30
11442,2736,636,Purchase,2025-01-11
11443,2901,354,Purchase,2026-05-31
11444,345,548,Search,2025-03-29
11445,2844,368,Purchase,2026-05-15
11446,1417,38,View,2025-08-19
11447,1431,269,Wishlist,2026-06-10
11448,1313,44,Purchase,2025-03-12
11449,1247,686,View,2026-03-11
11450,647,509,View,2026-01-28
11451,1198,821,Wishlist,2025-10-17
11452,910,45,View,2025-11-21
11453,2903,63,AddToCart,2025-09-02
11454,510,617,Search,2026-06-04
11455,1160,874,View,2026-02-26
11456,2880,847,AddToCart,2025-07-08
11457,2423,846,Search,2026-02-23
11458,1884,449,View,2026-05-29
11459,1937,71,Purchase,2025-03-23
11460,2241,274,Wishlist,2026-01-25
11461,983,329,Wishlist,2025-08-16
11462,2013,353,Purchase,2025-05-09
11463,2773,105,AddToCart,2025-01-05
11464,2540,168,Wishlist,2026-02-14
11465,415,826,View,2025-10-11
11466,348,754,View,2025-10-29
11467,1059,499,AddToCart,2025-07-10
11468,1718,822,Wishlist,2025-06-23
11469,1488,756,Purchase,2026-03-25
11470,561,514,Search,2025-10-29
11471,2419,728,Wishlist,2025-07-01
11472,435,639,View,2025-11-25
11473,550,61,View,2025-10-05
11474,2161,856,Search,2026-04-30
11475,2943,493,Wishlist,2025-10-18
11476,2963,672,Search,2026-01-19
11477,792,401,Purchase,2026-04-20
11478,855,948,View,2025-02-23
11479,839,239,Wishlist,2025-07-27
11480,529,64,AddToCart,2026-04-22
11481,1212,712,View,2025-03-26
11482,528,502,AddToCart,2026-01-09
11483,507,306,View,2025-12-04
11484,1023,609,AddToCart,2026-03-03
11485,2985,812,View,2025-08-06
11486,1434,871,Purchase,2025-01-15
11487,2661,909,Search,2025-12-04
11488,2932,279,Search,2026-04-20
11489,34,956,View,2025-10-21
11490,2184,232,Search,2026-03-14
11491,658,470,Search,2026-04-28
11492,2800,523,Purchase,2025-08-02
11493,2772,172,Search,2025-01-10
11494,983,709,Purchase,2025-02-12
11495,2736,598,Purchase,2025-02-13
11496,209,676,Wishlist,2026-06-19
11497,696,913,AddToCart,2026-01-04
11498,2369,841,AddToCart,2025-11-23
11499,551,87,View,2025-04-05
11500,298,806,Search,2026-03-13
11501,1851,763,Wishlist,2025-11-21
11502,535,730,AddToCart,2025-09-05
11503,2241,754,AddToCart,2025-01-17
11504,1210,86,Search,2026-03-08
11505,2225,931,AddToCart,2026-02-18
11506,736,742,Search,2026-01-27
11507,1196,268,Wishlist,2025-11-28
11508,421,23,AddToCart,2025-04-02
11509,1017,501,Search,2025-01-17
11510,114,604,Wishlist,2025-11-08
11511,1792,525,Wishlist,2026-04-23
11512,376,416,AddToCart,2025-04-30
11513,667,860,AddToCart,2025-10-06
11514,2073,158,Purchase,2025-10-21
11515,2117,40,View,2026-05-11
11516,360,31,Search,2025-08-03
11517,2494,479,AddToCart,2025-12-30
11518,1408,650,Wishlist,2025-04-24
11519,2983,433,Purchase,2026-04-25
11520,465,689,View,2025-06-11
11521,2147,109,Wishlist,2025-04-11
11522,1332,183,AddToCart,2025-02-13
11523,1283,989,AddToCart,2025-09-14
11524,290,751,Wishlist,2025-04-08
11525,1676,116,Search,2026-05-01
11526,2389,101,Purchase,2025-07-17
11527,1854,796,Search,2025-11-18
11528,1150,890,View,2026-02-01
11529,447,272,Wishlist,2025-05-08
11530,811,186,Wishlist,2026-03-02
11531,2746,506,AddToCart,2025-04-24
11532,1923,564,View,2025-11-06
11533,1418,619,Search,2025-06-15
11534,4,938,AddToCart,2026-05-17
11535,2134,263,Purchase,2025-02-03
11536,1518,668,AddToCart,2025-04-01
11537,2361,845,Wishlist,2025-07-17
11538,639,717,Search,2026-04-24
11539,2370,100,AddToCart,2026-07-05
11540,978,365,Search,2025-10-07
11541,2676,642,Search,2025-06-15
11542,2632,423,AddToCart,2025-09-30
11543,433,551,Purchase,2025-06-24
11544,1892,813,Search,2025-07-15
11545,187,679,View,2025-04-17
11546,1948,596,Search,2025-10-21
11547,2152,153,Search,2025-05-11
11548,455,515,AddToCart,2025-09-05
11549,75,947,Search,2025-04-16
11550,1099,689,Wishlist,2025-06-02
11551,2570,74,Wishlist,2025-12-18
11552,669,908,View,2025-09-03
11553,2403,553,View,2026-06-24
11554,2493,886,AddToCart,2026-06-28
11555,2512,521,Search,2025-10-20
11556,1493,721,AddToCart,2026-06-30
11557,2459,867,View,2026-06-21
11558,1620,52,AddToCart,2025-07-29
11559,652,920,Search,2025-11-07
11560,2148,671,Wishlist,2026-05-05
11561,2217,575,Purchase,2025-10-12
11562,1978,249,AddToCart,2025-04-05
11563,1919,170,Wishlist,2025-03-10
11564,2504,44,Wishlist,2025-08-08
11565,1252,526,Purchase,2026-05-24
11566,2565,114,AddToCart,2025-07-20
11567,2316,375,AddToCart,2025-02-12
11568,1046,496,View,2025-07-25
11569,2997,804,AddToCart,2025-12-29
11570,1221,134,AddToCart,2025-11-15
11571,1584,772,Purchase,2025-04-26
11572,1399,994,View,2026-05-12
11573,2078,262,View,2025-07-15
11574,870,120,Search,2025-11-14
11575,1493,809,AddToCart,2025-02-02
11576,2371,922,View,2026-01-11
11577,2974,425,View,2025-02-23
11578,1615,804,Purchase,2025-07-12
11579,2294,704,View,2026-06-29
11580,839,414,View,2026-02-25
11581,206,598,AddToCart,2026-03-08
11582,374,909,Wishlist,2025-01-28
11583,2752,961,AddToCart,2026-05-23
11584,584,736,Purchase,2025-08-03
11585,1047,840,Search,2025-02-10
11586,1950,71,Search,2025-01-13
11587,2863,6,Search,2025-12-30
11588,1083,591,Purchase,2026-05-02
11589,1956,104,AddToCart,2025-05-17
11590,2302,998,Search,2025-12-08
11591,1668,329,View,2025-03-25
11592,2303,398,AddToCart,2025-10-29
11593,2427,819,Search,2026-06-25
11594,1248,539,Purchase,2025-07-10
11595,2259,701,AddToCart,2025-01-19
11596,2587,753,Search,2025-03-08
11597,1362,283,Purchase,2025-03-14
11598,620,35,View,2026-01-15
11599,218,7,AddToCart,2026-01-14
11600,640,822,Wishlist,2025-05-15
11601,425,868,AddToCart,2025-09-27
11602,1661,95,Purchase,2025-09-03
11603,60,232,Search,2026-01-07
11604,2661,737,AddToCart,2025-05-16
11605,5,614,Search,2026-04-02
11606,1142,634,AddToCart,2026-01-04
11607,1937,36,AddToCart,2025-03-25
11608,139,415,Wishlist,2025-04-03
11609,966,143,Purchase,2026-02-15
11610,415,914,Purchase,2026-05-21
11611,1637,321,View,2025-04-26
11612,1967,88,Wishlist,2025-04-21
11613,2191,504,AddToCart,2025-11-27
11614,2459,244,Search,2026-01-17
11615,436,984,AddToCart,2026-04-15
11616,842,541,View,2026-02-06
11617,1502,574,View,2026-03-15
11618,786,760,Wishlist,2025-07-23
11619,2615,859,Search,2025-06-26
11620,1698,125,Purchase,2025-07-02
11621,747,155,Wishlist,2025-04-12
11622,2572,541,AddToCart,2026-02-02
11623,2062,786,Wishlist,2025-05-14
11624,2724,418,AddToCart,2025-11-02
11625,1503,283,View,2025-02-27
11626,919,374,Purchase,2025-06-24
11627,2136,632,AddToCart,2026-05-10
11628,1073,99,Wishlist,2025-09-25
11629,432,32,View,2025-05-10
11630,161,49,Purchase,2026-04-09
11631,1329,882,Wishlist,2025-05-24
11632,1248,569,View,2026-06-01
11633,2314,303,Wishlist,2025-11-29
11634,2202,181,AddToCart,2026-03-17
11635,1009,57,AddToCart,2025-04-05
11636,825,819,Wishlist,2025-03-06
11637,2714,872,AddToCart,2025-05-18
11638,2538,183,Search,2026-02-18
11639,2531,566,AddToCart,2025-07-28
11640,826,181,Search,2025-01-21
11641,2283,873,AddToCart,2026-03-18
11642,1588,14,Wishlist,2025-09-10
11643,900,295,Wishlist,2025-04-23
11644,787,134,AddToCart,2026-05-04
11645,2640,715,AddToCart,2025-11-02
11646,2625,679,Search,2026-02-18
11647,2504,539,Purchase,2025-09-03
11648,2462,592,Purchase,2025-03-22
11649,2099,83,Wishlist,2026-04-14
11650,2650,406,AddToCart,2025-09-16
11651,1736,234,Purchase,2026-05-11
11652,2819,147,View,2025-06-18
11653,2870,44,AddToCart,2026-02-21
11654,459,318,Search,2025-02-15
11655,168,31,View,2025-04-10
11656,2059,173,AddToCart,2026-03-27
11657,1660,79,Purchase,2025-06-25
11658,1483,372,Search,2025-03-17
11659,1727,293,Purchase,2025-10-11
11660,1011,733,View,2025-07-11
11661,1740,515,Wishlist,2025-03-07
11662,128,129,Wishlist,2026-01-04
11663,2909,732,AddToCart,2025-04-01
11664,2580,611,View,2026-01-20
11665,2767,448,View,2025-06-30
11666,2676,467,AddToCart,2026-02-17
11667,2883,251,AddToCart,2025-07-01
11668,2362,946,Search,2026-01-20
11669,1439,936,Search,2025-07-02
11670,970,591,Wishlist,2025-05-30
11671,1945,205,View,2026-06-14
11672,1510,481,View,2026-01-07
11673,2132,802,Search,2025-12-16
11674,692,36,Search,2026-01-15
11675,2865,150,Wishlist,2025-11-26
11676,1569,970,AddToCart,2025-07-01
11677,1692,379,Purchase,2025-02-13
11678,741,491,View,2025-11-27
11679,266,312,View,2025-02-13
11680,1587,924,Purchase,2026-03-05
11681,1500,714,Search,2025-08-09
11682,868,663,Search,2025-09-28
11683,2428,489,AddToCart,2025-03-14
11684,2558,365,AddToCart,2026-05-21
11685,273,186,Wishlist,2025-12-08
11686,779,932,AddToCart,2026-05-29
11687,895,322,View,2026-01-05
11688,2063,57,AddToCart,2025-01-04
11689,2393,207,Wishlist,2026-04-26
11690,2449,499,Wishlist,2026-04-21
11691,706,357,Search,2025-02-05
11692,1258,17,Search,2025-02-26
11693,277,76,View,2026-03-16
11694,1721,992,Purchase,2025-11-22
11695,614,772,AddToCart,2025-04-04
11696,1108,424,Purchase,2025-06-27
11697,2838,859,View,2026-07-03
11698,51,381,Purchase,2025-03-09
11699,1075,134,Search,2025-11-09
11700,246,249,Wishlist,2025-02-21
11701,83,774,Wishlist,2026-02-05
11702,1581,605,View,2026-01-28
11703,386,913,Wishlist,2025-07-01
11704,6,342,Wishlist,2026-07-02
11705,1839,420,Purchase,2025-10-07
11706,688,378,Wishlist,2025-12-02
11707,776,641,Wishlist,2026-01-04
11708,1028,957,View,2025-12-06
11709,1911,247,Wishlist,2025-02-11
11710,2916,962,Search,2025-03-21
11711,596,443,Wishlist,2025-08-10
11712,1417,58,Search,2025-11-30
11713,576,850,Search,2025-08-03
11714,2534,342,Purchase,2025-01-12
11715,1038,839,View,2025-08-01
11716,1347,815,Wishlist,2025-01-20
11717,1533,739,Purchase,2025-10-29
11718,108,499,View,2025-02-26
11719,1239,814,AddToCart,2025-07-03
11720,36,927,View,2025-05-12
11721,964,888,View,2025-10-24
11722,2304,730,View,2025-05-31
11723,1994,248,Purchase,2025-08-30
11724,2491,815,Search,2025-02-09
11725,1154,831,View,2025-02-22
11726,885,806,Purchase,2025-07-31
11727,1956,450,Purchase,2025-05-12
11728,1149,623,Wishlist,2025-01-23
11729,1057,312,Purchase,2025-10-07
11730,198,779,AddToCart,2025-02-14
11731,1971,409,Search,2025-04-02
11732,1223,259,Purchase,2025-12-11
11733,211,984,AddToCart,2025-11-25
11734,2772,222,Search,2025-05-13
11735,2967,508,Wishlist,2025-07-25
11736,272,441,Wishlist,2025-12-02
11737,1474,73,Wishlist,2025-07-02
11738,522,638,Wishlist,2025-09-02
11739,2027,450,Purchase,2026-04-13
11740,1262,353,AddToCart,2026-03-30
11741,2134,101,Search,2026-03-08
11742,2873,699,Search,2025-11-12
11743,2129,263,Purchase,2026-01-01
11744,110,288,AddToCart,2025-01-22
11745,877,495,Wishlist,2025-11-26
11746,2575,82,View,2025-05-01
11747,917,674,AddToCart,2026-03-09
11748,967,241,View,2026-03-02
11749,2775,750,Purchase,2026-01-15
11750,526,784,View,2025-10-11
11751,1269,560,AddToCart,2026-05-12
11752,2839,168,View,2025-12-28
11753,311,192,Search,2025-04-18
11754,565,895,Wishlist,2025-09-11
11755,2216,731,Wishlist,2025-05-08
11756,844,106,AddToCart,2025-07-01
11757,2159,500,AddToCart,2025-08-03
11758,2100,810,Purchase,2025-02-16
11759,1451,342,Purchase,2026-03-26
11760,381,939,Purchase,2026-05-28
11761,559,387,View,2026-01-11
11762,1222,631,Wishlist,2025-02-03
11763,353,889,AddToCart,2026-04-19
11764,2131,512,View,2025-07-24
11765,131,476,View,2025-08-17
11766,439,113,AddToCart,2025-10-07
11767,1084,905,AddToCart,2025-07-24
11768,1050,964,AddToCart,2025-06-28
11769,396,456,Wishlist,2025-06-12
11770,1912,978,Wishlist,2025-07-18
11771,1924,283,Purchase,2026-06-19
11772,1511,951,Purchase,2025-07-21
11773,1433,637,Wishlist,2025-10-28
11774,1553,797,Purchase,2025-07-26
11775,1569,99,AddToCart,2026-02-10
11776,585,843,Search,2025-05-18
11777,75,573,View,2025-04-24
11778,2340,427,Purchase,2025-09-18
11779,1525,405,Wishlist,2026-05-23
11780,1615,758,View,2025-01-07
11781,1487,581,View,2025-04-20
11782,2558,739,Purchase,2026-06-14
11783,2838,313,Wishlist,2026-02-03
11784,989,281,Purchase,2025-07-29
11785,1720,100,Search,2025-06-16
11786,1948,361,Search,2025-06-09
11787,1183,976,Purchase,2025-09-17
11788,612,901,View,2025-01-10
11789,2495,859,Wishlist,2025-03-31
11790,1663,131,Search,2025-11-27
11791,2393,822,View,2025-08-20
11792,1336,989,Search,2025-01-21
11793,1979,8,View,2025-10-09
11794,2866,500,AddToCart,2026-05-06
11795,709,725,View,2025-01-25
11796,490,944,AddToCart,2026-03-19
11797,1127,222,Search,2025-07-01
11798,991,848,Wishlist,2025-05-13
11799,2506,131,Search,2025-01-08
11800,1252,988,View,2026-05-23
11801,558,433,Purchase,2025-12-26
11802,2281,169,Search,2025-08-31
11803,712,648,Wishlist,2025-08-30
11804,1776,177,Search,2025-11-20
11805,500,918,Wishlist,2025-09-25
11806,1830,182,AddToCart,2025-05-29
11807,2043,478,Search,2026-03-13
11808,664,881,Wishlist,2026-03-27
11809,1985,443,Wishlist,2025-09-04
11810,193,981,Search,2025-10-27
11811,1536,835,AddToCart,2025-01-14
11812,2616,228,View,2025-09-22
11813,697,942,View,2025-12-20
11814,1761,17,Wishlist,2025-08-30
11815,859,36,View,2025-12-28
11816,2863,799,Search,2026-07-02
11817,2835,175,AddToCart,2026-05-07
11818,2583,151,Wishlist,2025-09-16
11819,693,497,Purchase,2026-04-07
11820,485,198,Purchase,2026-02-06
11821,2312,443,AddToCart,2025-11-24
11822,475,178,Search,2026-06-04
11823,362,364,AddToCart,2025-09-13
11824,1985,858,Purchase,2026-02-20
11825,2994,249,Search,2025-07-03
11826,1231,53,View,2025-08-03
11827,294,760,Purchase,2026-04-02
11828,1924,277,View,2026-01-11
11829,2678,742,AddToCart,2025-01-18
11830,582,957,View,2025-05-10
11831,149,700,Wishlist,2026-06-03
11832,8,821,View,2025-07-08
11833,2449,571,Wishlist,2026-03-24
11834,597,890,Search,2025-10-26
11835,1047,90,AddToCart,2026-04-14
11836,2232,501,View,2026-01-10
11837,378,235,Purchase,2025-09-17
11838,70,819,Wishlist,2025-09-17
11839,199,385,Search,2026-05-21
11840,189,341,Wishlist,2025-07-28
11841,223,674,Purchase,2025-06-25
11842,2014,550,Purchase,2026-05-13
11843,2710,923,Wishlist,2026-01-27
11844,182,520,Search,2025-10-24
11845,737,479,View,2025-01-17
11846,187,330,Search,2026-03-21
11847,131,64,AddToCart,2025-05-18
11848,2277,491,Search,2025-10-11
11849,2864,119,AddToCart,2026-04-19
11850,1269,917,View,2025-08-31
11851,1546,290,Wishlist,2025-11-11
11852,2896,455,Purchase,2025-11-25
11853,2791,141,Wishlist,2025-11-13
11854,875,859,Wishlist,2026-03-31
11855,713,761,Search,2025-03-26
11856,1151,728,Search,2025-04-21
11857,1856,824,Purchase,2025-03-12
11858,235,867,Search,2025-09-11
11859,1074,123,Wishlist,2025-05-11
11860,351,257,AddToCart,2025-05-19
11861,2957,498,Purchase,2025-09-01
11862,1215,226,View,2025-11-03
11863,1272,145,Purchase,2025-05-13
11864,512,56,AddToCart,2025-04-19
11865,2370,186,Wishlist,2025-10-09
11866,1384,56,Wishlist,2026-06-30
11867,1380,74,Wishlist,2025-06-29
11868,2278,142,Search,2025-07-23
11869,113,808,AddToCart,2025-05-11
11870,795,161,Wishlist,2025-12-22
11871,1909,30,View,2025-08-26
11872,590,432,Wishlist,2025-02-14
11873,2340,336,View,2025-09-27
11874,2406,578,Purchase,2026-05-09
11875,531,932,View,2025-02-15
11876,610,849,View,2025-10-26
11877,783,406,Search,2025-02-22
11878,1462,374,Search,2025-05-04
11879,2848,395,Wishlist,2025-12-19
11880,1438,950,Wishlist,2026-01-29
11881,2177,838,Wishlist,2026-05-06
11882,1691,889,AddToCart,2025-04-06
11883,2644,592,AddToCart,2025-12-04
11884,1157,669,AddToCart,2026-05-28
11885,2035,414,Purchase,2025-07-08
11886,2850,191,View,2026-04-16
11887,1204,540,Purchase,2025-04-10
11888,413,877,View,2026-05-18
11889,372,515,AddToCart,2025-04-18
11890,2877,182,Wishlist,2025-05-19
11891,1732,707,View,2025-06-18
11892,1177,11,Search,2025-06-22
11893,2510,342,Purchase,2025-05-03
11894,2220,274,Purchase,2025-04-26
11895,1573,47,Search,2026-03-09
11896,2343,878,Search,2025-01-01
11897,1899,791,Search,2025-11-26
11898,1698,41,View,2025-05-19
11899,1402,579,Search,2025-08-04
11900,112,88,AddToCart,2026-04-19
11901,400,265,Wishlist,2025-12-27
11902,2540,409,Wishlist,2025-09-18
11903,666,265,View,2026-01-10
11904,1609,535,AddToCart,2025-09-10
11905,2099,643,Wishlist,2025-10-02
11906,2952,375,AddToCart,2025-07-23
11907,207,716,Wishlist,2025-04-13
11908,540,249,View,2025-03-03
11909,133,455,Purchase,2025-07-17
11910,1497,710,View,2026-02-06
11911,684,560,Wishlist,2025-05-21
11912,862,706,Purchase,2025-01-27
11913,1517,569,Search,2025-09-26
11914,1024,352,Search,2026-02-18
11915,1519,462,Purchase,2026-02-13
11916,435,303,View,2025-11-04
11917,1279,137,Search,2025-02-22
11918,893,150,View,2026-07-03
11919,2374,828,Purchase,2025-10-11
11920,1481,188,View,2025-04-09
11921,1526,877,Wishlist,2025-12-04
11922,2311,148,Search,2026-03-03
11923,1525,666,View,2025-03-11
11924,933,313,AddToCart,2025-03-12
11925,2663,217,Search,2025-04-27
11926,456,916,Search,2025-11-17
11927,1740,605,AddToCart,2025-12-29
11928,1694,378,View,2026-02-07
11929,1737,6,AddToCart,2025-06-09
11930,122,370,Search,2025-05-08
11931,2766,494,View,2025-04-02
11932,2520,605,Wishlist,2025-12-26
11933,884,263,View,2026-04-15
11934,508,637,Purchase,2025-08-03
11935,2261,780,AddToCart,2026-01-01
11936,101,431,View,2025-02-07
11937,1821,108,AddToCart,2025-01-17
11938,2335,565,Search,2025-01-06
11939,763,775,Purchase,2026-03-11
11940,87,111,Search,2026-01-14
11941,2002,287,Purchase,2025-09-01
11942,654,653,Search,2025-03-12
11943,2119,676,View,2026-04-21
11944,1316,13,View,2025-05-25
11945,1989,456,Purchase,2026-01-30
11946,740,460,Search,2025-03-22
11947,1316,103,Search,2026-04-25
11948,1886,665,Search,2025-09-01
11949,561,449,Search,2025-12-06
11950,2141,296,AddToCart,2025-08-14
11951,1823,77,Purchase,2026-04-08
11952,110,153,Wishlist,2025-09-13
11953,1657,239,View,2025-11-03
11954,536,102,Wishlist,2025-08-24
11955,794,273,AddToCart,2026-01-27
11956,2448,234,Purchase,2025-03-26
11957,1060,673,Wishlist,2025-12-07
11958,227,815,Purchase,2025-01-25
11959,1303,217,View,2025-11-26
11960,1454,414,Search,2025-06-22
11961,300,26,Wishlist,2025-03-05
11962,1614,818,Purchase,2025-07-22
11963,1832,491,Purchase,2025-03-31
11964,2175,833,View,2025-07-06
11965,920,802,Search,2026-06-19
11966,937,437,Purchase,2026-03-20
11967,1463,279,Search,2025-09-26
11968,2989,971,AddToCart,2025-03-06
11969,961,673,View,2026-03-22
11970,2129,678,Wishlist,2025-07-01
11971,766,540,View,2025-03-18
11972,486,874,Search,2025-06-21
11973,1630,733,Purchase,2025-02-20
11974,2465,72,Search,2025-12-12
11975,2003,588,Wishlist,2025-09-14
11976,2201,440,Wishlist,2025-10-20
11977,34,747,Wishlist,2025-08-03
11978,1166,787,View,2025-08-14
11979,2719,724,Search,2025-05-15
11980,2497,132,View,2025-03-29
11981,1175,125,AddToCart,2025-01-03
11982,298,55,AddToCart,2026-05-28
11983,2648,992,AddToCart,2025-01-24
11984,307,18,Wishlist,2026-06-11
11985,43,686,Search,2026-03-29
11986,1370,192,View,2025-11-22
11987,1882,621,Wishlist,2025-12-31
11988,337,918,Search,2025-05-07
11989,193,674,View,2026-06-19
11990,570,637,View,2026-01-01
11991,320,715,Wishlist,2025-09-02
11992,1563,796,AddToCart,2026-07-05
11993,2812,793,View,2026-01-03
11994,1015,140,AddToCart,2025-11-18
11995,1018,848,View,2025-09-02
11996,2889,403,View,2025-01-13
11997,262,938,View,2025-04-07
11998,824,96,Search,2026-06-03
11999,2154,586,AddToCart,2026-06-23
12000,1493,951,Wishlist,2025-04-08
12001,483,927,View,2026-02-04
12002,2875,684,View,2025-01-29
12003,1710,12,Search,2025-03-20
12004,2957,684,Search,2026-04-26
12005,687,715,View,2025-07-29
12006,1913,639,View,2025-06-05
12007,1903,249,Purchase,2025-03-03
12008,139,349,View,2026-05-28
12009,50,602,AddToCart,2025-09-18
12010,268,865,Wishlist,2025-09-05
12011,919,542,View,2025-05-23
12012,181,61,Purchase,2026-05-29
12013,298,600,AddToCart,2025-06-30
12014,992,578,View,2025-01-08
12015,1313,683,AddToCart,2025-05-25
12016,56,354,Wishlist,2025-10-27
12017,822,252,Search,2026-05-10
12018,2483,32,Purchase,2025-04-14
12019,2982,308,AddToCart,2026-03-02
12020,50,460,AddToCart,2026-01-10
12021,1547,430,AddToCart,2025-09-12
12022,368,223,Search,2025-11-07
12023,1675,264,AddToCart,2025-03-09
12024,2468,242,Wishlist,2025-02-04
12025,1196,50,Purchase,2026-05-15
12026,1720,664,AddToCart,2026-06-11
12027,2575,457,Purchase,2025-04-02
12028,1548,304,Search,2025-07-24
12029,1705,737,AddToCart,2025-10-07
12030,2285,398,Search,2026-02-13
12031,174,966,View,2025-01-31
12032,474,217,Search,2026-03-12
12033,1286,18,AddToCart,2026-06-23
12034,541,105,Wishlist,2026-04-17
12035,2635,112,Search,2025-12-03
12036,2030,896,View,2025-07-01
12037,127,897,Search,2025-02-08
12038,1102,717,View,2025-04-30
12039,2007,312,Purchase,2025-02-21
12040,2949,387,Search,2025-12-18
12041,959,713,Purchase,2026-03-14
12042,2626,731,Wishlist,2026-05-31
12043,1370,9,Wishlist,2025-12-15
12044,253,537,Search,2026-05-21
12045,1125,874,View,2026-02-11
12046,1208,816,Wishlist,2025-05-13
12047,1562,34,AddToCart,2026-05-14
12048,2594,45,Purchase,2025-04-11
12049,1593,607,View,2025-07-29
12050,1288,239,Wishlist,2025-09-21
12051,1556,937,Wishlist,2025-05-25
12052,2546,445,AddToCart,2025-01-21
12053,896,187,View,2025-10-15
12054,1075,404,Search,2025-09-12
12055,166,649,AddToCart,2025-08-04
12056,35,734,Wishlist,2026-01-14
12057,807,725,Search,2025-05-15
12058,2849,387,Wishlist,2025-02-05
12059,931,299,Wishlist,2026-03-07
12060,1671,969,Search,2025-06-19
12061,2852,697,Wishlist,2025-06-30
12062,1182,647,AddToCart,2025-05-26
12063,1983,310,Wishlist,2026-04-14
12064,1984,716,Search,2026-02-02
12065,479,363,Wishlist,2026-05-12
12066,281,403,Wishlist,2025-09-30
12067,2842,688,View,2026-01-05
12068,83,646,Search,2025-01-09
12069,2362,836,AddToCart,2025-03-19
12070,1063,349,Wishlist,2026-06-26
12071,2937,352,Purchase,2026-02-21
12072,2436,127,Wishlist,2026-02-05
12073,2797,530,Purchase,2025-12-16
12074,2811,197,AddToCart,2025-01-09
12075,1886,526,Wishlist,2026-04-01
12076,950,344,Search,2025-11-09
12077,2497,449,Wishlist,2026-07-03
12078,353,768,Purchase,2025-09-15
12079,249,546,Search,2026-03-22
12080,2058,582,AddToCart,2026-01-17
12081,2731,565,Wishlist,2025-08-09
12082,608,853,View,2025-08-15
12083,534,339,Purchase,2026-05-12
12084,1965,106,View,2026-04-23
12085,230,627,AddToCart,2026-01-15
12086,1156,799,Wishlist,2025-09-04
12087,1719,178,AddToCart,2025-03-10
12088,1315,485,Wishlist,2025-06-17
12089,2104,974,View,2026-03-23
12090,957,114,Wishlist,2026-01-15
12091,2777,240,View,2026-04-13
12092,668,387,View,2025-12-29
12093,400,317,View,2025-01-07
12094,2689,579,Purchase,2025-11-04
12095,1694,250,Wishlist,2025-02-15
12096,2574,607,AddToCart,2025-04-06
12097,2362,718,View,2026-05-10
12098,1382,307,Purchase,2025-02-18
12099,1762,777,Wishlist,2026-04-17
12100,239,962,AddToCart,2025-06-14
12101,926,269,Purchase,2025-01-17
12102,523,319,View,2026-04-15
12103,935,610,Search,2026-05-12
12104,2861,575,Purchase,2026-06-16
12105,2638,228,AddToCart,2026-05-24
12106,1963,343,View,2026-06-27
12107,2517,706,Wishlist,2026-05-24
12108,326,830,AddToCart,2026-03-26
12109,1130,661,Wishlist,2025-08-09
12110,1186,364,Purchase,2025-09-21
12111,2366,62,Search,2025-10-06
12112,2352,258,Search,2025-11-09
12113,505,980,View,2025-11-14
12114,1761,537,AddToCart,2025-11-21
12115,729,782,Purchase,2025-11-25
12116,130,761,Wishlist,2025-01-24
12117,1134,777,View,2026-05-23
12118,1333,972,Purchase,2025-08-27
12119,2780,180,Search,2026-04-05
12120,2907,668,Wishlist,2025-10-22
12121,126,639,Purchase,2025-12-26
12122,561,8,Purchase,2025-09-28
12123,1736,299,Purchase,2025-06-16
12124,845,393,View,2025-08-22
12125,2235,184,Purchase,2026-02-11
12126,350,772,Search,2025-07-19
12127,567,672,Purchase,2026-06-11
12128,895,390,Search,2025-07-17
12129,2206,857,Search,2026-02-22
12130,1974,442,Wishlist,2026-03-02
12131,393,509,Wishlist,2025-12-10
12132,1362,51,Purchase,2025-05-17
12133,1783,950,Wishlist,2025-09-17
12134,2652,218,View,2026-04-12
12135,251,253,Search,2025-05-23
12136,155,963,Wishlist,2026-02-27
12137,1036,37,AddToCart,2025-06-04
12138,1219,293,View,2025-02-06
12139,289,780,AddToCart,2026-04-27
12140,300,969,View,2026-05-26
12141,1110,260,Purchase,2025-05-26
12142,856,800,AddToCart,2025-06-22
12143,1773,323,AddToCart,2025-03-16
12144,507,312,Wishlist,2025-07-01
12145,2211,783,Wishlist,2025-02-07
12146,734,253,View,2026-05-27
12147,2776,278,Search,2025-03-06
12148,708,989,Purchase,2025-03-31
12149,981,380,Search,2025-04-06
12150,1071,349,View,2026-01-06
12151,1563,288,Wishlist,2025-03-15
12152,2507,954,Purchase,2026-02-04
12153,2870,557,View,2025-06-13
12154,688,841,Wishlist,2025-02-05
12155,2627,591,Purchase,2025-02-28
12156,1266,2,Wishlist,2025-08-01
12157,329,954,AddToCart,2025-02-22
12158,1256,115,View,2025-11-22
12159,2481,363,AddToCart,2025-10-30
12160,1613,220,Wishlist,2025-01-11
12161,1190,743,Purchase,2026-05-08
12162,2269,558,AddToCart,2025-05-08
12163,906,58,AddToCart,2026-01-23
12164,2697,208,Search,2025-09-22
12165,2055,796,Wishlist,2026-05-01
12166,985,679,AddToCart,2026-02-08
12167,252,389,View,2025-08-16
12168,587,529,Purchase,2026-06-04
12169,1547,151,AddToCart,2025-07-28
12170,2859,312,AddToCart,2025-10-11
12171,334,959,AddToCart,2025-02-13
12172,2016,310,Purchase,2026-02-10
12173,2322,153,Wishlist,2025-05-04
12174,2714,489,Wishlist,2026-06-27
12175,2342,429,AddToCart,2025-04-10
12176,701,489,AddToCart,2025-04-20
12177,215,166,AddToCart,2025-02-21
12178,184,510,Wishlist,2025-03-14
12179,1848,740,View,2026-03-07
12180,824,885,Wishlist,2025-02-28
12181,2601,313,Purchase,2026-03-11
12182,2741,82,Purchase,2025-06-27
12183,1100,603,Wishlist,2025-08-08
12184,128,348,Purchase,2025-05-14
12185,145,426,Search,2025-10-07
12186,2155,137,Purchase,2026-02-24
12187,2171,644,Wishlist,2025-08-19
12188,392,424,View,2025-04-05
12189,2893,85,Search,2025-07-16
12190,1304,428,Wishlist,2025-10-02
12191,675,862,View,2025-08-16
12192,121,5,Wishlist,2025-09-26
12193,651,944,Purchase,2025-03-11
12194,2512,663,Search,2026-02-14
12195,1425,242,Search,2025-10-31
12196,2808,59,Purchase,2026-04-30
12197,1910,442,Wishlist,2025-10-13
12198,1438,511,View,2025-01-20
12199,435,615,Search,2026-04-23
12200,2606,131,Purchase,2026-01-09
12201,1937,997,Wishlist,2025-09-02
12202,1407,297,Purchase,2025-01-09
12203,2115,221,Purchase,2025-06-15
12204,172,102,Search,2025-09-27
12205,1229,526,Search,2025-10-08
12206,1447,66,AddToCart,2025-10-22
12207,2034,166,Purchase,2026-03-12
12208,1871,617,Wishlist,2025-06-26
12209,2538,298,Search,2026-01-02
12210,1323,625,Wishlist,2026-04-06
12211,2894,285,Search,2025-12-13
12212,1872,886,Purchase,2025-01-09
12213,1880,563,Purchase,2025-04-15
12214,260,193,Search,2025-10-15
12215,2661,766,View,2026-01-04
12216,994,165,Wishlist,2025-08-19
12217,2723,484,View,2025-04-29
12218,396,871,View,2026-04-05
12219,489,921,Search,2025-07-11
12220,2966,947,Search,2025-06-12
12221,264,140,View,2026-02-07
12222,653,672,View,2025-03-26
12223,1712,300,Purchase,2026-01-05
12224,949,484,AddToCart,2026-02-22
12225,1568,945,Search,2026-02-04
12226,2361,195,Purchase,2026-02-16
12227,2619,263,Wishlist,2026-06-12
12228,1609,652,Wishlist,2025-05-04
12229,2973,407,Wishlist,2026-06-17
12230,2200,788,View,2025-10-27
12231,653,380,View,2025-10-19
12232,2718,931,View,2025-12-10
12233,122,610,View,2025-01-08
12234,1109,623,Purchase,2026-02-28
12235,1281,229,View,2025-08-11
12236,2330,786,Search,2025-07-01
12237,2240,46,AddToCart,2025-03-16
12238,387,215,Wishlist,2025-10-06
12239,73,407,Purchase,2025-01-07
12240,703,494,Wishlist,2025-04-28
12241,483,181,Purchase,2026-02-07
12242,157,102,Search,2026-04-21
12243,274,771,AddToCart,2025-02-23
12244,1926,949,Purchase,2025-07-31
12245,47,316,Wishlist,2026-04-20
12246,2769,841,AddToCart,2026-05-13
12247,182,870,AddToCart,2025-05-21
12248,907,845,View,2025-01-22
12249,488,455,View,2025-03-05
12250,2439,769,Search,2025-10-25
12251,2163,362,Wishlist,2025-04-16
12252,2395,770,View,2025-10-14
12253,1927,523,AddToCart,2026-04-26
12254,1226,750,View,2025-10-01
12255,469,826,Wishlist,2026-04-28
12256,2127,752,Search,2025-12-13
12257,1019,527,Wishlist,2026-01-02
12258,201,21,Purchase,2025-12-27
12259,2321,217,View,2025-07-05
12260,2112,23,AddToCart,2025-05-18
12261,216,153,AddToCart,2026-04-24
12262,50,613,Search,2026-06-02
12263,186,847,Wishlist,2025-10-26
12264,340,686,AddToCart,2025-06-29
12265,2818,257,View,2025-10-12
12266,2730,117,Wishlist,2025-01-01
12267,1579,852,View,2025-10-18
12268,2040,789,View,2026-01-13
12269,2138,609,Search,2026-06-08
12270,528,810,Purchase,2026-04-14
12271,111,750,View,2025-10-21
12272,306,73,AddToCart,2025-11-14
12273,499,383,Purchase,2025-12-25
12274,1471,604,Purchase,2025-09-25
12275,884,788,View,2025-08-16
12276,2101,585,AddToCart,2026-04-14
12277,1993,546,AddToCart,2026-03-31
12278,2014,584,Wishlist,2025-10-03
12279,1272,694,View,2026-04-07
12280,749,398,Purchase,2026-03-09
12281,1670,244,Search,2025-05-20
12282,17,231,Purchase,2026-01-30
12283,1796,100,Search,2025-09-07
12284,1901,941,Search,2025-04-10
12285,922,619,AddToCart,2025-11-09
12286,754,393,Wishlist,2025-05-21
12287,2359,359,Wishlist,2026-06-03
12288,167,71,AddToCart,2025-04-16
12289,2758,115,Search,2026-04-13
12290,47,266,Search,2026-03-14
12291,2005,155,Wishlist,2025-02-09
12292,1050,820,Purchase,2025-03-20
12293,1583,232,View,2025-07-24
12294,813,691,Wishlist,2026-01-14
12295,1055,621,AddToCart,2025-12-13
12296,598,955,Purchase,2025-05-07
12297,1566,640,View,2025-03-27
12298,2045,892,Purchase,2026-04-10
12299,932,523,Purchase,2026-06-26
12300,2030,932,View,2025-02-24
12301,1183,220,Wishlist,2026-03-18
12302,2537,143,AddToCart,2025-03-09
12303,2252,703,Wishlist,2025-04-23
12304,2908,604,Purchase,2026-01-26
12305,1030,665,Purchase,2026-02-14
12306,21,869,Wishlist,2025-12-25
12307,1517,194,Wishlist,2025-03-20
12308,2057,283,View,2025-12-21
12309,2465,166,Wishlist,2025-08-13
12310,596,209,View,2025-06-11
12311,1211,481,Search,2026-05-30
12312,735,172,View,2025-02-28
12313,2487,499,Purchase,2025-03-17
12314,2737,846,Wishlist,2025-03-27
12315,2021,841,Purchase,2025-11-10
12316,300,312,Search,2025-09-23
12317,764,446,Search,2026-04-09
12318,1476,117,Search,2026-05-31
12319,160,913,AddToCart,2026-01-01
12320,2880,902,Search,2025-01-25
12321,2378,165,Search,2025-05-24
12322,2953,692,Search,2026-03-02
12323,2671,540,Search,2025-06-06
12324,2926,401,View,2025-05-10
12325,424,151,AddToCart,2025-05-03
12326,2939,41,Search,2025-01-13
12327,2842,815,Purchase,2025-05-11
12328,2125,915,AddToCart,2025-08-24
12329,1285,213,Purchase,2026-03-04
12330,848,690,Search,2025-02-26
12331,248,331,Purchase,2025-04-30
12332,1674,103,Purchase,2025-09-03
12333,939,663,AddToCart,2026-02-16
12334,1282,467,Purchase,2025-05-05
12335,2198,527,Purchase,2026-06-01
12336,497,9,Wishlist,2026-04-24
12337,256,536,View,2025-02-27
12338,2520,463,Search,2025-01-25
12339,1431,190,AddToCart,2026-03-02
12340,1020,948,Purchase,2026-02-02
12341,2912,411,AddToCart,2025-02-27
12342,1922,611,AddToCart,2025-04-03
12343,272,144,View,2026-01-11
12344,1614,903,Purchase,2026-04-22
12345,621,718,AddToCart,2025-08-08
12346,2045,437,Purchase,2025-03-11
12347,1264,721,AddToCart,2026-02-17
12348,1400,760,AddToCart,2025-05-12
12349,2696,292,Search,2025-02-16
12350,41,96,View,2025-01-23
12351,1636,163,Purchase,2025-02-05
12352,2650,714,AddToCart,2025-06-14
12353,1007,643,Purchase,2025-07-24
12354,2960,806,Search,2025-11-04
12355,2421,705,View,2025-10-29
12356,2165,820,Purchase,2025-12-12
12357,2169,957,Wishlist,2025-10-21
12358,712,163,AddToCart,2025-04-21
12359,2524,820,Purchase,2026-04-18
12360,1300,395,Search,2025-11-19
12361,2224,802,Purchase,2026-03-15
12362,585,716,AddToCart,2025-02-07
12363,292,915,Wishlist,2026-05-10
12364,2609,351,Search,2025-12-17
12365,1140,801,Purchase,2026-05-22
12366,2127,573,View,2025-12-04
12367,1291,413,Purchase,2025-06-06
12368,492,50,View,2025-06-03
12369,49,332,Wishlist,2025-11-29
12370,1449,721,Search,2026-02-13
12371,533,172,AddToCart,2025-03-14
12372,316,649,View,2026-05-01
12373,11,948,AddToCart,2025-04-18
12374,278,235,Purchase,2025-05-18
12375,1373,132,Wishlist,2025-06-18
12376,1139,780,AddToCart,2025-11-18
12377,2148,171,AddToCart,2025-07-19
12378,1633,983,View,2026-02-09
12379,2293,513,Search,2025-10-08
12380,1007,499,View,2025-10-22
12381,2098,998,Wishlist,2025-09-08
12382,2838,356,Search,2025-02-06
12383,1221,219,Purchase,2026-04-12
12384,1112,127,Purchase,2025-04-22
12385,987,911,Wishlist,2025-06-20
12386,1945,218,Search,2026-03-10
12387,2347,468,View,2026-06-10
12388,764,771,Search,2026-06-06
12389,1133,235,View,2026-05-27
12390,2220,439,Wishlist,2026-05-29
12391,1624,905,Wishlist,2026-06-01
12392,33,994,Wishlist,2025-01-09
12393,934,473,Search,2025-11-03
12394,1934,993,Purchase,2025-05-13
12395,1368,666,View,2025-11-26
12396,2909,676,Search,2025-09-09
12397,851,148,Search,2025-01-09
12398,412,867,View,2025-09-27
12399,600,56,AddToCart,2025-10-03
12400,1123,706,Wishlist,2025-07-30
12401,1318,668,AddToCart,2025-12-29
12402,2931,722,Purchase,2026-02-19
12403,2865,280,Search,2025-06-30
12404,2323,37,Wishlist,2026-07-02
12405,2339,408,View,2026-02-07
12406,1844,168,View,2025-05-06
12407,2801,307,View,2025-09-01
12408,2334,393,Purchase,2025-11-11
12409,2403,280,Wishlist,2025-06-20
12410,2882,719,Purchase,2025-01-25
12411,239,855,AddToCart,2025-11-29
12412,507,978,Search,2025-09-16
12413,207,945,AddToCart,2025-05-25
12414,2049,329,AddToCart,2026-07-05
12415,1589,753,Purchase,2026-03-01
12416,308,865,AddToCart,2025-04-13
12417,1504,611,Search,2026-02-18
12418,1329,50,Search,2025-06-11
12419,2444,959,Wishlist,2025-04-02
12420,1656,234,View,2025-01-31
12421,680,101,Wishlist,2026-01-12
12422,2534,328,Wishlist,2025-10-06
12423,492,429,View,2025-01-31
12424,2714,467,Purchase,2026-05-20
12425,1512,998,Purchase,2025-02-16
12426,1761,717,Purchase,2025-09-21
12427,2050,1000,Purchase,2025-09-17
12428,2841,285,View,2026-04-12
12429,130,487,View,2026-04-10
12430,62,492,Purchase,2025-03-25
12431,1280,384,Purchase,2025-01-14
12432,392,295,AddToCart,2026-02-15
12433,1641,332,AddToCart,2026-02-19
12434,2750,939,Purchase,2025-04-03
12435,1535,6,View,2025-11-03
12436,891,596,Search,2025-03-24
12437,201,710,AddToCart,2025-01-01
12438,2989,827,AddToCart,2026-02-16
12439,26,193,Wishlist,2025-06-27
12440,2747,967,Purchase,2025-11-25
12441,1696,181,Wishlist,2026-01-18
12442,2214,255,View,2025-05-21
12443,1549,385,Search,2025-08-20
12444,265,60,Wishlist,2025-11-18
12445,753,840,View,2025-08-02
12446,2101,62,View,2025-04-02
12447,1736,932,Search,2025-03-04
12448,2080,104,Purchase,2025-01-02
12449,1416,882,Wishlist,2025-02-12
12450,995,927,View,2026-04-03
12451,1494,16,View,2025-09-01
12452,1542,350,View,2025-11-10
12453,1853,243,AddToCart,2025-02-01
12454,849,697,View,2026-01-25
12455,2715,761,AddToCart,2026-01-23
12456,1043,735,Search,2026-06-03
12457,1924,423,View,2025-07-21
12458,1136,43,View,2025-10-25
12459,1210,486,Wishlist,2026-04-16
12460,310,120,Wishlist,2025-02-01
12461,97,108,AddToCart,2026-02-23
12462,2193,596,Search,2026-05-05
12463,1064,599,AddToCart,2025-11-18
12464,1345,22,Purchase,2025-10-01
12465,335,149,Wishlist,2025-04-14
12466,2342,82,Search,2026-05-28
12467,1736,46,Purchase,2025-11-29
12468,2034,378,View,2025-10-14
12469,1840,834,Wishlist,2026-03-02
12470,2382,953,View,2025-06-02
12471,2976,52,Purchase,2025-06-14
12472,1306,298,Purchase,2026-04-26
12473,2582,782,Wishlist,2025-03-23
12474,1598,531,AddToCart,2026-02-14
12475,2024,395,Search,2026-04-10
12476,731,169,View,2026-03-10
12477,1989,550,Search,2026-05-22
12478,1554,834,View,2025-10-19
12479,1016,973,Purchase,2025-10-25
12480,1447,739,Search,2025-02-06
12481,2710,495,View,2025-01-13
12482,1205,425,Wishlist,2026-04-11
12483,2374,226,AddToCart,2025-06-12
12484,2769,355,Purchase,2025-01-20
12485,847,639,AddToCart,2026-02-12
12486,1352,556,Search,2026-06-25
12487,1753,775,Purchase,2025-03-03
12488,266,367,AddToCart,2026-01-28
12489,1964,878,Purchase,2025-08-25
12490,1887,673,AddToCart,2026-01-13
12491,2671,316,Search,2025-09-08
12492,62,840,Wishlist,2026-04-12
12493,1269,827,Search,2026-01-28
12494,1247,701,Purchase,2025-08-15
12495,1943,694,Wishlist,2025-09-25
12496,11,981,Search,2025-02-19
12497,1297,616,Wishlist,2026-06-19
12498,2477,372,Purchase,2026-03-22
12499,357,284,Search,2025-01-22
12500,2423,796,Wishlist,2026-02-01
12501,671,871,Wishlist,2026-06-26
12502,221,957,View,2025-07-25
12503,2677,112,Purchase,2025-11-07
12504,498,607,Purchase,2025-05-16
12505,1148,99,Purchase,2025-11-17
12506,849,871,View,2025-05-12
12507,2795,472,Search,2025-09-17
12508,262,39,View,2025-12-21
12509,1806,721,Purchase,2025-07-26
12510,2647,164,AddToCart,2025-06-15
12511,2103,24,Wishlist,2025-05-24
12512,2551,602,Search,2025-07-03
12513,470,441,View,2025-06-22
12514,2682,758,Wishlist,2026-07-05
12515,1745,63,AddToCart,2026-04-24
12516,1527,110,AddToCart,2025-05-22
12517,1916,391,Wishlist,2026-05-03
12518,814,441,Purchase,2026-02-14
12519,2441,340,Purchase,2025-06-05
12520,1076,201,Purchase,2025-09-16
12521,2676,892,View,2025-05-12
12522,2396,179,AddToCart,2025-04-12
12523,1145,542,Purchase,2025-09-18
12524,2372,383,AddToCart,2025-07-16
12525,23,67,Purchase,2026-04-24
12526,2615,965,Wishlist,2025-02-23
12527,2675,919,Wishlist,2025-06-27
12528,1472,528,View,2025-04-03
12529,2371,859,Search,2026-02-12
12530,347,962,Search,2025-10-02
12531,1585,500,View,2025-06-22
12532,1164,754,Wishlist,2025-01-14
12533,537,520,AddToCart,2025-04-25
12534,1608,782,AddToCart,2025-12-24
12535,299,869,View,2026-02-22
12536,2291,819,View,2025-04-04
12537,39,499,AddToCart,2026-02-26
12538,1611,567,Wishlist,2025-10-03
12539,1992,643,AddToCart,2025-05-17
12540,376,340,Purchase,2026-05-02
12541,726,779,AddToCart,2025-09-02
12542,466,131,View,2025-03-07
12543,1123,399,Search,2025-05-22
12544,1089,776,AddToCart,2025-01-12
12545,1808,792,Wishlist,2025-03-28
12546,319,86,AddToCart,2026-04-05
12547,1233,741,Wishlist,2025-01-24
12548,1059,869,Search,2026-02-11
12549,1810,203,View,2026-04-23
12550,2316,993,AddToCart,2026-04-24
12551,106,202,Purchase,2026-04-10
12552,1061,379,Search,2025-08-05
12553,2493,455,AddToCart,2026-01-24
12554,1178,501,Search,2026-05-30
12555,1980,503,View,2026-01-18
12556,2813,373,Wishlist,2025-08-18
12557,128,409,Wishlist,2026-02-07
12558,1511,571,AddToCart,2026-02-03
12559,1770,954,View,2026-06-06
12560,2849,56,AddToCart,2025-07-09
12561,2416,468,Wishlist,2026-06-05
12562,1993,632,View,2025-12-12
12563,1344,877,Wishlist,2026-06-28
12564,758,187,AddToCart,2026-05-10
12565,1717,367,View,2025-03-30
12566,1544,904,Search,2025-08-07
12567,1462,811,Search,2025-11-14
12568,248,991,AddToCart,2025-08-12
12569,2534,111,Wishlist,2025-01-09
12570,436,827,Search,2025-10-28
12571,2059,904,AddToCart,2026-06-13
12572,2385,23,Search,2025-08-02
12573,851,375,View,2026-01-26
12574,1874,777,Wishlist,2026-02-11
12575,60,366,Purchase,2025-05-19
12576,1450,575,AddToCart,2025-07-08
12577,2772,408,View,2026-01-02
12578,2561,517,Purchase,2025-05-08
12579,1701,649,Wishlist,2025-06-11
12580,2952,971,View,2026-05-29
12581,2200,685,View,2026-05-29
12582,29,151,View,2025-08-31
12583,457,252,AddToCart,2025-04-09
12584,1962,698,AddToCart,2025-01-26
12585,744,248,Search,2025-06-16
12586,1470,922,Purchase,2025-01-08
12587,104,403,View,2026-04-05
12588,950,780,Search,2025-07-18
12589,622,516,Wishlist,2026-01-14
12590,1267,783,Wishlist,2026-06-29
12591,935,556,View,2025-11-07
12592,1874,653,Wishlist,2025-01-05
12593,2738,154,View,2026-01-02
12594,1418,558,AddToCart,2025-07-20
12595,642,790,View,2025-11-10
12596,2650,654,Wishlist,2025-06-12
12597,2729,139,Wishlist,2025-06-20
12598,2275,158,Search,2025-02-25
12599,2627,235,Wishlist,2025-12-10
12600,946,555,AddToCart,2026-01-17
12601,2360,564,Search,2026-03-26
12602,2765,764,Wishlist,2025-06-01
12603,59,809,AddToCart,2025-12-06
12604,2454,81,Wishlist,2026-02-18
12605,1464,74,Search,2025-11-05
12606,1938,4,Purchase,2026-06-08
12607,2808,555,Search,2026-04-11
12608,2719,959,Search,2025-04-24
12609,960,884,Purchase,2025-08-09
12610,2152,819,Purchase,2025-05-19
12611,2294,119,AddToCart,2025-07-31
12612,866,974,View,2025-03-07
12613,79,420,Search,2025-10-25
12614,465,383,AddToCart,2025-01-30
12615,2895,744,Purchase,2025-03-05
12616,2281,841,Wishlist,2026-02-25
12617,2782,893,Purchase,2025-01-20
12618,848,540,Purchase,2026-01-22
12619,1220,35,Wishlist,2026-03-21
12620,1622,108,Purchase,2025-03-23
12621,1716,562,Search,2026-05-18
12622,1455,163,Search,2025-05-05
12623,350,197,AddToCart,2025-06-17
12624,1186,111,Wishlist,2026-06-27
12625,2348,499,Wishlist,2025-05-24
12626,1979,92,Wishlist,2026-07-03
12627,1882,866,Purchase,2025-03-10
12628,402,222,Wishlist,2026-05-22
12629,2650,367,Search,2025-04-15
12630,438,685,View,2025-12-10
12631,1807,107,Search,2026-03-01
12632,246,471,Search,2026-03-07
12633,9,88,View,2025-12-16
12634,2955,249,Search,2025-09-01
12635,2768,618,Wishlist,2026-06-05
12636,820,736,Search,2025-04-08
12637,2522,266,AddToCart,2026-04-08
12638,45,821,Search,2025-05-02
12639,1836,130,Purchase,2026-02-23
12640,2508,699,Wishlist,2025-12-23
12641,1506,446,View,2025-01-17
12642,791,996,Search,2025-05-24
12643,1795,892,Purchase,2025-04-25
12644,873,280,Wishlist,2025-04-24
12645,1524,575,Search,2026-02-05
12646,2272,444,View,2026-03-11
12647,2412,475,Search,2025-09-06
12648,2655,68,Purchase,2025-09-22
12649,1561,7,AddToCart,2026-05-13
12650,2654,197,Wishlist,2025-02-11
12651,1732,257,Wishlist,2025-12-16
12652,2053,241,Purchase,2026-01-26
12653,1363,712,Wishlist,2025-05-03
12654,2240,645,Search,2026-06-11
12655,1534,414,Wishlist,2025-02-18
12656,1518,157,View,2026-06-10
12657,2851,833,View,2026-04-05
12658,240,712,View,2026-04-03
12659,2298,370,Purchase,2026-06-05
12660,1973,181,View,2025-07-05
12661,1419,306,View,2025-07-09
12662,1076,219,View,2025-05-17
12663,1976,81,Search,2025-06-09
12664,2543,94,Purchase,2026-03-15
12665,2467,899,AddToCart,2026-03-11
12666,899,452,View,2025-04-15
12667,2790,104,Purchase,2025-05-08
12668,288,975,Search,2026-04-03
12669,1116,608,View,2026-06-29
12670,2415,67,Purchase,2026-01-30
12671,1628,225,View,2026-01-24
12672,985,601,Purchase,2025-04-18
12673,1180,730,Purchase,2026-01-11
12674,1635,665,Wishlist,2025-02-28
12675,2306,270,Wishlist,2026-05-10
12676,1335,550,View,2025-04-14
12677,858,836,Purchase,2026-04-29
12678,581,180,View,2025-09-10
12679,2651,132,Purchase,2025-12-29
12680,269,794,AddToCart,2026-06-04
12681,2977,158,Purchase,2025-05-06
12682,304,551,Wishlist,2025-03-06
12683,40,406,Search,2026-03-11
12684,892,959,View,2025-09-04
12685,1022,260,View,2026-04-16
12686,1801,716,AddToCart,2025-06-05
12687,902,645,AddToCart,2025-03-23
12688,1387,389,AddToCart,2025-02-15
12689,479,663,AddToCart,2026-04-01
12690,2355,984,View,2026-04-17
12691,160,60,AddToCart,2025-08-11
12692,2053,773,View,2025-08-16
12693,1926,198,Purchase,2025-06-22
12694,256,966,Purchase,2025-10-24
12695,14,232,AddToCart,2025-10-31
12696,1918,723,AddToCart,2026-03-12
12697,2578,503,Search,2026-05-09
12698,1623,632,AddToCart,2026-02-20
12699,2094,763,Purchase,2025-12-14
12700,2906,842,View,2026-05-30
12701,432,473,View,2026-01-19
12702,944,91,AddToCart,2025-01-31
12703,1928,28,Purchase,2025-08-28
12704,2492,336,Wishlist,2025-10-26
12705,2438,599,View,2025-02-24
12706,1488,974,Search,2025-01-10
12707,1649,201,Wishlist,2026-07-05
12708,2167,170,Search,2026-04-16
12709,2867,488,Purchase,2026-01-23
12710,2220,565,AddToCart,2025-12-28
12711,2371,276,Purchase,2025-09-13
12712,1654,119,Search,2025-09-21
12713,963,619,View,2026-04-16
12714,2967,197,View,2025-10-11
12715,1792,119,AddToCart,2025-01-04
12716,32,226,Search,2026-05-09
12717,2526,659,AddToCart,2025-07-16
12718,2146,692,View,2025-12-01
12719,540,861,Purchase,2025-05-27
12720,748,897,AddToCart,2025-01-04
12721,2052,785,View,2025-11-12
12722,1293,70,Search,2025-03-01
12723,1288,621,Search,2025-05-05
12724,135,657,View,2025-12-23
12725,1606,614,Search,2026-02-28
12726,2444,218,View,2025-08-09
12727,1467,527,Search,2025-11-28
12728,2799,264,Search,2025-02-25
12729,472,29,Search,2026-03-12
12730,2399,104,Purchase,2025-02-14
12731,1168,18,Search,2025-03-04
12732,1796,537,Purchase,2025-03-24
12733,2115,360,View,2026-02-11
12734,119,967,AddToCart,2026-04-19
12735,2488,527,Purchase,2025-09-21
12736,2827,331,Search,2025-01-01
12737,2081,848,AddToCart,2026-01-04
12738,2126,683,Wishlist,2025-08-16
12739,2524,47,View,2026-05-04
12740,1266,992,Purchase,2025-05-01
12741,2588,102,View,2026-02-26
12742,2242,593,Search,2026-04-01
12743,389,647,Search,2025-01-13
12744,1606,626,Wishlist,2025-06-02
12745,2782,473,AddToCart,2025-01-22
12746,1446,131,Purchase,2025-11-09
12747,13,836,AddToCart,2025-04-25
12748,2537,203,View,2025-03-11
12749,2213,644,Search,2025-01-25
12750,1747,755,Purchase,2026-05-19
12751,1270,545,AddToCart,2025-05-25
12752,2249,163,Purchase,2026-03-18
12753,213,107,View,2026-01-24
12754,2102,250,Search,2026-01-21
12755,2073,268,Search,2025-12-18
12756,1495,510,Purchase,2026-03-14
12757,265,631,Purchase,2025-06-16
12758,757,798,Wishlist,2025-03-24
12759,19,859,Purchase,2025-09-17
12760,833,98,Search,2025-12-02
12761,1255,767,AddToCart,2025-08-26
12762,2954,296,View,2025-08-05
12763,912,813,AddToCart,2025-05-02
12764,627,422,Wishlist,2026-01-03
12765,955,987,Purchase,2025-10-15
12766,2193,471,AddToCart,2026-01-23
12767,967,295,Wishlist,2025-10-28
12768,2693,644,Search,2026-06-15
12769,2886,490,Search,2025-02-18
12770,2480,110,Wishlist,2026-03-26
12771,2166,513,AddToCart,2026-02-18
12772,1740,272,Purchase,2026-05-24
12773,1843,10,Search,2026-06-13
12774,1532,211,Search,2025-08-22
12775,377,661,AddToCart,2026-02-23
12776,210,953,View,2026-06-07
12777,744,499,Purchase,2026-01-28
12778,330,660,Search,2026-02-17
12779,2385,870,Search,2025-06-15
12780,2616,10,Search,2025-01-06
12781,956,891,View,2025-02-27
12782,899,871,Purchase,2026-04-13
12783,2130,87,View,2025-02-01
12784,2757,214,View,2025-06-06
12785,452,210,View,2025-10-11
12786,2330,515,AddToCart,2026-02-07
12787,901,525,View,2025-09-29
12788,2944,817,Search,2025-10-20
12789,423,626,AddToCart,2025-10-08
12790,2258,667,Search,2026-01-19
12791,2828,556,View,2026-03-13
12792,1266,712,AddToCart,2025-04-25
12793,82,577,AddToCart,2025-06-17
12794,560,829,Search,2025-10-06
12795,1817,47,Wishlist,2026-05-29
12796,1520,593,Purchase,2026-01-19
12797,2057,741,View,2025-10-21
12798,448,968,Purchase,2026-03-27
12799,1349,241,AddToCart,2025-08-22
12800,1996,555,Search,2025-08-30
12801,2047,678,View,2025-01-08
12802,1502,299,View,2025-05-17
12803,1408,463,Search,2025-01-16
12804,886,56,Search,2026-06-16
12805,2308,844,Search,2025-10-14
12806,37,495,Purchase,2026-05-19
12807,2196,974,AddToCart,2025-01-11
12808,1373,246,Wishlist,2026-03-20
12809,31,331,Search,2025-09-26
12810,2758,160,Purchase,2025-05-09
12811,1729,256,Purchase,2025-04-30
12812,2304,509,View,2025-06-15
12813,1422,515,Purchase,2025-01-05
12814,356,975,AddToCart,2025-10-30
12815,2611,270,Search,2025-09-14
12816,1739,127,Wishlist,2026-02-26
12817,1957,667,Search,2025-03-27
12818,896,548,View,2026-06-28
12819,128,542,Search,2026-05-24
12820,1784,551,Wishlist,2025-06-14
12821,514,388,View,2025-05-05
12822,2850,803,Search,2025-08-06
12823,460,605,Search,2026-05-22
12824,2512,949,Purchase,2026-04-26
12825,2745,590,View,2025-03-18
12826,1310,739,Search,2025-03-15
12827,2898,111,View,2025-07-27
12828,2848,721,View,2025-03-29
12829,1165,642,Wishlist,2025-05-03
12830,1261,379,AddToCart,2025-07-03
12831,2315,209,Purchase,2026-03-08
12832,1360,51,AddToCart,2025-10-23
12833,1946,597,Wishlist,2025-09-20
12834,336,282,Wishlist,2026-06-20
12835,2711,566,Search,2025-03-14
12836,1337,204,Wishlist,2025-03-31
12837,650,471,Purchase,2025-08-04
12838,2618,500,View,2025-04-04
12839,903,978,Purchase,2025-09-12
12840,1531,393,View,2025-02-20
12841,2303,950,View,2025-06-21
12842,1488,648,AddToCart,2025-12-02
12843,2806,464,AddToCart,2026-01-19
12844,2099,315,AddToCart,2026-05-28
12845,1043,102,Search,2025-06-26
12846,719,688,Purchase,2025-06-26
12847,899,611,AddToCart,2025-06-05
12848,1317,475,Search,2025-06-22
12849,2159,280,View,2026-05-03
12850,878,70,AddToCart,2025-05-06
12851,2000,435,AddToCart,2025-11-16
12852,1295,857,View,2025-09-09
12853,281,142,Search,2025-08-03
12854,1577,641,Wishlist,2026-02-18
12855,153,940,View,2026-05-26
12856,60,780,AddToCart,2026-03-05
12857,619,859,View,2026-01-17
12858,615,532,Search,2025-08-12
12859,2671,537,Search,2026-03-18
12860,421,296,Search,2025-05-14
12861,1917,812,Search,2025-05-05
12862,1926,963,Purchase,2026-04-14
12863,13,300,Purchase,2026-06-18
12864,1887,893,Purchase,2026-02-20
12865,134,125,View,2025-09-16
12866,2563,149,AddToCart,2025-06-20
12867,1350,269,Purchase,2025-04-12
12868,658,664,AddToCart,2026-01-09
12869,2214,634,Search,2025-02-22
12870,572,838,Search,2026-04-12
12871,2685,778,Search,2025-01-29
12872,2728,828,Wishlist,2025-06-08
12873,1411,163,AddToCart,2025-11-07
12874,1763,866,AddToCart,2026-05-25
12875,2336,993,AddToCart,2026-06-17
12876,2961,107,AddToCart,2025-03-02
12877,1065,654,Wishlist,2025-08-03
12878,2871,921,Search,2026-01-26
12879,884,668,Search,2025-03-18
12880,8,169,Wishlist,2026-02-19
12881,1784,774,View,2026-04-02
12882,1189,114,Purchase,2026-01-18
12883,2928,856,Search,2026-02-16
12884,2519,890,Wishlist,2026-03-24
12885,2034,719,Purchase,2025-07-22
12886,1547,139,AddToCart,2025-02-18
12887,1763,821,Search,2026-07-05
12888,1378,709,Wishlist,2025-09-17
12889,25,93,Wishlist,2025-01-21
12890,2702,942,Purchase,2025-07-18
12891,1116,854,Wishlist,2025-05-20
12892,2069,492,Wishlist,2025-09-03
12893,2629,176,View,2025-11-14
12894,2442,496,View,2025-11-12
12895,1777,211,View,2025-03-01
12896,1342,206,Purchase,2026-03-06
12897,571,545,View,2025-01-13
12898,1333,907,AddToCart,2025-08-15
12899,1599,840,Search,2026-05-17
12900,1108,438,AddToCart,2025-10-10
12901,991,95,AddToCart,2026-02-11
12902,557,272,AddToCart,2026-01-17
12903,505,368,Wishlist,2025-04-05
12904,2078,856,Search,2025-11-19
12905,1362,562,Wishlist,2026-03-03
12906,244,766,Search,2026-03-02
12907,400,541,Wishlist,2025-06-02
12908,1287,818,Search,2025-05-15
12909,1122,143,Search,2026-01-31
12910,1343,751,View,2025-12-08
12911,32,599,Wishlist,2026-02-04
12912,1832,975,View,2026-02-17
12913,2443,596,AddToCart,2026-04-01
12914,1737,283,Wishlist,2026-02-06
12915,2019,23,Wishlist,2025-01-15
12916,118,540,Purchase,2025-07-21
12917,2039,810,View,2026-06-08
12918,244,623,Search,2026-05-17
12919,2858,465,Purchase,2025-09-23
12920,799,456,Search,2025-12-02
12921,1243,824,Wishlist,2025-01-24
12922,277,66,Search,2025-05-15
12923,916,671,Purchase,2026-06-10
12924,1877,203,Purchase,2025-11-29
12925,222,994,Purchase,2025-11-26
12926,854,145,Search,2025-11-20
12927,2870,967,AddToCart,2025-06-02
12928,1225,411,Search,2025-12-16
12929,2386,548,View,2026-03-25
12930,1158,584,Search,2025-01-11
12931,2486,828,AddToCart,2025-10-02
12932,1583,862,View,2025-07-24
12933,2666,56,AddToCart,2025-10-03
12934,443,280,Wishlist,2025-12-04
12935,598,477,View,2025-09-30
12936,2474,432,View,2025-06-11
12937,204,212,AddToCart,2025-06-09
12938,1863,976,Wishlist,2026-03-14
12939,2902,888,AddToCart,2026-05-15
12940,1982,499,Purchase,2025-10-10
12941,2018,274,AddToCart,2025-01-05
12942,2978,764,Wishlist,2025-12-06
12943,70,767,Purchase,2025-08-05
12944,2854,68,AddToCart,2025-06-04
12945,2720,741,Search,2025-05-20
12946,2181,915,Wishlist,2025-01-20
12947,424,702,AddToCart,2026-05-18
12948,322,7,Purchase,2025-06-18
12949,1970,450,Search,2026-04-19
12950,725,451,View,2025-03-01
12951,1275,376,Wishlist,2025-10-11
12952,1157,874,Wishlist,2025-12-24
12953,2597,443,View,2025-03-03
12954,1187,274,Purchase,2025-10-18
12955,2672,750,Search,2026-03-12
12956,2369,829,Search,2025-07-25
12957,419,512,Search,2025-11-14
12958,725,791,View,2025-08-31
12959,1870,111,AddToCart,2025-07-04
12960,691,235,Wishlist,2026-04-30
12961,2580,801,Purchase,2025-09-14
12962,2258,880,Wishlist,2026-05-30
12963,174,252,Purchase,2025-11-23
12964,1982,585,View,2025-11-30
12965,2472,111,AddToCart,2026-02-16
12966,1052,781,View,2026-03-10
12967,2632,984,Wishlist,2025-05-14
12968,1195,557,View,2025-03-18
12969,292,507,AddToCart,2026-05-19
12970,1707,10,Search,2025-07-20
12971,1199,188,View,2025-11-15
12972,1724,334,Search,2025-11-17
12973,2048,355,Wishlist,2026-03-06
12974,2248,256,Purchase,2025-06-29
12975,2917,655,Purchase,2025-12-28
12976,2564,717,AddToCart,2025-08-24
12977,1555,201,View,2025-03-25
12978,1904,397,Wishlist,2026-02-20
12979,461,944,View,2025-08-06
12980,2256,345,Purchase,2025-12-07
12981,610,722,Purchase,2025-08-14
12982,1469,263,View,2026-06-13
12983,802,106,Wishlist,2026-02-23
12984,1766,780,View,2025-03-09
12985,86,616,AddToCart,2026-04-17
12986,840,342,Purchase,2026-02-18
12987,1595,617,AddToCart,2025-04-25
12988,1939,434,AddToCart,2025-12-14
12989,621,867,Purchase,2025-03-15
12990,2138,13,AddToCart,2025-07-25
12991,2093,288,Purchase,2025-03-09
12992,2990,327,Wishlist,2025-12-24
12993,325,759,AddToCart,2026-04-27
12994,978,514,Search,2025-06-06
12995,1234,27,View,2025-01-25
12996,1205,399,AddToCart,2025-06-29
12997,357,160,Wishlist,2026-04-08
12998,458,123,Search,2025-07-19
12999,1107,944,Purchase,2025-11-24
13000,2735,67,Wishlist,2025-10-19
13001,1423,312,View,2026-06-07
13002,294,131,Search,2025-04-10
13003,1475,782,Purchase,2025-02-12
13004,2195,442,Search,2026-05-22
13005,1564,999,AddToCart,2025-10-21
13006,221,942,Wishlist,2025-01-27
13007,1911,136,Wishlist,2025-11-14
13008,520,957,Wishlist,2025-02-27
13009,102,243,View,2025-09-13
13010,2558,448,AddToCart,2026-03-17
13011,334,956,View,2026-04-17
13012,1257,905,Purchase,2025-04-04
13013,1643,661,AddToCart,2026-07-02
13014,1711,333,Purchase,2026-02-13
13015,2926,489,Purchase,2025-11-30
13016,220,381,Wishlist,2025-10-16
13017,2961,615,Wishlist,2025-10-29
13018,1454,616,Purchase,2025-09-14
13019,481,86,View,2026-03-07
13020,2842,186,View,2025-06-30
13021,398,205,Search,2025-01-17
13022,2718,853,Wishlist,2025-08-23
13023,530,709,AddToCart,2025-09-29
13024,2576,944,Search,2026-02-17
13025,2284,932,Purchase,2025-07-24
13026,1172,157,AddToCart,2026-04-26
13027,862,894,AddToCart,2025-08-14
13028,506,720,Wishlist,2025-01-20
13029,2888,375,Purchase,2025-03-29
13030,1627,364,Search,2026-05-05
13031,1338,191,AddToCart,2025-05-21
13032,2268,965,View,2025-09-09
13033,1643,932,Wishlist,2026-06-27
13034,303,319,View,2026-05-15
13035,1290,683,View,2025-05-27
13036,796,928,AddToCart,2025-07-17
13037,777,831,View,2025-07-10
13038,526,298,Purchase,2025-06-23
13039,1146,508,View,2025-03-08
13040,1263,467,Wishlist,2025-04-29
13041,134,818,View,2026-04-14
13042,1162,797,AddToCart,2025-05-01
13043,2073,716,Search,2026-06-19
13044,2962,45,Purchase,2025-10-01
13045,1934,691,Wishlist,2025-05-28
13046,2568,899,Purchase,2025-01-30
13047,1559,109,Purchase,2025-02-27
13048,1148,672,Search,2025-12-07
13049,2171,942,Purchase,2025-10-03
13050,1425,80,View,2025-08-13
13051,2501,15,Search,2026-06-09
13052,484,973,View,2025-02-07
13053,2367,734,AddToCart,2025-02-04
13054,470,197,Wishlist,2025-02-10
13055,731,324,AddToCart,2026-04-29
13056,837,53,AddToCart,2026-01-06
13057,2605,938,AddToCart,2025-12-13
13058,2507,483,Purchase,2026-01-19
13059,1792,203,Purchase,2025-06-16
13060,1172,230,Purchase,2026-06-15
13061,1529,647,Purchase,2026-04-13
13062,2241,89,View,2026-06-24
13063,2292,284,Wishlist,2025-03-11
13064,1560,525,Search,2026-01-19
13065,2642,808,Wishlist,2026-07-01
13066,624,208,View,2025-06-08
13067,2731,954,Purchase,2025-08-24
13068,259,381,View,2025-03-15
13069,2137,38,AddToCart,2025-07-19
13070,597,142,AddToCart,2025-04-01
13071,327,999,View,2025-10-12
13072,271,124,View,2025-12-28
13073,2321,925,Wishlist,2026-03-12
13074,2298,817,Purchase,2025-07-20
13075,2581,246,Wishlist,2025-05-03
13076,1847,815,View,2026-01-13
13077,735,76,Wishlist,2025-06-28
13078,2994,634,AddToCart,2026-03-11
13079,2754,392,Purchase,2026-04-21
13080,1784,150,Purchase,2025-09-12
13081,1089,174,Wishlist,2026-04-10
13082,60,360,AddToCart,2026-01-25
13083,2046,95,AddToCart,2025-11-15
13084,1174,179,Purchase,2025-11-16
13085,1692,885,Search,2025-12-22
13086,239,761,Search,2026-02-25
13087,2373,82,Purchase,2026-02-25
13088,959,106,Search,2026-02-22
13089,934,486,Wishlist,2026-02-11
13090,1083,869,AddToCart,2025-06-16
13091,503,69,Wishlist,2025-04-02
13092,2990,220,Search,2025-08-15
13093,1302,711,Purchase,2025-12-02
13094,400,66,Wishlist,2025-11-28
13095,2808,994,Wishlist,2025-12-22
13096,436,406,Purchase,2025-04-23
13097,1549,382,Purchase,2025-06-30
13098,1116,5,Wishlist,2025-01-06
13099,1153,410,Search,2025-10-06
13100,2961,196,View,2026-02-25
13101,777,713,Search,2026-04-02
13102,943,526,Purchase,2025-04-09
13103,898,206,View,2026-01-31
13104,284,690,AddToCart,2026-01-01
13105,2857,215,AddToCart,2025-10-28
13106,888,389,Purchase,2026-04-16
13107,2533,408,Search,2025-11-08
13108,1427,228,Search,2025-04-27
13109,2128,30,Search,2025-05-18
13110,2042,513,AddToCart,2026-06-16
13111,2615,941,Purchase,2025-03-18
13112,454,901,Wishlist,2025-02-18
13113,1423,783,Wishlist,2026-05-22
13114,1654,211,View,2026-03-07
13115,717,522,Search,2025-11-21
13116,1481,697,Wishlist,2025-06-16
13117,1416,120,AddToCart,2025-01-08
13118,1383,89,AddToCart,2025-04-28
13119,2116,737,Purchase,2025-06-07
13120,859,47,Purchase,2025-06-20
13121,2427,420,Purchase,2026-03-05
13122,291,823,Wishlist,2026-04-09
13123,2126,968,AddToCart,2025-11-12
13124,673,811,Wishlist,2026-01-24
13125,189,880,Search,2025-09-12
13126,1996,424,View,2025-10-18
13127,460,577,View,2025-08-24
13128,1791,843,Wishlist,2025-12-16
13129,2890,15,AddToCart,2025-10-21
13130,2241,81,AddToCart,2025-06-16
13131,154,165,AddToCart,2025-05-08
13132,519,418,Search,2025-01-12
13133,192,813,Purchase,2026-06-24
13134,150,306,View,2025-06-01
13135,2618,822,Purchase,2025-08-23
13136,2894,399,Search,2026-01-28
13137,541,629,Wishlist,2025-08-22
13138,2509,504,AddToCart,2025-02-08
13139,1906,631,Purchase,2025-07-12
13140,1515,597,Wishlist,2026-05-04
13141,407,523,AddToCart,2025-09-30
13142,2416,758,Wishlist,2025-06-06
13143,2096,792,Purchase,2025-07-05
13144,879,165,AddToCart,2025-08-10
13145,2045,921,AddToCart,2026-01-22
13146,2689,555,View,2026-05-16
13147,555,420,AddToCart,2025-11-01
13148,2067,941,AddToCart,2026-02-11
13149,1111,352,View,2025-10-26
13150,373,238,View,2025-01-18
13151,2573,935,Search,2025-05-25
13152,2228,864,Search,2025-07-15
13153,2754,303,AddToCart,2025-12-17
13154,1169,853,Purchase,2026-05-01
13155,423,993,AddToCart,2025-02-22
13156,2423,465,Search,2025-07-12
13157,1854,536,Wishlist,2026-06-25
13158,829,257,Search,2025-08-19
13159,1254,500,Purchase,2026-01-06
13160,2683,560,Wishlist,2025-07-20
13161,582,419,View,2025-06-16
13162,2054,178,Search,2025-08-27
13163,1971,192,View,2025-12-03
13164,495,638,View,2026-01-30
13165,1927,212,Search,2025-06-09
13166,2628,420,Purchase,2025-05-09
13167,561,552,Search,2025-03-13
13168,1533,901,Purchase,2026-02-24
13169,1924,867,Wishlist,2025-10-13
13170,1799,951,Wishlist,2026-06-12
13171,737,190,Purchase,2026-02-18
13172,2366,947,Purchase,2026-02-25
13173,2309,225,Purchase,2025-05-19
13174,1808,511,Wishlist,2025-09-30
13175,123,619,Purchase,2025-04-22
13176,1077,173,Purchase,2025-02-23
13177,750,795,Wishlist,2025-07-13
13178,694,326,Search,2026-05-11
13179,2479,887,Search,2025-08-16
13180,1421,701,Purchase,2025-04-27
13181,2906,328,AddToCart,2025-08-21
13182,2427,540,Purchase,2025-10-24
13183,378,115,Search,2025-12-23
13184,2654,548,Purchase,2025-01-18
13185,2327,607,Purchase,2025-07-14
13186,1618,398,AddToCart,2025-08-03
13187,1711,763,View,2025-01-22
13188,1241,41,View,2026-05-09
13189,1332,457,Wishlist,2025-05-02
13190,347,882,View,2025-12-03
13191,2246,847,View,2026-01-09
13192,897,575,AddToCart,2026-01-29
13193,2638,125,AddToCart,2025-06-29
13194,2008,994,View,2026-03-17
13195,1079,301,Wishlist,2025-10-11
13196,1999,303,Search,2025-01-14
13197,2885,353,Wishlist,2025-12-06
13198,2104,308,AddToCart,2026-07-02
13199,1368,836,Wishlist,2025-09-29
13200,1389,998,Search,2025-11-02
13201,1996,733,View,2025-09-24
13202,2726,94,Wishlist,2026-05-24
13203,1970,154,View,2025-01-19
13204,3000,604,Wishlist,2026-03-07
13205,1965,430,AddToCart,2025-08-10
13206,913,263,Search,2025-06-02
13207,106,384,View,2026-05-24
13208,1828,656,View,2025-06-29
13209,1862,627,Wishlist,2026-06-23
13210,773,921,Wishlist,2026-01-25
13211,1840,881,Wishlist,2025-05-24
13212,2478,204,Purchase,2025-05-19
13213,2205,134,AddToCart,2025-02-01
13214,1943,480,View,2025-09-24
13215,2633,755,Purchase,2026-03-24
13216,211,107,Wishlist,2025-01-13
13217,301,599,View,2025-02-23
13218,473,295,Wishlist,2025-10-16
13219,1740,590,Purchase,2026-01-20
13220,1620,973,AddToCart,2026-01-07
13221,1583,934,Search,2025-06-09
13222,2708,338,Wishlist,2025-07-04
13223,2812,671,View,2025-11-22
13224,2246,525,View,2025-08-18
13225,1820,433,View,2025-05-19
13226,1973,128,View,2025-04-06
13227,950,456,Wishlist,2026-03-14
13228,1279,34,AddToCart,2026-03-15
13229,2823,880,Wishlist,2026-03-02
13230,1790,376,Search,2026-01-28
13231,2012,966,Wishlist,2025-07-10
13232,2010,598,Search,2025-05-19
13233,1029,540,Wishlist,2025-06-18
13234,2689,723,Purchase,2025-05-08
13235,1622,929,Wishlist,2026-02-10
13236,776,711,Search,2025-07-07
13237,2493,547,Purchase,2025-05-27
13238,413,903,AddToCart,2026-04-16
13239,1580,471,Search,2026-05-22
13240,1654,631,Wishlist,2025-04-27
13241,273,274,View,2025-05-21
13242,481,601,Wishlist,2025-11-11
13243,2718,832,Purchase,2026-01-27
13244,964,526,Purchase,2026-04-22
13245,2522,771,AddToCart,2025-07-04
13246,1587,609,Wishlist,2025-01-26
13247,1421,657,Wishlist,2025-11-02
13248,397,632,Purchase,2025-01-13
13249,352,665,Wishlist,2026-04-14
13250,1824,519,AddToCart,2025-05-29
13251,1801,319,AddToCart,2025-10-23
13252,2973,467,Purchase,2025-06-25
13253,2948,811,AddToCart,2025-05-08
13254,1872,502,View,2026-04-26
13255,41,672,Search,2026-05-26
13256,155,541,Search,2025-03-16
13257,1381,860,Search,2025-05-05
13258,2604,256,View,2025-02-28
13259,529,71,AddToCart,2025-10-28
13260,1859,288,View,2025-01-30
13261,731,722,Purchase,2025-10-30
13262,2978,316,View,2025-11-17
13263,1354,152,Purchase,2026-06-12
13264,2833,186,Wishlist,2025-11-11
13265,1343,935,Wishlist,2025-05-28
13266,2754,128,Wishlist,2026-05-25
13267,218,855,Purchase,2026-05-07
13268,2434,643,Purchase,2025-11-08
13269,2744,453,Wishlist,2026-06-24
13270,1375,40,Search,2026-03-14
13271,926,690,Purchase,2026-03-06
13272,2459,865,Wishlist,2025-06-19
13273,2501,359,Search,2026-02-12
13274,2674,82,Purchase,2025-01-21
13275,929,548,AddToCart,2026-04-23
13276,1830,456,Purchase,2026-05-02
13277,2834,31,Search,2025-04-16
13278,1442,348,Search,2025-10-13
13279,1472,334,AddToCart,2025-02-04
13280,1425,919,Purchase,2025-08-19
13281,2630,812,View,2026-04-14
13282,280,225,View,2025-04-17
13283,2550,429,Wishlist,2026-05-13
13284,2498,784,Purchase,2025-12-01
13285,679,11,View,2025-11-16
13286,2679,679,Search,2025-07-14
13287,890,800,Search,2026-06-07
13288,1353,16,AddToCart,2025-06-08
13289,129,609,AddToCart,2025-11-22
13290,2865,879,AddToCart,2025-01-07
13291,550,243,Wishlist,2025-12-27
13292,795,15,AddToCart,2025-03-07
13293,1692,985,Search,2025-05-15
13294,2330,542,Search,2025-02-19
13295,2087,394,AddToCart,2026-06-29
13296,1228,141,View,2025-11-27
13297,2017,863,Wishlist,2026-03-25
13298,2529,18,View,2025-03-04
13299,1849,104,Search,2026-02-14
13300,2819,418,Purchase,2026-05-31
13301,996,156,Search,2026-03-16
13302,1245,184,Wishlist,2025-04-19
13303,2140,986,Search,2025-06-23
13304,1509,406,AddToCart,2026-02-01
13305,2085,491,Purchase,2025-04-14
13306,1852,387,Search,2025-11-28
13307,2007,385,AddToCart,2026-03-31
13308,2335,837,Wishlist,2025-11-23
13309,2805,607,Search,2025-05-31
13310,16,228,View,2025-02-01
13311,878,126,AddToCart,2025-08-28
13312,1000,706,AddToCart,2025-06-07
13313,2818,734,View,2026-06-02
13314,2669,169,Purchase,2025-05-18
13315,1429,560,Purchase,2025-10-15
13316,977,84,Search,2025-01-26
13317,2824,237,Purchase,2025-02-26
13318,1274,295,Purchase,2026-02-24
13319,1897,835,Wishlist,2025-09-16
13320,1655,724,Purchase,2025-08-13
13321,1312,597,AddToCart,2025-11-30
13322,2352,388,Search,2026-05-05
13323,295,662,AddToCart,2025-05-30
13324,999,70,Search,2025-09-09
13325,2047,647,Search,2025-09-14
13326,1005,413,Purchase,2025-10-13
13327,1406,232,View,2026-05-24
13328,2780,896,Wishlist,2025-08-13
13329,1006,814,Purchase,2025-07-27
13330,539,740,Purchase,2025-03-15
13331,1466,698,Wishlist,2025-05-13
13332,1631,681,Search,2025-09-25
13333,88,705,Purchase,2025-08-05
13334,920,691,AddToCart,2025-11-14
13335,123,36,View,2025-08-11
13336,488,900,AddToCart,2025-02-16
13337,2861,574,AddToCart,2026-06-04
13338,1094,694,AddToCart,2026-04-15
13339,1399,788,AddToCart,2025-04-09
13340,364,596,Purchase,2025-05-04
13341,266,168,View,2026-02-06
13342,1014,321,Search,2026-04-25
13343,2782,110,Search,2025-08-05
13344,1458,278,AddToCart,2026-04-22
13345,1376,629,AddToCart,2025-08-18
13346,789,798,View,2026-03-31
13347,416,345,Wishlist,2026-01-10
13348,892,199,AddToCart,2026-05-07
13349,1749,890,Purchase,2026-01-27
13350,2923,306,AddToCart,2026-04-21
13351,421,49,Wishlist,2025-06-03
13352,1216,706,Search,2025-02-23
13353,859,299,View,2025-12-19
13354,1632,526,Search,2025-12-28
13355,2586,89,View,2025-02-09
13356,2248,679,Wishlist,2026-05-17
13357,58,598,View,2025-05-06
13358,1259,562,View,2026-05-07
13359,915,566,Wishlist,2025-10-15
13360,2939,388,AddToCart,2026-06-30
13361,480,514,Purchase,2025-11-13
13362,2435,133,Search,2025-03-02
13363,2953,826,Wishlist,2025-02-10
13364,1395,560,Search,2025-08-27
13365,2156,734,Search,2025-11-04
13366,2147,261,Wishlist,2025-09-09
13367,2294,752,Wishlist,2025-06-28
13368,1402,827,Wishlist,2025-10-22
13369,13,387,Wishlist,2025-10-05
13370,626,852,Wishlist,2025-12-30
13371,2755,274,Wishlist,2026-02-26
13372,2582,857,AddToCart,2025-08-03
13373,259,362,Wishlist,2025-03-26
13374,1076,866,Wishlist,2026-03-20
13375,2470,556,Purchase,2025-09-24
13376,136,87,Purchase,2026-01-23
13377,1335,823,Search,2025-09-06
13378,818,225,Purchase,2025-05-25
13379,1515,719,Search,2025-07-01
13380,1136,326,Wishlist,2025-03-12
13381,1213,687,AddToCart,2026-02-08
13382,1088,668,Search,2025-08-17
13383,2486,406,View,2025-09-25
13384,1241,271,Search,2025-06-29
13385,2516,567,Purchase,2025-07-11
13386,1166,944,Wishlist,2025-08-01
13387,2877,453,Wishlist,2026-02-06
13388,2270,946,Wishlist,2025-02-06
13389,762,948,Purchase,2026-05-31
13390,412,606,Search,2026-04-19
13391,1978,840,Wishlist,2025-09-10
13392,1749,11,View,2026-06-23
13393,1272,467,Search,2025-04-21
13394,875,555,AddToCart,2026-04-28
13395,810,138,Purchase,2025-12-20
13396,1406,418,View,2025-06-11
13397,1703,672,Wishlist,2026-06-10
13398,1647,473,Search,2025-07-06
13399,1198,542,Wishlist,2025-07-05
13400,2495,675,Purchase,2025-08-05
13401,2420,477,Purchase,2025-06-10
13402,2548,313,Wishlist,2025-12-31
13403,98,95,Purchase,2025-08-13
13404,2032,816,View,2025-09-10
13405,1556,698,Purchase,2025-04-22
13406,1881,525,Purchase,2025-01-24
13407,1176,489,Purchase,2025-11-06
13408,650,983,Search,2025-02-02
13409,2878,951,Purchase,2026-05-05
13410,1126,854,Purchase,2025-10-04
13411,2586,245,Search,2026-04-09
13412,387,684,Purchase,2025-08-09
13413,1546,144,View,2026-05-16
13414,16,203,Wishlist,2026-03-03
13415,1759,693,Search,2025-02-13
13416,43,41,Search,2025-08-20
13417,1879,350,View,2025-11-30
13418,1621,779,Search,2026-04-12
13419,339,881,Purchase,2025-04-11
13420,1323,702,Purchase,2025-05-22
13421,2499,82,AddToCart,2025-03-30
13422,2995,961,View,2026-03-04
13423,418,120,View,2026-06-25
13424,777,106,AddToCart,2025-04-08
13425,2140,717,View,2025-02-04
13426,2399,459,Search,2026-01-02
13427,233,562,AddToCart,2025-07-31
13428,240,261,View,2026-06-17
13429,2886,861,Wishlist,2025-12-28
13430,2385,246,View,2025-03-15
13431,1038,689,Purchase,2025-11-23
13432,1624,273,Wishlist,2025-05-22
13433,1036,608,Wishlist,2026-06-06
13434,872,663,Search,2025-08-02
13435,2418,406,Search,2025-01-16
13436,1449,771,View,2025-12-11
13437,2462,799,Purchase,2025-09-26
13438,2483,133,AddToCart,2025-11-28
13439,2223,509,Search,2025-10-11
13440,770,65,Purchase,2026-01-03
13441,2193,961,Purchase,2025-12-21
13442,1341,690,Wishlist,2026-04-30
13443,2027,222,AddToCart,2026-06-14
13444,1639,819,View,2025-03-01
13445,2452,272,Purchase,2026-02-03
13446,725,645,Purchase,2025-06-23
13447,2939,845,Search,2026-05-22
13448,2754,286,Purchase,2025-01-17
13449,2206,57,Purchase,2025-09-29
13450,2151,58,Purchase,2025-12-16
13451,1862,195,AddToCart,2025-09-03
13452,1889,721,View,2025-09-15
13453,2636,370,Wishlist,2025-05-24
13454,1687,691,Search,2025-03-18
13455,1587,64,Wishlist,2026-02-11
13456,702,723,Wishlist,2025-05-02
13457,1934,760,Purchase,2026-06-25
13458,1790,911,View,2025-05-10
13459,1440,417,Purchase,2025-05-24
13460,1345,713,Purchase,2025-11-22
13461,455,861,Wishlist,2026-04-24
13462,486,350,AddToCart,2025-02-18
13463,703,923,View,2025-06-25
13464,1162,257,AddToCart,2026-05-17
13465,706,629,View,2025-02-22
13466,1975,607,AddToCart,2025-02-23
13467,1744,294,AddToCart,2026-06-26
13468,696,918,Search,2026-06-30
13469,534,76,Wishlist,2025-04-10
13470,729,255,Wishlist,2026-01-23
13471,2040,377,View,2025-10-13
13472,1928,233,Search,2026-03-29
13473,2743,762,Purchase,2025-06-08
13474,167,813,View,2025-06-23
13475,1980,442,Search,2026-02-11
13476,2960,428,View,2026-03-25
13477,2888,655,Wishlist,2026-06-29
13478,2251,76,View,2026-06-05
13479,1515,110,AddToCart,2025-12-26
13480,2802,544,View,2025-04-13
13481,789,453,Wishlist,2026-05-28
13482,757,465,Purchase,2025-05-16
13483,1950,328,Search,2026-05-26
13484,194,825,AddToCart,2026-03-30
13485,1043,391,Purchase,2026-03-14
13486,2099,756,Search,2026-03-04
13487,2295,238,Wishlist,2025-07-12
13488,1175,125,Search,2025-05-25
13489,1344,538,Search,2025-01-18
13490,66,78,AddToCart,2025-01-01
13491,1569,427,Purchase,2026-01-28
13492,2706,696,Wishlist,2025-09-18
13493,2032,444,View,2026-01-28
13494,2367,872,Purchase,2026-02-16
13495,2137,652,View,2025-05-28
13496,2007,470,Search,2025-02-26
13497,843,788,Search,2025-06-23
13498,1386,253,View,2025-06-21
13499,183,80,View,2025-09-23
13500,2435,438,Purchase,2026-06-05
13501,2756,24,AddToCart,2025-02-16
13502,2813,413,Search,2025-02-23
13503,859,89,View,2025-12-02
13504,2322,824,Purchase,2025-01-18
13505,802,820,Purchase,2025-08-17
13506,1387,597,Purchase,2025-12-17
13507,1242,447,Search,2025-12-30
13508,1123,247,View,2025-08-11
13509,2926,369,Wishlist,2025-09-21
13510,543,382,Search,2025-08-09
13511,470,39,View,2025-07-19
13512,938,662,View,2025-04-10
13513,1231,602,Wishlist,2026-06-23
13514,2810,124,Purchase,2025-01-29
13515,1583,34,View,2025-10-27
13516,2443,250,View,2025-09-19
13517,9,491,Wishlist,2025-06-01
13518,865,522,AddToCart,2025-03-07
13519,1524,59,AddToCart,2025-05-12
13520,168,717,Wishlist,2026-06-30
13521,2877,691,View,2025-03-21
13522,2363,735,Search,2025-11-11
13523,1933,106,View,2025-03-16
13524,1227,123,AddToCart,2026-02-28
13525,1577,427,Wishlist,2025-04-02
13526,2694,273,AddToCart,2026-02-05
13527,2199,539,Search,2025-10-20
13528,2174,67,Search,2025-05-30
13529,740,965,Purchase,2026-03-01
13530,494,586,AddToCart,2025-06-14
13531,454,325,Wishlist,2026-01-20
13532,1584,227,Wishlist,2025-08-26
13533,2884,96,Purchase,2026-05-29
13534,1120,48,AddToCart,2025-08-29
13535,1892,461,Search,2026-04-03
13536,1803,35,Search,2025-04-10
13537,2744,143,View,2025-09-16
13538,1758,230,AddToCart,2025-03-01
13539,1449,971,Purchase,2025-07-15
13540,23,543,AddToCart,2026-02-04
13541,1631,805,View,2025-12-04
13542,2467,832,AddToCart,2025-05-02
13543,2564,886,Purchase,2025-02-08
13544,2775,810,Wishlist,2025-04-25
13545,2276,673,Purchase,2026-06-06
13546,2129,43,Search,2025-10-07
13547,1398,650,Search,2025-08-18
13548,2776,408,Search,2025-07-17
13549,2780,730,View,2025-05-12
13550,1242,328,Wishlist,2025-08-08
13551,352,648,View,2026-03-03
13552,2557,47,View,2025-10-29
13553,770,274,Wishlist,2026-02-26
13554,2405,352,View,2026-01-29
13555,1692,379,View,2025-01-18
13556,1127,193,Purchase,2026-04-23
13557,2592,726,Wishlist,2025-01-18
13558,983,800,Purchase,2025-12-01
13559,2379,505,AddToCart,2025-04-20
13560,1185,497,View,2026-05-18
13561,1352,493,View,2026-06-30
13562,2522,844,AddToCart,2025-02-24
13563,1767,934,View,2025-08-04
13564,2002,778,AddToCart,2025-08-25
13565,2407,432,Wishlist,2025-05-19
13566,104,61,Search,2025-12-11
13567,2152,511,AddToCart,2026-02-04
13568,1003,82,View,2026-03-15
13569,2369,586,Wishlist,2026-06-21
13570,582,617,Search,2025-11-26
13571,1232,989,View,2025-08-15
13572,347,736,Search,2025-09-05
13573,627,91,View,2026-06-17
13574,1651,504,View,2026-05-01
13575,1010,453,Purchase,2025-02-25
13576,2152,365,AddToCart,2025-11-14
13577,688,837,Search,2026-05-09
13578,980,53,Search,2025-09-17
13579,2367,312,AddToCart,2025-12-15
13580,1025,729,Purchase,2025-04-19
13581,1666,495,Search,2026-06-13
13582,2673,587,Purchase,2026-05-07
13583,2050,571,Purchase,2025-09-01
13584,2192,862,Purchase,2025-07-28
13585,867,257,View,2025-11-23
13586,1736,503,Purchase,2026-04-08
13587,2474,125,Wishlist,2026-01-27
13588,622,214,Purchase,2026-05-22
13589,2843,292,Wishlist,2025-11-05
13590,1808,638,Purchase,2025-10-16
13591,2381,29,AddToCart,2025-04-24
13592,2128,860,Wishlist,2025-08-09
13593,2324,630,Purchase,2025-09-13
13594,1123,402,Purchase,2025-04-04
13595,116,196,Search,2025-03-07
13596,238,273,Search,2025-07-10
13597,2000,594,AddToCart,2025-02-28
13598,2518,822,View,2025-01-29
13599,573,138,Search,2025-06-02
13600,1147,805,View,2025-11-06
13601,559,485,AddToCart,2025-05-24
13602,2700,45,View,2025-06-21
13603,1163,569,AddToCart,2026-05-08
13604,2521,210,AddToCart,2026-04-30
13605,2664,582,Search,2025-06-20
13606,1714,445,View,2025-10-02
13607,1431,189,Search,2025-05-27
13608,449,493,View,2026-01-09
13609,2282,861,Search,2026-01-06
13610,1329,805,AddToCart,2025-10-14
13611,945,505,Purchase,2025-06-12
13612,2077,888,Search,2026-06-17
13613,2554,742,Search,2025-03-05
13614,2181,305,Wishlist,2025-02-13
13615,1855,737,AddToCart,2026-05-11
13616,518,742,Purchase,2025-04-15
13617,2666,252,AddToCart,2026-01-22
13618,1878,723,View,2025-10-02
13619,2058,877,View,2026-05-24
13620,1340,711,View,2025-03-23
13621,425,742,AddToCart,2025-04-19
13622,669,980,Wishlist,2026-06-05
13623,62,322,View,2025-02-28
13624,104,166,View,2025-12-27
13625,573,647,AddToCart,2026-03-11
13626,458,675,AddToCart,2025-05-15
13627,204,193,Purchase,2025-09-07
13628,2776,314,Purchase,2025-02-16
13629,1788,858,View,2025-02-11
13630,1181,672,AddToCart,2025-06-09
13631,659,538,Wishlist,2026-01-19
13632,2311,84,Search,2026-02-05
13633,236,516,Purchase,2026-04-26
13634,810,301,Purchase,2026-01-07
13635,2632,98,View,2025-07-22
13636,266,622,AddToCart,2026-03-09
13637,2629,230,View,2025-10-08
13638,404,565,Purchase,2025-09-15
13639,2616,187,View,2026-04-21
13640,2631,360,Purchase,2025-12-02
13641,780,295,View,2025-09-27
13642,1440,31,Search,2025-01-28
13643,2733,748,AddToCart,2026-04-27
13644,859,127,Wishlist,2026-06-21
13645,2794,306,View,2025-11-10
13646,1359,645,Search,2026-01-14
13647,1840,466,Search,2025-10-10
13648,1216,252,Search,2025-12-21
13649,2794,415,View,2025-11-02
13650,1804,698,Purchase,2026-04-25
13651,2868,620,Wishlist,2025-11-23
13652,809,865,Search,2025-07-29
13653,1785,289,Search,2026-06-28
13654,2926,870,Search,2025-05-30
13655,1292,219,Purchase,2025-03-25
13656,1748,172,Wishlist,2025-11-10
13657,35,579,Wishlist,2026-03-30
13658,886,353,Wishlist,2025-10-20
13659,558,120,View,2025-10-24
13660,1574,171,Purchase,2025-06-21
13661,2909,769,Wishlist,2025-09-22
13662,258,217,Purchase,2025-02-08
13663,674,297,Purchase,2025-08-09
13664,2397,750,Search,2026-06-14
13665,111,796,Purchase,2025-04-13
13666,2170,109,View,2025-11-13
13667,2617,903,Search,2025-09-17
13668,1278,789,AddToCart,2026-06-21
13669,535,347,Purchase,2026-03-12
13670,1684,279,Purchase,2026-06-26
13671,1063,108,Search,2026-06-13
13672,2992,830,AddToCart,2025-04-16
13673,114,225,Purchase,2025-12-08
13674,496,203,Wishlist,2025-10-27
13675,1905,438,Wishlist,2025-05-24
13676,994,158,Wishlist,2025-12-30
13677,2935,356,Search,2025-06-17
13678,532,757,View,2026-05-01
13679,2409,537,AddToCart,2026-06-05
13680,359,935,AddToCart,2025-01-06
13681,2193,813,Wishlist,2025-05-06
13682,1855,283,Wishlist,2026-04-23
13683,1696,176,Search,2025-10-07
13684,297,74,Wishlist,2025-10-05
13685,1011,264,View,2025-11-13
13686,354,509,Purchase,2025-05-27
13687,2544,289,Purchase,2026-04-24
13688,1751,300,Wishlist,2025-12-12
13689,472,295,Search,2025-09-03
13690,1515,229,Search,2025-05-21
13691,1356,610,Search,2025-06-06
13692,465,999,AddToCart,2025-03-17
13693,2636,483,AddToCart,2026-01-18
13694,326,277,Purchase,2025-01-14
13695,1084,414,AddToCart,2025-03-12
13696,1764,873,AddToCart,2025-08-18
13697,1241,601,Wishlist,2025-08-30
13698,2024,405,Wishlist,2025-09-19
13699,931,905,View,2025-05-13
13700,1053,512,Purchase,2025-07-13
13701,1764,693,Search,2025-06-27
13702,101,934,Search,2025-04-21
13703,2120,513,Wishlist,2026-02-07
13704,2659,559,Purchase,2025-12-14
13705,2627,808,Search,2025-01-16
13706,2126,468,Wishlist,2025-08-26
13707,1833,255,Purchase,2025-11-05
13708,298,947,View,2026-01-11
13709,724,443,AddToCart,2025-11-07
13710,900,153,View,2026-01-17
13711,738,188,Purchase,2026-03-15
13712,2571,326,AddToCart,2025-09-27
13713,686,25,Purchase,2025-01-10
13714,2053,546,AddToCart,2025-04-13
13715,1271,516,Search,2025-08-04
13716,1238,521,View,2025-09-02
13717,2937,657,AddToCart,2026-05-17
13718,1696,734,Purchase,2025-02-28
13719,1013,986,Purchase,2025-03-27
13720,916,911,Search,2026-05-25
13721,129,439,Search,2026-01-06
13722,32,722,Wishlist,2025-08-17
13723,128,568,Search,2026-01-12
13724,1852,201,Search,2026-04-19
13725,1701,548,View,2026-05-02
13726,2660,418,Wishlist,2026-04-07
13727,1296,693,AddToCart,2026-02-14
13728,1240,534,View,2025-11-14
13729,1828,480,View,2025-05-11
13730,969,337,AddToCart,2025-11-06
13731,870,325,Search,2025-08-15
13732,2635,683,View,2025-09-23
13733,2133,417,View,2025-04-12
13734,1568,595,AddToCart,2025-12-06
13735,757,122,Wishlist,2025-04-05
13736,1975,261,AddToCart,2025-11-21
13737,2205,304,View,2025-12-14
13738,1273,794,Search,2026-03-17
13739,1963,370,AddToCart,2026-02-23
13740,331,60,Wishlist,2026-03-14
13741,1928,717,Purchase,2025-03-03
13742,438,867,AddToCart,2025-08-01
13743,41,772,Purchase,2025-05-10
13744,2103,656,AddToCart,2025-10-25
13745,2760,250,View,2025-06-12
13746,1172,3,Search,2026-06-16
13747,1300,21,Wishlist,2025-02-09
13748,1585,94,AddToCart,2025-02-13
13749,382,600,Wishlist,2026-06-07
13750,2022,25,Purchase,2025-06-12
13751,710,789,Purchase,2026-03-04
13752,908,116,View,2025-03-20
13753,2260,507,Wishlist,2025-08-25
13754,1234,18,Purchase,2025-04-29
13755,1049,958,Search,2025-06-28
13756,872,200,Search,2025-08-12
13757,1001,342,View,2025-08-24
13758,2094,749,View,2025-05-02
13759,1934,608,Search,2026-01-27
13760,1254,383,Wishlist,2025-10-01
13761,1393,700,AddToCart,2025-06-05
13762,626,154,Search,2026-02-10
13763,1282,955,Purchase,2025-06-25
13764,520,768,Purchase,2026-04-14
13765,2836,841,AddToCart,2025-07-11
13766,1868,395,View,2025-08-09
13767,1898,845,View,2025-10-26
13768,477,372,Search,2026-04-06
13769,2960,94,View,2025-06-19
13770,1625,33,Search,2026-04-09
13771,1566,463,AddToCart,2026-04-24
13772,1763,8,Purchase,2025-01-11
13773,602,109,View,2025-01-09
13774,1853,710,Search,2025-07-14
13775,951,73,View,2025-02-15
13776,2268,101,View,2025-02-23
13777,792,642,View,2025-11-24
13778,899,866,Wishlist,2025-09-20
13779,2121,241,View,2025-11-10
13780,2987,642,View,2025-02-04
13781,561,561,Search,2025-08-20
13782,858,299,Wishlist,2026-06-01
13783,2517,768,Search,2025-12-04
13784,730,284,Wishlist,2025-10-28
13785,1428,13,Search,2026-06-10
13786,2528,96,View,2026-01-27
13787,2293,649,Search,2025-10-08
13788,1815,968,Wishlist,2025-06-14
13789,1677,336,AddToCart,2026-04-20
13790,178,787,Purchase,2025-07-05
13791,1166,349,AddToCart,2025-07-14
13792,2222,472,Purchase,2026-01-17
13793,2583,892,Purchase,2025-06-04
13794,2056,274,View,2025-02-19
13795,928,458,View,2026-01-05
13796,332,232,Search,2025-03-23
13797,1774,129,Search,2026-03-22
13798,1539,640,Wishlist,2025-12-20
13799,2226,165,AddToCart,2026-01-26
13800,1358,585,Purchase,2025-04-27
13801,2368,718,View,2025-11-29
13802,2414,556,Purchase,2025-05-26
13803,1706,711,Wishlist,2025-11-28
13804,2321,649,AddToCart,2025-02-24
13805,358,910,AddToCart,2025-09-22
13806,1669,898,Wishlist,2025-01-06
13807,823,386,Wishlist,2025-02-20
13808,2995,898,View,2026-03-14
13809,2835,377,Search,2025-06-02
13810,408,963,View,2026-01-29
13811,2227,556,AddToCart,2025-02-18
13812,517,105,Purchase,2025-06-19
13813,1736,61,Search,2025-11-19
13814,226,118,View,2025-09-11
13815,2333,197,Search,2026-05-19
13816,2301,967,View,2025-06-08
13817,2507,867,Purchase,2025-01-04
13818,1689,168,Search,2025-11-11
13819,1233,931,Purchase,2025-06-16
13820,261,295,Purchase,2026-03-27
13821,502,245,Purchase,2026-01-18
13822,2521,300,View,2025-09-04
13823,2859,524,Search,2025-01-09
13824,2756,60,View,2025-05-29
13825,861,890,Purchase,2025-01-11
13826,2109,544,AddToCart,2026-01-22
13827,692,70,Purchase,2025-12-02
13828,2635,319,Purchase,2025-06-04
13829,2813,833,AddToCart,2025-07-16
13830,162,345,Wishlist,2025-12-08
13831,993,431,Purchase,2025-07-19
13832,2074,194,AddToCart,2026-01-04
13833,1864,990,Wishlist,2025-05-01
13834,2173,91,Purchase,2025-04-28
13835,1733,767,AddToCart,2025-01-12
13836,1430,151,View,2025-08-11
13837,1900,846,View,2026-04-09
13838,632,33,AddToCart,2025-06-10
13839,1284,757,View,2025-04-10
13840,1483,204,Purchase,2025-05-06
13841,587,791,Search,2025-10-11
13842,917,142,Wishlist,2025-09-22
13843,1710,18,Purchase,2025-12-30
13844,469,763,AddToCart,2025-12-21
13845,1962,121,Search,2025-09-15
13846,1611,993,Search,2025-06-26
13847,2469,814,AddToCart,2025-09-07
13848,1915,530,Search,2026-04-15
13849,47,36,Search,2025-07-19
13850,1732,2,Search,2025-07-13
13851,1706,465,View,2026-06-14
13852,2672,892,View,2025-12-19
13853,745,265,AddToCart,2025-09-04
13854,1437,108,AddToCart,2026-05-30
13855,2366,476,Wishlist,2026-05-08
13856,2692,960,Wishlist,2025-05-11
13857,477,171,View,2026-06-25
13858,2268,490,Search,2025-08-30
13859,847,122,View,2026-05-12
13860,436,708,AddToCart,2026-06-26
13861,2833,59,AddToCart,2026-02-24
13862,875,918,View,2026-01-20
13863,2323,125,Purchase,2026-05-05
13864,904,55,AddToCart,2025-08-12
13865,2184,459,Wishlist,2026-04-03
13866,734,419,Purchase,2025-03-03
13867,197,827,Wishlist,2026-04-06
13868,2561,56,Purchase,2026-06-14
13869,2426,848,Wishlist,2025-03-18
13870,2125,590,Wishlist,2025-12-10
13871,189,922,AddToCart,2025-04-25
13872,1087,210,Search,2026-06-14
13873,1167,780,Wishlist,2025-06-10
13874,2476,621,Purchase,2025-09-17
13875,478,333,View,2025-10-13
13876,2342,184,View,2025-08-02
13877,2115,626,View,2025-11-14
13878,2755,356,View,2025-10-24
13879,2479,547,Search,2026-02-08
13880,2756,106,AddToCart,2025-09-07
13881,2992,931,Purchase,2025-07-30
13882,1055,218,View,2025-12-28
13883,741,60,Wishlist,2026-02-18
13884,1137,439,View,2025-12-29
13885,2625,145,Purchase,2025-04-01
13886,2785,170,Wishlist,2026-06-04
13887,2043,896,Wishlist,2025-11-05
13888,2325,974,AddToCart,2026-05-22
13889,415,623,View,2025-05-03
13890,1110,827,Purchase,2025-08-21
13891,1622,389,View,2025-06-10
13892,1649,511,AddToCart,2025-08-22
13893,2448,34,AddToCart,2026-01-05
13894,2397,211,View,2025-05-28
13895,1452,802,Search,2026-03-19
13896,1196,906,Search,2025-07-30
13897,2199,451,Purchase,2025-07-31
13898,1870,396,Wishlist,2026-04-29
13899,592,174,Purchase,2025-05-17
13900,1664,283,Purchase,2025-05-20
13901,1708,108,Search,2025-07-02
13902,1779,389,Search,2026-02-08
13903,1089,759,Wishlist,2025-08-01
13904,61,15,Purchase,2025-01-01
13905,938,866,Search,2025-07-10
13906,610,365,AddToCart,2025-11-02
13907,2547,501,Search,2025-08-22
13908,1991,779,Search,2025-05-16
13909,1898,137,Wishlist,2026-04-19
13910,599,290,Wishlist,2025-07-17
13911,1246,398,Search,2025-04-28
13912,56,564,Search,2026-05-26
13913,1315,354,Purchase,2026-04-07
13914,733,657,Wishlist,2025-10-09
13915,2525,652,Wishlist,2025-06-08
13916,1843,818,Search,2025-12-20
13917,2142,179,Purchase,2025-10-08
13918,922,194,Search,2026-04-14
13919,83,308,Search,2026-03-07
13920,1139,746,View,2026-05-14
13921,448,726,AddToCart,2025-01-04
13922,1192,965,Wishlist,2025-06-08
13923,2481,697,Search,2025-03-16
13924,1559,156,AddToCart,2026-06-23
13925,2321,379,Purchase,2025-07-15
13926,1592,624,View,2025-06-11
13927,2127,632,Search,2025-03-24
13928,57,777,Search,2025-08-08
13929,2497,596,Search,2025-11-29
13930,2355,189,Purchase,2025-12-08
13931,2868,559,Search,2025-05-09
13932,803,667,Search,2025-03-16
13933,865,357,Purchase,2025-06-10
13934,2572,606,Wishlist,2025-08-27
13935,2798,81,View,2025-11-26
13936,101,930,Purchase,2025-03-30
13937,1454,418,Search,2025-01-07
13938,1050,502,Search,2025-05-04
13939,1885,696,View,2025-10-15
13940,2248,906,AddToCart,2025-04-03
13941,1200,268,View,2026-01-06
13942,2030,485,Purchase,2026-06-24
13943,2943,732,Wishlist,2025-12-02
13944,1037,456,View,2025-04-29
13945,2101,348,Wishlist,2026-01-30
13946,830,614,Purchase,2025-02-04
13947,2713,233,Search,2026-01-14
13948,1413,876,Purchase,2026-01-30
13949,500,531,AddToCart,2026-03-18
13950,2573,596,Search,2025-09-25
13951,2053,525,Purchase,2025-12-23
13952,2432,220,View,2026-04-26
13953,2544,126,Purchase,2025-11-25
13954,1276,794,Wishlist,2025-05-12
13955,2639,236,View,2025-04-05
13956,2209,809,AddToCart,2025-04-07
13957,1408,647,Wishlist,2025-01-06
13958,1691,324,Wishlist,2025-10-22
13959,100,638,AddToCart,2025-01-17
13960,178,341,Search,2025-06-12
13961,1931,654,Purchase,2026-01-18
13962,204,947,Wishlist,2025-12-28
13963,1931,808,Purchase,2026-06-11
13964,1855,589,Wishlist,2025-02-07
13965,1964,269,AddToCart,2025-09-25
13966,2764,315,Wishlist,2025-04-11
13967,1903,474,Purchase,2025-10-09
13968,395,226,AddToCart,2025-02-17
13969,2124,508,Purchase,2025-11-15
13970,125,896,Purchase,2026-03-06
13971,593,115,Wishlist,2025-03-13
13972,2070,900,AddToCart,2025-06-21
13973,1292,773,Search,2025-09-30
13974,1861,958,Search,2025-08-04
13975,1727,148,AddToCart,2026-04-19
13976,2335,764,View,2025-02-10
13977,2482,849,View,2025-01-03
13978,355,959,Search,2026-05-06
13979,1431,319,AddToCart,2026-03-08
13980,477,630,AddToCart,2025-03-18
13981,2438,83,View,2025-12-12
13982,2015,229,Search,2025-10-16
13983,2120,654,Purchase,2025-06-07
13984,305,857,AddToCart,2025-05-30
13985,926,654,Purchase,2025-01-28
13986,966,558,Purchase,2025-11-11
13987,2206,205,Wishlist,2025-05-15
13988,1092,755,Search,2026-05-06
13989,1648,485,AddToCart,2026-06-03
13990,458,833,Search,2025-10-08
13991,2073,78,Purchase,2026-04-14
13992,2423,85,Search,2025-05-24
13993,2105,59,View,2026-05-29
13994,1610,495,Wishlist,2025-01-24
13995,2282,289,Purchase,2025-06-08
13996,876,74,AddToCart,2026-01-31
13997,1613,479,Wishlist,2025-11-21
13998,2918,702,Purchase,2026-01-22
13999,1847,482,View,2026-03-03
14000,214,762,Wishlist,2025-01-19
14001,2904,741,Search,2026-01-06
14002,1925,975,Purchase,2025-04-03
14003,2503,543,Wishlist,2026-02-16
14004,118,454,Search,2025-12-04
14005,1267,893,Purchase,2026-01-25
14006,1915,791,Wishlist,2025-05-05
14007,387,940,Purchase,2025-12-20
14008,43,82,Search,2025-03-10
14009,1458,115,AddToCart,2025-10-19
14010,2364,564,View,2025-09-06
14011,2824,284,View,2025-07-21
14012,405,360,View,2025-06-04
14013,1648,458,View,2025-04-28
14014,1735,932,Purchase,2026-04-14
14015,274,380,Search,2025-03-29
14016,1862,959,View,2026-05-29
14017,836,559,Wishlist,2026-01-24
14018,2298,883,Purchase,2025-06-11
14019,124,386,View,2026-02-03
14020,2082,282,Wishlist,2025-01-12
14021,1197,582,AddToCart,2025-10-31
14022,1839,406,Wishlist,2025-02-10
14023,1386,783,Search,2026-06-05
14024,1069,521,Wishlist,2025-01-13
14025,1738,810,AddToCart,2025-12-07
14026,514,871,Purchase,2026-05-07
14027,2585,647,Wishlist,2025-10-10
14028,783,841,Search,2026-04-07
14029,1990,877,View,2025-05-30
14030,608,702,View,2025-10-31
14031,1619,823,AddToCart,2025-03-25
14032,2158,252,View,2025-08-04
14033,1417,716,Purchase,2026-03-02
14034,805,332,View,2025-10-24
14035,2075,16,Wishlist,2025-02-06
14036,2527,824,Search,2025-06-26
14037,2388,414,Search,2026-06-21
14038,2821,307,Wishlist,2025-03-01
14039,1599,506,Purchase,2025-06-06
14040,1652,599,AddToCart,2026-04-25
14041,1551,112,Wishlist,2026-02-28
14042,995,373,View,2025-09-20
14043,414,450,Wishlist,2025-05-21
14044,2958,137,Search,2025-05-12
14045,2636,241,View,2025-07-04
14046,278,137,Search,2026-04-22
14047,2123,935,Wishlist,2026-01-21
14048,898,98,Search,2025-07-27
14049,347,373,View,2026-01-31
14050,1026,385,View,2026-01-23
14051,1245,3,Purchase,2025-12-23
14052,1503,225,Search,2025-06-15
14053,756,800,AddToCart,2025-12-14
14054,2622,836,Search,2025-01-16
14055,949,251,Wishlist,2025-06-25
14056,2171,685,Search,2025-08-25
14057,2049,856,View,2025-09-16
14058,540,223,Search,2026-03-23
14059,1922,329,Purchase,2025-09-22
14060,2101,888,Purchase,2025-05-21
14061,2481,646,Search,2025-11-21
14062,1196,808,AddToCart,2025-06-29
14063,1490,160,Purchase,2026-01-15
14064,646,235,Wishlist,2025-08-28
14065,1939,770,Purchase,2025-12-19
14066,2467,899,Purchase,2026-06-16
14067,2797,821,AddToCart,2025-04-19
14068,1882,861,AddToCart,2026-04-26
14069,591,733,Purchase,2025-11-06
14070,71,505,Purchase,2025-05-08
14071,633,913,View,2025-01-07
14072,1922,197,Wishlist,2025-04-25
14073,726,826,AddToCart,2025-07-14
14074,1859,282,Wishlist,2025-02-11
14075,539,507,Search,2026-05-27
14076,2752,687,View,2025-05-13
14077,2788,84,View,2025-10-06
14078,284,724,Wishlist,2025-10-10
14079,2072,329,View,2025-11-23
14080,190,890,Wishlist,2025-03-29
14081,442,391,AddToCart,2026-04-24
14082,140,776,Search,2025-10-29
14083,650,655,View,2026-02-01
14084,945,388,Purchase,2025-09-09
14085,865,685,AddToCart,2025-11-19
14086,92,786,Wishlist,2025-06-08
14087,1166,842,Wishlist,2025-06-11
14088,2198,611,View,2025-01-02
14089,1610,94,Search,2025-01-26
14090,1467,301,Purchase,2025-01-06
14091,297,25,View,2026-01-03
14092,2256,386,View,2025-05-12
14093,2553,731,View,2025-01-23
14094,2055,465,Search,2025-03-15
14095,1998,47,View,2025-04-20
14096,2034,119,Search,2025-02-07
14097,231,961,AddToCart,2025-07-05
14098,562,772,View,2025-04-04
14099,2238,942,View,2025-08-09
14100,2030,811,AddToCart,2025-02-22
14101,2162,923,Search,2025-04-14
14102,448,385,Wishlist,2025-04-24
14103,15,201,AddToCart,2025-08-11
14104,331,354,AddToCart,2026-06-23
14105,1412,908,Search,2025-07-14
14106,414,596,View,2025-09-20
14107,2282,168,AddToCart,2025-12-03
14108,1142,866,Wishlist,2025-01-02
14109,1223,29,Search,2025-10-21
14110,2686,713,AddToCart,2025-07-07
14111,567,868,View,2025-01-15
14112,554,343,AddToCart,2026-01-18
14113,1399,260,View,2026-06-06
14114,2107,543,Wishlist,2026-01-15
14115,2794,398,View,2026-04-18
14116,1287,351,View,2025-12-20
14117,2593,954,Wishlist,2026-06-05
14118,1653,590,Wishlist,2025-04-13
14119,976,534,Search,2025-11-04
14120,305,760,Search,2025-07-12
14121,2235,77,Wishlist,2026-02-02
14122,147,12,Wishlist,2025-01-04
14123,1652,854,Wishlist,2026-03-08
14124,1603,966,AddToCart,2025-09-02
14125,2259,199,AddToCart,2026-02-09
14126,1856,690,AddToCart,2025-01-10
14127,1794,875,Search,2026-03-16
14128,2182,182,Wishlist,2025-05-14
14129,188,837,Search,2026-03-08
14130,2800,498,Wishlist,2026-04-28
14131,2614,939,Purchase,2025-10-22
14132,2542,208,Search,2025-01-07
14133,2757,909,Search,2025-03-20
14134,2762,116,Search,2026-03-27
14135,1925,312,Purchase,2025-08-06
14136,2518,119,Search,2025-03-28
14137,410,950,View,2025-05-10
14138,1809,958,Purchase,2026-04-02
14139,1401,959,View,2026-04-02
14140,2252,318,View,2025-11-12
14141,704,448,Purchase,2026-03-31
14142,603,797,Purchase,2026-05-13
14143,1154,828,Purchase,2026-04-26
14144,1063,872,AddToCart,2026-01-26
14145,433,62,View,2026-04-10
14146,1900,930,View,2025-10-25
14147,356,144,AddToCart,2026-01-02
14148,322,798,Wishlist,2026-06-20
14149,1577,221,Search,2025-08-27
14150,2383,305,Purchase,2026-02-03
14151,2377,105,View,2025-06-18
14152,1778,119,Search,2025-12-06
14153,646,866,AddToCart,2025-09-17
14154,2659,998,Purchase,2025-11-20
14155,2262,874,View,2026-04-10
14156,2187,104,View,2026-06-18
14157,852,955,AddToCart,2025-05-07
14158,1320,787,AddToCart,2025-06-25
14159,1725,309,Wishlist,2025-06-11
14160,2000,830,Wishlist,2026-02-05
14161,969,696,Search,2026-05-13
14162,465,366,Purchase,2025-04-13
14163,514,258,Search,2025-11-29
14164,309,515,Purchase,2025-03-16
14165,2636,692,Search,2026-05-19
14166,1656,485,AddToCart,2025-02-05
14167,2138,576,Search,2025-10-28
14168,874,959,Search,2026-06-21
14169,2573,149,Search,2026-06-09
14170,1452,579,View,2025-01-21
14171,871,129,Search,2025-07-26
14172,2548,431,Search,2025-07-02
14173,2465,20,View,2025-03-08
14174,1175,47,Purchase,2026-04-07
14175,2581,572,View,2026-05-07
14176,2930,190,Purchase,2025-01-02
14177,2781,982,Purchase,2025-03-16
14178,1540,743,Purchase,2025-07-26
14179,408,958,Purchase,2025-01-18
14180,638,480,View,2025-12-25
14181,364,918,AddToCart,2025-03-02
14182,1618,339,AddToCart,2025-11-26
14183,1123,204,Wishlist,2026-01-08
14184,1886,922,Search,2026-06-06
14185,2435,699,Search,2026-07-01
14186,1335,168,AddToCart,2025-05-22
14187,1280,398,Search,2026-06-03
14188,2162,340,View,2025-12-09
14189,2791,385,View,2025-03-05
14190,1336,353,View,2025-04-26
14191,1737,654,View,2025-07-25
14192,2250,147,AddToCart,2025-11-12
14193,2162,957,Wishlist,2026-03-13
14194,2433,604,AddToCart,2025-04-06
14195,1574,337,Purchase,2026-06-21
14196,267,731,View,2026-03-30
14197,2973,863,Purchase,2025-05-27
14198,1557,977,Purchase,2025-12-20
14199,614,722,AddToCart,2025-08-03
14200,871,542,AddToCart,2025-02-21
14201,1247,552,Wishlist,2026-05-30
14202,2687,589,View,2026-03-28
14203,2184,402,Search,2025-05-31
14204,1839,362,Purchase,2025-08-13
14205,2421,611,AddToCart,2025-02-20
14206,2753,28,Wishlist,2025-11-25
14207,2335,499,Search,2025-10-27
14208,2340,626,AddToCart,2026-01-08
14209,280,961,View,2025-09-24
14210,1731,513,Purchase,2025-09-20
14211,1854,182,Wishlist,2025-10-23
14212,1533,397,View,2025-07-05
14213,337,941,AddToCart,2025-11-02
14214,2237,614,Search,2025-06-17
14215,2388,132,View,2025-12-05
14216,1727,334,Search,2025-11-03
14217,2668,308,Wishlist,2026-05-15
14218,2917,763,Wishlist,2026-06-14
14219,2739,84,AddToCart,2025-05-09
14220,2149,203,View,2025-05-08
14221,791,803,Purchase,2025-06-07
14222,1980,865,Wishlist,2025-03-17
14223,1733,978,Wishlist,2026-06-16
14224,2873,676,Purchase,2025-10-20
14225,2405,606,AddToCart,2025-11-15
14226,1955,85,View,2026-04-29
14227,877,624,Purchase,2026-03-31
14228,1261,37,Wishlist,2025-08-15
14229,1648,531,Wishlist,2026-03-20
14230,1048,540,Search,2025-06-11
14231,1601,516,Purchase,2026-06-22
14232,1100,498,Search,2025-05-15
14233,609,388,Search,2025-09-03
14234,1720,698,Wishlist,2026-02-12
14235,152,983,View,2025-07-01
14236,641,429,AddToCart,2026-01-01
14237,2373,538,AddToCart,2025-10-16
14238,2398,365,Wishlist,2025-04-07
14239,2843,140,AddToCart,2025-06-10
14240,2077,425,Purchase,2025-02-24
14241,2137,157,Search,2025-05-30
14242,123,911,Wishlist,2026-03-14
14243,2690,854,AddToCart,2026-02-09
14244,2511,597,Wishlist,2025-12-12
14245,174,88,View,2025-10-14
14246,554,68,Search,2025-03-07
14247,2372,531,Wishlist,2025-09-10
14248,1871,717,AddToCart,2025-05-17
14249,1254,825,View,2026-03-09
14250,450,169,AddToCart,2026-05-26
14251,1360,966,Purchase,2025-03-22
14252,692,620,Purchase,2025-11-08
14253,905,88,Wishlist,2025-01-18
14254,1308,956,Purchase,2025-02-22
14255,1895,525,Purchase,2025-07-17
14256,2839,398,Purchase,2025-12-15
14257,2368,279,View,2026-06-10
14258,1594,344,Search,2025-03-02
14259,2002,231,Wishlist,2026-07-03
14260,342,311,Search,2025-05-27
14261,1707,283,Wishlist,2025-05-12
14262,1022,143,Purchase,2026-03-29
14263,1534,353,View,2025-01-04
14264,1325,457,Wishlist,2025-02-01
14265,470,333,AddToCart,2026-03-05
14266,2661,76,Wishlist,2025-02-10
14267,1919,578,Wishlist,2026-01-24
14268,469,674,Purchase,2025-06-18
14269,1487,537,Wishlist,2025-09-26
14270,1848,700,Search,2026-01-16
14271,1574,685,Search,2025-05-08
14272,2007,713,Purchase,2025-04-02
14273,2216,804,Search,2025-04-03
14274,1634,364,Search,2025-11-20
14275,115,730,AddToCart,2026-03-14
14276,2371,863,Search,2025-05-05
14277,1264,584,Wishlist,2025-06-24
14278,808,715,View,2025-11-30
14279,1421,833,View,2025-10-23
14280,986,527,Search,2026-03-28
14281,389,762,View,2025-08-24
14282,2732,308,Search,2025-05-24
14283,226,421,AddToCart,2025-10-27
14284,2202,400,View,2026-05-26
14285,981,920,AddToCart,2025-11-25
14286,2993,937,Search,2025-12-22
14287,2648,588,Wishlist,2026-05-26
14288,94,93,Search,2025-03-31
14289,675,565,Wishlist,2025-02-05
14290,1892,59,Wishlist,2025-10-14
14291,1678,997,Search,2025-09-20
14292,1148,61,View,2026-02-17
14293,79,77,Purchase,2025-10-08
14294,2692,167,Search,2025-03-08
14295,968,755,View,2026-03-16
14296,1223,669,View,2025-05-04
14297,421,370,Wishlist,2025-10-02
14298,2260,40,Purchase,2025-12-27
14299,115,274,Wishlist,2026-06-05
14300,1903,113,AddToCart,2025-10-12
14301,1963,834,Purchase,2026-01-16
14302,670,197,AddToCart,2025-12-21
14303,876,466,View,2025-01-14
14304,2506,284,AddToCart,2025-08-13
14305,2010,950,Wishlist,2026-03-07
14306,903,116,AddToCart,2026-03-28
14307,2513,420,Search,2025-05-11
14308,2612,85,AddToCart,2025-08-30
14309,1145,690,Wishlist,2026-07-04
14310,2569,393,View,2025-10-12
14311,1152,350,AddToCart,2026-05-10
14312,2730,242,AddToCart,2026-02-26
14313,1184,137,Purchase,2025-12-24
14314,1839,452,AddToCart,2026-06-22
14315,2744,370,Wishlist,2025-12-19
14316,996,230,Wishlist,2025-08-15
14317,2292,276,AddToCart,2026-02-20
14318,2081,116,View,2026-04-04
14319,1245,804,AddToCart,2025-06-13
14320,2087,916,View,2026-05-16
14321,1007,72,View,2026-05-19
14322,2246,334,Search,2025-04-30
14323,1597,507,Search,2025-06-01
14324,2734,548,Wishlist,2025-07-29
14325,2763,911,Purchase,2026-03-29
14326,2486,256,Search,2025-08-09
14327,912,297,View,2025-12-20
14328,2657,534,Search,2025-01-16
14329,1864,172,Purchase,2025-08-11
14330,1648,217,Purchase,2025-09-21
14331,751,358,AddToCart,2025-03-08
14332,2240,317,View,2025-11-04
14333,1975,311,Purchase,2026-01-15
14334,2493,556,AddToCart,2025-06-15
14335,1823,435,View,2025-08-22
14336,562,79,Wishlist,2025-11-09
14337,2766,524,AddToCart,2026-04-10
14338,581,94,Purchase,2025-02-04
14339,1422,425,AddToCart,2025-08-22
14340,308,907,Wishlist,2025-11-22
14341,1687,60,Purchase,2025-08-23
14342,1275,111,AddToCart,2025-04-27
14343,2233,715,Purchase,2025-05-13
14344,2794,49,Wishlist,2025-04-28
14345,429,928,View,2025-08-04
14346,2622,709,View,2025-06-22
14347,1414,474,Search,2025-01-26
14348,37,370,Purchase,2025-05-31
14349,93,369,View,2025-01-09
14350,1557,670,Purchase,2025-10-22
14351,172,33,Purchase,2025-06-18
14352,1295,567,Purchase,2025-03-15
14353,1157,280,Purchase,2025-01-24
14354,1262,966,AddToCart,2025-12-09
14355,1360,485,Search,2026-05-20
14356,510,503,Wishlist,2026-06-05
14357,1579,167,Wishlist,2025-04-21
14358,507,423,Wishlist,2025-08-09
14359,1123,685,Wishlist,2025-01-28
14360,2218,970,Wishlist,2025-06-28
14361,1731,602,Purchase,2026-04-02
14362,232,726,Search,2025-07-05
14363,2318,767,View,2026-03-28
14364,1258,802,Wishlist,2025-09-05
14365,1205,721,Search,2025-02-04
14366,1189,188,Search,2026-03-06
14367,2625,307,Search,2025-08-01
14368,1725,614,AddToCart,2026-03-30
14369,1334,135,Wishlist,2025-06-20
14370,1691,932,Search,2025-09-18
14371,2392,921,Purchase,2025-12-25
14372,2322,398,AddToCart,2026-06-20
14373,2521,986,Search,2025-02-01
14374,1648,380,Wishlist,2025-11-13
14375,2402,418,Wishlist,2025-06-13
14376,2530,390,Search,2025-05-15
14377,1719,797,AddToCart,2025-05-23
14378,314,213,AddToCart,2026-02-13
14379,2622,299,Search,2025-01-06
14380,2569,622,Search,2025-01-01
14381,2398,763,View,2025-04-20
14382,641,335,Purchase,2025-10-15
14383,1326,645,Purchase,2025-07-29
14384,815,30,View,2025-02-22
14385,3000,165,AddToCart,2026-01-08
14386,2189,423,Search,2026-03-23
14387,1130,724,Search,2025-07-19
14388,2484,986,Wishlist,2025-01-04
14389,723,579,Purchase,2025-06-07
14390,2231,838,Wishlist,2025-05-22
14391,2133,314,AddToCart,2025-02-17
14392,155,735,AddToCart,2026-05-28
14393,440,548,AddToCart,2025-10-21
14394,2356,55,View,2026-05-27
14395,1351,277,Purchase,2025-07-26
14396,103,776,Purchase,2026-04-11
14397,691,957,Purchase,2025-04-27
14398,1852,94,AddToCart,2026-01-17
14399,1229,888,Purchase,2025-08-08
14400,700,562,View,2026-05-16
14401,622,918,Purchase,2026-01-20
14402,1153,757,AddToCart,2026-04-12
14403,2032,447,Wishlist,2026-04-17
14404,2883,845,Search,2025-05-07
14405,1275,55,AddToCart,2025-06-10
14406,611,710,View,2025-07-22
14407,2780,915,Wishlist,2026-06-15
14408,1938,521,View,2026-05-12
14409,2222,892,Wishlist,2025-11-13
14410,417,166,Wishlist,2025-03-20
14411,1739,861,Purchase,2026-03-31
14412,2468,558,Purchase,2026-03-26
14413,2925,33,View,2025-11-17
14414,1472,794,Search,2025-05-11
14415,1195,802,Wishlist,2025-10-23
14416,1714,984,AddToCart,2026-05-15
14417,1761,531,AddToCart,2025-11-14
14418,1092,950,AddToCart,2025-09-03
14419,2461,407,Purchase,2026-06-29
14420,865,603,Search,2026-04-12
14421,1726,186,Purchase,2025-10-05
14422,1376,246,View,2026-04-27
14423,2851,975,View,2026-04-18
14424,1857,433,Purchase,2025-10-17
14425,2538,472,Purchase,2025-09-07
14426,2235,547,View,2025-07-12
14427,2147,677,Wishlist,2025-07-29
14428,413,349,Search,2026-05-14
14429,726,591,Search,2025-02-20
14430,1901,384,Wishlist,2025-07-01
14431,1924,912,View,2026-06-14
14432,2948,387,AddToCart,2025-02-13
14433,2751,915,View,2025-01-26
14434,459,843,AddToCart,2025-07-10
14435,1279,789,Purchase,2025-10-22
14436,556,428,AddToCart,2025-12-26
14437,2575,914,View,2026-04-12
14438,520,311,Search,2026-01-04
14439,184,533,Purchase,2025-06-02
14440,1136,300,Purchase,2025-09-27
14441,328,219,Search,2025-07-18
14442,1680,594,Wishlist,2026-07-05
14443,177,559,View,2025-07-14
14444,1433,418,AddToCart,2026-04-07
14445,2460,4,Wishlist,2025-07-10
14446,1198,825,Purchase,2025-02-03
14447,477,963,View,2026-03-14
14448,2491,557,Search,2026-04-25
14449,2338,322,Search,2025-12-07
14450,542,750,View,2025-08-23
14451,2638,271,Wishlist,2025-10-27
14452,2518,647,View,2025-06-18
14453,1758,277,Search,2026-03-28
14454,1196,699,AddToCart,2025-04-01
14455,1387,960,Search,2026-02-23
14456,590,746,Wishlist,2025-04-10
14457,1792,14,AddToCart,2025-08-02
14458,32,563,AddToCart,2026-01-11
14459,1836,395,AddToCart,2025-01-15
14460,1820,427,Purchase,2025-02-28
14461,828,818,Wishlist,2025-04-20
14462,803,347,Search,2026-02-09
14463,859,346,View,2026-02-25
14464,1405,511,AddToCart,2026-06-05
14465,2651,16,Wishlist,2025-11-24
14466,1905,271,View,2025-03-21
14467,2356,525,Purchase,2026-06-20
14468,1534,97,AddToCart,2026-01-09
14469,546,839,Wishlist,2025-10-15
14470,1738,288,Wishlist,2025-09-28
14471,2779,365,Search,2026-05-11
14472,2033,867,View,2026-05-08
14473,706,870,Purchase,2026-03-23
14474,2008,817,Search,2026-01-29
14475,118,771,AddToCart,2025-07-06
14476,1179,271,AddToCart,2025-11-01
14477,1331,790,Search,2026-06-17
14478,2857,955,Wishlist,2025-05-15
14479,604,286,Purchase,2025-04-02
14480,1259,761,Purchase,2025-07-20
14481,2451,565,Search,2025-02-15
14482,1767,69,Search,2026-02-16
14483,1092,780,Wishlist,2025-03-10
14484,1338,930,AddToCart,2025-02-04
14485,2180,850,Purchase,2025-01-24
14486,1629,535,View,2025-10-23
14487,638,138,AddToCart,2026-04-07
14488,639,795,Wishlist,2026-03-15
14489,214,343,Wishlist,2026-03-14
14490,798,240,Search,2025-06-02
14491,1103,511,Purchase,2025-11-21
14492,1431,391,Purchase,2025-04-29
14493,1080,603,View,2025-06-23
14494,2296,539,AddToCart,2025-05-17
14495,693,835,Purchase,2025-03-04
14496,429,486,View,2025-12-21
14497,12,364,Purchase,2025-04-17
14498,1257,636,Search,2025-09-20
14499,1560,624,Purchase,2025-04-07
14500,781,157,Search,2025-02-14
14501,3,57,Search,2025-06-07
14502,936,534,Search,2025-05-02
14503,102,40,Wishlist,2026-03-02
14504,615,869,Purchase,2026-06-20
14505,1936,777,Purchase,2026-04-13
14506,698,82,Wishlist,2026-01-18
14507,2609,376,Wishlist,2025-04-01
14508,1691,319,Wishlist,2025-11-08
14509,729,439,Search,2026-06-13
14510,1012,976,Search,2025-12-18
14511,2189,771,Search,2025-07-25
14512,1282,175,Search,2026-01-20
14513,2650,515,AddToCart,2025-01-16
14514,1022,182,Wishlist,2026-01-17
14515,1819,567,View,2026-01-31
14516,1166,469,AddToCart,2026-04-12
14517,1902,249,Wishlist,2025-09-24
14518,2311,193,Purchase,2026-04-28
14519,542,705,AddToCart,2025-04-19
14520,543,598,Search,2025-04-26
14521,988,253,Wishlist,2026-02-15
14522,4,541,Purchase,2025-08-27
14523,1190,981,View,2025-07-13
14524,2053,950,AddToCart,2026-01-17
14525,944,49,Purchase,2025-11-02
14526,2842,80,Wishlist,2025-10-17
14527,620,393,AddToCart,2025-02-25
14528,1464,776,AddToCart,2026-01-02
14529,535,688,View,2025-06-04
14530,111,214,View,2026-06-20
14531,2139,880,Search,2026-06-24
14532,1838,896,View,2025-11-22
14533,792,997,Purchase,2025-08-30
14534,1297,759,Search,2025-02-23
14535,1705,619,Search,2026-03-02
14536,2335,606,View,2025-01-25
14537,2701,868,Wishlist,2025-05-08
14538,1903,24,Purchase,2025-04-03
14539,2735,285,AddToCart,2025-02-08
14540,2741,827,View,2025-08-24
14541,914,909,Wishlist,2026-06-25
14542,200,562,Purchase,2025-03-16
14543,1924,45,Wishlist,2026-02-16
14544,772,76,AddToCart,2025-01-19
14545,252,538,View,2025-06-26
14546,1642,654,Wishlist,2026-04-24
14547,1210,191,Purchase,2025-05-31
14548,1495,362,Search,2026-03-23
14549,2685,176,Purchase,2025-04-19
14550,2206,952,AddToCart,2025-06-19
14551,1829,667,View,2026-04-14
14552,2495,460,Search,2025-03-07
14553,994,383,AddToCart,2026-06-30
14554,1101,549,Wishlist,2026-06-03
14555,2776,944,AddToCart,2025-01-17
14556,572,264,AddToCart,2025-04-11
14557,1458,49,Wishlist,2025-04-30
14558,857,108,Purchase,2026-01-06
14559,847,577,Wishlist,2025-01-28
14560,1780,432,AddToCart,2025-05-30
14561,1213,697,Wishlist,2025-04-09
14562,331,830,Purchase,2026-05-13
14563,1265,934,Search,2025-01-11
14564,1022,411,Wishlist,2025-06-18
14565,408,759,Wishlist,2025-09-17
14566,1972,933,AddToCart,2025-01-13
14567,1644,163,Wishlist,2025-01-29
14568,142,162,View,2025-02-25
14569,2038,742,Wishlist,2025-11-22
14570,1628,972,Wishlist,2025-09-20
14571,2990,131,Search,2026-02-09
14572,1383,919,Wishlist,2026-06-06
14573,309,699,Wishlist,2025-05-17
14574,1682,897,Search,2026-03-30
14575,2715,509,Wishlist,2025-01-31
14576,1575,658,Search,2025-04-02
14577,1448,897,AddToCart,2025-01-19
14578,1541,543,View,2025-04-12
14579,1490,341,Purchase,2025-05-02
14580,261,219,Search,2026-02-25
14581,354,526,Wishlist,2026-03-28
14582,2505,929,Search,2025-09-24
14583,1491,145,View,2025-08-07
14584,81,513,AddToCart,2025-04-28
14585,1196,308,Search,2026-04-19
14586,2862,584,Purchase,2026-03-24
14587,880,501,Purchase,2026-02-05
14588,1921,535,Search,2026-02-25
14589,477,29,Purchase,2026-05-02
14590,2362,856,Wishlist,2026-04-06
14591,627,422,AddToCart,2026-05-24
14592,2446,282,Wishlist,2025-12-15
14593,201,615,Wishlist,2026-03-20
14594,238,628,AddToCart,2026-05-09
14595,2135,157,Search,2026-05-10
14596,787,564,Wishlist,2026-01-10
14597,1074,650,Purchase,2025-05-01
14598,437,846,Wishlist,2025-12-07
14599,1853,615,Purchase,2026-01-19
14600,1908,753,AddToCart,2025-06-22
14601,2983,629,Wishlist,2025-05-23
14602,2001,274,Search,2026-05-06
14603,351,576,AddToCart,2025-12-09
14604,2396,47,Wishlist,2026-05-28
14605,1147,794,Purchase,2026-05-01
14606,2309,225,Wishlist,2025-06-19
14607,724,216,Wishlist,2025-12-27
14608,2232,4,Wishlist,2025-01-29
14609,414,281,Search,2025-01-10
14610,341,457,View,2026-05-10
14611,1891,454,AddToCart,2026-04-01
14612,1181,408,Wishlist,2025-10-17
14613,233,381,Wishlist,2026-06-16
14614,1432,849,View,2025-03-17
14615,1959,41,Search,2025-10-09
14616,2557,542,Purchase,2025-03-31
14617,2725,801,View,2025-07-30
14618,1222,620,View,2025-03-25
14619,1917,516,Search,2026-03-20
14620,2939,1000,AddToCart,2025-05-03
14621,2891,446,Purchase,2025-07-31
14622,753,776,Purchase,2025-04-08
14623,24,245,Wishlist,2026-06-12
14624,1898,351,View,2025-03-10
14625,2904,707,AddToCart,2026-01-29
14626,1341,710,Wishlist,2026-05-11
14627,753,609,Wishlist,2025-04-24
14628,732,528,Purchase,2026-02-17
14629,1739,209,Search,2025-01-20
14630,2989,214,View,2025-09-09
14631,1490,805,Purchase,2025-04-03
14632,480,823,Purchase,2025-11-11
14633,1587,155,Wishlist,2025-08-21
14634,2121,55,AddToCart,2026-03-27
14635,2755,621,Search,2025-10-21
14636,413,365,Wishlist,2026-05-07
14637,240,928,Search,2025-11-26
14638,460,640,Wishlist,2025-04-08
14639,1481,956,View,2025-12-03
14640,1936,218,View,2025-07-18
14641,941,113,AddToCart,2026-05-13
14642,2813,181,AddToCart,2025-07-13
14643,2644,392,AddToCart,2026-03-14
14644,1308,226,Wishlist,2026-04-23
14645,316,259,Search,2025-06-09
14646,2651,912,Purchase,2025-09-19
14647,754,923,AddToCart,2026-06-23
14648,2727,76,Purchase,2026-03-08
14649,2199,372,AddToCart,2025-06-02
14650,2019,762,Search,2026-01-31
14651,300,987,Purchase,2025-08-07
14652,346,778,Search,2025-11-12
14653,2341,787,Search,2025-08-17
14654,2670,669,View,2025-04-21
14655,2757,916,View,2025-06-15
14656,59,899,Search,2025-01-15
14657,1627,690,Purchase,2026-01-26
14658,1849,963,Purchase,2025-12-17
14659,1879,128,Purchase,2025-10-05
14660,2373,94,Purchase,2025-08-04
14661,1450,322,Wishlist,2026-02-26
14662,2237,997,Wishlist,2025-06-15
14663,380,545,Search,2026-01-08
14664,2901,567,Wishlist,2025-04-09
14665,939,616,Wishlist,2026-06-16
14666,740,706,Purchase,2025-06-25
14667,424,231,View,2026-06-25
14668,1178,951,Purchase,2025-10-09
14669,133,781,Wishlist,2025-01-01
14670,2839,316,Search,2025-02-17
14671,1800,923,AddToCart,2025-01-20
14672,2784,624,Wishlist,2025-09-15
14673,1051,635,View,2025-11-28
14674,1849,878,Wishlist,2026-04-26
14675,1523,616,AddToCart,2025-01-03
14676,2533,252,AddToCart,2025-02-28
14677,2354,781,AddToCart,2025-12-15
14678,2809,376,Purchase,2025-05-20
14679,1983,387,Wishlist,2025-11-19
14680,2761,704,AddToCart,2025-07-28
14681,418,769,View,2026-01-16
14682,803,862,View,2026-01-06
14683,2301,976,Search,2026-03-19
14684,2124,385,Search,2025-07-28
14685,1551,767,Wishlist,2026-04-27
14686,465,788,Purchase,2025-08-27
14687,1557,136,Purchase,2025-04-04
14688,2038,677,Wishlist,2025-10-16
14689,1797,273,Wishlist,2025-02-09
14690,2906,724,View,2025-11-04
14691,1986,632,Purchase,2025-04-14
14692,2015,350,View,2025-06-05
14693,976,867,Search,2026-01-07
14694,1390,928,Search,2025-02-15
14695,1711,703,AddToCart,2026-05-10
14696,2367,121,AddToCart,2026-03-28
14697,1938,2,View,2025-08-27
14698,725,364,View,2025-07-24
14699,1899,126,AddToCart,2025-01-17
14700,2742,422,AddToCart,2025-08-08
14701,61,952,AddToCart,2025-09-05
14702,2510,591,Wishlist,2026-03-08
14703,540,429,Search,2025-02-19
14704,750,110,AddToCart,2026-06-25
14705,2558,318,Purchase,2026-04-09
14706,128,549,Purchase,2025-04-12
14707,2953,656,Wishlist,2026-01-12
14708,89,436,View,2025-01-16
14709,2296,956,View,2026-04-15
14710,539,409,Search,2025-12-19
14711,2328,174,Search,2025-04-15
14712,509,50,AddToCart,2025-10-15
14713,1919,288,Search,2025-08-30
14714,1793,71,Search,2025-12-21
14715,2163,756,Wishlist,2025-04-07
14716,2191,568,Search,2025-09-10
14717,1096,842,Purchase,2025-10-12
14718,2836,515,AddToCart,2026-04-20
14719,252,629,View,2026-04-30
14720,2550,963,Purchase,2025-03-11
14721,147,839,AddToCart,2026-01-08
14722,698,121,Wishlist,2026-04-15
14723,1575,193,AddToCart,2026-01-10
14724,1211,296,Search,2025-09-01
14725,423,196,AddToCart,2025-08-17
14726,1270,211,View,2025-01-06
14727,783,917,Search,2025-10-30
14728,1596,7,View,2025-07-07
14729,1356,439,Purchase,2025-01-07
14730,2343,870,Purchase,2025-08-25
14731,2497,658,Search,2025-08-04
14732,2892,792,Search,2025-10-08
14733,2002,555,Search,2026-04-11
14734,914,854,AddToCart,2025-09-06
14735,2478,271,View,2026-01-03
14736,2569,16,View,2025-07-04
14737,336,709,Purchase,2026-04-01
14738,2906,796,AddToCart,2025-12-22
14739,210,938,AddToCart,2025-10-17
14740,2800,223,Purchase,2025-06-01
14741,1467,569,Search,2025-12-21
14742,2474,811,Wishlist,2025-12-23
14743,2100,778,Purchase,2025-03-26
14744,1587,431,Wishlist,2025-03-12
14745,2090,222,Search,2025-06-08
14746,2900,855,Purchase,2025-07-03
14747,137,252,AddToCart,2026-06-15
14748,1369,537,Purchase,2025-05-18
14749,2440,621,Purchase,2026-01-09
14750,2949,742,Purchase,2025-05-27
14751,1550,29,AddToCart,2026-05-09
14752,1540,604,AddToCart,2026-05-05
14753,1722,166,Purchase,2025-10-13
14754,1208,819,Search,2025-05-23
14755,629,111,AddToCart,2025-11-16
14756,1857,678,Wishlist,2025-12-11
14757,13,462,AddToCart,2025-02-02
14758,2495,45,View,2025-11-15
14759,584,493,AddToCart,2026-06-18
14760,1102,164,Wishlist,2025-07-10
14761,1286,569,View,2025-01-24
14762,1836,831,Search,2026-02-24
14763,753,331,Search,2025-02-03
14764,1387,361,Purchase,2026-05-12
14765,105,67,Wishlist,2025-09-15
14766,619,738,View,2026-05-08
14767,1286,180,Search,2026-01-29
14768,2194,209,Search,2025-04-03
14769,1211,14,Wishlist,2025-08-24
14770,1071,411,View,2025-06-29
14771,2906,66,AddToCart,2025-01-11
14772,1317,887,View,2026-01-09
14773,2677,768,Wishlist,2025-03-27
14774,726,73,AddToCart,2025-09-08
14775,2140,765,Wishlist,2025-05-29
14776,1325,431,Wishlist,2025-09-28
14777,1730,860,AddToCart,2025-12-28
14778,972,989,Search,2026-04-17
14779,157,126,View,2025-11-17
14780,1761,586,Wishlist,2025-10-08
14781,1931,24,Wishlist,2026-03-05
14782,2616,906,Purchase,2026-03-23
14783,1638,391,Wishlist,2026-06-17
14784,1949,787,Purchase,2025-02-04
14785,1759,545,View,2025-06-30
14786,1529,571,View,2025-05-24
14787,585,930,Wishlist,2026-05-27
14788,1908,334,Purchase,2025-03-06
14789,1238,404,Wishlist,2025-11-18
14790,2023,86,View,2026-05-24
14791,238,214,AddToCart,2026-02-17
14792,2622,32,Purchase,2025-04-30
14793,443,902,AddToCart,2025-01-14
14794,2398,927,View,2025-05-28
14795,386,602,View,2025-05-03
14796,1129,372,AddToCart,2025-01-04
14797,847,274,Wishlist,2025-02-18
14798,2141,943,View,2026-06-09
14799,1780,986,Wishlist,2025-05-27
14800,818,197,AddToCart,2026-02-14
14801,886,742,View,2025-01-10
14802,905,274,Wishlist,2025-08-17
14803,1420,550,AddToCart,2026-06-29
14804,548,449,View,2026-03-08
14805,2726,28,Search,2025-09-15
14806,30,307,Search,2026-05-16
14807,546,415,Wishlist,2025-02-12
14808,743,608,Wishlist,2026-02-06
14809,1772,772,View,2026-05-14
14810,15,375,Wishlist,2025-05-21
14811,165,508,Purchase,2026-03-01
14812,754,49,Purchase,2026-04-09
14813,2070,730,Wishlist,2025-04-22
14814,2068,691,Purchase,2025-04-29
14815,326,778,AddToCart,2026-01-12
14816,2784,759,AddToCart,2026-03-25
14817,2010,826,AddToCart,2026-04-02
14818,2299,507,Search,2026-02-06
14819,2723,633,AddToCart,2026-03-24
14820,1312,643,Search,2025-03-16
14821,1231,75,View,2025-12-16
14822,2025,938,AddToCart,2025-02-02
14823,785,928,AddToCart,2025-10-23
14824,1691,675,Wishlist,2025-02-12
14825,1927,357,AddToCart,2026-03-01
14826,1689,113,View,2026-06-22
14827,1643,293,Search,2025-10-21
14828,2048,533,Purchase,2025-03-01
14829,1753,574,Search,2026-05-28
14830,2791,974,Wishlist,2026-01-28
14831,373,531,Purchase,2025-12-09
14832,2802,201,Purchase,2025-08-30
14833,1195,68,Search,2025-02-24
14834,1679,822,Purchase,2025-03-19
14835,195,183,View,2025-12-29
14836,1926,778,Search,2026-02-02
14837,2563,237,Search,2025-05-28
14838,2545,157,View,2025-04-22
14839,508,902,View,2025-08-13
14840,2208,835,Search,2026-05-24
14841,2571,460,Search,2025-03-03
14842,1702,193,View,2025-02-10
14843,2133,689,Wishlist,2025-12-09
14844,738,38,Wishlist,2025-09-07
14845,2769,139,Purchase,2025-06-27
14846,2500,348,Wishlist,2025-04-23
14847,2007,358,Wishlist,2025-03-29
14848,1686,12,View,2025-11-09
14849,211,288,Search,2025-12-09
14850,815,567,AddToCart,2026-03-04
14851,1513,439,Purchase,2026-01-13
14852,1544,638,AddToCart,2025-09-16
14853,1234,696,Search,2026-05-11
14854,597,85,Wishlist,2026-03-07
14855,1787,751,Purchase,2026-06-11
14856,62,874,AddToCart,2025-03-01
14857,1619,710,Purchase,2025-03-12
14858,2422,815,View,2026-06-03
14859,1909,757,Purchase,2025-04-05
14860,2917,178,Wishlist,2026-02-08
14861,1094,934,Purchase,2025-02-06
14862,1121,966,Search,2025-10-22
14863,1886,803,Purchase,2026-05-28
14864,2926,789,View,2026-06-23
14865,2210,715,AddToCart,2026-02-08
14866,2239,541,View,2026-04-04
14867,1168,155,Search,2025-07-19
14868,1061,462,Purchase,2025-03-18
14869,2445,769,AddToCart,2025-11-08
14870,1311,418,AddToCart,2025-03-14
14871,2294,884,Wishlist,2025-12-13
14872,1461,266,AddToCart,2026-04-28
14873,2866,697,AddToCart,2025-04-23
14874,1978,650,View,2026-03-14
14875,1508,520,Wishlist,2026-03-21
14876,504,208,View,2025-12-27
14877,1402,770,Purchase,2025-04-10
14878,2319,808,Purchase,2026-05-28
14879,539,488,Purchase,2026-01-23
14880,2263,45,Search,2026-06-03
14881,1293,593,Search,2026-01-25
14882,392,359,View,2026-02-26
14883,1333,617,Search,2025-11-09
14884,1827,556,Wishlist,2025-02-02
14885,1436,421,Purchase,2026-06-24
14886,2483,887,Wishlist,2025-09-06
14887,700,506,Search,2025-02-18
14888,1830,155,Wishlist,2025-09-25
14889,248,854,Purchase,2025-07-27
14890,483,507,Purchase,2025-04-26
14891,1667,692,Wishlist,2025-06-27
14892,1504,405,Purchase,2025-02-22
14893,173,503,AddToCart,2026-01-17
14894,1711,825,Search,2025-05-15
14895,737,56,View,2025-07-24
14896,2954,336,AddToCart,2026-03-18
14897,586,370,Wishlist,2025-12-09
14898,1669,92,AddToCart,2026-06-27
14899,2270,937,Search,2025-02-20
14900,633,196,Wishlist,2025-06-30
14901,1419,465,View,2025-09-08
14902,531,1,Search,2025-09-16
14903,459,483,View,2025-10-20
14904,2887,772,Search,2026-02-05
14905,2260,282,AddToCart,2026-05-20
14906,2149,235,Purchase,2026-05-06
14907,27,992,Wishlist,2026-03-15
14908,2222,25,View,2025-04-28
14909,1629,8,Search,2026-03-04
14910,519,242,AddToCart,2026-02-25
14911,369,637,Search,2025-09-06
14912,1560,378,Wishlist,2026-05-20
14913,2919,53,AddToCart,2026-06-30
14914,2588,686,Purchase,2026-06-11
14915,2306,824,Wishlist,2026-03-07
14916,214,51,Search,2025-02-05
14917,2431,528,View,2025-10-14
14918,742,916,Search,2025-12-22
14919,2683,820,Wishlist,2025-03-04
14920,1877,568,Wishlist,2025-11-23
14921,1672,798,View,2025-03-29
14922,143,349,Search,2025-04-05
14923,1897,68,View,2025-06-23
14924,592,826,Wishlist,2025-03-12
14925,2114,969,Wishlist,2025-09-03
14926,2376,852,Wishlist,2026-06-15
14927,2134,274,Wishlist,2025-05-17
14928,2694,884,View,2025-02-05
14929,1244,68,View,2026-05-09
14930,1900,691,Search,2026-05-31
14931,1201,466,Search,2025-07-11
14932,2014,491,Purchase,2025-05-20
14933,1156,724,Wishlist,2025-06-22
14934,218,784,AddToCart,2026-06-18
14935,1591,612,AddToCart,2025-05-09
14936,301,713,View,2025-07-01
14937,2053,287,AddToCart,2026-04-22
14938,1524,375,Wishlist,2026-04-09
14939,731,681,Purchase,2025-05-03
14940,404,384,AddToCart,2025-01-23
14941,1055,375,Search,2025-08-18
14942,1114,172,Purchase,2026-05-23
14943,2128,705,Purchase,2025-04-17
14944,1492,918,View,2025-09-09
14945,987,800,AddToCart,2025-01-29
14946,1328,658,Wishlist,2025-10-03
14947,2175,786,Search,2026-06-27
14948,1344,832,View,2025-11-17
14949,432,159,AddToCart,2025-07-22
14950,1527,19,Purchase,2025-08-18
14951,1308,314,Search,2025-03-04
14952,2710,330,AddToCart,2025-12-21
14953,2923,290,View,2026-06-24
14954,1931,902,Wishlist,2026-02-14
14955,1599,918,AddToCart,2025-12-02
14956,1034,506,Wishlist,2025-01-22
14957,2898,245,AddToCart,2025-01-30
14958,1780,851,Wishlist,2025-12-13
14959,590,620,Wishlist,2025-11-12
14960,2996,854,Wishlist,2026-02-15
14961,492,673,Purchase,2026-05-23
14962,1814,513,AddToCart,2026-01-19
14963,2350,752,Search,2026-02-01
14964,2189,143,AddToCart,2026-03-22
14965,1322,299,Search,2025-02-09
14966,576,706,Search,2026-01-22
14967,1685,19,Search,2025-05-04
14968,588,788,Search,2025-10-09
14969,1591,480,AddToCart,2026-04-10
14970,1990,124,Wishlist,2026-05-24
14971,622,463,AddToCart,2025-02-04
14972,850,445,Search,2025-03-29
14973,2865,672,AddToCart,2026-01-03
14974,1732,485,Wishlist,2025-02-04
14975,1130,663,Purchase,2025-03-09
14976,2236,242,AddToCart,2026-06-11
14977,2589,641,AddToCart,2026-02-25
14978,1482,348,Wishlist,2026-05-22
14979,833,30,Search,2025-04-30
14980,2864,575,View,2025-08-09
14981,936,385,Purchase,2025-02-09
14982,875,365,View,2025-05-28
14983,1504,686,AddToCart,2026-02-06
14984,1160,163,Purchase,2025-05-31
14985,565,318,AddToCart,2025-03-23
14986,1632,783,AddToCart,2026-01-04
14987,567,811,Purchase,2026-02-07
14988,2616,882,View,2025-12-15
14989,2347,454,Purchase,2025-03-30
14990,2504,565,Purchase,2026-02-02
14991,2789,415,AddToCart,2025-10-05
14992,201,541,AddToCart,2025-08-25
14993,914,685,Purchase,2026-06-18
14994,689,923,Wishlist,2025-11-01
14995,1282,754,Wishlist,2025-06-10
14996,1048,52,Wishlist,2025-05-19
14997,371,126,View,2025-09-11
14998,1739,532,Purchase,2025-06-27
14999,1016,16,Purchase,2026-04-07
15000,2000,934,Purchase,2026-06-27
15001,2793,586,View,2025-07-24
15002,597,307,View,2025-06-09
15003,1018,798,View,2025-12-05
15004,672,359,Purchase,2025-05-22
15005,2642,437,Wishlist,2025-05-19
15006,1006,15,Search,2025-04-16
15007,1544,853,View,2025-04-07
15008,1587,523,Purchase,2025-01-26
15009,1609,228,Search,2025-07-24
15010,1006,280,Wishlist,2025-10-08
15011,2606,231,Purchase,2025-08-21
15012,239,280,Purchase,2026-06-30
15013,335,753,Wishlist,2025-10-12
15014,739,20,AddToCart,2025-07-02
15015,4,888,Wishlist,2025-05-22
15016,1721,87,Search,2025-12-05
15017,2129,37,Purchase,2025-06-23
15018,1635,430,AddToCart,2025-06-24
15019,1941,312,View,2026-01-11
15020,668,772,Wishlist,2025-04-26
15021,2279,722,Search,2025-10-15
15022,2749,251,Wishlist,2026-03-02
15023,2143,959,Search,2025-02-01
15024,1597,13,AddToCart,2026-05-12
15025,1356,637,Wishlist,2026-06-03
15026,2923,652,AddToCart,2026-04-22
15027,2457,302,View,2026-05-06
15028,1747,696,AddToCart,2026-02-23
15029,1624,988,Wishlist,2026-01-20
15030,1656,245,Purchase,2025-12-15
15031,2666,464,AddToCart,2026-05-07
15032,578,164,Purchase,2025-12-01
15033,1322,449,Search,2025-03-21
15034,2693,418,Wishlist,2025-07-13
15035,1638,596,View,2025-05-19
15036,346,922,View,2025-10-01
15037,1124,908,Search,2025-02-01
15038,2220,527,Wishlist,2025-01-19
15039,991,412,Wishlist,2025-03-29
15040,14,990,View,2025-03-24
15041,946,331,View,2026-03-30
15042,634,610,Purchase,2025-10-07
15043,2857,714,View,2025-11-27
15044,2612,442,View,2025-11-27
15045,1147,660,AddToCart,2025-04-08
15046,2124,668,Purchase,2025-07-12
15047,25,936,AddToCart,2026-06-30
15048,2650,372,Purchase,2025-08-09
15049,844,754,Search,2025-06-26
15050,359,350,Wishlist,2025-05-22
15051,936,647,Wishlist,2025-02-27
15052,100,950,AddToCart,2026-05-25
15053,2427,103,Purchase,2025-10-25
15054,2813,481,AddToCart,2025-06-07
15055,1313,926,Search,2025-01-02
15056,2374,251,Purchase,2025-10-25
15057,459,370,Wishlist,2026-04-15
15058,1419,164,Purchase,2025-02-11
15059,15,669,Wishlist,2025-04-05
15060,99,87,Wishlist,2025-01-06
15061,2608,351,Purchase,2026-05-16
15062,59,820,View,2026-04-11
15063,1259,805,AddToCart,2026-02-25
15064,1712,310,View,2026-03-07
15065,176,859,View,2026-04-26
15066,1403,675,Search,2025-06-01
15067,543,827,View,2025-06-11
15068,382,678,Search,2025-11-29
15069,553,109,AddToCart,2025-04-15
15070,2374,812,Search,2025-09-11
15071,1162,907,Search,2025-10-09
15072,2122,800,Search,2025-12-25
15073,1727,687,AddToCart,2025-12-25
15074,2397,882,View,2025-09-03
15075,2687,642,AddToCart,2026-03-13
15076,912,802,Search,2026-04-02
15077,2476,732,AddToCart,2025-11-28
15078,1180,806,Purchase,2025-02-06
15079,2472,260,Purchase,2026-02-18
15080,718,677,AddToCart,2025-03-22
15081,2793,688,Wishlist,2025-10-08
15082,1075,7,Search,2025-03-28
15083,863,640,View,2025-12-27
15084,1527,129,Search,2026-01-07
15085,1661,768,Purchase,2026-03-04
15086,267,223,Wishlist,2025-04-07
15087,2486,565,View,2026-01-20
15088,877,643,AddToCart,2026-01-06
15089,1048,480,Search,2025-12-22
15090,2259,366,Purchase,2026-03-31
15091,280,889,Wishlist,2025-02-20
15092,1457,413,Wishlist,2025-10-19
15093,1754,414,Wishlist,2026-06-17
15094,2421,969,Purchase,2026-03-10
15095,1844,643,Purchase,2025-06-04
15096,2118,455,Wishlist,2025-04-03
15097,1536,164,Search,2026-02-23
15098,2095,969,View,2025-10-04
15099,2429,89,Search,2026-04-27
15100,2584,614,Purchase,2025-03-08
15101,2945,829,Wishlist,2025-09-15
15102,789,60,Purchase,2025-05-27
15103,1384,491,Wishlist,2026-04-24
15104,983,816,AddToCart,2026-04-15
15105,701,738,AddToCart,2025-08-19
15106,1301,815,Wishlist,2025-08-29
15107,1990,848,Search,2025-02-11
15108,1811,488,Wishlist,2025-10-18
15109,2294,361,AddToCart,2025-10-07
15110,1070,24,Wishlist,2026-02-22
15111,1617,97,View,2025-03-02
15112,870,178,Purchase,2025-11-02
15113,312,621,Search,2026-03-29
15114,2949,882,Wishlist,2025-02-10
15115,2725,255,View,2025-11-12
15116,1552,601,Search,2026-05-16
15117,1641,221,AddToCart,2025-11-19
15118,2939,277,AddToCart,2025-10-16
15119,2535,569,Wishlist,2025-12-19
15120,2789,352,Search,2026-04-27
15121,2874,133,View,2025-02-18
15122,1459,97,Purchase,2025-07-28
15123,1253,101,View,2026-01-08
15124,1332,962,Purchase,2025-09-11
15125,125,248,Purchase,2026-01-08
15126,1339,118,AddToCart,2025-09-24
15127,1488,922,AddToCart,2026-01-19
15128,1256,29,View,2025-07-20
15129,681,920,View,2025-01-24
15130,46,250,AddToCart,2026-05-04
15131,2519,248,View,2026-06-23
15132,2010,185,Search,2026-02-06
15133,1940,597,View,2026-03-23
15134,351,183,AddToCart,2025-11-03
15135,579,110,Search,2025-11-15
15136,495,162,Purchase,2026-04-26
15137,2104,534,Wishlist,2025-11-30
15138,1352,245,AddToCart,2025-02-17
15139,1406,621,Search,2025-12-13
15140,1250,537,Wishlist,2025-06-23
15141,1172,973,AddToCart,2026-05-18
15142,1161,156,View,2026-01-18
15143,1905,929,Search,2025-07-09
15144,2349,274,Search,2025-10-27
15145,923,913,Search,2026-03-03
15146,2096,165,View,2025-08-25
15147,1798,543,Purchase,2025-03-05
15148,1425,871,View,2026-05-05
15149,42,733,View,2026-03-21
15150,105,473,Purchase,2025-06-30
15151,709,464,View,2025-05-15
15152,2610,868,AddToCart,2025-06-15
15153,1770,116,Purchase,2026-03-05
15154,1686,269,View,2025-05-23
15155,2359,752,View,2025-09-27
15156,1463,276,Wishlist,2026-02-18
15157,332,277,Search,2025-02-06
15158,2377,490,Wishlist,2025-08-08
15159,1232,375,Wishlist,2025-05-06
15160,1197,909,Search,2025-11-08
15161,1005,335,Purchase,2026-04-16
15162,294,735,AddToCart,2026-01-13
15163,2527,349,AddToCart,2026-05-17
15164,1632,821,Search,2025-09-21
15165,2298,222,AddToCart,2025-11-13
15166,82,83,View,2025-10-02
15167,1238,55,AddToCart,2025-10-25
15168,645,495,Purchase,2025-04-12
15169,1660,941,Search,2025-07-28
15170,346,456,View,2025-05-26
15171,551,622,Search,2025-06-18
15172,1784,892,AddToCart,2025-06-24
15173,1580,482,Search,2025-08-10
15174,543,65,View,2025-11-12
15175,424,285,View,2026-05-09
15176,2550,628,Search,2026-05-22
15177,2740,190,AddToCart,2025-07-06
15178,380,620,AddToCart,2025-02-28
15179,2309,393,Purchase,2026-05-31
15180,259,541,View,2026-02-02
15181,668,676,Wishlist,2025-09-23
15182,1173,466,View,2025-03-12
15183,997,816,Search,2026-01-03
15184,2198,138,Purchase,2025-11-14
15185,1453,516,View,2025-11-11
15186,2179,77,AddToCart,2025-12-05
15187,1772,455,View,2025-04-03
15188,2532,439,Search,2026-01-29
15189,2557,930,Search,2026-04-24
15190,2320,202,Wishlist,2025-11-08
15191,2107,58,View,2026-06-15
15192,2834,79,View,2025-11-09
15193,1985,714,Search,2025-11-26
15194,1032,751,AddToCart,2026-06-25
15195,4,574,Search,2026-07-03
15196,963,120,AddToCart,2025-04-19
15197,2995,750,AddToCart,2025-12-02
15198,421,837,Search,2026-01-20
15199,2541,337,Purchase,2026-01-15
15200,623,917,Wishlist,2025-06-11
15201,2716,916,AddToCart,2026-06-25
15202,1987,108,Wishlist,2025-11-15
15203,298,987,Search,2025-08-19
15204,885,410,Purchase,2025-10-24
15205,146,443,View,2025-10-24
15206,1006,820,AddToCart,2026-02-22
15207,1310,662,AddToCart,2025-11-14
15208,1552,962,AddToCart,2026-01-06
15209,234,967,View,2026-03-29
15210,2255,660,AddToCart,2026-07-05
15211,1574,125,Purchase,2025-12-07
15212,267,647,Purchase,2025-05-26
15213,143,52,Purchase,2026-04-27
15214,1965,407,Search,2025-07-05
15215,804,98,Wishlist,2026-02-14
15216,92,613,View,2026-05-16
15217,420,842,Wishlist,2026-03-06
15218,2280,237,Search,2026-05-28
15219,1806,798,Purchase,2025-10-22
15220,2010,459,AddToCart,2025-06-02
15221,1378,102,View,2025-12-04
15222,521,883,Search,2025-03-12
15223,1397,643,Search,2025-08-24
15224,1953,633,Search,2025-03-08
15225,220,476,Purchase,2025-06-16
15226,398,301,View,2025-10-29
15227,1289,238,Purchase,2025-05-19
15228,2417,204,AddToCart,2025-02-28
15229,2240,591,Purchase,2025-05-04
15230,1118,228,Purchase,2026-01-07
15231,2215,336,View,2025-12-19
15232,2199,231,View,2026-01-07
15233,1667,951,AddToCart,2025-08-03
15234,1675,702,View,2025-11-14
15235,1540,253,Purchase,2025-09-20
15236,2432,918,View,2025-07-30
15237,1558,478,Search,2025-07-15
15238,1549,42,Search,2025-01-04
15239,2498,868,Wishlist,2025-01-21
15240,1565,350,AddToCart,2026-01-28
15241,1168,301,Search,2025-05-14
15242,1343,703,Purchase,2025-09-03
15243,1705,119,Purchase,2025-06-28
15244,1785,851,Purchase,2025-02-07
15245,1029,539,View,2026-06-02
15246,2091,402,Wishlist,2026-07-04
15247,1307,805,Wishlist,2026-03-18
15248,1301,299,Wishlist,2025-01-26
15249,2245,69,Wishlist,2025-01-12
15250,252,574,Wishlist,2026-06-16
15251,2491,612,Wishlist,2026-05-06
15252,965,99,AddToCart,2025-12-28
15253,1644,21,View,2025-03-31
15254,1953,136,Purchase,2026-07-05
15255,593,914,Search,2025-02-27
15256,81,169,Wishlist,2026-02-16
15257,2414,670,Purchase,2025-11-26
15258,1971,262,Wishlist,2025-08-14
15259,1750,978,Wishlist,2025-09-13
15260,2128,314,Wishlist,2026-06-21
15261,523,309,View,2026-04-30
15262,355,773,Wishlist,2025-02-04
15263,2913,67,Wishlist,2025-12-26
15264,674,431,AddToCart,2025-12-06
15265,2990,802,AddToCart,2025-07-05
15266,524,114,AddToCart,2025-07-10
15267,1974,630,AddToCart,2026-05-24
15268,114,409,Purchase,2026-03-13
15269,2724,846,AddToCart,2025-08-10
15270,2122,212,Wishlist,2026-05-01
15271,1563,752,View,2026-03-23
15272,745,890,AddToCart,2025-08-18
15273,2959,392,View,2025-12-30
15274,1572,1,Purchase,2025-06-17
15275,1054,382,Search,2025-07-18
15276,1494,660,Search,2026-02-20
15277,1634,489,AddToCart,2025-08-31
15278,2942,917,Search,2026-01-31
15279,1240,416,Wishlist,2025-04-26
15280,2289,846,Purchase,2026-05-25
15281,2415,344,Search,2026-02-16
15282,757,470,AddToCart,2025-12-24
15283,2872,241,Search,2026-04-13
15284,2781,370,Wishlist,2025-12-20
15285,711,117,Purchase,2025-11-21
15286,1438,125,AddToCart,2025-09-20
15287,1867,115,View,2025-06-07
15288,2690,276,Search,2025-11-09
15289,1352,252,AddToCart,2025-08-29
15290,2265,637,Search,2025-10-04
15291,1124,80,View,2025-03-04
15292,126,760,Search,2026-05-17
15293,1438,547,Purchase,2025-03-09
15294,1340,774,Wishlist,2025-11-22
15295,1811,816,View,2025-04-23
15296,578,679,View,2026-02-27
15297,790,631,AddToCart,2025-03-01
15298,2838,501,Search,2026-02-03
15299,1338,263,Wishlist,2026-03-16
15300,1605,674,AddToCart,2026-01-14
15301,728,707,Search,2025-06-09
15302,2939,655,Wishlist,2026-04-15
15303,2488,437,Purchase,2026-04-21
15304,2412,276,View,2026-04-05
15305,2313,350,Purchase,2026-01-25
15306,1676,214,Search,2025-12-27
15307,2472,333,Search,2026-05-03
15308,1517,399,AddToCart,2026-06-21
15309,818,92,View,2025-06-27
15310,1121,720,Search,2025-01-11
15311,123,409,Purchase,2026-04-14
15312,767,896,Search,2025-07-12
15313,1874,628,View,2025-02-06
15314,449,766,Purchase,2025-02-06
15315,1239,402,Purchase,2026-02-23
15316,537,855,Wishlist,2026-01-08
15317,2815,720,Wishlist,2026-04-25
15318,2146,800,Wishlist,2025-01-14
15319,1737,818,Wishlist,2026-05-29
15320,2548,180,AddToCart,2025-09-27
15321,1462,62,View,2026-06-06
15322,158,191,AddToCart,2025-06-29
15323,861,949,Search,2025-03-07
15324,2862,397,View,2026-05-16
15325,1125,445,Purchase,2026-05-23
15326,1288,688,Search,2025-09-19
15327,839,491,Purchase,2025-02-28
15328,1691,742,Search,2026-02-06
15329,129,796,View,2026-05-01
15330,2171,468,Purchase,2025-11-04
15331,2230,231,Wishlist,2026-03-21
15332,2793,614,AddToCart,2025-12-23
15333,1691,574,Search,2025-09-11
15334,562,884,Search,2025-01-29
15335,2672,857,Purchase,2025-12-30
15336,2768,454,Wishlist,2025-01-09
15337,575,479,Wishlist,2026-06-09
15338,1596,890,Wishlist,2025-04-03
15339,504,126,AddToCart,2026-05-29
15340,1689,126,View,2025-02-21
15341,279,443,AddToCart,2026-01-20
15342,1229,543,AddToCart,2026-04-26
15343,584,725,View,2026-04-12
15344,498,122,Search,2025-12-27
15345,1041,131,Purchase,2025-11-13
15346,1473,983,AddToCart,2026-06-06
15347,2782,511,Search,2026-03-21
15348,402,963,View,2025-08-20
15349,78,276,Search,2026-06-22
15350,449,320,View,2025-12-16
15351,1284,339,View,2026-07-03
15352,1024,606,Wishlist,2025-07-03
15353,1087,777,View,2026-06-22
15354,32,240,View,2025-10-12
15355,1577,961,Purchase,2025-01-17
15356,2290,305,Search,2026-01-07
15357,1129,190,AddToCart,2025-01-09
15358,1227,167,AddToCart,2025-07-08
15359,2547,761,Search,2025-12-23
15360,860,752,View,2026-04-16
15361,107,601,View,2025-11-03
15362,1572,897,AddToCart,2025-11-28
15363,1593,766,Purchase,2026-02-08
15364,261,550,Wishlist,2025-06-24
15365,2016,114,Purchase,2026-05-06
15366,760,751,View,2025-03-07
15367,184,923,Purchase,2025-08-22
15368,82,876,View,2025-08-12
15369,787,275,Wishlist,2026-05-04
15370,2189,194,Wishlist,2025-11-04
15371,2432,278,View,2026-01-20
15372,1089,901,View,2025-06-23
15373,2554,398,Purchase,2025-07-21
15374,1917,585,Purchase,2025-12-23
15375,1191,850,Wishlist,2026-03-06
15376,2470,730,Search,2025-02-03
15377,1479,436,AddToCart,2026-05-03
15378,1349,582,Search,2025-11-16
15379,1601,871,AddToCart,2026-06-13
15380,1845,561,Search,2026-01-09
15381,656,27,View,2026-02-27
15382,2036,858,View,2025-08-04
15383,79,97,AddToCart,2026-04-28
15384,2561,349,Purchase,2025-05-06
15385,2159,417,Purchase,2025-02-26
15386,2716,166,Purchase,2026-07-03
15387,484,376,Wishlist,2025-08-10
15388,1485,912,Purchase,2026-01-12
15389,2165,4,Purchase,2025-06-03
15390,1379,787,View,2026-02-16
15391,2488,679,Search,2025-09-01
15392,2177,407,Purchase,2025-08-29
15393,2111,479,Purchase,2025-06-16
15394,2985,123,AddToCart,2025-10-17
15395,1431,726,Purchase,2026-01-13
15396,554,643,Search,2025-08-03
15397,1716,422,Wishlist,2025-07-29
15398,1637,349,Wishlist,2025-11-08
15399,1804,127,Purchase,2026-05-01
15400,343,663,View,2026-01-08
15401,1927,383,View,2025-09-25
15402,587,380,View,2025-07-05
15403,2985,443,Wishlist,2026-01-20
15404,2615,971,Wishlist,2026-02-01
15405,2152,25,AddToCart,2026-05-26
15406,2338,314,Wishlist,2026-06-06
15407,1710,367,Purchase,2025-03-03
15408,1993,736,View,2025-02-11
15409,2553,326,Search,2025-11-15
15410,851,271,Wishlist,2026-01-12
15411,241,293,AddToCart,2026-02-10
15412,2140,397,Search,2026-06-01
15413,2106,387,Wishlist,2026-05-30
15414,742,630,AddToCart,2025-07-02
15415,690,483,Search,2026-02-27
15416,161,815,Search,2026-04-12
15417,1911,143,Purchase,2025-09-09
15418,236,763,Search,2026-04-27
15419,557,218,AddToCart,2025-03-10
15420,1052,193,Purchase,2025-01-06
15421,2484,644,Search,2026-04-09
15422,1005,885,Wishlist,2025-11-26
15423,656,843,Search,2025-08-21
15424,1301,945,AddToCart,2026-01-27
15425,2982,484,Purchase,2025-08-07
15426,2986,254,AddToCart,2026-06-10
15427,1496,514,Purchase,2026-01-24
15428,184,746,Search,2025-06-11
15429,1894,830,View,2026-02-09
15430,276,238,Wishlist,2025-05-24
15431,833,264,View,2026-05-10
15432,2570,787,Wishlist,2025-10-29
15433,2352,421,Wishlist,2026-05-29
15434,333,546,Wishlist,2025-08-23
15435,2578,958,Search,2026-05-23
15436,729,689,View,2026-06-17
15437,976,292,Search,2025-07-26
15438,1,231,AddToCart,2025-02-11
15439,410,245,View,2025-01-11
15440,2281,529,Purchase,2025-12-20
15441,1176,986,Wishlist,2026-06-29
15442,660,530,View,2026-01-15
15443,2161,316,Purchase,2025-06-14
15444,1118,881,Search,2026-06-20
15445,808,457,Wishlist,2025-10-29
15446,2411,624,Search,2026-05-03
15447,550,484,View,2026-03-06
15448,24,625,Search,2025-05-25
15449,2341,825,Search,2025-11-06
15450,210,543,AddToCart,2025-04-19
15451,14,247,Wishlist,2025-10-28
15452,2739,888,AddToCart,2026-05-19
15453,2521,112,Purchase,2026-01-08
15454,1401,718,Search,2026-04-09
15455,2378,394,Wishlist,2025-10-13
15456,2968,897,AddToCart,2026-05-12
15457,1834,302,AddToCart,2026-05-22
15458,1642,569,Search,2025-09-02
15459,525,211,View,2025-10-06
15460,2041,600,Wishlist,2025-11-10
15461,2019,617,Wishlist,2026-01-23
15462,1964,490,Purchase,2026-06-06
15463,1514,535,AddToCart,2026-06-24
15464,361,40,View,2025-11-04
15465,1094,252,Purchase,2026-05-28
15466,695,270,View,2026-02-27
15467,740,60,View,2026-04-11
15468,86,254,Purchase,2025-05-16
15469,1432,138,View,2025-02-14
15470,448,913,Search,2025-11-28
15471,47,830,AddToCart,2025-01-24
15472,773,218,Purchase,2026-03-19
15473,457,436,Wishlist,2025-02-13
15474,2352,412,Search,2025-09-08
15475,833,429,AddToCart,2025-06-14
15476,1447,574,Wishlist,2025-04-15
15477,2427,728,Search,2025-09-21
15478,1777,18,View,2025-01-07
15479,1481,285,View,2026-04-03
15480,407,837,View,2026-04-15
15481,612,752,Purchase,2026-01-31
15482,338,547,Search,2026-01-01
15483,1132,63,Wishlist,2026-07-04
15484,800,932,Search,2025-08-03
15485,1004,148,AddToCart,2025-12-17
15486,1316,106,Purchase,2025-01-01
15487,131,302,AddToCart,2025-09-21
15488,1404,629,Purchase,2025-01-24
15489,1327,352,AddToCart,2025-09-05
15490,317,340,Search,2025-04-22
15491,806,960,AddToCart,2025-07-21
15492,2038,806,View,2026-04-22
15493,1306,200,View,2025-03-21
15494,231,167,Search,2025-01-19
15495,2135,542,Wishlist,2025-02-05
15496,5,400,AddToCart,2025-12-23
15497,2031,356,View,2025-03-17
15498,2162,297,AddToCart,2025-01-01
15499,95,474,Wishlist,2025-03-27
15500,2514,554,View,2026-04-25
15501,2632,275,Purchase,2026-01-15
15502,1600,502,Search,2025-06-10
15503,276,306,View,2025-05-06
15504,1000,435,View,2025-10-28
15505,1901,368,Purchase,2026-02-23
15506,2761,110,View,2025-05-07
15507,2134,701,Purchase,2025-05-25
15508,602,570,View,2025-10-21
15509,2343,86,Purchase,2026-02-17
15510,2655,117,View,2025-06-30
15511,1709,474,View,2026-03-11
15512,2593,122,AddToCart,2025-06-13
15513,2722,271,AddToCart,2025-04-18
15514,2761,231,View,2025-06-21
15515,167,234,View,2025-06-10
15516,378,267,Purchase,2026-07-05
15517,1026,201,Search,2025-04-30
15518,506,503,View,2025-11-16
15519,2,479,Search,2026-06-11
15520,737,445,AddToCart,2025-09-25
15521,1068,264,Search,2025-07-03
15522,70,749,Purchase,2026-06-22
15523,1352,435,Search,2026-05-19
15524,1376,562,Search,2026-06-02
15525,258,921,View,2025-09-28
15526,458,461,Purchase,2025-11-04
15527,1602,747,Search,2025-02-02
15528,1423,665,Wishlist,2026-05-04
15529,1203,169,Search,2025-12-08
15530,135,739,AddToCart,2025-04-17
15531,2633,559,Wishlist,2026-06-17
15532,1765,523,Search,2025-03-20
15533,776,802,Search,2025-11-27
15534,1259,527,AddToCart,2025-02-24
15535,2685,4,Wishlist,2025-06-13
15536,2913,469,Search,2026-02-08
15537,421,813,Search,2025-07-21
15538,2573,689,AddToCart,2025-06-25
15539,502,265,AddToCart,2026-01-11
15540,130,226,View,2026-05-11
15541,1047,943,Purchase,2025-03-26
15542,2277,509,AddToCart,2025-11-22
15543,1376,315,View,2025-07-30
15544,2204,658,Wishlist,2025-11-04
15545,71,830,Search,2026-06-29
15546,171,577,Wishlist,2026-01-22
15547,1780,323,AddToCart,2026-01-05
15548,1706,1000,AddToCart,2025-10-13
15549,88,170,Search,2026-03-29
15550,622,165,View,2026-07-01
15551,2755,479,View,2025-12-31
15552,163,584,View,2025-02-10
15553,18,256,View,2026-04-07
15554,1695,613,Purchase,2025-08-26
15555,1351,701,Purchase,2025-08-11
15556,2830,983,Wishlist,2025-08-04
15557,97,986,Purchase,2025-05-31
15558,1402,662,Purchase,2026-04-18
15559,948,179,Wishlist,2026-02-03
15560,2703,487,Search,2025-02-24
15561,1172,206,View,2025-10-18
15562,1622,755,AddToCart,2026-05-06
15563,623,492,AddToCart,2025-10-28
15564,570,555,View,2025-01-19
15565,2824,973,Wishlist,2025-12-02
15566,685,78,View,2026-02-19
15567,2897,673,View,2026-07-01
15568,1184,467,Wishlist,2025-06-11
15569,2912,660,View,2025-12-20
15570,373,786,AddToCart,2025-02-05
15571,2373,382,AddToCart,2026-06-27
15572,1838,98,Search,2025-04-28
15573,1814,132,View,2025-12-07
15574,500,481,Search,2025-04-12
15575,1861,260,Search,2025-10-04
15576,2532,535,AddToCart,2026-01-20
15577,597,282,Search,2025-02-15
15578,2379,517,Wishlist,2025-08-04
15579,486,662,Purchase,2026-04-13
15580,2640,775,AddToCart,2025-09-15
15581,868,851,View,2025-01-03
15582,1049,95,AddToCart,2025-03-16
15583,1391,747,AddToCart,2025-01-01
15584,590,764,AddToCart,2026-03-09
15585,243,383,Search,2025-01-28
15586,174,621,Wishlist,2026-03-06
15587,2910,710,Search,2025-05-04
15588,117,753,Search,2025-07-15
15589,226,736,AddToCart,2025-11-21
15590,324,631,Wishlist,2025-04-17
15591,1325,28,Purchase,2025-07-01
15592,1899,258,Wishlist,2025-06-05
15593,510,21,View,2025-08-30
15594,132,734,Search,2025-09-08
15595,1207,290,Purchase,2026-06-09
15596,1313,682,Search,2026-02-10
15597,2439,759,AddToCart,2026-06-04
15598,1306,93,AddToCart,2025-02-12
15599,2518,847,AddToCart,2025-10-01
15600,1613,967,Wishlist,2026-06-27
15601,212,371,AddToCart,2025-09-09
15602,2304,146,Wishlist,2026-01-05
15603,2206,124,Purchase,2026-01-25
15604,1600,357,View,2025-05-04
15605,1961,796,AddToCart,2025-08-16
15606,1129,926,Wishlist,2025-06-16
15607,2446,874,Search,2025-10-12
15608,2714,459,Search,2025-03-21
15609,542,353,Search,2025-11-08
15610,184,77,Wishlist,2025-12-07
15611,516,607,Search,2025-02-13
15612,1214,342,AddToCart,2025-10-18
15613,1904,751,AddToCart,2026-03-19
15614,2169,197,Search,2025-10-18
15615,2513,479,Wishlist,2026-03-22
15616,2988,258,Search,2026-06-04
15617,2921,661,View,2025-11-22
15618,624,871,Search,2026-02-10
15619,2243,983,Purchase,2025-04-07
15620,1691,730,View,2026-04-10
15621,2102,440,AddToCart,2026-04-10
15622,2250,782,AddToCart,2025-07-26
15623,1420,991,Search,2025-03-21
15624,1339,579,Purchase,2025-01-16
15625,2296,529,Wishlist,2025-08-12
15626,1548,860,Search,2025-07-24
15627,886,602,Wishlist,2025-02-15
15628,112,245,Wishlist,2026-07-04
15629,1395,799,AddToCart,2025-09-05
15630,2292,755,Wishlist,2025-01-04
15631,1587,982,Purchase,2025-09-22
15632,1623,166,AddToCart,2025-06-09
15633,1423,658,Purchase,2025-07-13
15634,2468,903,View,2025-08-24
15635,55,294,View,2026-05-22
15636,232,228,View,2026-01-12
15637,1789,51,View,2025-11-22
15638,2171,68,Wishlist,2025-05-25
15639,794,651,Wishlist,2025-04-25
15640,2057,928,Purchase,2025-11-16
15641,889,161,Purchase,2025-01-19
15642,2006,835,Purchase,2025-07-29
15643,1433,810,View,2025-11-02
15644,2528,130,Search,2025-10-27
15645,454,368,AddToCart,2025-08-31
15646,2359,95,Search,2026-03-16
15647,533,963,AddToCart,2026-06-28
15648,2124,73,Wishlist,2025-10-06
15649,1107,617,Search,2025-12-08
15650,1383,386,AddToCart,2025-08-29
15651,385,841,AddToCart,2025-03-25
15652,624,312,AddToCart,2025-11-11
15653,825,284,Purchase,2025-12-01
15654,414,326,AddToCart,2025-07-25
15655,552,241,Purchase,2025-09-26
15656,1340,54,Purchase,2026-05-06
15657,1662,21,View,2026-06-15
15658,1112,597,Wishlist,2026-04-17
15659,882,115,Wishlist,2025-12-15
15660,2378,282,Search,2026-05-10
15661,1200,799,Purchase,2026-03-17
15662,2044,768,AddToCart,2025-03-16
15663,1494,286,AddToCart,2025-06-20
15664,1715,590,Wishlist,2026-03-11
15665,1774,642,View,2025-09-01
15666,1343,141,AddToCart,2026-02-14
15667,687,834,Wishlist,2025-09-19
15668,1927,892,Wishlist,2025-12-29
15669,898,700,Search,2026-04-09
15670,1111,758,Wishlist,2025-04-21
15671,2627,673,AddToCart,2025-07-09
15672,2149,534,View,2026-04-06
15673,2117,388,Purchase,2025-12-13
15674,2383,873,Purchase,2025-04-30
15675,825,137,View,2025-11-07
15676,2936,23,AddToCart,2026-05-07
15677,1136,767,Wishlist,2025-07-13
15678,881,428,AddToCart,2025-09-23
15679,2127,718,Search,2025-07-06
15680,2131,894,Wishlist,2025-10-04
15681,2770,843,View,2026-01-02
15682,2386,488,Wishlist,2025-09-14
15683,2044,289,AddToCart,2025-03-04
15684,563,834,View,2025-12-29
15685,1341,989,AddToCart,2025-07-06
15686,2876,678,Search,2026-01-21
15687,1052,505,View,2026-02-24
15688,2122,265,Purchase,2025-07-24
15689,123,246,Wishlist,2025-05-28
15690,1012,374,Purchase,2025-10-10
15691,369,603,AddToCart,2025-11-16
15692,1016,482,Purchase,2026-02-07
15693,1735,94,Wishlist,2025-07-19
15694,276,382,Purchase,2025-05-03
15695,577,889,Purchase,2025-03-09
15696,1252,730,View,2025-05-18
15697,2515,802,Purchase,2025-05-21
15698,278,818,Purchase,2026-06-28
15699,1465,598,Purchase,2025-07-29
15700,1350,579,View,2026-06-16
15701,1654,272,AddToCart,2025-12-17
15702,674,811,Purchase,2026-06-15
15703,2067,365,Search,2026-05-07
15704,7,683,Purchase,2025-11-22
15705,1754,507,Search,2025-07-09
15706,1309,129,AddToCart,2026-05-07
15707,1504,810,View,2026-06-25
15708,2069,773,AddToCart,2026-04-04
15709,405,546,Purchase,2025-07-26
15710,1081,935,Purchase,2025-09-23
15711,1915,621,Wishlist,2025-11-01
15712,2950,260,AddToCart,2025-01-14
15713,814,821,View,2025-04-04
15714,2026,407,Purchase,2026-01-18
15715,140,953,Wishlist,2026-05-29
15716,2429,21,Search,2025-11-12
15717,1212,698,Purchase,2026-01-17
15718,1770,71,View,2025-06-18
15719,89,572,Purchase,2025-06-05
15720,46,714,AddToCart,2026-05-28
15721,103,192,Purchase,2025-08-19
15722,2959,416,View,2026-06-04
15723,2568,444,Wishlist,2025-01-30
15724,32,100,Wishlist,2026-01-21
15725,541,565,Purchase,2025-08-12
15726,1391,426,Search,2026-06-08
15727,2552,515,View,2025-09-12
15728,2238,611,Wishlist,2026-04-07
15729,2696,668,AddToCart,2026-04-25
15730,313,407,Wishlist,2026-07-03
15731,2337,462,Search,2026-02-13
15732,1748,249,Wishlist,2025-07-22
15733,708,235,AddToCart,2025-07-31
15734,2961,976,AddToCart,2025-01-22
15735,641,620,View,2025-03-30
15736,1184,592,View,2025-07-27
15737,2840,452,Purchase,2026-05-15
15738,2699,371,View,2025-10-09
15739,2868,219,Search,2025-05-03
15740,518,913,Purchase,2025-05-07
15741,678,649,Search,2025-06-18
15742,1162,589,Wishlist,2026-03-26
15743,2246,364,Search,2025-03-29
15744,2067,952,Purchase,2026-06-24
15745,722,561,Search,2025-01-15
15746,571,239,Search,2025-10-14
15747,795,701,Wishlist,2025-06-03
15748,2262,564,Purchase,2025-04-23
15749,1065,13,AddToCart,2025-05-28
15750,1000,890,AddToCart,2025-09-04
15751,1661,853,Purchase,2026-03-13
15752,225,337,AddToCart,2025-07-01
15753,1716,747,Purchase,2025-12-12
15754,702,162,AddToCart,2025-08-31
15755,1622,946,View,2025-10-14
15756,1183,614,Wishlist,2025-04-10
15757,136,709,AddToCart,2025-08-18
15758,1953,901,View,2025-08-23
15759,2479,276,AddToCart,2026-04-29
15760,1170,592,AddToCart,2026-04-03
15761,1108,612,View,2026-01-29
15762,1669,113,View,2025-06-10
15763,159,791,Purchase,2025-10-21
15764,1626,801,AddToCart,2025-11-23
15765,973,949,Purchase,2025-03-13
15766,1466,505,Wishlist,2026-01-30
15767,1666,69,AddToCart,2025-07-20
15768,1002,193,View,2026-04-08
15769,1649,293,View,2026-03-07
15770,2527,304,Purchase,2025-01-17
15771,1448,297,Purchase,2025-10-21
15772,2556,114,Search,2025-03-23
15773,2262,241,Wishlist,2025-08-02
15774,237,733,Purchase,2026-03-06
15775,2790,347,Purchase,2025-07-26
15776,1994,997,Wishlist,2025-05-18
15777,2616,463,Wishlist,2025-05-18
15778,2526,412,Wishlist,2025-05-21
15779,2299,987,Search,2025-03-10
15780,2342,411,AddToCart,2026-02-04
15781,1240,656,Search,2025-01-10
15782,2656,368,Wishlist,2025-10-05
15783,1103,203,Search,2025-01-13
15784,1137,795,AddToCart,2025-12-21
15785,2193,147,Wishlist,2025-04-16
15786,887,587,View,2025-06-23
15787,1316,169,AddToCart,2025-08-07
15788,907,917,Wishlist,2026-03-08
15789,2531,971,View,2025-12-17
15790,1860,273,Search,2025-10-08
15791,1802,750,Wishlist,2026-05-10
15792,147,594,AddToCart,2025-01-23
15793,2470,214,Search,2026-05-31
15794,1718,773,Purchase,2025-08-20
15795,653,145,Search,2025-11-09
15796,1665,222,Search,2026-05-19
15797,2450,226,View,2025-02-10
15798,921,156,Purchase,2025-06-25
15799,1843,752,View,2025-11-12
15800,553,614,Wishlist,2026-07-01
15801,906,815,View,2025-09-03
15802,1544,775,AddToCart,2025-02-13
15803,1772,957,Search,2025-09-09
15804,222,783,AddToCart,2026-04-04
15805,1656,291,Search,2026-06-23
15806,2695,215,View,2026-01-16
15807,389,996,Purchase,2026-06-26
15808,1985,310,Wishlist,2026-04-17
15809,1282,696,Wishlist,2026-04-07
15810,2315,235,View,2025-06-27
15811,2479,732,AddToCart,2026-04-22
15812,1453,614,AddToCart,2026-06-23
15813,817,130,Purchase,2025-02-01
15814,1159,839,Wishlist,2026-03-20
15815,2432,175,Search,2025-10-10
15816,541,33,Wishlist,2025-12-20
15817,2683,45,Search,2025-05-03
15818,787,496,Search,2025-05-02
15819,573,541,Purchase,2025-09-02
15820,63,210,Wishlist,2025-01-08
15821,802,952,Purchase,2025-06-12
15822,338,685,Purchase,2026-04-30
15823,2195,271,Wishlist,2025-01-22
15824,1788,851,Purchase,2025-11-04
15825,1986,345,View,2026-04-25
15826,1027,554,Wishlist,2026-04-20
15827,1972,804,Purchase,2025-05-22
15828,1909,309,View,2025-03-04
15829,2152,497,Search,2025-04-26
15830,1102,915,AddToCart,2025-03-23
15831,1974,584,Purchase,2025-07-21
15832,1983,330,View,2026-01-06
15833,617,244,Wishlist,2025-06-30
15834,1909,302,View,2025-09-19
15835,2095,318,View,2025-07-05
15836,2719,370,AddToCart,2025-07-03
15837,1714,611,View,2026-03-16
15838,1762,925,Purchase,2025-01-23
15839,2422,360,Purchase,2025-05-18
15840,2813,372,AddToCart,2025-04-10
15841,2171,50,Wishlist,2025-10-10
15842,1841,62,Wishlist,2025-12-25
15843,1203,93,Wishlist,2025-05-16
15844,2322,563,Purchase,2026-04-21
15845,2652,496,AddToCart,2026-01-02
15846,398,609,Wishlist,2025-02-19
15847,2831,816,Search,2026-04-19
15848,103,744,View,2025-08-12
15849,2896,32,AddToCart,2025-07-25
15850,346,486,Search,2025-04-28
15851,2200,497,Wishlist,2025-07-13
15852,2063,945,AddToCart,2026-05-04
15853,2998,732,Wishlist,2026-02-12
15854,2729,762,Search,2025-06-14
15855,1448,344,Purchase,2025-10-14
15856,573,986,Search,2025-05-07
15857,2555,419,AddToCart,2025-06-27
15858,2978,485,Search,2025-06-20
15859,1234,303,AddToCart,2025-09-24
15860,83,700,Wishlist,2025-08-15
15861,1154,467,Search,2026-02-27
15862,71,825,View,2025-04-29
15863,2530,535,Purchase,2026-03-18
15864,309,987,Wishlist,2025-03-02
15865,1290,291,Search,2026-06-28
15866,432,789,View,2026-02-23
15867,2363,484,Search,2025-01-13
15868,2359,496,Purchase,2025-03-13
15869,991,747,Purchase,2026-03-25
15870,1556,76,Search,2025-07-03
15871,508,954,Purchase,2025-10-27
15872,346,95,View,2025-05-01
15873,295,150,Purchase,2025-01-01
15874,218,948,Purchase,2025-08-05
15875,36,512,AddToCart,2026-03-17
15876,1666,358,AddToCart,2026-03-25
15877,1707,707,View,2025-10-16
15878,2325,233,View,2026-04-06
15879,607,182,View,2026-03-26
15880,1521,190,Purchase,2026-03-25
15881,2831,328,View,2025-08-09
15882,393,651,Purchase,2025-10-27
15883,2383,630,View,2025-03-27
15884,2757,588,Purchase,2025-02-11
15885,2783,851,Wishlist,2025-12-18
15886,580,848,Search,2026-04-21
15887,1781,354,AddToCart,2025-01-04
15888,1549,221,Purchase,2026-06-01
15889,2487,639,Wishlist,2025-11-07
15890,1684,286,Wishlist,2025-08-10
15891,1826,286,Search,2025-04-17
15892,841,851,Search,2025-07-19
15893,2008,750,View,2025-09-27
15894,1263,458,Wishlist,2025-04-26
15895,1256,601,AddToCart,2026-01-30
15896,1422,634,Wishlist,2026-01-02
15897,2241,787,Wishlist,2026-05-28
15898,83,843,AddToCart,2026-05-31
15899,1782,992,View,2026-05-22
15900,2153,566,AddToCart,2025-05-25
15901,853,916,Purchase,2025-10-03
15902,1194,673,AddToCart,2025-05-16
15903,461,268,Purchase,2026-06-20
15904,1576,861,Purchase,2026-02-07
15905,1180,106,Wishlist,2026-06-29
15906,2165,193,View,2025-07-29
15907,2219,868,Purchase,2025-11-04
15908,106,447,Search,2026-05-28
15909,2271,406,View,2025-10-29
15910,1358,108,Search,2025-07-16
15911,2623,814,Search,2025-09-01
15912,2191,163,AddToCart,2025-01-14
15913,452,855,AddToCart,2025-02-17
15914,65,136,Wishlist,2025-03-19
15915,1350,8,Purchase,2025-04-03
15916,300,713,Wishlist,2025-12-02
15917,2044,920,Wishlist,2026-05-26
15918,237,970,AddToCart,2025-04-28
15919,957,688,AddToCart,2026-07-05
15920,1833,581,Wishlist,2025-12-16
15921,1416,445,Wishlist,2026-06-24
15922,755,119,Wishlist,2025-05-10
15923,726,971,Purchase,2025-03-10
15924,2401,663,AddToCart,2026-06-14
15925,1038,481,AddToCart,2026-04-19
15926,1294,418,View,2025-08-09
15927,2859,816,AddToCart,2025-03-13
15928,1500,508,AddToCart,2025-09-03
15929,929,471,Wishlist,2025-07-10
15930,2282,767,Search,2025-02-03
15931,2818,227,Search,2025-06-13
15932,1408,672,Search,2026-05-12
15933,37,354,View,2025-08-15
15934,328,498,AddToCart,2025-08-21
15935,2214,186,Wishlist,2025-07-15
15936,231,102,View,2025-09-17
15937,2684,583,View,2025-09-22
15938,288,214,Wishlist,2025-11-13
15939,2237,602,Wishlist,2025-02-28
15940,1482,888,Wishlist,2025-01-02
15941,1685,485,View,2025-10-09
15942,1457,31,Purchase,2025-11-10
15943,1026,421,View,2025-01-30
15944,777,876,View,2025-10-22
15945,2918,780,Wishlist,2025-08-13
15946,927,1000,Purchase,2025-04-18
15947,1764,307,Wishlist,2025-03-20
15948,2387,558,Search,2025-10-01
15949,1081,293,AddToCart,2026-03-21
15950,1132,54,Search,2026-01-25
15951,28,93,View,2025-01-03
15952,1182,641,Search,2026-07-01
15953,2778,665,AddToCart,2025-09-03
15954,1043,882,Search,2026-06-21
15955,966,224,AddToCart,2026-03-14
15956,487,929,Wishlist,2025-06-12
15957,125,871,AddToCart,2025-06-05
15958,1240,832,AddToCart,2025-02-26
15959,2758,639,Wishlist,2026-04-04
15960,443,417,View,2026-01-11
15961,463,385,View,2025-05-09
15962,644,677,Purchase,2025-07-16
15963,2154,626,Wishlist,2025-01-17
15964,629,824,Wishlist,2025-11-14
15965,1044,423,Wishlist,2026-05-15
15966,981,787,AddToCart,2026-05-04
15967,701,531,Wishlist,2025-10-15
15968,668,306,View,2026-06-30
15969,2968,548,Search,2026-01-04
15970,2874,820,Wishlist,2025-11-15
15971,1524,871,Search,2026-02-09
15972,2495,394,Wishlist,2025-02-16
15973,2783,412,AddToCart,2025-11-17
15974,204,377,Search,2026-06-15
15975,26,290,Purchase,2025-05-30
15976,2620,765,AddToCart,2025-01-08
15977,2112,425,Search,2025-03-14
15978,1439,296,View,2025-04-12
15979,1199,42,Search,2025-09-06
15980,1345,411,AddToCart,2025-04-07
15981,1826,627,Purchase,2025-11-14
15982,679,435,Search,2025-02-19
15983,1518,816,AddToCart,2025-12-27
15984,2541,393,Search,2026-03-15
15985,685,656,Wishlist,2025-08-13
15986,2210,644,Purchase,2025-07-10
15987,294,472,Wishlist,2025-04-16
15988,858,283,Wishlist,2026-04-18
15989,2375,919,Wishlist,2025-06-26
15990,860,725,Purchase,2026-06-18
15991,1986,191,Search,2026-06-14
15992,2716,729,View,2025-07-24
15993,623,618,AddToCart,2026-03-19
15994,2854,174,Search,2025-01-20
15995,750,426,AddToCart,2026-05-19
15996,258,657,Purchase,2025-07-16
15997,157,355,Purchase,2026-01-10
15998,1108,334,Search,2025-06-15
15999,2721,427,AddToCart,2025-11-01
16000,2041,240,AddToCart,2025-06-17
16001,2651,379,Search,2025-07-16
16002,2613,959,Wishlist,2025-06-10
16003,2301,527,Search,2026-06-19
16004,1798,51,Wishlist,2025-05-01
16005,1646,426,View,2026-05-27
16006,42,85,Search,2025-06-07
16007,269,409,Purchase,2026-04-19
16008,482,979,Purchase,2025-11-22
16009,1363,210,Search,2026-01-29
16010,1229,990,Wishlist,2026-06-29
16011,2776,986,View,2026-02-01
16012,2349,626,Purchase,2025-05-26
16013,1232,791,Purchase,2025-08-22
16014,214,560,AddToCart,2026-07-05
16015,232,637,View,2026-03-21
16016,2580,129,View,2025-03-21
16017,2744,621,AddToCart,2025-03-22
16018,1763,938,Purchase,2025-08-30
16019,397,441,Wishlist,2025-10-01
16020,1130,724,View,2025-11-09
16021,1687,249,AddToCart,2026-07-02
16022,65,767,AddToCart,2025-04-01
16023,1596,869,Search,2025-11-30
16024,2984,67,Search,2026-02-11
16025,2845,469,Wishlist,2026-02-13
16026,2490,885,Wishlist,2026-06-18
16027,2356,286,Purchase,2026-04-02
16028,1931,85,Purchase,2025-06-04
16029,2996,292,Wishlist,2025-04-26
16030,2022,393,Wishlist,2026-05-22
16031,1373,972,AddToCart,2025-10-13
16032,528,126,View,2025-10-18
16033,33,313,AddToCart,2026-01-28
16034,1135,727,Wishlist,2026-07-02
16035,2960,2,View,2025-07-31
16036,553,904,View,2025-12-10
16037,2571,153,View,2025-04-16
16038,2392,41,AddToCart,2025-08-01
16039,1364,239,AddToCart,2025-02-04
16040,754,724,Wishlist,2026-02-11
16041,1829,342,Search,2025-07-01
16042,416,727,Purchase,2026-02-01
16043,1908,832,AddToCart,2025-08-10
16044,534,550,View,2026-01-29
16045,500,716,Purchase,2026-03-08
16046,2784,871,AddToCart,2025-06-11
16047,2229,963,Wishlist,2026-04-13
16048,2726,634,AddToCart,2026-03-14
16049,2862,635,View,2026-04-11
16050,1798,375,Search,2025-06-20
16051,47,763,View,2026-02-07
16052,111,677,AddToCart,2026-06-27
16053,420,218,View,2025-06-23
16054,1615,620,Wishlist,2025-06-22
16055,371,615,AddToCart,2026-02-25
16056,167,767,Search,2026-05-03
16057,1252,800,Wishlist,2025-05-07
16058,1910,581,Purchase,2026-01-24
16059,937,578,Wishlist,2026-04-05
16060,2318,887,Search,2026-02-11
16061,5,44,View,2025-11-26
16062,908,694,Search,2026-05-20
16063,2004,676,Search,2025-11-28
16064,140,730,Purchase,2026-04-04
16065,572,742,Purchase,2025-02-01
16066,1974,434,Purchase,2026-01-19
16067,2608,317,Wishlist,2025-12-28
16068,2184,966,Purchase,2025-10-16
16069,2242,177,AddToCart,2025-08-19
16070,730,793,Wishlist,2025-08-08
16071,472,211,AddToCart,2026-05-01
16072,147,551,Purchase,2026-02-26
16073,1866,557,Wishlist,2026-07-05
16074,577,898,Search,2025-05-10
16075,1058,562,Purchase,2025-11-25
16076,2395,691,Search,2025-01-11
16077,1685,273,Wishlist,2026-02-24
16078,360,395,Wishlist,2025-09-16
16079,1903,650,View,2025-06-15
16080,99,275,View,2025-05-29
16081,772,594,Purchase,2025-08-09
16082,365,206,AddToCart,2025-03-25
16083,1038,889,Wishlist,2025-05-29
16084,2420,307,Wishlist,2026-02-08
16085,1868,3,View,2025-05-02
16086,196,892,Search,2025-06-14
16087,2187,515,Wishlist,2025-04-12
16088,400,973,Search,2025-11-20
16089,243,85,Purchase,2026-04-01
16090,1361,555,Wishlist,2026-03-22
16091,2690,702,Search,2026-05-04
16092,367,266,Search,2026-05-08
16093,2128,264,Purchase,2026-01-31
16094,1205,253,AddToCart,2025-12-19
16095,2298,615,AddToCart,2026-05-15
16096,111,248,Purchase,2025-06-21
16097,38,290,Wishlist,2026-01-02
16098,951,949,Purchase,2025-11-17
16099,591,81,View,2026-02-10
16100,1972,4,Search,2025-05-26
16101,123,929,Search,2025-08-04
16102,1218,23,Wishlist,2026-05-29
16103,626,755,Search,2025-02-21
16104,871,277,Wishlist,2026-05-05
16105,2837,58,AddToCart,2025-08-25
16106,1884,838,Wishlist,2025-01-30
16107,412,106,Search,2026-05-27
16108,2258,196,Purchase,2026-02-21
16109,823,109,Purchase,2025-01-13
16110,517,436,View,2025-02-10
16111,1190,369,Purchase,2025-08-31
16112,1123,230,AddToCart,2025-11-22
16113,1465,871,Purchase,2026-02-07
16114,2216,335,View,2025-07-31
16115,385,407,View,2025-09-19
16116,2756,179,AddToCart,2025-04-15
16117,1262,675,Wishlist,2026-06-16
16118,325,697,Search,2026-03-27
16119,80,137,AddToCart,2025-11-27
16120,2645,950,View,2025-07-28
16121,5,796,View,2025-01-20
16122,736,529,Wishlist,2025-05-27
16123,993,652,Wishlist,2025-12-02
16124,997,441,Purchase,2025-11-01
16125,1287,212,AddToCart,2026-01-24
16126,757,840,View,2026-03-19
16127,1818,267,View,2025-08-10
16128,96,144,Purchase,2025-12-02
16129,202,408,Search,2025-02-16
16130,248,55,Purchase,2025-01-03
16131,2207,708,Purchase,2025-11-29
16132,1163,924,Search,2025-10-17
16133,2300,659,View,2026-05-23
16134,1681,526,Search,2025-06-06
16135,1261,994,View,2025-11-17
16136,2185,976,Wishlist,2025-02-07
16137,1183,267,AddToCart,2025-11-15
16138,1752,607,AddToCart,2025-12-09
16139,1276,675,Purchase,2026-04-27
16140,2497,606,Search,2026-06-05
16141,988,795,View,2026-03-17
16142,2700,999,Wishlist,2025-10-30
16143,2220,949,Search,2025-03-12
16144,1522,755,Purchase,2026-05-15
16145,188,150,AddToCart,2025-04-11
16146,1375,984,Purchase,2025-05-07
16147,1245,106,AddToCart,2026-05-31
16148,2509,268,Purchase,2025-02-02
16149,1393,758,AddToCart,2026-02-22
16150,374,701,Purchase,2025-12-08
16151,2375,345,View,2026-01-30
16152,2404,813,Search,2025-10-21
16153,2350,964,Wishlist,2025-02-08
16154,40,349,View,2026-06-02
16155,430,355,AddToCart,2025-09-26
16156,1007,818,View,2025-09-01
16157,1812,195,Wishlist,2025-03-09
16158,511,437,AddToCart,2025-12-11
16159,1558,5,Search,2026-01-20
16160,862,591,Wishlist,2026-06-12
16161,2601,178,Purchase,2025-01-10
16162,952,442,Wishlist,2025-07-30
16163,2241,649,Purchase,2026-03-06
16164,1787,209,Search,2026-03-07
16165,2598,29,Purchase,2025-05-18
16166,2074,483,Purchase,2025-12-02
16167,866,846,AddToCart,2026-06-25
16168,1833,874,Search,2026-01-11
16169,2613,226,AddToCart,2026-04-26
16170,2942,598,View,2026-04-17
16171,1238,806,Wishlist,2025-12-29
16172,384,299,Purchase,2025-01-21
16173,2757,519,Purchase,2026-01-29
16174,111,724,Purchase,2025-10-29
16175,1639,94,Search,2026-01-01
16176,1813,146,View,2025-11-02
16177,2883,943,Purchase,2025-12-07
16178,973,518,Search,2025-04-18
16179,2381,65,Wishlist,2025-01-29
16180,820,842,Wishlist,2025-08-22
16181,1850,943,View,2025-06-08
16182,2423,613,Purchase,2026-01-01
16183,2272,734,AddToCart,2025-02-15
16184,1647,868,Wishlist,2025-01-19
16185,2212,939,View,2025-06-03
16186,1768,290,Search,2025-09-23
16187,2472,728,Wishlist,2025-06-01
16188,2629,455,AddToCart,2025-05-01
16189,2020,817,Purchase,2025-12-16
16190,2246,730,Purchase,2026-02-26
16191,1354,689,Purchase,2025-06-10
16192,2267,774,AddToCart,2026-03-24
16193,2583,382,Purchase,2025-01-14
16194,821,503,Search,2026-07-05
16195,1336,962,Purchase,2026-01-23
16196,2311,333,View,2025-07-21
16197,2990,410,AddToCart,2025-06-07
16198,2820,331,Purchase,2025-06-08
16199,2804,701,AddToCart,2025-10-22
16200,2349,510,Wishlist,2026-05-05
16201,998,870,Search,2025-11-15
16202,1335,963,AddToCart,2025-10-06
16203,1744,419,Search,2025-07-20
16204,290,838,View,2025-12-30
16205,2865,512,Search,2026-05-12
16206,763,978,View,2025-02-16
16207,526,513,Search,2026-02-24
16208,1739,801,Wishlist,2025-05-24
16209,649,449,AddToCart,2025-03-08
16210,1376,594,View,2026-01-06
16211,2696,143,Purchase,2026-07-02
16212,2634,458,Search,2026-02-26
16213,1735,401,Purchase,2025-08-29
16214,951,845,Search,2025-08-10
16215,2491,595,Search,2025-10-01
16216,334,354,Purchase,2026-03-02
16217,170,234,Search,2025-04-01
16218,406,312,Purchase,2025-01-30
16219,216,330,AddToCart,2026-05-15
16220,1402,912,Wishlist,2025-08-18
16221,344,302,Purchase,2025-12-06
16222,586,2,AddToCart,2025-09-10
16223,208,217,Wishlist,2025-08-06
16224,1215,681,AddToCart,2026-02-16
16225,2592,935,Search,2025-08-01
16226,347,808,View,2025-12-18
16227,2192,458,Wishlist,2025-02-05
16228,2916,780,Wishlist,2025-12-18
16229,414,89,Search,2025-07-31
16230,1994,567,View,2025-06-20
16231,1447,377,Purchase,2025-04-27
16232,68,133,Wishlist,2025-05-19
16233,576,339,View,2025-10-02
16234,1484,878,Purchase,2026-02-03
16235,2520,8,View,2026-05-26
16236,1909,358,View,2025-05-24
16237,997,804,AddToCart,2026-03-20
16238,2402,718,Purchase,2025-03-11
16239,1053,628,Purchase,2025-12-23
16240,1659,393,View,2026-06-01
16241,1496,982,Wishlist,2026-03-26
16242,2013,368,Purchase,2025-06-12
16243,1719,450,Purchase,2025-10-25
16244,812,732,AddToCart,2026-06-17
16245,1568,246,Search,2026-02-16
16246,1656,26,Search,2026-02-20
16247,68,901,Wishlist,2025-05-07
16248,244,416,Wishlist,2025-04-10
16249,2355,735,AddToCart,2026-01-16
16250,1806,354,AddToCart,2025-09-14
16251,2288,355,View,2026-07-02
16252,347,682,View,2025-04-10
16253,279,273,Search,2026-05-27
16254,2622,314,View,2025-01-21
16255,1025,477,Wishlist,2026-06-01
16256,2915,395,Search,2026-04-27
16257,1054,328,AddToCart,2025-04-01
16258,2942,204,View,2026-02-20
16259,1850,769,AddToCart,2025-06-05
16260,2511,943,Wishlist,2025-05-26
16261,2839,149,AddToCart,2025-01-08
16262,874,88,View,2026-03-03
16263,1597,659,Search,2025-05-27
16264,2311,403,Wishlist,2026-03-10
16265,2731,114,Wishlist,2025-12-04
16266,1522,405,View,2025-03-24
16267,1431,482,Search,2026-06-09
16268,626,3,View,2025-12-18
16269,1050,412,Purchase,2025-02-12
16270,2980,847,Search,2026-05-19
16271,39,582,Wishlist,2025-05-07
16272,657,250,AddToCart,2025-02-09
16273,284,404,View,2025-09-25
16274,409,974,View,2026-03-24
16275,53,79,View,2025-04-01
16276,194,464,View,2026-02-25
16277,2535,777,Wishlist,2026-03-24
16278,190,70,AddToCart,2025-01-25
16279,2350,147,AddToCart,2025-01-18
16280,1741,410,View,2025-03-14
16281,777,543,Search,2025-10-11
16282,2417,626,Purchase,2025-06-05
16283,389,494,Purchase,2026-05-15
16284,127,629,Purchase,2026-06-14
16285,2022,560,Purchase,2025-04-20
16286,1855,655,Wishlist,2025-10-22
16287,122,799,View,2026-05-24
16288,2883,355,AddToCart,2025-03-20
16289,2701,161,AddToCart,2025-06-10
16290,588,518,AddToCart,2026-04-07
16291,2214,442,View,2025-01-08
16292,543,528,AddToCart,2025-05-27
16293,2163,66,Purchase,2026-05-23
16294,2813,41,Purchase,2025-04-21
16295,724,840,Search,2025-10-30
16296,1251,258,Purchase,2025-12-12
16297,236,484,Search,2026-04-01
16298,2067,116,Search,2025-06-02
16299,1478,837,AddToCart,2025-07-15
16300,1140,719,View,2025-12-29
16301,19,151,Wishlist,2026-02-28
16302,414,545,Search,2025-05-02
16303,1150,72,Purchase,2026-05-13
16304,2088,900,Wishlist,2025-07-26
16305,1760,246,Wishlist,2025-08-04
16306,231,20,Wishlist,2025-04-27
16307,1720,470,Search,2026-02-27
16308,1292,723,AddToCart,2025-06-04
16309,2601,433,AddToCart,2025-12-11
16310,1028,815,View,2026-02-17
16311,2906,767,AddToCart,2026-05-27
16312,511,670,View,2025-03-25
16313,719,1,AddToCart,2025-07-22
16314,1439,705,Search,2025-01-11
16315,415,709,Purchase,2026-05-03
16316,728,39,Wishlist,2025-12-25
16317,2266,553,Purchase,2025-07-03
16318,593,464,Purchase,2025-06-24
16319,2112,485,Search,2025-09-24
16320,2719,939,AddToCart,2026-02-20
16321,2556,374,View,2025-02-20
16322,178,508,Search,2025-10-05
16323,879,874,Purchase,2025-11-04
16324,2543,829,AddToCart,2026-06-25
16325,311,670,View,2026-02-06
16326,2955,391,Search,2025-08-22
16327,2124,699,Purchase,2026-02-05
16328,1172,304,AddToCart,2025-07-28
16329,25,778,Search,2026-06-28
16330,2992,815,Search,2025-07-29
16331,1792,467,AddToCart,2026-05-07
16332,2537,985,View,2026-06-16
16333,2131,342,Purchase,2026-02-11
16334,618,449,View,2025-07-05
16335,2128,992,Purchase,2026-04-05
16336,435,847,Search,2026-05-31
16337,1718,235,AddToCart,2025-02-18
16338,2830,937,Search,2026-02-03
16339,481,142,Wishlist,2025-05-14
16340,1706,795,AddToCart,2025-04-01
16341,2250,58,View,2025-02-23
16342,996,161,Wishlist,2025-04-28
16343,924,509,AddToCart,2026-03-26
16344,2468,239,View,2025-01-07
16345,1612,668,Purchase,2025-03-13
16346,2982,732,AddToCart,2025-10-07
16347,982,12,Purchase,2026-06-05
16348,748,295,AddToCart,2025-03-31
16349,59,186,View,2026-05-07
16350,2836,334,AddToCart,2025-01-19
16351,57,725,View,2026-06-20
16352,45,748,Wishlist,2025-10-16
16353,1329,655,Search,2026-02-25
16354,2600,698,Purchase,2026-01-03
16355,2120,358,Search,2025-05-05
16356,839,885,AddToCart,2025-01-30
16357,1845,378,Purchase,2025-03-21
16358,1874,737,Purchase,2026-05-03
16359,2388,824,View,2025-06-13
16360,2539,442,Purchase,2025-04-17
16361,863,888,AddToCart,2026-03-21
16362,42,424,Purchase,2025-07-25
16363,1808,198,Wishlist,2025-10-17
16364,2438,118,Wishlist,2025-03-30
16365,62,144,Search,2025-07-19
16366,2519,308,Wishlist,2026-01-19
16367,1462,246,Purchase,2025-01-08
16368,1373,881,Wishlist,2025-05-15
16369,2602,744,AddToCart,2025-05-18
16370,1927,260,AddToCart,2025-10-03
16371,2377,376,AddToCart,2026-01-17
16372,484,335,Wishlist,2025-06-27
16373,924,318,AddToCart,2025-08-21
16374,1831,363,View,2025-08-01
16375,259,352,Wishlist,2026-04-04
16376,193,28,View,2025-05-06
16377,2047,282,AddToCart,2026-05-16
16378,780,594,Wishlist,2025-02-25
16379,2805,650,AddToCart,2025-04-15
16380,1932,403,Search,2025-10-30
16381,502,125,Purchase,2026-06-04
16382,2010,573,View,2025-11-27
16383,2051,157,Wishlist,2025-04-10
16384,1423,374,Search,2025-02-07
16385,2810,426,AddToCart,2026-07-03
16386,2738,327,AddToCart,2025-05-15
16387,2048,552,Purchase,2025-02-04
16388,933,707,AddToCart,2025-09-01
16389,2285,137,Wishlist,2025-10-25
16390,2720,836,View,2025-08-05
16391,392,406,Wishlist,2025-01-28
16392,1278,418,Search,2026-04-27
16393,2613,401,AddToCart,2025-05-29
16394,1966,128,Wishlist,2025-11-12
16395,2373,267,Search,2026-04-06
16396,2862,945,View,2025-05-08
16397,2441,292,AddToCart,2025-09-29
16398,2365,241,View,2025-03-23
16399,1898,941,Wishlist,2026-05-21
16400,1284,61,Search,2025-03-03
16401,616,351,View,2026-01-12
16402,83,690,Purchase,2025-08-13
16403,565,572,View,2025-04-05
16404,1270,268,Purchase,2026-05-23
16405,1270,183,Purchase,2025-06-06
16406,950,373,AddToCart,2025-12-11
16407,315,631,Search,2026-06-26
16408,784,155,View,2025-04-16
16409,1475,955,View,2025-01-22
16410,2813,26,Wishlist,2025-06-16
16411,2748,35,Search,2026-03-15
16412,2755,603,AddToCart,2026-06-30
16413,2751,694,AddToCart,2025-02-11
16414,967,863,AddToCart,2026-02-05
16415,2809,103,View,2025-10-07
16416,2548,289,Purchase,2025-12-11
16417,1789,132,View,2025-01-14
16418,927,259,Search,2025-04-20
16419,131,773,Purchase,2025-08-03
16420,2578,521,View,2026-05-17
16421,390,209,View,2025-09-05
16422,1747,421,View,2025-07-24
16423,2341,581,Purchase,2025-02-09
16424,415,166,Search,2025-05-21
16425,2688,554,View,2025-10-15
16426,598,364,Search,2025-09-29
16427,2695,921,AddToCart,2025-08-15
16428,1642,635,Purchase,2026-05-03
16429,2188,681,View,2025-01-31
16430,1830,571,AddToCart,2026-06-10
16431,1061,564,Wishlist,2025-03-16
16432,2040,534,Search,2025-07-23
16433,408,150,Search,2025-04-14
16434,434,614,Wishlist,2025-12-28
16435,761,820,Wishlist,2025-04-28
16436,1964,41,Wishlist,2025-01-29
16437,2707,925,Search,2025-09-02
16438,1465,339,Purchase,2026-03-15
16439,1621,170,View,2026-06-27
16440,2267,132,AddToCart,2026-06-14
16441,910,507,AddToCart,2025-03-19
16442,90,295,Wishlist,2026-05-12
16443,1935,779,View,2025-04-30
16444,492,318,AddToCart,2025-08-16
16445,561,53,Wishlist,2025-06-06
16446,1702,623,Search,2026-01-31
16447,1409,167,Search,2025-01-14
16448,1914,857,View,2025-07-12
16449,1390,531,Purchase,2026-06-02
16450,67,347,AddToCart,2025-07-26
16451,652,48,AddToCart,2026-04-28
16452,1121,908,Purchase,2025-12-31
16453,1180,492,Search,2026-01-17
16454,630,311,AddToCart,2026-03-31
16455,333,877,Purchase,2025-05-02
16456,2686,807,Purchase,2025-07-05
16457,893,828,Purchase,2025-09-21
16458,2503,380,Search,2025-01-09
16459,332,697,View,2025-06-24
16460,2568,336,Search,2026-01-12
16461,1576,357,Purchase,2026-01-01
16462,2504,416,Search,2026-05-13
16463,660,186,Search,2026-07-03
16464,1564,511,Purchase,2025-03-27
16465,2521,945,Search,2025-12-31
16466,2226,399,Search,2025-05-22
16467,60,64,Purchase,2025-07-08
16468,2225,956,Search,2026-05-23
16469,2967,360,Search,2026-01-06
16470,1663,220,Wishlist,2025-09-22
16471,2798,690,AddToCart,2025-05-18
16472,2647,589,Wishlist,2025-09-26
16473,1964,685,Wishlist,2025-06-27
16474,739,279,Wishlist,2025-11-08
16475,1445,280,Wishlist,2025-02-20
16476,1892,906,Search,2025-09-10
16477,983,733,View,2025-11-24
16478,552,594,View,2026-06-06
16479,1721,914,Search,2026-05-29
16480,40,569,AddToCart,2026-03-24
16481,2214,637,AddToCart,2025-09-03
16482,2138,136,View,2025-10-18
16483,661,381,View,2025-01-09
16484,1830,918,Purchase,2026-01-04
16485,1561,627,View,2025-08-25
16486,1144,3,Purchase,2026-03-18
16487,2237,492,AddToCart,2025-11-11
16488,2849,460,Purchase,2025-12-16
16489,2474,837,Purchase,2025-02-24
16490,17,5,Search,2026-04-13
16491,2457,492,Purchase,2025-05-25
16492,2110,721,Purchase,2025-11-01
16493,1668,646,View,2025-02-10
16494,220,670,Search,2025-09-20
16495,2074,934,AddToCart,2025-12-07
16496,225,711,Wishlist,2026-01-21
16497,1333,442,Search,2026-06-28
16498,1521,281,View,2025-01-22
16499,1270,294,Purchase,2025-08-17
16500,1170,186,View,2025-08-23
16501,250,35,Search,2026-03-01
16502,2639,448,AddToCart,2025-03-14
16503,1976,363,Purchase,2025-06-30
16504,128,97,Purchase,2026-07-05
16505,629,489,View,2025-04-13
16506,2247,825,Search,2025-06-08
16507,167,418,View,2025-10-30
16508,2025,661,View,2026-01-09
16509,2497,713,View,2026-03-06
16510,1036,416,View,2025-07-04
16511,1797,200,View,2025-07-12
16512,1865,886,AddToCart,2025-04-27
16513,2368,690,View,2025-05-16
16514,2393,977,AddToCart,2025-03-20
16515,2026,798,AddToCart,2025-05-22
16516,1745,624,AddToCart,2026-04-08
16517,2244,657,Purchase,2025-08-04
16518,820,564,Wishlist,2025-07-16
16519,714,641,AddToCart,2025-07-10
16520,2748,366,Search,2025-01-03
16521,2714,714,Search,2026-06-11
16522,2497,254,Purchase,2026-04-03
16523,1939,614,AddToCart,2026-05-18
16524,406,294,AddToCart,2026-01-13
16525,6,363,Purchase,2025-01-14
16526,518,62,View,2025-11-04
16527,889,983,AddToCart,2025-07-04
16528,280,33,View,2026-03-09
16529,2630,413,Search,2025-04-19
16530,469,68,Purchase,2025-07-09
16531,148,814,Purchase,2026-02-21
16532,1391,892,View,2025-10-19
16533,912,747,Wishlist,2026-03-06
16534,2613,714,Search,2025-07-31
16535,605,785,Purchase,2025-07-10
16536,283,274,AddToCart,2025-11-02
16537,1668,585,Search,2025-05-27
16538,2543,836,Purchase,2025-06-23
16539,332,643,Search,2025-05-19
16540,1686,537,View,2025-11-23
16541,2193,947,View,2025-01-16
16542,1822,997,Purchase,2025-11-16
16543,970,129,AddToCart,2026-01-05
16544,2031,6,Purchase,2025-05-29
16545,1839,499,Wishlist,2025-12-19
16546,1255,193,Wishlist,2026-04-01
16547,1554,387,Purchase,2025-08-10
16548,1911,490,Wishlist,2026-07-02
16549,92,807,View,2025-01-09
16550,871,481,Wishlist,2026-04-03
16551,1888,478,Wishlist,2025-12-11
16552,1350,360,View,2025-05-07
16553,1525,442,Search,2026-01-05
16554,609,736,AddToCart,2025-05-22
16555,1871,518,Purchase,2026-02-06
16556,1531,207,Search,2026-01-24
16557,1285,265,AddToCart,2026-05-04
16558,1952,816,View,2025-12-04
16559,770,286,View,2025-01-16
16560,2270,696,View,2025-09-10
16561,2823,489,Purchase,2025-09-05
16562,948,159,Search,2025-04-02
16563,267,73,Wishlist,2025-10-29
16564,1217,266,AddToCart,2025-10-09
16565,2008,334,Wishlist,2025-04-19
16566,1353,557,AddToCart,2025-02-07
16567,19,902,Wishlist,2025-03-23
16568,2974,537,Search,2025-07-23
16569,1421,194,View,2025-04-26
16570,176,777,View,2025-04-11
16571,517,810,Search,2026-03-20
16572,2085,805,Purchase,2025-08-23
16573,686,22,Purchase,2025-04-16
16574,165,1000,Search,2026-06-06
16575,1865,790,Search,2025-07-15
16576,187,707,Search,2025-07-03
16577,2268,719,Search,2025-04-05
16578,2583,671,View,2025-01-22
16579,85,486,Purchase,2026-06-13
16580,1290,928,Purchase,2025-05-23
16581,1322,305,Wishlist,2025-08-19
16582,71,163,AddToCart,2025-09-02
16583,2987,920,Purchase,2025-11-26
16584,2157,435,Purchase,2026-01-24
16585,1925,366,Purchase,2026-02-27
16586,2826,881,Search,2026-04-27
16587,2520,5,Wishlist,2025-02-23
16588,723,63,Wishlist,2026-04-05
16589,963,164,Wishlist,2025-11-10
16590,1798,975,View,2026-05-01
16591,2298,984,Purchase,2025-12-08
16592,1099,211,AddToCart,2025-09-15
16593,2169,516,Search,2026-02-07
16594,2050,899,Wishlist,2025-10-26
16595,2551,586,Purchase,2025-04-15
16596,985,760,Wishlist,2025-09-23
16597,63,450,Wishlist,2025-12-16
16598,2835,173,Purchase,2025-01-01
16599,1922,29,Search,2025-05-26
16600,1396,368,AddToCart,2025-09-12
16601,1714,773,Purchase,2025-08-25
16602,636,297,AddToCart,2025-07-06
16603,1920,407,Search,2026-01-29
16604,2386,602,Search,2025-10-04
16605,374,905,View,2025-03-28
16606,2115,143,AddToCart,2025-12-13
16607,2056,994,Search,2026-04-25
16608,420,785,Purchase,2025-05-11
16609,1766,985,AddToCart,2026-01-17
16610,2862,648,View,2026-01-16
16611,1986,895,Search,2026-03-30
16612,1724,697,Purchase,2026-06-20
16613,1716,924,AddToCart,2025-03-28
16614,111,121,Purchase,2026-04-02
16615,2326,123,AddToCart,2025-10-07
16616,2288,458,Wishlist,2025-01-31
16617,656,126,Search,2026-05-07
16618,1157,159,AddToCart,2026-03-17
16619,2739,763,Purchase,2025-08-30
16620,1709,635,Wishlist,2025-04-07
16621,1214,240,Wishlist,2026-05-19
16622,1221,937,Wishlist,2026-01-20
16623,1386,271,AddToCart,2026-01-06
16624,2218,260,AddToCart,2025-10-30
16625,1370,600,Search,2025-09-16
16626,2049,376,View,2026-03-20
16627,607,985,Purchase,2025-12-01
16628,1906,539,View,2025-02-18
16629,892,543,Wishlist,2026-06-30
16630,1707,989,Wishlist,2025-10-23
16631,457,840,Wishlist,2026-06-08
16632,1788,493,Wishlist,2026-03-13
16633,2915,222,View,2025-11-30
16634,2158,135,Wishlist,2025-09-04
16635,89,529,Search,2026-05-12
16636,1408,786,AddToCart,2025-01-18
16637,200,834,AddToCart,2025-11-06
16638,5,329,AddToCart,2026-03-24
16639,2702,87,AddToCart,2026-04-04
16640,291,497,Wishlist,2026-06-17
16641,2916,497,View,2025-11-07
16642,1385,79,AddToCart,2025-08-28
16643,2557,525,Purchase,2026-02-18
16644,2282,124,View,2025-03-28
16645,1653,10,AddToCart,2025-08-12
16646,1414,456,Search,2026-05-10
16647,2631,151,View,2026-04-06
16648,700,48,Wishlist,2026-04-26
16649,2249,197,AddToCart,2025-06-19
16650,1703,262,Wishlist,2025-11-20
16651,536,621,Search,2026-02-10
16652,264,117,View,2025-07-29
16653,2652,303,View,2026-02-16
16654,1345,502,Wishlist,2025-02-03
16655,1662,993,Search,2026-04-10
16656,528,824,Wishlist,2025-12-03
16657,777,466,Wishlist,2025-12-07
16658,2917,665,Purchase,2025-08-27
16659,2779,233,View,2025-02-23
16660,1551,860,Wishlist,2025-05-08
16661,2355,593,View,2025-04-22
16662,2880,938,Wishlist,2026-04-19
16663,102,759,Purchase,2025-03-14
16664,1547,147,Wishlist,2026-07-04
16665,1795,282,View,2025-10-04
16666,81,715,Purchase,2025-09-07
16667,152,315,AddToCart,2025-09-07
16668,1172,199,View,2026-02-03
16669,310,702,Wishlist,2026-05-02
16670,533,417,Purchase,2025-05-03
16671,461,634,AddToCart,2026-01-17
16672,599,139,AddToCart,2026-02-23
16673,32,278,AddToCart,2025-12-24
16674,2830,994,AddToCart,2026-03-01
16675,673,411,Wishlist,2026-04-13
16676,793,132,AddToCart,2026-03-29
16677,810,264,View,2025-09-06
16678,2551,784,Search,2025-09-16
16679,2078,270,Wishlist,2025-10-11
16680,1158,39,Search,2026-05-26
16681,1795,747,Purchase,2025-11-26
16682,2583,464,Search,2025-03-01
16683,2552,712,Purchase,2026-02-03
16684,2954,863,Search,2025-11-14
16685,559,442,AddToCart,2025-06-26
16686,1968,277,Purchase,2026-03-28
16687,1543,878,Search,2025-07-10
16688,1073,772,Search,2025-05-21
16689,341,182,Search,2026-03-17
16690,1791,309,Wishlist,2026-06-26
16691,1283,676,Wishlist,2025-01-16
16692,2126,114,View,2026-04-16
16693,2884,774,Wishlist,2026-03-15
16694,1574,761,Purchase,2025-09-18
16695,2869,192,View,2025-12-27
16696,2513,134,Wishlist,2025-02-20
16697,114,799,AddToCart,2026-05-19
16698,473,314,AddToCart,2025-10-01
16699,492,774,Wishlist,2026-06-07
16700,1859,433,Search,2025-12-21
16701,1177,146,AddToCart,2025-07-15
16702,818,340,Purchase,2025-03-18
16703,2176,687,Wishlist,2025-01-22
16704,748,328,Purchase,2025-11-30
16705,1168,268,View,2025-10-20
16706,1347,160,Purchase,2025-08-03
16707,871,374,Search,2025-10-29
16708,272,113,View,2025-01-23
16709,1950,381,Search,2025-09-23
16710,1650,775,Search,2025-03-19
16711,2224,134,Wishlist,2025-01-19
16712,1535,853,Search,2026-02-12
16713,1102,796,Search,2026-04-12
16714,95,759,View,2026-01-11
16715,287,973,View,2026-01-02
16716,1135,840,Search,2026-02-06
16717,996,965,Purchase,2026-06-06
16718,2468,374,Search,2025-01-14
16719,8,107,Wishlist,2026-03-18
16720,1134,931,View,2025-04-21
16721,394,304,View,2025-06-27
16722,420,214,AddToCart,2025-12-27
16723,2872,896,Wishlist,2025-01-12
16724,540,994,View,2025-06-10
16725,1047,901,AddToCart,2025-11-25
16726,534,58,Purchase,2026-01-26
16727,1719,405,Search,2025-11-14
16728,999,588,Search,2025-10-04
16729,651,862,AddToCart,2026-03-12
16730,1559,609,Search,2025-05-21
16731,2390,542,Purchase,2025-10-22
16732,1230,343,View,2026-05-12
16733,2819,143,Purchase,2026-06-04
16734,2510,961,Purchase,2026-04-23
16735,736,479,AddToCart,2025-12-04
16736,2056,449,Search,2025-05-18
16737,1101,387,View,2026-05-30
16738,437,276,Wishlist,2025-04-12
16739,760,372,Search,2025-08-25
16740,2547,30,View,2026-04-08
16741,2420,205,View,2025-09-14
16742,1937,33,Purchase,2025-03-07
16743,1616,581,AddToCart,2026-06-18
16744,1337,987,View,2025-07-16
16745,1277,386,Purchase,2025-08-10
16746,864,90,Wishlist,2025-07-08
16747,1973,364,Search,2025-09-11
16748,599,33,Purchase,2026-01-30
16749,1776,545,View,2026-05-12
16750,182,976,Wishlist,2026-03-21
16751,2820,437,Purchase,2025-12-27
16752,585,938,Purchase,2025-08-23
16753,493,998,AddToCart,2025-06-27
16754,1110,792,Wishlist,2025-07-02
16755,451,787,AddToCart,2025-10-26
16756,2111,298,Purchase,2025-05-22
16757,2807,733,Search,2025-03-01
16758,1637,888,Purchase,2025-04-02
16759,1816,160,Wishlist,2025-08-08
16760,957,637,AddToCart,2025-07-02
16761,1643,654,View,2025-02-20
16762,694,341,Purchase,2026-03-12
16763,1092,505,Purchase,2025-07-06
16764,101,362,Search,2025-04-02
16765,1604,522,Purchase,2025-04-28
16766,174,300,View,2025-03-09
16767,417,525,View,2025-12-11
16768,1310,707,View,2025-03-31
16769,512,926,View,2026-02-17
16770,1198,164,AddToCart,2026-02-01
16771,2214,484,Wishlist,2025-12-08
16772,2505,160,Purchase,2025-11-25
16773,2570,224,Wishlist,2025-04-18
16774,2736,773,AddToCart,2025-04-07
16775,2340,866,View,2025-07-07
16776,1927,933,Wishlist,2025-12-18
16777,332,584,Wishlist,2025-09-22
16778,2160,861,AddToCart,2025-12-29
16779,1215,27,Search,2026-05-28
16780,1381,56,View,2026-04-22
16781,1661,911,View,2025-05-14
16782,2948,502,Wishlist,2026-06-08
16783,623,649,Purchase,2025-03-13
16784,189,317,AddToCart,2026-01-13
16785,263,327,Purchase,2025-06-11
16786,1718,899,AddToCart,2025-06-26
16787,1979,165,Purchase,2026-02-16
16788,2354,688,View,2026-05-05
16789,211,660,Search,2026-01-16
16790,869,784,Purchase,2026-02-08
16791,28,431,Wishlist,2025-10-03
16792,2431,788,Purchase,2025-02-01
16793,132,737,Purchase,2026-03-22
16794,1436,48,Wishlist,2025-12-29
16795,2452,856,Wishlist,2025-07-01
16796,181,519,AddToCart,2025-09-03
16797,984,469,Purchase,2025-09-21
16798,2950,391,View,2025-05-09
16799,2172,972,View,2026-02-05
16800,2678,458,View,2026-04-19
16801,330,92,Search,2025-07-03
16802,2392,91,Purchase,2025-03-18
16803,1480,625,View,2025-04-27
16804,3,384,AddToCart,2025-07-20
16805,2565,462,Wishlist,2025-10-30
16806,1599,770,Search,2025-01-20
16807,860,575,Wishlist,2026-05-05
16808,2509,589,Purchase,2026-03-15
16809,1494,169,Wishlist,2025-03-24
16810,2821,143,View,2025-06-06
16811,2327,802,View,2025-01-31
16812,1328,846,Wishlist,2025-05-23
16813,2306,638,Search,2025-12-17
16814,2364,415,Wishlist,2026-06-30
16815,2320,924,Purchase,2025-05-04
16816,632,160,Purchase,2025-08-04
16817,2612,449,View,2025-11-26
16818,2649,415,Search,2026-02-13
16819,1755,355,View,2025-01-01
16820,2047,37,Wishlist,2025-03-15
16821,120,318,Search,2026-05-26
16822,1650,981,Wishlist,2025-04-21
16823,833,741,Purchase,2025-01-25
16824,2791,53,Wishlist,2025-01-17
16825,666,216,Search,2025-10-19
16826,317,644,Purchase,2025-01-17
16827,1903,406,Wishlist,2025-11-27
16828,1316,871,Search,2025-11-14
16829,2204,239,Wishlist,2025-07-10
16830,24,608,AddToCart,2025-05-19
16831,1420,500,Purchase,2025-11-02
16832,2059,541,AddToCart,2025-08-09
16833,2930,188,Search,2026-04-10
16834,2482,640,Search,2025-04-18
16835,2725,529,Purchase,2026-01-10
16836,2463,957,Search,2026-05-12
16837,1721,295,Purchase,2025-10-23
16838,2794,946,Purchase,2025-06-24
16839,2475,51,AddToCart,2025-08-23
16840,1738,977,Search,2025-11-25
16841,2108,876,Search,2025-06-09
16842,1824,792,AddToCart,2026-02-21
16843,548,41,Purchase,2025-12-24
16844,2784,542,Search,2026-06-07
16845,2948,401,AddToCart,2026-04-16
16846,1508,572,AddToCart,2025-11-11
16847,134,146,View,2025-01-06
16848,2959,294,AddToCart,2025-05-04
16849,1252,690,AddToCart,2025-12-04
16850,2509,223,AddToCart,2025-08-11
16851,512,820,View,2025-05-08
16852,381,466,AddToCart,2025-03-05
16853,636,957,AddToCart,2025-05-17
16854,1933,393,View,2026-01-12
16855,771,393,AddToCart,2025-01-25
16856,2646,904,AddToCart,2026-02-16
16857,986,785,Wishlist,2026-05-26
16858,1122,144,Purchase,2025-04-25
16859,828,56,View,2026-05-02
16860,1357,235,View,2025-07-26
16861,2457,815,Purchase,2026-06-09
16862,2263,418,Purchase,2025-11-25
16863,1623,564,Wishlist,2025-01-03
16864,1862,578,Search,2026-02-13
16865,601,427,AddToCart,2026-01-08
16866,2381,82,Purchase,2025-04-20
16867,1639,176,AddToCart,2026-02-18
16868,2399,31,Wishlist,2025-04-02
16869,117,883,AddToCart,2026-01-11
16870,1159,363,Wishlist,2025-04-13
16871,2840,461,Search,2025-07-11
16872,2088,275,Wishlist,2025-11-17
16873,2869,17,Purchase,2025-05-22
16874,1143,640,Wishlist,2025-10-11
16875,943,11,View,2025-07-13
16876,1102,346,AddToCart,2026-04-19
16877,2210,933,Wishlist,2025-07-16
16878,2963,328,View,2025-09-25
16879,2382,133,View,2025-05-14
16880,2984,309,View,2025-06-28
16881,716,975,View,2025-09-11
16882,2820,976,View,2025-12-25
16883,1736,493,Search,2025-10-30
16884,451,455,Purchase,2025-04-09
16885,174,998,Wishlist,2025-03-25
16886,2003,167,Search,2025-01-08
16887,2338,420,View,2025-01-05
16888,1532,247,Search,2026-03-19
16889,2953,864,Wishlist,2025-03-29
16890,332,583,Search,2026-02-22
16891,2254,962,AddToCart,2025-11-10
16892,1383,40,AddToCart,2026-03-17
16893,2231,772,Purchase,2026-06-24
16894,1422,709,Purchase,2025-01-19
16895,1694,600,AddToCart,2025-07-25
16896,1462,920,Wishlist,2025-08-09
16897,804,366,Purchase,2026-03-07
16898,1596,174,Search,2025-04-23
16899,868,172,Search,2025-01-21
16900,2094,84,AddToCart,2025-05-20
16901,350,406,Purchase,2026-01-05
16902,2195,432,View,2025-05-30
16903,449,892,Wishlist,2025-09-22
16904,463,676,AddToCart,2025-02-05
16905,1689,955,Search,2025-07-21
16906,1921,989,Wishlist,2026-05-28
16907,1475,302,AddToCart,2025-07-23
16908,2344,370,AddToCart,2025-10-02
16909,1093,995,Wishlist,2025-08-16
16910,1085,292,View,2026-05-17
16911,2448,788,Purchase,2026-03-17
16912,1766,959,Purchase,2026-03-31
16913,2443,233,View,2025-04-27
16914,2717,573,Search,2025-07-24
16915,1923,922,Wishlist,2025-06-13
16916,1778,319,Purchase,2025-09-19
16917,1968,475,Wishlist,2025-12-30
16918,2398,742,View,2025-03-11
16919,2368,334,Purchase,2025-03-15
16920,56,636,Search,2025-06-16
16921,564,102,View,2025-07-09
16922,2881,161,Search,2025-10-08
16923,232,574,Search,2026-03-16
16924,1622,244,Wishlist,2025-04-06
16925,1343,707,AddToCart,2025-03-26
16926,1543,168,Purchase,2026-01-28
16927,1672,431,AddToCart,2025-08-19
16928,2582,560,View,2025-03-10
16929,89,422,Purchase,2025-11-26
16930,1817,497,Purchase,2025-11-06
16931,639,560,Purchase,2026-02-03
16932,1610,330,Purchase,2026-03-30
16933,841,185,View,2026-06-24
16934,2837,96,View,2025-09-23
16935,2394,486,Wishlist,2026-06-30
16936,130,414,AddToCart,2025-09-14
16937,1945,177,View,2025-12-29
16938,1277,40,AddToCart,2025-09-23
16939,2607,557,AddToCart,2025-10-10
16940,2400,968,Search,2025-05-25
16941,1439,99,Purchase,2025-01-11
16942,1231,78,Wishlist,2025-08-08
16943,2032,586,AddToCart,2025-07-13
16944,2814,801,Purchase,2025-09-26
16945,2593,112,Wishlist,2025-06-07
16946,2895,843,Search,2025-10-12
16947,1627,325,View,2026-02-15
16948,2246,683,View,2026-06-21
16949,1837,356,Search,2025-08-29
16950,125,997,Purchase,2025-03-29
16951,2664,578,Purchase,2026-02-22
16952,368,660,Wishlist,2025-11-16
16953,1623,227,Wishlist,2025-12-18
16954,2476,29,Purchase,2025-10-28
16955,879,53,View,2026-07-03
16956,252,257,Wishlist,2025-02-12
16957,2594,943,Wishlist,2025-02-17
16958,472,589,Search,2026-04-25
16959,222,110,Wishlist,2025-07-19
16960,1127,653,Wishlist,2026-02-21
16961,1322,851,AddToCart,2026-04-26
16962,2231,221,Search,2026-07-03
16963,2659,555,Search,2025-02-25
16964,1382,873,Purchase,2026-03-21
16965,1879,505,View,2026-04-18
16966,1868,652,Search,2026-05-09
16967,173,848,Purchase,2025-09-28
16968,2810,434,View,2025-04-10
16969,560,9,AddToCart,2026-05-13
16970,2183,303,View,2026-01-27
16971,311,526,Purchase,2025-12-07
16972,477,582,Search,2025-05-16
16973,335,779,View,2025-02-24
16974,2595,202,AddToCart,2025-11-29
16975,423,101,AddToCart,2025-03-28
16976,1651,220,Search,2025-02-08
16977,2002,971,Purchase,2025-06-03
16978,2688,308,Wishlist,2025-10-12
16979,2169,644,Wishlist,2025-04-10
16980,724,7,Purchase,2025-10-11
16981,1482,196,Purchase,2025-10-30
16982,2943,201,Purchase,2025-04-09
16983,390,765,AddToCart,2025-08-27
16984,2372,739,Wishlist,2025-01-17
16985,2524,194,AddToCart,2025-12-02
16986,1302,935,View,2025-03-28
16987,2057,537,AddToCart,2025-12-23
16988,929,737,AddToCart,2025-08-31
16989,2664,507,Purchase,2026-06-21
16990,1291,659,AddToCart,2025-01-04
16991,710,919,Wishlist,2026-03-10
16992,932,919,Search,2026-03-19
16993,1014,572,View,2025-05-05
16994,2650,329,Wishlist,2026-01-02
16995,1748,994,View,2025-02-16
16996,1735,603,Wishlist,2026-06-06
16997,934,758,Wishlist,2025-04-23
16998,2652,112,AddToCart,2026-01-21
16999,22,23,AddToCart,2025-12-14
17000,2951,369,Wishlist,2025-01-02
17001,2280,398,Purchase,2025-10-06
17002,2147,106,AddToCart,2025-08-23
17003,1836,973,AddToCart,2025-08-09
17004,1210,376,Search,2025-06-13
17005,2505,676,Wishlist,2026-06-26
17006,1531,510,Purchase,2025-07-06
17007,2875,903,View,2025-11-16
17008,2012,875,Wishlist,2026-03-06
17009,1019,533,Search,2026-05-07
17010,2352,275,View,2025-04-15
17011,2846,517,View,2025-12-15
17012,2744,54,View,2025-02-25
17013,1737,378,Search,2025-09-15
17014,2702,504,Wishlist,2025-12-10
17015,2308,995,AddToCart,2025-08-07
17016,949,480,AddToCart,2025-04-14
17017,2082,53,Wishlist,2025-01-16
17018,2556,83,Search,2025-08-31
17019,9,317,Wishlist,2025-11-20
17020,1400,577,View,2026-01-21
17021,233,127,Purchase,2026-07-03
17022,34,254,Wishlist,2025-03-21
17023,507,46,Wishlist,2025-04-04
17024,1382,804,Wishlist,2026-01-10
17025,1767,507,Purchase,2026-02-07
17026,1505,463,AddToCart,2025-07-14
17027,1549,407,AddToCart,2025-07-15
17028,2784,582,Wishlist,2025-04-30
17029,2960,134,AddToCart,2026-04-06
17030,882,144,Search,2025-07-16
17031,1991,948,View,2025-06-17
17032,2897,45,View,2025-03-27
17033,1187,549,Search,2025-08-04
17034,1860,968,View,2025-12-14
17035,1226,419,Wishlist,2025-12-21
17036,1533,954,AddToCart,2025-09-25
17037,1797,85,Purchase,2025-02-10
17038,2409,827,View,2025-03-05
17039,1609,771,Wishlist,2025-03-05
17040,501,307,Purchase,2025-06-29
17041,2195,356,Purchase,2025-02-12
17042,223,262,View,2025-12-22
17043,366,563,Purchase,2025-05-07
17044,584,969,Wishlist,2026-04-12
17045,971,100,AddToCart,2026-05-17
17046,237,925,Wishlist,2026-01-05
17047,2940,714,Wishlist,2025-02-16
17048,176,209,Wishlist,2026-01-01
17049,2645,296,Purchase,2025-09-07
17050,2055,192,AddToCart,2025-02-23
17051,1380,344,Wishlist,2025-10-21
17052,1002,184,View,2025-07-15
17053,131,689,Wishlist,2025-04-18
17054,1482,470,View,2025-12-02
17055,1680,420,Purchase,2026-05-23
17056,1705,726,Wishlist,2025-06-30
17057,2069,567,Search,2025-07-11
17058,1336,148,Search,2025-12-03
17059,187,480,Search,2025-03-22
17060,1987,220,View,2025-06-24
17061,1737,234,View,2025-08-14
17062,2441,753,Search,2026-05-26
17063,2757,424,View,2026-06-27
17064,2816,746,Wishlist,2025-04-10
17065,1605,815,View,2025-06-15
17066,1502,857,Wishlist,2026-06-03
17067,2198,653,AddToCart,2025-09-18
17068,548,358,Search,2025-07-18
17069,382,815,Search,2026-04-12
17070,2996,943,Purchase,2025-07-02
17071,1851,154,Purchase,2026-03-05
17072,2493,932,Wishlist,2025-06-06
17073,1354,236,Purchase,2025-10-31
17074,974,220,View,2026-01-07
17075,241,144,View,2025-03-17
17076,1236,945,Wishlist,2026-01-19
17077,806,654,Wishlist,2025-12-07
17078,2588,540,Search,2026-05-03
17079,197,174,Purchase,2025-08-09
17080,2616,716,Search,2025-05-31
17081,1167,974,Wishlist,2026-04-27
17082,2936,33,Wishlist,2026-06-12
17083,1265,618,Purchase,2026-02-01
17084,719,721,Search,2025-01-05
17085,472,272,AddToCart,2025-08-02
17086,2136,905,View,2025-12-12
17087,2242,261,Purchase,2025-03-02
17088,1328,303,Purchase,2026-06-02
17089,594,580,Purchase,2025-01-02
17090,376,776,AddToCart,2025-08-30
17091,2477,460,AddToCart,2025-03-15
17092,2353,375,Wishlist,2025-10-04
17093,1697,31,View,2025-03-26
17094,300,883,Purchase,2025-02-20
17095,1816,416,View,2026-06-29
17096,2240,824,Wishlist,2025-06-07
17097,496,590,View,2026-01-30
17098,308,570,Wishlist,2026-06-11
17099,2123,908,Wishlist,2025-05-27
17100,1782,965,AddToCart,2025-01-25
17101,154,274,Search,2025-10-16
17102,2848,316,Wishlist,2025-11-11
17103,719,145,Wishlist,2026-03-03
17104,160,214,AddToCart,2025-11-12
17105,2298,833,View,2025-05-11
17106,197,907,Wishlist,2025-09-08
17107,787,928,View,2025-11-30
17108,855,804,Purchase,2025-05-19
17109,592,718,Search,2026-03-16
17110,773,282,AddToCart,2026-03-23
17111,2974,847,Purchase,2025-10-06
17112,140,805,Wishlist,2026-04-23
17113,1972,526,Purchase,2025-01-15
17114,1136,851,Wishlist,2025-06-26
17115,2132,101,Search,2025-11-14
17116,921,497,View,2025-08-30
17117,632,770,Search,2025-04-17
17118,1684,803,Purchase,2025-09-02
17119,1881,837,Purchase,2025-01-18
17120,2187,845,View,2025-04-19
17121,443,279,Search,2025-08-05
17122,1970,491,Wishlist,2026-06-23
17123,1027,814,Wishlist,2025-09-15
17124,1803,508,View,2025-09-10
17125,146,494,Wishlist,2026-06-07
17126,2545,636,AddToCart,2025-05-20
17127,2176,86,Search,2026-06-09
17128,881,573,Purchase,2025-11-13
17129,1615,709,Purchase,2026-05-07
17130,1732,785,AddToCart,2025-07-18
17131,1979,118,Purchase,2025-01-20
17132,233,112,View,2025-01-05
17133,1447,537,Search,2025-04-29
17134,2437,374,View,2025-03-24
17135,820,972,Wishlist,2025-11-07
17136,1928,641,AddToCart,2025-09-28
17137,2104,892,AddToCart,2025-07-16
17138,2971,115,Wishlist,2025-01-18
17139,1293,738,Wishlist,2025-07-24
17140,2446,247,Wishlist,2026-03-19
17141,1476,104,View,2026-03-25
17142,2793,554,View,2026-05-09
17143,349,363,Purchase,2025-01-27
17144,470,237,Search,2025-03-01
17145,1746,339,AddToCart,2025-07-04
17146,2696,280,View,2025-10-20
17147,707,641,AddToCart,2026-06-11
17148,1052,776,View,2025-04-05
17149,2760,257,AddToCart,2026-02-20
17150,2977,799,View,2025-09-20
17151,1834,274,Wishlist,2025-05-31
17152,1719,891,View,2025-01-28
17153,904,593,Search,2026-06-08
17154,2272,291,Wishlist,2025-01-16
17155,1368,86,Wishlist,2025-08-23
17156,443,450,Wishlist,2025-05-18
17157,1005,270,Search,2025-01-23
17158,1963,581,Purchase,2025-12-14
17159,2892,588,AddToCart,2025-06-23
17160,2886,854,Purchase,2025-01-28
17161,1497,848,Search,2025-02-22
17162,732,610,View,2025-05-15
17163,1889,158,AddToCart,2026-01-12
17164,119,769,View,2026-05-11
17165,1279,307,AddToCart,2025-01-10
17166,2922,511,View,2025-11-30
17167,368,48,Purchase,2026-02-23
17168,2815,644,Wishlist,2026-05-30
17169,59,808,View,2025-03-23
17170,1801,128,View,2025-05-16
17171,194,741,Search,2025-03-28
17172,102,9,AddToCart,2025-06-11
17173,665,444,AddToCart,2025-10-13
17174,1350,98,AddToCart,2025-03-07
17175,1677,340,AddToCart,2026-05-26
17176,2921,834,Search,2025-08-28
17177,490,173,Search,2025-02-27
17178,249,346,Search,2025-09-28
17179,1148,35,View,2025-06-04
17180,2796,904,Wishlist,2026-06-02
17181,1614,69,Wishlist,2026-04-20
17182,2981,17,View,2025-12-12
17183,1400,48,Search,2026-06-29
17184,72,422,View,2025-12-21
17185,235,895,Purchase,2025-03-12
17186,1689,450,Purchase,2026-03-02
17187,2875,572,Purchase,2026-04-15
17188,346,542,Search,2026-02-28
17189,1949,524,Search,2025-09-01
17190,1224,478,Wishlist,2025-10-21
17191,328,600,Wishlist,2025-03-01
17192,562,777,Search,2025-03-26
17193,2650,96,AddToCart,2025-07-12
17194,2194,985,Search,2025-02-03
17195,2103,446,View,2026-04-22
17196,850,280,Wishlist,2025-04-30
17197,1800,475,Search,2025-12-05
17198,2359,605,View,2025-04-09
17199,1170,553,Purchase,2025-07-16
17200,791,948,Wishlist,2026-01-04
17201,2005,922,Purchase,2025-05-23
17202,591,62,AddToCart,2026-06-13
17203,567,107,AddToCart,2025-11-20
17204,775,311,View,2025-09-12
17205,2856,558,Search,2026-05-19
17206,2910,748,Search,2026-05-29
17207,1302,353,Search,2026-02-28
17208,2754,409,View,2026-06-13
17209,1698,840,Search,2025-06-18
17210,1893,130,Wishlist,2025-08-08
17211,1092,138,View,2025-08-07
17212,2468,545,Search,2025-11-23
17213,2638,539,Search,2026-04-03
17214,807,439,AddToCart,2025-08-21
17215,2204,589,Wishlist,2026-02-14
17216,2427,318,AddToCart,2026-04-12
17217,2933,907,AddToCart,2025-03-18
17218,1888,972,AddToCart,2026-06-04
17219,2143,265,AddToCart,2025-08-16
17220,2165,889,Search,2026-01-27
17221,2483,160,Purchase,2025-11-17
17222,1220,712,Wishlist,2025-08-18
17223,2822,516,Wishlist,2025-07-04
17224,1408,925,Purchase,2026-05-11
17225,2576,77,Wishlist,2026-06-10
17226,2147,771,Purchase,2025-11-13
17227,2395,376,Wishlist,2026-06-08
17228,688,311,Purchase,2026-02-10
17229,2556,716,View,2026-04-25
17230,1816,984,Wishlist,2026-04-22
17231,701,285,Search,2025-03-11
17232,767,865,View,2025-11-05
17233,2774,661,View,2026-04-03
17234,1192,675,Wishlist,2025-09-07
17235,298,756,Wishlist,2025-11-17
17236,2379,627,View,2026-05-07
17237,2570,871,View,2025-06-18
17238,1771,244,Purchase,2025-11-02
17239,1388,387,Wishlist,2026-06-01
17240,461,909,View,2026-03-04
17241,1861,37,View,2025-06-27
17242,1619,447,Wishlist,2025-11-15
17243,2871,932,View,2026-01-20
17244,1994,939,Wishlist,2025-06-27
17245,689,963,AddToCart,2025-07-06
17246,850,316,View,2025-10-03
17247,1229,612,AddToCart,2025-08-31
17248,1688,327,Wishlist,2025-09-13
17249,507,95,Wishlist,2025-08-09
17250,1634,759,Search,2025-03-02
17251,1669,355,Purchase,2025-10-07
17252,195,755,Search,2025-11-01
17253,1465,868,Wishlist,2025-06-26
17254,794,802,View,2025-10-31
17255,1874,995,View,2025-01-21
17256,2533,314,View,2026-01-29
17257,569,148,View,2025-09-12
17258,2386,743,Search,2025-03-19
17259,1446,597,Wishlist,2025-01-16
17260,2603,126,View,2025-03-04
17261,2666,919,View,2025-12-01
17262,1301,60,Purchase,2026-01-15
17263,2684,943,AddToCart,2026-05-02
17264,389,207,Wishlist,2026-05-16
17265,18,955,AddToCart,2026-01-29
17266,183,422,Purchase,2025-10-07
17267,1027,771,AddToCart,2026-05-18
17268,1248,28,View,2026-06-25
17269,854,659,AddToCart,2026-05-16
17270,1343,833,Wishlist,2025-11-08
17271,541,796,AddToCart,2025-07-06
17272,2963,15,AddToCart,2026-01-16
17273,1709,62,View,2026-04-02
17274,2622,170,AddToCart,2025-05-05
17275,2437,204,View,2026-07-05
17276,2228,173,View,2026-06-09
17277,2737,323,View,2026-01-04
17278,447,130,Purchase,2025-08-15
17279,2939,18,Wishlist,2025-04-20
17280,1116,267,Search,2025-09-08
17281,1480,383,Purchase,2026-02-12
17282,459,966,Wishlist,2025-03-28
17283,1048,956,Search,2025-01-13
17284,2662,647,Search,2025-03-22
17285,2708,996,Purchase,2026-06-29
17286,2722,98,Wishlist,2025-01-29
17287,1123,846,Search,2025-07-03
17288,2693,263,AddToCart,2026-04-28
17289,401,842,View,2025-02-28
17290,1087,329,AddToCart,2025-02-11
17291,2321,834,Search,2025-09-06
17292,770,205,View,2026-02-15
17293,2084,180,Wishlist,2026-03-16
17294,985,442,AddToCart,2025-06-27
17295,2458,767,Search,2025-03-15
17296,2585,329,View,2026-06-23
17297,1579,611,Wishlist,2026-01-13
17298,2005,192,AddToCart,2026-02-22
17299,2449,57,Search,2025-03-22
17300,580,605,Purchase,2025-03-05
17301,2836,914,Purchase,2025-07-29
17302,2488,125,AddToCart,2026-06-07
17303,2659,382,Search,2025-05-21
17304,1863,409,Purchase,2026-05-26
17305,2457,571,Purchase,2026-02-08
17306,1762,431,View,2025-12-18
17307,311,445,Search,2025-03-20
17308,348,545,Wishlist,2025-03-20
17309,2966,37,Wishlist,2025-12-10
17310,2549,159,View,2026-03-27
17311,143,455,AddToCart,2025-08-22
17312,110,940,Wishlist,2025-04-24
17313,197,883,Wishlist,2025-02-11
17314,2309,277,View,2025-06-23
17315,2402,806,Wishlist,2025-06-29
17316,894,790,Search,2025-08-09
17317,1346,616,View,2025-06-30
17318,120,807,Purchase,2026-04-18
17319,376,180,Search,2026-06-18
17320,2729,944,View,2025-02-21
17321,1451,183,AddToCart,2026-04-16
17322,2549,484,Search,2025-08-26
17323,2422,990,Wishlist,2025-07-06
17324,1458,451,View,2026-03-31
17325,2112,287,AddToCart,2026-05-07
17326,670,523,AddToCart,2025-03-15
17327,589,725,View,2026-05-12
17328,855,996,Search,2025-04-21
17329,2692,379,AddToCart,2025-03-10
17330,2485,295,Search,2025-08-17
17331,1431,487,Purchase,2026-05-03
17332,1951,593,View,2026-06-30
17333,1084,71,Wishlist,2025-02-17
17334,1830,254,Search,2025-06-26
17335,2888,813,View,2026-03-29
17336,2950,521,View,2025-10-21
17337,2249,382,AddToCart,2025-02-20
17338,2306,666,View,2025-02-09
17339,2028,743,Search,2026-02-09
17340,2946,638,View,2026-04-08
17341,2910,421,Search,2025-08-10
17342,2169,499,AddToCart,2026-05-27
17343,499,993,Search,2025-06-22
17344,2749,421,View,2026-03-12
17345,2874,3,Search,2025-10-04
17346,1555,723,View,2025-03-25
17347,2956,816,AddToCart,2025-12-20
17348,882,389,Purchase,2025-02-07
17349,260,210,AddToCart,2026-03-12
17350,2433,84,Wishlist,2025-07-21
17351,592,547,Search,2026-06-05
17352,713,283,Search,2026-01-30
17353,849,765,AddToCart,2025-05-20
17354,643,835,Wishlist,2025-10-01
17355,2895,973,View,2025-02-25
17356,1970,850,View,2026-06-27
17357,1109,295,View,2025-05-26
17358,2291,928,Wishlist,2026-05-22
17359,1371,180,Wishlist,2025-10-27
17360,317,727,Purchase,2025-04-24
17361,1611,284,Purchase,2025-01-09
17362,2217,440,View,2026-04-21
17363,2537,216,Purchase,2025-11-01
17364,592,527,Wishlist,2025-07-31
17365,1767,887,Search,2025-11-07
17366,2728,515,Wishlist,2025-11-08
17367,1912,624,AddToCart,2025-07-06
17368,2843,710,Search,2025-01-03
17369,1769,519,Search,2025-12-06
17370,2462,571,Search,2025-10-14
17371,528,220,AddToCart,2025-11-28
17372,2874,291,View,2025-09-26
17373,1319,857,Purchase,2025-02-02
17374,1624,712,AddToCart,2025-10-15
17375,2550,177,View,2026-05-11
17376,1709,390,Purchase,2025-02-04
17377,587,971,Purchase,2026-05-28
17378,499,322,Purchase,2025-11-24
17379,1895,568,Purchase,2025-11-07
17380,2840,993,View,2026-03-09
17381,2257,693,Purchase,2025-02-22
17382,1063,869,Wishlist,2026-05-24
17383,250,57,View,2025-07-28
17384,1750,992,Search,2026-06-25
17385,2548,383,AddToCart,2025-02-28
17386,2850,265,Wishlist,2025-02-05
17387,2785,242,Purchase,2026-05-15
17388,1150,949,Wishlist,2025-07-23
17389,1604,847,View,2025-11-10
17390,1564,16,AddToCart,2026-01-01
17391,774,931,AddToCart,2025-06-12
17392,286,568,AddToCart,2026-06-29
17393,1621,233,View,2025-10-13
17394,2502,683,Search,2025-11-22
17395,1986,345,Search,2026-02-23
17396,1188,412,Search,2026-05-09
17397,1216,501,Search,2025-07-01
17398,504,268,View,2025-12-14
17399,382,192,AddToCart,2026-02-17
17400,2096,809,Search,2025-04-06
17401,375,204,View,2026-03-26
17402,818,768,View,2025-09-10
17403,1147,449,View,2025-04-01
17404,1717,471,Purchase,2026-05-14
17405,1904,767,View,2025-10-28
17406,2239,784,Wishlist,2025-06-12
17407,1293,305,Search,2025-05-30
17408,52,521,Wishlist,2025-10-05
17409,1846,418,View,2026-01-24
17410,901,106,Wishlist,2025-02-22
17411,899,199,View,2025-06-17
17412,48,255,Search,2026-01-15
17413,478,115,Search,2025-02-10
17414,1525,612,AddToCart,2025-07-04
17415,2080,117,AddToCart,2026-05-24
17416,2656,98,Search,2025-09-30
17417,2934,137,View,2025-09-05
17418,1407,932,Purchase,2025-03-02
17419,1511,653,Wishlist,2025-08-13
17420,336,312,Purchase,2025-07-28
17421,2103,946,AddToCart,2025-04-22
17422,372,267,Search,2026-01-07
17423,2307,53,Search,2025-05-04
17424,518,804,Purchase,2025-11-08
17425,903,641,Purchase,2025-01-31
17426,1175,750,Purchase,2025-10-09
17427,2382,17,AddToCart,2025-01-27
17428,363,87,Search,2025-11-17
17429,1864,630,Search,2026-05-13
17430,2955,549,View,2025-10-16
17431,741,205,Wishlist,2026-04-11
17432,1808,891,AddToCart,2025-04-23
17433,675,878,Purchase,2026-02-17
17434,310,737,Purchase,2025-12-23
17435,1440,414,Search,2025-09-24
17436,2765,55,AddToCart,2025-01-24
17437,2566,18,Search,2025-02-16
17438,1244,323,Purchase,2026-03-25
17439,804,607,View,2026-01-19
17440,2890,509,Purchase,2025-08-27
17441,2120,561,View,2025-05-01
17442,1333,109,View,2025-10-03
17443,2047,795,View,2025-10-24
17444,1021,177,View,2025-11-23
17445,2088,286,Wishlist,2026-06-20
17446,2985,517,Search,2025-07-30
17447,2692,565,View,2026-02-24
17448,527,933,Purchase,2025-01-27
17449,2444,658,AddToCart,2026-01-25
17450,1055,225,View,2026-04-21
17451,2974,57,Purchase,2025-11-29
17452,2763,342,AddToCart,2026-04-03
17453,964,596,Wishlist,2026-02-21
17454,156,732,View,2025-08-01
17455,2506,49,View,2026-01-31
17456,618,453,Search,2025-07-16
17457,151,354,AddToCart,2026-03-31
17458,1665,910,AddToCart,2026-06-22
17459,1695,303,Search,2026-03-04
17460,2641,901,Purchase,2026-01-17
17461,2381,880,AddToCart,2025-08-11
17462,2306,90,AddToCart,2025-10-16
17463,206,199,Wishlist,2026-02-15
17464,1079,699,Wishlist,2025-06-12
17465,931,457,Purchase,2025-07-23
17466,2525,348,Purchase,2025-08-19
17467,42,912,AddToCart,2025-04-22
17468,2340,11,Search,2026-03-18
17469,102,596,AddToCart,2026-04-29
17470,1284,237,Search,2025-11-16
17471,214,409,AddToCart,2025-06-13
17472,2406,911,View,2025-07-18
17473,793,392,Search,2025-12-19
17474,866,659,Wishlist,2025-03-19
17475,2645,413,Purchase,2026-04-07
17476,1215,415,Purchase,2026-03-26
17477,2993,761,Wishlist,2025-07-20
17478,39,935,Search,2026-06-27
17479,2771,935,Purchase,2026-05-17
17480,2309,367,View,2026-04-08
17481,1652,181,Purchase,2026-06-25
17482,1253,525,Purchase,2025-11-14
17483,1618,568,View,2025-02-12
17484,2558,187,AddToCart,2026-05-18
17485,1221,238,View,2025-05-10
17486,758,317,View,2025-08-30
17487,1243,19,AddToCart,2026-03-22
17488,2495,760,Purchase,2026-02-17
17489,2377,69,Wishlist,2025-08-02
17490,324,667,Purchase,2025-02-11
17491,434,976,Purchase,2025-01-27
17492,431,598,Wishlist,2026-01-14
17493,629,840,Purchase,2025-06-07
17494,918,934,Purchase,2025-06-27
17495,2336,857,Search,2025-04-13
17496,289,6,Search,2025-02-26
17497,216,242,Wishlist,2025-03-08
17498,1057,726,Wishlist,2025-02-09
17499,1813,318,Wishlist,2025-12-23
17500,1674,180,Search,2026-05-21
17501,376,84,View,2025-10-25
17502,1211,965,Purchase,2025-07-23
17503,1987,803,View,2026-02-08
17504,907,756,Wishlist,2026-01-10
17505,1137,22,AddToCart,2025-03-29
17506,1063,157,View,2025-11-23
17507,1756,993,Purchase,2026-03-13
17508,2412,68,AddToCart,2025-10-20
17509,2324,391,Purchase,2025-09-10
17510,2281,493,Search,2025-02-09
17511,1341,478,Wishlist,2025-06-15
17512,1186,271,Search,2025-01-04
17513,2343,322,Search,2025-04-02
17514,601,177,AddToCart,2025-04-22
17515,49,743,AddToCart,2025-07-31
17516,151,956,Search,2025-07-31
17517,1058,665,AddToCart,2025-09-27
17518,2534,823,Wishlist,2026-06-03
17519,2695,971,Purchase,2026-04-29
17520,2607,854,Wishlist,2026-04-09
17521,880,508,AddToCart,2025-02-03
17522,1169,707,Wishlist,2025-10-14
17523,1223,748,Wishlist,2025-05-14
17524,669,42,View,2025-04-08
17525,62,744,Search,2025-10-25
17526,1810,577,View,2026-07-01
17527,1639,10,View,2025-07-12
17528,1365,201,Search,2025-08-19
17529,1183,376,Search,2025-01-23
17530,1874,11,View,2026-06-25
17531,33,39,Search,2026-06-13
17532,1268,272,Search,2025-06-10
17533,2348,772,View,2026-05-21
17534,663,385,AddToCart,2026-02-13
17535,1881,733,Wishlist,2026-04-26
17536,2786,787,View,2025-09-21
17537,468,689,AddToCart,2026-05-06
17538,825,413,Purchase,2025-09-05
17539,2993,340,View,2026-03-19
17540,2458,319,Purchase,2026-06-02
17541,992,445,Wishlist,2025-03-12
17542,2271,945,AddToCart,2026-04-28
17543,1061,610,AddToCart,2025-10-11
17544,2711,254,Wishlist,2025-07-29
17545,184,640,Purchase,2026-06-26
17546,687,913,Purchase,2026-03-20
17547,1363,664,Purchase,2025-08-10
17548,974,942,AddToCart,2026-04-22
17549,2958,102,Wishlist,2025-05-20
17550,2311,609,Purchase,2026-05-22
17551,2082,557,AddToCart,2025-05-04
17552,2393,898,Wishlist,2026-06-15
17553,976,127,Purchase,2025-04-08
17554,2795,550,AddToCart,2025-11-07
17555,2846,678,AddToCart,2025-11-06
17556,1772,765,View,2025-04-29
17557,1597,814,AddToCart,2025-04-01
17558,1758,173,Search,2026-06-26
17559,2795,880,View,2025-09-09
17560,1125,849,View,2025-03-06
17561,1672,89,Search,2025-07-01
17562,434,624,View,2025-06-27
17563,2766,738,View,2025-10-15
17564,2603,566,Purchase,2025-06-10
17565,367,508,AddToCart,2026-01-05
17566,2474,333,Search,2026-05-11
17567,553,854,Purchase,2025-10-25
17568,276,604,View,2025-07-13
17569,2832,516,Wishlist,2025-06-22
17570,868,285,Purchase,2025-12-17
17571,1903,181,Wishlist,2025-11-07
17572,916,235,AddToCart,2025-09-09
17573,1563,154,View,2026-03-22
17574,2610,985,Search,2025-11-28
17575,1259,743,AddToCart,2025-11-02
17576,121,908,Purchase,2026-06-04
17577,652,255,AddToCart,2026-04-10
17578,1503,339,Wishlist,2025-05-31
17579,2650,411,View,2025-06-28
17580,2145,785,Wishlist,2025-07-25
17581,2389,431,Wishlist,2026-04-23
17582,1354,788,Wishlist,2025-02-16
17583,916,729,Wishlist,2026-05-23
17584,2226,731,Search,2026-03-13
17585,775,757,Purchase,2025-08-19
17586,135,950,AddToCart,2025-03-08
17587,1258,105,View,2026-06-17
17588,763,502,Wishlist,2025-09-12
17589,1352,843,Wishlist,2026-05-31
17590,1876,188,Search,2026-01-20
17591,2130,543,Purchase,2025-03-03
17592,163,961,Search,2025-08-16
17593,313,421,View,2025-06-24
17594,652,16,Wishlist,2026-06-18
17595,2667,775,Search,2026-04-10
17596,2766,143,Search,2025-12-30
17597,2789,512,AddToCart,2026-06-15
17598,607,454,View,2025-04-28
17599,1184,26,Wishlist,2025-10-09
17600,1264,514,AddToCart,2025-05-13
17601,1602,716,Wishlist,2025-12-22
17602,2379,138,Search,2025-05-26
17603,1695,5,View,2025-01-26
17604,1448,832,AddToCart,2026-04-23
17605,2603,674,View,2026-02-06
17606,839,31,Wishlist,2025-08-05
17607,2070,313,Search,2026-01-09
17608,2369,136,AddToCart,2026-03-13
17609,910,592,Purchase,2025-12-09
17610,413,886,AddToCart,2026-06-19
17611,2730,585,Purchase,2026-04-20
17612,116,265,Wishlist,2025-02-14
17613,150,768,AddToCart,2025-09-26
17614,603,445,Purchase,2025-07-06
17615,471,148,Wishlist,2025-04-04
17616,1477,659,AddToCart,2025-04-29
17617,1212,247,Search,2025-05-17
17618,1226,254,Wishlist,2025-05-12
17619,1209,320,Purchase,2026-02-19
17620,2053,154,View,2025-12-03
17621,1558,747,Search,2025-12-31
17622,319,551,View,2025-09-29
17623,2107,335,AddToCart,2025-04-20
17624,862,953,Search,2026-06-17
17625,65,193,Search,2026-03-08
17626,2209,512,Purchase,2025-05-12
17627,813,891,Search,2026-06-03
17628,2976,36,View,2025-10-04
17629,1429,863,View,2025-08-22
17630,1212,944,Search,2025-04-10
17631,2708,753,View,2026-02-13
17632,2793,433,AddToCart,2025-05-09
17633,2660,767,Purchase,2026-05-29
17634,1466,833,AddToCart,2025-09-27
17635,258,917,Purchase,2026-03-11
17636,942,285,Wishlist,2025-07-08
17637,2425,668,Search,2025-06-04
17638,1523,971,AddToCart,2025-06-17
17639,2157,9,Wishlist,2026-06-11
17640,1521,667,Search,2026-03-30
17641,1204,486,Search,2025-03-15
17642,166,734,Wishlist,2025-05-21
17643,28,987,Search,2025-08-24
17644,81,867,Purchase,2025-06-16
17645,1188,988,View,2026-03-31
17646,2262,797,Purchase,2025-07-18
17647,2135,149,Purchase,2026-03-28
17648,1828,522,AddToCart,2025-03-26
17649,383,174,Wishlist,2026-02-10
17650,2185,75,Purchase,2025-06-28
17651,2753,648,Search,2025-02-06
17652,930,558,Search,2026-04-03
17653,2551,845,Search,2025-03-14
17654,1888,681,Wishlist,2026-01-14
17655,1665,345,Wishlist,2025-05-31
17656,1121,710,AddToCart,2025-11-03
17657,805,211,Search,2025-01-10
17658,369,18,AddToCart,2026-02-12
17659,1543,654,Wishlist,2025-08-19
17660,307,973,Wishlist,2025-06-03
17661,1425,851,View,2025-05-24
17662,7,102,Purchase,2026-05-04
17663,2958,133,AddToCart,2026-05-11
17664,209,608,View,2025-10-18
17665,2014,861,Search,2026-06-24
17666,1768,8,View,2025-08-07
17667,1660,358,Search,2026-01-31
17668,1634,412,Search,2025-07-13
17669,725,704,Search,2025-04-09
17670,1607,658,AddToCart,2025-01-30
17671,2949,469,Search,2025-05-18
17672,2932,714,Wishlist,2025-04-11
17673,2858,929,Wishlist,2026-07-04
17674,419,715,Search,2025-02-20
17675,790,615,Wishlist,2025-10-14
17676,2014,82,Wishlist,2026-04-23
17677,1165,423,View,2025-10-29
17678,753,543,Wishlist,2025-12-12
17679,1963,920,AddToCart,2025-03-17
17680,2082,374,Wishlist,2026-06-12
17681,1424,18,Purchase,2025-01-05
17682,43,524,AddToCart,2026-04-17
17683,1259,236,AddToCart,2026-05-23
17684,2372,530,Wishlist,2025-11-17
17685,2395,137,View,2025-12-25
17686,1308,394,Purchase,2026-04-29
17687,850,538,Wishlist,2025-12-07
17688,1805,263,Purchase,2026-06-16
17689,2819,995,View,2025-06-11
17690,33,624,Purchase,2026-01-07
17691,2445,53,Wishlist,2025-04-24
17692,1175,988,Purchase,2025-06-01
17693,2096,862,View,2025-09-13
17694,1912,561,Wishlist,2025-01-30
17695,1192,873,AddToCart,2025-10-29
17696,2215,748,Wishlist,2025-10-05
17697,784,39,View,2025-11-12
17698,1233,101,Wishlist,2025-01-18
17699,2797,428,Search,2026-01-23
17700,1231,953,AddToCart,2025-11-15
17701,1405,51,Search,2026-03-21
17702,1966,884,AddToCart,2026-03-11
17703,1898,678,Wishlist,2026-05-18
17704,2642,413,View,2026-01-13
17705,712,884,View,2026-03-11
17706,274,597,Search,2025-11-11
17707,2968,831,View,2025-02-06
17708,2115,755,View,2025-03-30
17709,263,75,Search,2025-04-09
17710,384,492,Purchase,2026-06-21
17711,2033,616,Search,2025-08-11
17712,358,741,View,2026-05-21
17713,1845,924,Wishlist,2026-06-17
17714,1614,267,Search,2025-08-12
17715,742,749,Purchase,2025-12-22
17716,231,982,AddToCart,2025-04-03
17717,1806,939,Wishlist,2025-05-27
17718,1872,86,Wishlist,2025-12-10
17719,690,74,Wishlist,2025-03-28
17720,602,851,AddToCart,2025-03-19
17721,60,45,Wishlist,2025-12-10
17722,874,552,Purchase,2025-07-26
17723,1400,527,Purchase,2026-02-16
17724,456,604,AddToCart,2026-01-19
17725,743,515,Search,2025-07-10
17726,2638,34,Wishlist,2026-06-17
17727,1522,431,AddToCart,2026-02-21
17728,712,393,Wishlist,2025-03-12
17729,2315,44,AddToCart,2025-07-29
17730,2091,898,AddToCart,2025-06-01
17731,2505,447,AddToCart,2026-06-07
17732,2353,375,Purchase,2025-09-16
17733,2252,437,Search,2026-01-10
17734,2672,12,Purchase,2026-03-07
17735,1733,165,AddToCart,2025-05-17
17736,2862,541,View,2026-03-03
17737,1097,746,Wishlist,2026-02-02
17738,1357,900,AddToCart,2025-01-01
17739,712,532,Purchase,2025-10-16
17740,282,573,Purchase,2025-06-17
17741,1413,263,Search,2025-07-23
17742,1909,360,View,2026-05-27
17743,1460,346,View,2025-01-09
17744,473,382,Search,2025-01-02
17745,215,448,Search,2025-08-25
17746,2014,500,Wishlist,2026-04-01
17747,254,309,View,2025-06-17
17748,237,111,Search,2026-03-04
17749,2988,268,Wishlist,2025-12-16
17750,220,23,View,2025-11-05
17751,1845,450,AddToCart,2025-02-08
17752,2612,87,Purchase,2026-04-18
17753,1445,700,AddToCart,2026-04-05
17754,2450,655,Wishlist,2026-07-03
17755,657,843,Search,2025-08-23
17756,2390,172,Wishlist,2025-09-30
17757,2500,326,Purchase,2025-05-07
17758,820,410,Search,2025-10-01
17759,154,679,Search,2026-05-22
17760,671,579,Wishlist,2025-11-30
17761,2601,795,Purchase,2025-10-10
17762,2176,484,Wishlist,2026-04-04
17763,2344,532,View,2025-05-06
17764,1701,500,View,2025-07-14
17765,1112,480,AddToCart,2025-09-05
17766,982,156,Search,2026-06-20
17767,901,110,Search,2025-05-20
17768,477,255,Purchase,2025-05-05
17769,1870,202,AddToCart,2025-11-20
17770,1992,397,AddToCart,2025-11-01
17771,1583,418,Search,2026-06-01
17772,456,364,View,2026-05-14
17773,1829,508,Purchase,2025-08-11
17774,43,88,View,2025-07-04
17775,2299,210,Search,2025-02-26
17776,1442,206,Search,2025-11-24
17777,1689,147,Purchase,2025-03-18
17778,1848,579,Search,2025-09-17
17779,2112,584,Search,2025-08-25
17780,1245,1000,View,2025-01-27
17781,207,172,Search,2025-09-24
17782,1502,552,Search,2025-04-28
17783,1739,320,Wishlist,2025-07-18
17784,637,396,Wishlist,2025-06-13
17785,415,27,AddToCart,2025-05-20
17786,1463,674,Purchase,2026-06-03
17787,2147,34,Search,2025-07-02
17788,2286,812,Wishlist,2026-02-21
17789,2119,539,Search,2025-07-18
17790,2204,496,Search,2025-11-26
17791,615,177,View,2025-08-31
17792,1160,920,Wishlist,2026-01-07
17793,2867,251,Purchase,2025-10-02
17794,1616,957,Search,2025-01-07
17795,501,691,AddToCart,2025-08-22
17796,2602,114,Wishlist,2025-09-30
17797,2244,452,View,2026-01-12
17798,1765,628,AddToCart,2025-12-01
17799,1130,327,Wishlist,2026-05-31
17800,1032,800,AddToCart,2025-06-09
17801,1092,534,AddToCart,2026-03-01
17802,655,450,View,2026-05-01
17803,2264,218,Purchase,2025-10-28
17804,2047,736,View,2025-07-03
17805,558,188,View,2025-01-16
17806,1457,863,View,2025-07-31
17807,2899,373,Purchase,2025-02-13
17808,2097,446,Wishlist,2025-12-07
17809,1564,185,Wishlist,2025-09-09
17810,1632,321,Search,2026-02-09
17811,441,73,Wishlist,2025-08-12
17812,1797,707,View,2026-05-25
17813,871,87,AddToCart,2026-04-10
17814,2690,368,AddToCart,2026-02-23
17815,1017,361,Purchase,2026-03-01
17816,269,646,Search,2026-05-13
17817,1801,810,Wishlist,2025-01-19
17818,840,809,Wishlist,2026-05-17
17819,1219,896,View,2026-05-23
17820,1352,704,Search,2025-01-03
17821,120,749,Wishlist,2026-03-23
17822,1723,983,Purchase,2025-09-14
17823,1644,827,View,2026-05-17
17824,2954,357,Search,2026-04-19
17825,2850,408,Purchase,2025-08-12
17826,318,11,AddToCart,2025-02-28
17827,37,793,AddToCart,2025-07-22
17828,2857,215,Wishlist,2026-01-18
17829,2618,928,AddToCart,2025-04-06
17830,292,627,AddToCart,2025-03-28
17831,1985,631,Search,2026-05-20
17832,1412,948,Wishlist,2025-01-29
17833,372,789,View,2025-11-26
17834,2857,983,AddToCart,2025-12-04
17835,1435,140,Purchase,2025-11-01
17836,240,683,Search,2026-01-30
17837,689,95,Search,2025-05-08
17838,2047,722,Purchase,2026-06-16
17839,1332,603,Wishlist,2025-09-07
17840,2491,829,Wishlist,2025-05-19
17841,2782,231,Wishlist,2025-10-16
17842,2519,762,Purchase,2026-06-06
17843,1329,625,Wishlist,2026-01-10
17844,665,963,View,2026-04-28
17845,847,542,View,2026-04-06
17846,2690,660,View,2025-01-08
17847,829,69,Search,2026-03-01
17848,2074,510,Wishlist,2025-01-29
17849,2567,349,Search,2025-12-10
17850,618,129,AddToCart,2025-09-19
17851,88,439,AddToCart,2025-07-25
17852,2852,956,Wishlist,2026-06-01
17853,2153,410,Search,2025-09-23
17854,1429,383,AddToCart,2025-10-10
17855,2394,555,Wishlist,2025-10-17
17856,1951,31,Search,2025-11-01
17857,403,106,Wishlist,2025-07-22
17858,1961,92,View,2025-04-12
17859,1287,481,Purchase,2026-02-24
17860,225,578,Purchase,2025-09-05
17861,1974,8,View,2025-05-27
17862,308,390,Purchase,2026-01-29
17863,2487,820,AddToCart,2026-04-20
17864,82,959,Purchase,2025-11-10
17865,1886,253,Purchase,2025-02-20
17866,1406,664,Purchase,2025-08-08
17867,418,717,View,2026-03-18
17868,2621,573,View,2025-09-03
17869,642,452,Wishlist,2025-06-21
17870,2655,349,Wishlist,2025-02-23
17871,767,798,Wishlist,2025-05-15
17872,1386,758,Search,2025-02-10
17873,1709,480,Purchase,2025-11-26
17874,2374,793,AddToCart,2025-01-08
17875,1069,442,Search,2026-01-04
17876,2218,194,View,2025-12-20
17877,1879,694,Wishlist,2025-02-12
17878,1575,56,Purchase,2025-04-19
17879,1990,132,View,2025-10-14
17880,550,454,View,2025-05-09
17881,1243,322,Wishlist,2025-08-20
17882,1140,796,Purchase,2025-01-22
17883,846,565,View,2025-06-21
17884,84,350,Search,2026-03-08
17885,306,231,View,2026-04-08
17886,1450,439,AddToCart,2025-06-08
17887,2501,55,Search,2025-04-24
17888,2504,664,AddToCart,2025-09-24
17889,2143,81,View,2026-04-20
17890,336,612,Wishlist,2026-03-01
17891,2238,549,Search,2026-01-08
17892,1634,264,Purchase,2026-05-13
17893,969,434,AddToCart,2025-08-10
17894,2967,202,Search,2026-03-28
17895,1465,813,Purchase,2026-02-14
17896,630,470,Wishlist,2025-02-06
17897,2220,124,Wishlist,2025-01-21
17898,1444,425,Purchase,2025-01-10
17899,1754,694,View,2025-06-29
17900,1574,441,AddToCart,2025-04-21
17901,2722,368,AddToCart,2025-08-29
17902,2794,725,AddToCart,2025-02-01
17903,2308,278,Purchase,2025-06-28
17904,1898,88,AddToCart,2025-06-18
17905,415,473,View,2025-05-03
17906,2286,487,View,2025-12-30
17907,1281,937,AddToCart,2025-10-06
17908,1799,29,AddToCart,2025-08-23
17909,1227,476,AddToCart,2025-01-06
17910,2102,811,View,2025-06-21
17911,240,737,Search,2025-01-15
17912,2691,225,Purchase,2025-07-12
17913,629,310,View,2025-08-30
17914,2526,201,Search,2025-12-05
17915,435,129,Search,2025-02-27
17916,2958,114,Purchase,2026-01-21
17917,730,272,Search,2026-06-26
17918,702,366,Search,2025-09-02
17919,280,155,AddToCart,2025-12-05
17920,1703,317,Wishlist,2026-04-07
17921,2592,742,AddToCart,2025-02-10
17922,717,765,Purchase,2025-02-18
17923,2331,658,Search,2025-05-22
17924,1507,492,Purchase,2026-05-21
17925,1372,120,Wishlist,2025-02-25
17926,673,221,Wishlist,2026-03-31
17927,2518,217,View,2025-08-13
17928,1387,163,Purchase,2026-06-30
17929,1336,925,Purchase,2026-02-05
17930,2830,302,View,2025-10-25
17931,2735,579,Wishlist,2025-06-20
17932,2370,839,Purchase,2026-04-05
17933,253,974,Wishlist,2025-02-27
17934,16,245,AddToCart,2026-02-17
17935,480,218,Purchase,2025-03-18
17936,2005,115,AddToCart,2026-06-07
17937,1607,754,Wishlist,2026-06-18
17938,2159,530,AddToCart,2025-03-27
17939,2334,961,View,2026-01-15
17940,1907,689,AddToCart,2025-02-01
17941,1426,364,Search,2026-06-10
17942,680,431,Search,2026-03-19
17943,461,126,Search,2025-09-30
17944,2236,903,Search,2025-05-21
17945,1815,700,Search,2026-04-19
17946,908,781,Purchase,2025-06-12
17947,1559,868,Wishlist,2025-10-06
17948,728,387,Search,2025-02-16
17949,796,562,View,2025-02-01
17950,618,257,View,2026-04-08
17951,1415,711,AddToCart,2026-01-18
17952,1752,948,Search,2025-07-06
17953,1575,413,Wishlist,2026-05-05
17954,1954,448,Wishlist,2025-07-09
17955,2261,233,AddToCart,2025-08-28
17956,828,1,View,2026-02-18
17957,902,460,View,2025-07-03
17958,1763,608,View,2025-05-16
17959,524,776,View,2026-03-17
17960,2143,670,Purchase,2025-11-28
17961,747,397,Purchase,2025-04-20
17962,392,593,Purchase,2025-06-04
17963,1380,203,Wishlist,2025-06-04
17964,251,115,Search,2026-04-03
17965,1228,127,View,2026-03-17
17966,2035,874,View,2026-01-05
17967,2276,982,Wishlist,2025-05-31
17968,1756,933,Purchase,2025-07-24
17969,851,460,Wishlist,2025-12-28
17970,2386,959,Wishlist,2026-04-04
17971,642,133,AddToCart,2025-12-19
17972,2766,202,View,2025-04-04
17973,2282,637,Wishlist,2025-04-03
17974,2386,284,Purchase,2026-03-27
17975,2152,985,AddToCart,2025-05-18
17976,1212,588,AddToCart,2025-02-08
17977,2199,747,Purchase,2025-09-17
17978,757,800,Purchase,2025-08-29
17979,1575,476,Purchase,2026-03-09
17980,2614,773,View,2026-04-20
17981,131,861,Search,2025-09-05
17982,1713,418,Wishlist,2025-10-08
17983,1172,232,Wishlist,2026-01-13
17984,480,981,AddToCart,2026-02-18
17985,2085,996,AddToCart,2025-09-28
17986,746,98,Wishlist,2026-06-18
17987,1387,519,View,2025-03-03
17988,1827,472,View,2025-02-28
17989,1832,727,Wishlist,2025-10-09
17990,1896,762,AddToCart,2025-03-27
17991,129,343,View,2026-03-21
17992,1365,193,Wishlist,2025-07-17
17993,2763,305,Wishlist,2025-11-14
17994,349,812,Wishlist,2025-11-12
17995,1214,310,Wishlist,2025-06-04
17996,1029,952,Purchase,2025-02-01
17997,1705,205,Search,2025-12-05
17998,670,26,Purchase,2025-10-06
17999,410,958,View,2025-04-27
18000,180,863,AddToCart,2025-01-12
18001,1022,964,Purchase,2026-04-14
18002,2403,662,Search,2025-06-03
18003,703,813,Search,2025-04-28
18004,2124,333,AddToCart,2026-01-28
18005,151,985,Search,2026-01-21
18006,2555,356,Wishlist,2025-07-28
18007,482,565,Purchase,2025-08-27
18008,2368,883,Search,2025-08-26
18009,1052,819,Search,2025-07-24
18010,2596,546,Purchase,2026-03-01
18011,1134,520,Search,2025-02-21
18012,2460,450,Wishlist,2025-01-01
18013,2626,574,Search,2026-03-12
18014,1290,360,AddToCart,2026-03-31
18015,1396,210,AddToCart,2026-01-15
18016,156,211,Search,2026-07-03
18017,762,620,Purchase,2025-03-18
18018,1288,538,Wishlist,2025-08-29
18019,21,567,Search,2025-02-03
18020,1278,188,Purchase,2026-01-17
18021,464,159,Purchase,2025-12-09
18022,1042,392,AddToCart,2025-07-20
18023,380,403,Search,2026-05-02
18024,706,894,View,2025-10-15
18025,1649,243,Purchase,2025-09-04
18026,2220,6,Wishlist,2026-06-08
18027,660,102,Purchase,2025-04-28
18028,562,904,AddToCart,2025-10-30
18029,796,59,AddToCart,2026-06-04
18030,1402,157,View,2025-03-23
18031,2164,439,Wishlist,2026-01-20
18032,2743,407,View,2026-04-18
18033,1501,696,Wishlist,2025-08-05
18034,365,631,AddToCart,2025-04-21
18035,2465,327,Search,2025-09-04
18036,974,431,View,2025-05-09
18037,509,957,AddToCart,2025-11-28
18038,876,242,AddToCart,2025-02-23
18039,1455,983,Search,2025-08-04
18040,872,827,Wishlist,2025-06-07
18041,1130,724,AddToCart,2025-01-31
18042,2273,931,AddToCart,2025-08-12
18043,2216,284,View,2025-01-14
18044,2582,341,View,2026-06-04
18045,2301,622,View,2026-06-20
18046,264,247,Search,2025-06-02
18047,767,76,Search,2025-09-20
18048,2604,884,Wishlist,2026-02-10
18049,2761,912,AddToCart,2025-03-24
18050,597,530,AddToCart,2025-05-01
18051,1359,313,Wishlist,2025-09-08
18052,2766,312,Search,2025-05-13
18053,1948,845,View,2025-11-12
18054,1353,544,Wishlist,2026-06-25
18055,2786,255,Wishlist,2025-01-04
18056,2326,68,Search,2025-10-20
18057,1130,249,View,2026-04-30
18058,2671,162,Purchase,2025-01-22
18059,2268,555,Search,2025-11-08
18060,2767,1,AddToCart,2025-02-21
18061,2819,506,Search,2026-04-26
18062,451,738,Wishlist,2026-01-09
18063,226,694,Search,2026-06-05
18064,631,563,Purchase,2026-04-06
18065,493,875,Search,2025-01-17
18066,1450,245,AddToCart,2025-05-12
18067,1118,729,Purchase,2025-09-15
18068,2955,297,View,2026-05-08
18069,2736,71,AddToCart,2025-02-09
18070,2902,402,AddToCart,2026-06-03
18071,2268,328,AddToCart,2026-01-18
18072,1284,932,View,2025-12-26
18073,623,574,Search,2026-02-11
18074,392,107,Search,2026-06-19
18075,2249,466,Wishlist,2026-03-05
18076,2630,67,AddToCart,2025-08-05
18077,2401,204,AddToCart,2025-05-26
18078,2913,751,Wishlist,2025-09-20
18079,183,622,Purchase,2025-12-29
18080,2085,812,View,2025-11-23
18081,133,858,Purchase,2025-04-21
18082,2766,68,View,2026-05-03
18083,2325,412,Search,2025-09-16
18084,452,826,Search,2025-04-20
18085,1886,546,View,2025-08-14
18086,665,274,AddToCart,2025-05-29
18087,1831,351,Wishlist,2025-02-13
18088,1247,286,Wishlist,2026-04-30
18089,2909,170,View,2025-04-02
18090,1720,953,View,2025-05-19
18091,1542,27,Wishlist,2025-08-07
18092,2726,738,View,2026-05-16
18093,915,302,Search,2025-08-29
18094,851,356,Wishlist,2025-02-10
18095,1110,75,Search,2025-07-15
18096,1845,995,Wishlist,2025-08-30
18097,2552,769,View,2025-05-01
18098,1377,916,Purchase,2026-07-03
18099,619,22,Search,2025-10-14
18100,1292,808,Wishlist,2026-05-21
18101,1321,418,Wishlist,2026-05-04
18102,405,223,Purchase,2026-02-21
18103,2377,229,Search,2026-01-22
18104,1844,745,Purchase,2025-01-26
18105,234,878,View,2026-02-03
18106,2837,46,Search,2025-11-07
18107,1141,507,View,2025-01-28
18108,2772,930,Wishlist,2026-03-20
18109,2124,564,Search,2025-07-10
18110,988,131,Search,2025-07-18
18111,165,386,View,2026-03-20
18112,403,556,Purchase,2025-09-15
18113,131,693,View,2026-04-06
18114,1008,335,Purchase,2025-09-24
18115,1130,359,AddToCart,2025-02-07
18116,598,58,Purchase,2026-05-10
18117,2745,653,Search,2025-12-07
18118,1433,151,Search,2025-10-09
18119,962,238,AddToCart,2026-03-12
18120,2181,798,Search,2026-01-20
18121,2510,18,Wishlist,2025-10-10
18122,1608,716,Wishlist,2025-02-04
18123,1975,42,Wishlist,2026-04-29
18124,2518,627,Wishlist,2025-05-18
18125,1230,549,Purchase,2025-02-25
18126,1841,328,AddToCart,2026-04-22
18127,1523,651,Purchase,2025-09-30
18128,2532,236,Search,2026-04-15
18129,1526,863,Search,2025-09-11
18130,2125,306,Search,2025-08-30
18131,2784,842,Wishlist,2026-04-21
18132,12,354,View,2026-02-17
18133,1385,507,View,2025-02-21
18134,1193,620,Purchase,2026-05-19
18135,708,19,View,2026-04-24
18136,1030,540,View,2025-07-26
18137,594,388,View,2026-02-26
18138,772,86,Search,2026-02-03
18139,2373,488,Wishlist,2026-05-26
18140,2312,835,Search,2025-12-19
18141,1694,981,Search,2025-12-20
18142,2474,476,Purchase,2026-02-25
18143,2458,398,AddToCart,2025-10-19
18144,951,645,Wishlist,2025-01-14
18145,596,372,Purchase,2025-07-21
18146,704,911,Search,2026-02-16
18147,74,815,Wishlist,2026-03-25
18148,2811,667,Search,2025-07-27
18149,2975,865,View,2025-02-04
18150,2190,409,Search,2025-05-13
18151,2322,28,View,2026-02-17
18152,1515,328,View,2026-04-06
18153,1978,738,Wishlist,2025-04-03
18154,449,879,View,2025-09-30
18155,95,100,Search,2025-01-04
18156,457,149,Wishlist,2025-02-24
18157,1541,326,Wishlist,2025-05-22
18158,824,591,Purchase,2025-11-18
18159,2329,388,Search,2025-03-30
18160,1655,964,Wishlist,2026-06-05
18161,1926,367,Wishlist,2025-11-16
18162,2892,761,AddToCart,2025-11-12
18163,2244,334,View,2025-12-01
18164,64,563,View,2026-02-17
18165,1387,910,View,2026-01-21
18166,455,779,Purchase,2026-04-20
18167,1820,578,Search,2026-03-24
18168,2106,794,View,2026-03-26
18169,49,768,AddToCart,2026-02-13
18170,1656,475,AddToCart,2025-01-28
18171,2686,803,Wishlist,2025-07-27
18172,1094,780,AddToCart,2026-01-27
18173,1786,447,View,2025-06-03
18174,1383,431,View,2026-06-17
18175,2908,681,Purchase,2026-06-04
18176,386,729,AddToCart,2026-04-02
18177,2035,697,Wishlist,2026-05-02
18178,171,167,Search,2025-04-01
18179,2405,428,View,2025-12-31
18180,351,607,Search,2025-03-11
18181,1115,481,Wishlist,2026-03-09
18182,1947,836,Purchase,2026-04-05
18183,286,936,Purchase,2025-06-27
18184,2030,867,AddToCart,2025-02-02
18185,583,970,Wishlist,2025-05-21
18186,1846,911,Wishlist,2026-03-24
18187,2717,316,Purchase,2025-11-12
18188,2884,64,View,2025-09-01
18189,436,100,Purchase,2025-06-24
18190,2368,296,View,2025-12-27
18191,2289,595,Purchase,2026-01-20
18192,2253,27,Search,2025-10-19
18193,2584,530,AddToCart,2025-05-12
18194,156,377,Wishlist,2025-08-28
18195,401,740,Wishlist,2025-11-17
18196,2089,396,View,2025-11-01
18197,1307,593,AddToCart,2026-04-11
18198,778,924,Search,2025-01-16
18199,1235,648,Wishlist,2026-04-08
18200,1598,189,Search,2026-05-07
18201,1336,867,Purchase,2025-03-23
18202,289,568,View,2025-08-21
18203,2478,141,Purchase,2025-11-14
18204,998,914,View,2026-04-27
18205,1722,110,AddToCart,2025-01-24
18206,2109,550,Wishlist,2026-01-17
18207,497,138,Wishlist,2025-03-24
18208,2794,460,Wishlist,2025-11-03
18209,2554,942,Wishlist,2026-06-25
18210,250,386,AddToCart,2026-03-30
18211,1107,527,AddToCart,2025-04-02
18212,2161,200,Wishlist,2025-03-08
18213,1645,516,View,2025-05-17
18214,2357,387,View,2026-05-09
18215,2407,569,Wishlist,2025-01-14
18216,1267,262,Search,2025-06-24
18217,826,742,Wishlist,2026-03-17
18218,1492,75,Purchase,2025-03-19
18219,241,227,AddToCart,2026-07-01
18220,957,85,Search,2025-08-28
18221,2303,759,Search,2026-04-13
18222,1426,292,View,2025-02-17
18223,2701,562,View,2026-04-12
18224,611,184,Search,2026-03-22
18225,2250,386,Purchase,2026-02-22
18226,1517,81,Search,2025-04-05
18227,1195,500,Search,2026-06-07
18228,2380,862,View,2025-11-05
18229,1997,960,Search,2025-12-28
18230,1339,97,Search,2025-06-29
18231,938,372,AddToCart,2025-06-27
18232,2864,457,Wishlist,2026-03-17
18233,2846,544,Search,2025-08-22
18234,1691,124,Wishlist,2026-04-10
18235,1842,198,View,2026-03-11
18236,925,17,Wishlist,2025-07-04
18237,502,663,Wishlist,2025-12-19
18238,927,700,AddToCart,2025-07-10
18239,180,7,AddToCart,2026-03-04
18240,1156,805,Search,2025-09-10
18241,2085,305,Search,2025-05-01
18242,2561,637,View,2025-04-08
18243,83,180,Purchase,2025-02-24
18244,2338,427,Search,2025-09-08
18245,1087,754,Search,2025-10-01
18246,1914,625,AddToCart,2025-08-28
18247,2840,267,Wishlist,2025-08-05
18248,2794,871,AddToCart,2026-06-18
18249,2889,845,View,2026-06-21
18250,196,426,Wishlist,2026-06-13
18251,1979,618,View,2025-11-03
18252,80,653,AddToCart,2025-06-28
18253,2782,585,View,2026-03-03
18254,1745,621,AddToCart,2025-05-22
18255,779,205,View,2025-11-06
18256,2452,455,Wishlist,2026-06-09
18257,752,457,View,2025-03-22
18258,490,268,Search,2025-12-01
18259,694,864,Search,2025-06-05
18260,446,463,Search,2025-10-05
18261,2295,83,AddToCart,2026-03-18
18262,2772,276,Search,2026-04-10
18263,1662,50,Purchase,2026-06-07
18264,259,704,Wishlist,2025-04-05
18265,1582,221,AddToCart,2026-06-22
18266,2224,447,View,2026-03-20
18267,2764,311,View,2025-06-11
18268,317,795,Purchase,2025-12-08
18269,1030,278,AddToCart,2026-04-14
18270,1405,929,Wishlist,2026-02-03
18271,1395,621,Purchase,2025-07-12
18272,92,937,Purchase,2025-08-24
18273,775,719,Search,2026-04-05
18274,1922,5,Search,2025-05-25
18275,2592,767,View,2025-11-05
18276,1459,912,Wishlist,2026-01-05
18277,626,256,Purchase,2025-04-04
18278,1621,209,AddToCart,2026-05-06
18279,2841,4,Search,2026-06-16
18280,122,957,AddToCart,2026-04-05
18281,1016,244,AddToCart,2025-12-17
18282,1710,920,View,2026-04-21
18283,854,368,Wishlist,2025-01-31
18284,1953,895,Wishlist,2026-06-23
18285,65,182,AddToCart,2025-10-01
18286,2788,119,Purchase,2026-01-09
18287,1781,668,Purchase,2026-05-01
18288,1407,767,Search,2026-05-06
18289,2082,250,Search,2025-06-24
18290,2373,450,AddToCart,2026-02-03
18291,1873,588,View,2026-04-18
18292,808,627,View,2025-09-20
18293,1341,782,Purchase,2026-06-28
18294,432,789,Wishlist,2026-04-02
18295,2797,219,AddToCart,2025-06-24
18296,1089,211,Wishlist,2026-03-13
18297,2605,100,View,2026-03-05
18298,713,217,AddToCart,2025-03-18
18299,2641,214,View,2025-09-05
18300,1364,491,Search,2026-01-07
18301,2459,680,View,2025-07-12
18302,137,497,AddToCart,2025-07-16
18303,2794,602,Search,2025-11-11
18304,2809,967,Wishlist,2026-02-04
18305,488,66,Search,2025-05-31
18306,2056,966,View,2025-05-06
18307,1182,555,AddToCart,2025-02-03
18308,307,270,Purchase,2025-12-13
18309,1787,372,Wishlist,2025-01-22
18310,862,974,View,2025-08-03
18311,2251,602,AddToCart,2025-03-18
18312,314,650,View,2026-03-26
18313,1283,534,Purchase,2025-10-28
18314,2340,464,AddToCart,2025-09-21
18315,1038,645,View,2025-06-12
18316,521,285,View,2026-01-28
18317,1557,875,View,2026-02-13
18318,410,46,Purchase,2026-04-09
18319,212,251,AddToCart,2025-05-13
18320,1983,294,View,2026-04-26
18321,2379,688,AddToCart,2025-12-31
18322,1586,394,Search,2025-03-09
18323,2167,552,Purchase,2026-01-11
18324,2422,938,Purchase,2026-05-30
18325,1710,164,View,2025-11-07
18326,1687,219,Purchase,2026-03-04
18327,2587,417,Purchase,2025-01-12
18328,263,910,Wishlist,2025-03-04
18329,2639,862,Search,2025-03-15
18330,1959,595,View,2025-09-27
18331,2014,392,Wishlist,2025-11-26
18332,1298,633,Purchase,2025-06-24
18333,670,569,Wishlist,2026-06-26
18334,1603,21,View,2025-11-20
18335,1645,689,Search,2025-08-03
18336,2882,703,AddToCart,2025-05-02
18337,401,634,Search,2025-12-20
18338,310,108,Wishlist,2025-06-20
18339,2681,461,AddToCart,2025-07-06
18340,2491,26,AddToCart,2026-04-20
18341,1852,852,Purchase,2026-05-27
18342,2337,38,View,2025-05-25
18343,585,310,Purchase,2026-04-06
18344,1683,404,Wishlist,2025-04-01
18345,1576,450,Wishlist,2025-12-01
18346,2660,483,AddToCart,2026-01-26
18347,85,557,Search,2025-05-28
18348,2243,327,Search,2026-05-17
18349,2761,433,Search,2025-03-04
18350,47,80,View,2025-10-18
18351,2034,780,AddToCart,2025-06-03
18352,683,379,AddToCart,2025-10-28
18353,1255,39,Search,2025-11-30
18354,794,501,Purchase,2026-02-21
18355,623,484,View,2025-08-19
18356,823,620,Purchase,2025-11-20
18357,2342,29,Purchase,2026-07-03
18358,761,864,Search,2025-01-12
18359,382,299,View,2025-04-19
18360,394,255,AddToCart,2025-01-27
18361,1161,418,Wishlist,2025-05-16
18362,858,779,Purchase,2025-03-02
18363,2189,80,Wishlist,2026-02-02
18364,971,66,View,2025-06-30
18365,755,721,View,2025-01-11
18366,521,51,AddToCart,2025-02-28
18367,2295,467,AddToCart,2025-01-19
18368,1646,206,Purchase,2025-06-22
18369,2401,330,Purchase,2025-11-10
18370,1397,587,Search,2025-03-25
18371,1772,100,AddToCart,2025-01-20
18372,298,624,Search,2025-05-18
18373,2979,901,AddToCart,2025-03-23
18374,1724,868,View,2025-03-16
18375,745,740,Search,2026-06-11
18376,937,102,Purchase,2025-12-20
18377,1747,994,AddToCart,2026-03-15
18378,1266,722,View,2025-01-21
18379,1982,541,Wishlist,2025-11-04
18380,1925,65,AddToCart,2025-07-18
18381,189,287,Wishlist,2026-06-11
18382,1066,525,Wishlist,2026-04-10
18383,1561,70,Search,2025-09-29
18384,1838,230,Search,2025-10-26
18385,2150,422,View,2025-09-23
18386,891,896,View,2026-02-12
18387,1557,809,AddToCart,2025-11-15
18388,1790,777,View,2025-06-20
18389,2069,343,Search,2026-04-04
18390,1473,295,Wishlist,2025-12-14
18391,2609,182,Purchase,2025-02-18
18392,1851,637,AddToCart,2025-03-14
18393,1061,433,Wishlist,2025-10-23
18394,1354,245,Purchase,2026-02-17
18395,1727,776,Wishlist,2025-02-11
18396,362,279,View,2025-07-01
18397,2624,797,Wishlist,2025-03-25
18398,2314,182,Purchase,2025-08-14
18399,837,710,Purchase,2025-01-18
18400,2002,61,Wishlist,2025-03-01
18401,34,787,Search,2025-10-12
18402,1386,407,Wishlist,2025-10-02
18403,2347,50,Purchase,2025-12-06
18404,1737,851,AddToCart,2025-01-17
18405,2889,13,View,2026-03-26
18406,304,735,Search,2025-12-08
18407,2824,854,View,2025-08-03
18408,325,915,Purchase,2025-10-29
18409,1926,76,Purchase,2025-08-06
18410,387,33,Search,2025-03-26
18411,626,274,Wishlist,2025-12-09
18412,1418,624,View,2025-09-15
18413,1089,373,AddToCart,2026-01-15
18414,1926,988,View,2026-06-09
18415,1086,635,Purchase,2025-08-19
18416,377,144,View,2026-05-09
18417,450,666,AddToCart,2025-12-06
18418,630,527,View,2025-10-24
18419,671,543,Search,2025-02-20
18420,645,247,Search,2026-04-07
18421,1266,654,Wishlist,2026-07-01
18422,747,311,AddToCart,2026-06-12
18423,1054,915,Wishlist,2026-02-10
18424,715,445,Purchase,2025-03-24
18425,987,157,View,2025-10-22
18426,1555,232,Wishlist,2025-07-19
18427,2998,326,View,2025-07-14
18428,1688,790,View,2025-01-11
18429,1031,961,AddToCart,2026-01-14
18430,1852,399,Purchase,2026-03-21
18431,2929,694,Search,2026-02-11
18432,1769,20,Purchase,2026-05-18
18433,758,864,Purchase,2025-03-18
18434,20,568,AddToCart,2025-08-05
18435,2940,113,AddToCart,2026-02-22
18436,1316,156,Purchase,2026-01-12
18437,1597,423,Search,2025-10-10
18438,147,374,Wishlist,2026-03-01
18439,1159,811,View,2025-03-11
18440,412,798,Wishlist,2026-06-10
18441,2019,546,Wishlist,2025-01-29
18442,2287,705,AddToCart,2025-08-26
18443,2390,105,Purchase,2025-03-06
18444,1074,990,Search,2025-03-27
18445,968,38,Wishlist,2025-04-13
18446,2748,722,Search,2025-01-09
18447,2866,724,Wishlist,2025-01-03
18448,1989,299,Purchase,2025-01-23
18449,2235,694,AddToCart,2026-03-24
18450,973,191,Wishlist,2025-09-21
18451,2545,343,Search,2026-04-06
18452,2452,402,Wishlist,2025-12-27
18453,2915,557,Search,2025-05-23
18454,117,542,Wishlist,2025-10-15
18455,2111,718,Purchase,2026-01-06
18456,2093,98,AddToCart,2026-05-22
18457,2913,759,AddToCart,2025-06-18
18458,1499,318,Search,2025-04-30
18459,1033,396,AddToCart,2026-01-24
18460,2847,706,Purchase,2025-03-11
18461,2757,565,AddToCart,2025-09-24
18462,203,530,Wishlist,2025-08-27
18463,2342,991,Search,2026-05-06
18464,1400,937,View,2025-10-07
18465,1162,1,Purchase,2025-08-14
18466,2025,651,Wishlist,2025-08-26
18467,665,666,View,2026-05-08
18468,378,878,Purchase,2025-01-05
18469,1745,93,Purchase,2025-12-17
18470,2787,161,Search,2025-06-02
18471,81,775,Wishlist,2026-06-11
18472,2938,94,Search,2026-06-04
18473,1174,151,AddToCart,2026-03-10
18474,82,617,AddToCart,2026-06-20
18475,1836,919,View,2025-04-18
18476,2069,578,Purchase,2025-07-20
18477,300,945,Wishlist,2026-04-15
18478,1293,964,Search,2025-05-16
18479,1703,729,AddToCart,2026-04-22
18480,255,388,Search,2025-01-14
18481,2257,553,AddToCart,2026-02-02
18482,1765,205,Search,2025-10-10
18483,1055,587,View,2026-01-22
18484,2981,70,AddToCart,2026-02-08
18485,893,715,AddToCart,2025-07-26
18486,239,657,Purchase,2025-11-08
18487,1117,649,AddToCart,2025-11-27
18488,822,754,Search,2025-09-14
18489,2379,849,Purchase,2025-01-04
18490,937,223,Search,2025-05-12
18491,451,352,Purchase,2025-04-02
18492,2595,429,Purchase,2025-03-22
18493,2999,78,Search,2025-05-13
18494,930,640,Search,2026-06-17
18495,2824,578,Purchase,2025-05-02
18496,1959,799,AddToCart,2025-04-01
18497,1644,473,View,2025-01-27
18498,520,742,Purchase,2025-03-12
18499,1624,875,Search,2025-03-12
18500,1330,7,Purchase,2025-09-09
18501,2150,405,Purchase,2025-02-21
18502,1611,729,Search,2025-03-20
18503,2189,730,View,2025-09-16
18504,892,449,AddToCart,2026-04-25
18505,1722,757,AddToCart,2025-12-12
18506,741,585,Search,2025-06-06
18507,2105,598,Search,2026-04-09
18508,1492,352,Purchase,2025-03-17
18509,1950,496,Search,2025-10-16
18510,1994,391,Purchase,2025-11-06
18511,646,560,AddToCart,2026-02-07
18512,2144,852,Purchase,2025-02-25
18513,556,298,View,2026-02-26
18514,2192,554,Search,2025-12-25
18515,707,261,Wishlist,2025-03-12
18516,2384,147,Search,2025-04-04
18517,2962,454,AddToCart,2025-12-23
18518,25,491,Search,2025-08-06
18519,1109,412,Wishlist,2025-08-30
18520,1008,889,Wishlist,2026-02-21
18521,2239,979,Wishlist,2025-09-06
18522,2949,373,View,2025-01-21
18523,2274,544,Wishlist,2025-06-29
18524,62,392,View,2026-06-01
18525,2448,292,Wishlist,2025-09-16
18526,1715,596,Purchase,2026-05-20
18527,726,792,View,2025-09-21
18528,2672,933,View,2026-05-13
18529,441,847,AddToCart,2025-02-21
18530,486,351,Wishlist,2026-03-27
18531,1187,687,AddToCart,2026-06-08
18532,2880,534,Search,2025-03-11
18533,1846,6,Purchase,2025-01-20
18534,925,444,Wishlist,2025-12-20
18535,869,149,Search,2025-09-21
18536,2061,296,Purchase,2025-03-03
18537,704,577,Purchase,2025-06-08
18538,2792,833,Purchase,2025-12-08
18539,2960,640,Purchase,2025-04-17
18540,657,449,Wishlist,2025-05-30
18541,2500,521,Wishlist,2026-04-28
18542,1042,944,Purchase,2025-09-23
18543,2815,935,View,2026-01-23
18544,1634,84,Search,2025-10-13
18545,2426,391,AddToCart,2025-02-08
18546,353,685,View,2025-12-21
18547,782,935,View,2026-03-10
18548,2548,914,Search,2025-04-30
18549,552,799,Wishlist,2025-03-04
18550,1633,634,View,2026-06-07
18551,312,395,AddToCart,2025-04-30
18552,965,507,Wishlist,2025-04-04
18553,2477,33,View,2025-04-14
18554,132,13,AddToCart,2025-07-07
18555,332,599,Search,2025-06-22
18556,276,330,AddToCart,2026-03-05
18557,1631,426,Wishlist,2026-01-25
18558,2040,28,Wishlist,2026-06-28
18559,119,462,Search,2025-01-30
18560,2898,772,View,2025-09-20
18561,1410,492,Purchase,2025-04-05
18562,13,413,Wishlist,2026-01-12
18563,2891,87,Purchase,2026-06-22
18564,381,188,Search,2026-01-20
18565,642,141,View,2026-04-26
18566,2553,231,Purchase,2026-01-05
18567,1901,184,AddToCart,2025-05-01
18568,2351,142,Wishlist,2025-02-27
18569,2077,223,AddToCart,2026-02-15
18570,1601,426,AddToCart,2025-12-10
18571,2626,248,Wishlist,2025-05-06
18572,1355,294,Purchase,2025-07-21
18573,2062,247,View,2025-12-16
18574,640,224,View,2025-09-07
18575,1725,823,Purchase,2026-03-14
18576,2816,834,Wishlist,2026-03-06
18577,1712,293,Wishlist,2026-04-07
18578,2097,506,AddToCart,2026-04-06
18579,85,214,Purchase,2025-06-22
18580,2849,194,Wishlist,2025-11-17
18581,1829,556,View,2025-07-22
18582,2906,581,Purchase,2026-03-23
18583,439,395,Purchase,2026-06-29
18584,2403,143,View,2026-02-27
18585,15,314,Purchase,2025-12-11
18586,2938,812,Wishlist,2025-05-02
18587,2871,776,AddToCart,2025-04-10
18588,265,722,Wishlist,2025-11-15
18589,101,396,Wishlist,2025-11-16
18590,2547,810,Search,2026-02-27
18591,2469,298,Search,2025-06-22
18592,1351,352,Purchase,2025-12-04
18593,2582,428,Search,2025-08-08
18594,2685,953,AddToCart,2026-03-10
18595,297,511,View,2026-01-11
18596,834,485,Wishlist,2026-05-11
18597,611,189,Search,2025-12-01
18598,2076,98,View,2026-03-28
18599,1508,914,View,2026-05-06
18600,2523,793,AddToCart,2025-01-21
18601,286,690,AddToCart,2025-03-15
18602,2358,885,AddToCart,2025-07-02
18603,347,294,Search,2025-01-19
18604,638,913,View,2025-03-26
18605,193,724,AddToCart,2025-09-23
18606,2563,65,View,2026-06-10
18607,2156,69,Purchase,2025-04-26
18608,2225,558,View,2025-12-23
18609,870,783,Search,2026-02-28
18610,1316,682,Search,2025-07-02
18611,2438,380,AddToCart,2025-04-17
18612,2158,858,Search,2026-01-24
18613,1930,465,Purchase,2026-03-29
18614,1220,312,View,2025-09-15
18615,1587,991,Purchase,2025-06-02
18616,1911,643,Purchase,2025-09-12
18617,1469,835,Wishlist,2025-11-22
18618,2808,656,Purchase,2025-03-11
18619,1166,686,Search,2025-05-01
18620,654,847,Search,2026-04-25
18621,1182,234,Search,2025-09-18
18622,2646,456,Search,2025-05-21
18623,2796,964,AddToCart,2025-08-26
18624,2438,966,Search,2026-06-08
18625,696,920,Search,2025-06-01
18626,566,908,AddToCart,2026-03-17
18627,2604,284,AddToCart,2025-11-26
18628,2847,864,Purchase,2025-12-26
18629,1867,63,Purchase,2025-07-25
18630,213,906,AddToCart,2025-07-06
18631,3000,794,Wishlist,2025-02-19
18632,2560,638,AddToCart,2025-06-28
18633,2273,718,AddToCart,2026-05-08
18634,2899,614,AddToCart,2025-04-30
18635,1768,927,Purchase,2025-02-06
18636,1824,304,View,2026-06-24
18637,1906,380,View,2025-06-13
18638,2698,613,Purchase,2026-03-05
18639,274,978,Purchase,2025-05-18
18640,2273,614,View,2025-07-28
18641,41,673,Search,2026-01-21
18642,173,394,Wishlist,2025-04-22
18643,2330,168,AddToCart,2026-05-20
18644,2848,81,Purchase,2025-11-06
18645,274,299,View,2025-06-28
18646,2803,435,Purchase,2025-06-12
18647,1436,471,Search,2026-01-21
18648,2654,487,Wishlist,2026-07-02
18649,378,722,Search,2025-08-11
18650,450,693,Wishlist,2025-07-03
18651,870,376,Purchase,2025-12-30
18652,496,787,AddToCart,2025-12-15
18653,2459,189,View,2025-08-07
18654,2108,44,Wishlist,2025-07-25
18655,1595,608,AddToCart,2025-02-06
18656,2469,397,Wishlist,2025-03-26
18657,361,37,Purchase,2026-05-02
18658,673,229,AddToCart,2026-04-25
18659,2783,40,Purchase,2025-08-29
18660,1933,582,View,2025-03-25
18661,2259,299,AddToCart,2025-01-20
18662,1184,379,View,2025-04-21
18663,1392,399,Wishlist,2026-05-28
18664,2442,132,AddToCart,2026-05-05
18665,2040,951,Purchase,2026-05-19
18666,797,800,View,2025-04-13
18667,1370,549,View,2026-02-15
18668,2298,746,Search,2026-03-05
18669,228,441,Search,2025-07-31
18670,388,91,Wishlist,2025-08-17
18671,194,482,Purchase,2026-05-05
18672,242,287,Search,2025-05-30
18673,2434,254,AddToCart,2025-02-28
18674,2825,832,Purchase,2025-10-18
18675,2095,209,Wishlist,2026-06-16
18676,2970,491,Purchase,2025-02-13
18677,2230,209,View,2025-12-28
18678,2933,845,Purchase,2025-05-11
18679,2779,5,View,2025-03-14
18680,2693,32,Purchase,2025-10-21
18681,2540,996,Wishlist,2025-04-14
18682,1261,907,Search,2025-02-19
18683,2236,736,Wishlist,2025-10-30
18684,2889,650,View,2026-06-30
18685,1445,985,Wishlist,2025-07-17
18686,1114,889,View,2025-01-28
18687,1195,816,Wishlist,2026-06-14
18688,2711,387,Purchase,2025-07-03
18689,973,266,Search,2025-09-05
18690,2222,272,Search,2025-08-13
18691,1894,219,AddToCart,2025-12-01
18692,2954,764,Search,2025-01-09
18693,197,896,Search,2025-05-14
18694,2164,484,Purchase,2026-04-12
18695,2420,60,AddToCart,2026-05-19
18696,2768,440,AddToCart,2026-04-01
18697,2796,806,AddToCart,2025-10-24
18698,2985,829,Wishlist,2026-06-03
18699,2248,700,Purchase,2026-01-12
18700,2696,469,Wishlist,2025-03-05
18701,287,188,AddToCart,2025-11-14
18702,2015,410,AddToCart,2025-09-01
18703,753,596,Purchase,2025-05-11
18704,2909,386,Purchase,2025-10-14
18705,451,371,View,2025-06-17
18706,887,549,Purchase,2025-06-23
18707,2918,220,Wishlist,2026-05-28
18708,1221,775,Search,2025-09-25
18709,114,790,AddToCart,2026-04-28
18710,2616,699,AddToCart,2025-01-27
18711,2852,864,AddToCart,2025-07-27
18712,826,986,Wishlist,2025-04-15
18713,1823,548,Search,2025-06-06
18714,689,204,View,2025-03-15
18715,2419,465,View,2025-02-02
18716,74,226,Search,2025-06-07
18717,1206,859,View,2025-01-02
18718,1058,767,View,2025-04-30
18719,711,584,Purchase,2025-05-06
18720,666,378,AddToCart,2025-02-12
18721,2785,784,Wishlist,2026-01-27
18722,940,280,Purchase,2025-07-21
18723,238,152,Search,2025-08-21
18724,554,503,Search,2026-05-04
18725,247,693,Purchase,2025-10-21
18726,677,600,Search,2025-07-24
18727,2478,112,Search,2025-04-12
18728,486,998,Wishlist,2025-01-11
18729,572,319,View,2026-01-09
18730,2293,227,Search,2025-09-27
18731,2566,594,AddToCart,2026-02-09
18732,735,314,View,2025-02-09
18733,431,806,Wishlist,2025-05-23
18734,444,818,View,2026-02-05
18735,137,113,View,2026-06-27
18736,2317,755,AddToCart,2026-01-16
18737,643,423,Purchase,2026-01-10
18738,784,618,AddToCart,2025-10-07
18739,1685,306,AddToCart,2025-05-10
18740,2467,320,Search,2025-07-16
18741,1160,549,Wishlist,2026-03-27
18742,635,772,AddToCart,2025-05-27
18743,2579,33,AddToCart,2025-09-19
18744,2662,86,AddToCart,2025-06-27
18745,2024,553,AddToCart,2025-03-14
18746,1847,774,Purchase,2026-06-17
18747,1334,622,Search,2026-03-26
18748,447,110,Purchase,2026-06-25
18749,966,961,Wishlist,2026-01-03
18750,1856,741,Purchase,2025-12-28
18751,1202,164,Wishlist,2025-03-24
18752,1088,72,AddToCart,2025-03-24
18753,1262,768,Wishlist,2025-06-12
18754,2319,293,Purchase,2025-09-16
18755,1998,678,Purchase,2025-06-02
18756,1760,982,Purchase,2025-10-09
18757,2773,74,Search,2026-01-31
18758,625,290,Purchase,2026-02-04
18759,1434,489,View,2025-07-28
18760,913,52,Wishlist,2026-02-12
18761,943,351,Purchase,2025-01-11
18762,383,106,AddToCart,2025-04-18
18763,2948,371,Search,2025-12-06
18764,1608,156,AddToCart,2025-10-23
18765,1225,720,Wishlist,2026-06-22
18766,2963,985,AddToCart,2026-02-19
18767,1461,748,Wishlist,2025-11-20
18768,885,286,View,2026-05-25
18769,567,81,Search,2025-07-29
18770,897,40,Purchase,2026-04-05
18771,576,635,Wishlist,2025-10-17
18772,2819,25,Purchase,2026-01-12
18773,1652,994,Wishlist,2025-03-26
18774,2066,892,Search,2025-11-22
18775,1894,300,Wishlist,2025-03-16
18776,1053,388,AddToCart,2025-07-14
18777,2407,894,Purchase,2026-03-27
18778,2377,912,View,2025-11-09
18779,585,829,View,2026-06-10
18780,2909,870,Wishlist,2026-06-20
18781,2749,988,Wishlist,2026-02-28
18782,1726,232,Wishlist,2025-10-29
18783,2694,353,Purchase,2025-06-08
18784,2095,676,Search,2026-06-14
18785,1942,468,Search,2025-04-30
18786,2945,859,View,2025-08-31
18787,1198,903,View,2025-12-25
18788,1449,920,Purchase,2026-06-30
18789,242,106,Wishlist,2026-02-25
18790,1609,415,Wishlist,2026-07-04
18791,2675,200,Purchase,2025-09-06
18792,1029,176,AddToCart,2026-03-11
18793,933,99,Search,2025-06-27
18794,512,293,Wishlist,2026-02-13
18795,1225,254,Purchase,2025-08-27
18796,2421,818,Wishlist,2025-09-22
18797,1137,691,Purchase,2026-02-10
18798,2612,461,Search,2026-06-23
18799,2781,95,Search,2026-03-03
18800,2835,52,Search,2026-05-16
18801,177,394,Search,2025-02-21
18802,2112,709,Purchase,2025-02-16
18803,459,86,Purchase,2025-01-05
18804,1603,478,AddToCart,2025-10-03
18805,1072,277,View,2026-07-02
18806,502,753,View,2025-06-27
18807,2673,166,Search,2025-05-05
18808,1231,717,AddToCart,2025-03-06
18809,2838,913,Wishlist,2026-06-05
18810,178,243,Wishlist,2026-02-06
18811,77,114,Search,2025-09-25
18812,1174,708,Search,2025-08-23
18813,407,515,AddToCart,2025-09-20
18814,389,586,Wishlist,2026-07-02
18815,1810,870,Search,2025-08-20
18816,1401,95,View,2025-08-12
18817,1523,225,Purchase,2025-02-12
18818,78,41,View,2025-03-22
18819,446,723,AddToCart,2025-05-01
18820,180,623,Purchase,2026-02-20
18821,2115,276,View,2025-09-17
18822,2445,151,AddToCart,2025-06-29
18823,1153,808,Purchase,2025-09-13
18824,1788,730,View,2025-01-18
18825,2658,10,View,2026-05-24
18826,817,850,Wishlist,2026-06-20
18827,674,509,AddToCart,2025-04-25
18828,2672,818,Search,2026-04-05
18829,481,126,Search,2025-01-23
18830,575,70,Purchase,2025-12-30
18831,536,444,Wishlist,2025-04-02
18832,790,129,AddToCart,2025-04-20
18833,251,599,View,2026-05-10
18834,2577,979,AddToCart,2026-06-17
18835,2650,556,AddToCart,2025-09-06
18836,2987,588,Wishlist,2026-01-11
18837,2024,493,AddToCart,2025-10-01
18838,796,241,Search,2025-04-29
18839,540,100,Purchase,2025-02-26
18840,2754,649,Search,2025-01-09
18841,1565,670,View,2026-06-30
18842,1994,648,View,2025-08-08
18843,2675,112,Search,2025-12-20
18844,1776,98,AddToCart,2025-04-29
18845,1786,711,AddToCart,2026-06-06
18846,2998,154,View,2025-07-23
18847,869,596,Wishlist,2026-04-11
18848,1109,614,Purchase,2025-09-17
18849,2695,324,AddToCart,2025-04-02
18850,2309,997,Purchase,2025-05-29
18851,429,696,AddToCart,2026-04-27
18852,2298,529,AddToCart,2026-06-27
18853,2242,425,View,2026-02-02
18854,2846,315,Purchase,2026-04-09
18855,132,25,Wishlist,2026-05-13
18856,1927,376,Wishlist,2026-05-24
18857,1086,513,View,2026-01-25
18858,1619,737,Wishlist,2025-11-05
18859,830,735,AddToCart,2025-08-31
18860,2012,615,View,2025-07-02
18861,2760,419,Wishlist,2025-06-23
18862,2969,247,AddToCart,2026-06-20
18863,1429,915,View,2026-01-24
18864,1117,654,Purchase,2025-12-30
18865,229,560,Wishlist,2026-06-14
18866,2191,642,Purchase,2025-09-08
18867,569,240,Wishlist,2025-01-26
18868,350,97,Wishlist,2025-12-09
18869,1161,62,Wishlist,2026-01-06
18870,857,129,View,2026-05-28
18871,2652,200,View,2025-09-22
18872,1464,131,AddToCart,2026-03-20
18873,2805,49,AddToCart,2026-04-14
18874,582,589,Wishlist,2025-10-02
18875,598,923,Wishlist,2026-01-24
18876,28,327,Wishlist,2025-10-31
18877,1388,50,AddToCart,2025-06-26
18878,356,431,Purchase,2026-05-14
18879,2299,619,Purchase,2025-04-28
18880,2892,370,Wishlist,2025-09-12
18881,2791,665,AddToCart,2025-03-08
18882,1351,461,Search,2026-06-26
18883,187,633,Purchase,2025-03-03
18884,470,856,View,2025-04-14
18885,1149,240,Search,2025-04-30
18886,714,518,Search,2026-03-03
18887,2561,913,View,2026-02-17
18888,1353,236,Search,2026-05-06
18889,648,542,View,2025-09-16
18890,2401,527,Search,2026-05-05
18891,2914,776,Wishlist,2025-06-03
18892,2754,691,View,2025-12-26
18893,1465,534,AddToCart,2025-08-11
18894,1652,192,View,2025-08-15
18895,539,959,Wishlist,2025-12-28
18896,2456,120,Wishlist,2026-04-02
18897,881,118,Purchase,2025-04-07
18898,1354,174,Wishlist,2026-01-11
18899,1746,789,Purchase,2025-11-19
18900,2676,64,Purchase,2025-07-12
18901,1916,628,Wishlist,2026-01-14
18902,468,879,View,2025-04-19
18903,444,740,Purchase,2026-02-13
18904,2384,493,Purchase,2026-03-02
18905,96,711,AddToCart,2025-04-14
18906,573,703,Search,2025-03-29
18907,2476,307,Purchase,2026-03-31
18908,1022,913,AddToCart,2025-05-19
18909,1452,46,Purchase,2025-07-27
18910,1863,301,Wishlist,2026-01-05
18911,1577,977,Purchase,2025-09-30
18912,1874,426,Wishlist,2026-04-19
18913,1146,825,Search,2025-06-22
18914,2757,387,Wishlist,2025-08-26
18915,2548,531,Wishlist,2026-05-18
18916,1347,923,Purchase,2025-05-11
18917,848,161,AddToCart,2026-04-03
18918,1452,780,View,2025-02-15
18919,595,729,View,2025-01-11
18920,2354,367,Wishlist,2026-05-17
18921,1413,991,View,2025-03-19
18922,2474,174,AddToCart,2025-01-09
18923,1119,105,Wishlist,2025-10-07
18924,1452,57,Wishlist,2025-09-20
18925,1060,294,View,2025-10-11
18926,1532,321,AddToCart,2026-06-05
18927,845,769,View,2025-03-19
18928,611,184,View,2026-03-15
18929,1029,741,Wishlist,2025-10-26
18930,711,44,Search,2026-03-25
18931,464,549,Purchase,2025-02-17
18932,431,229,Purchase,2025-10-31
18933,2785,727,Wishlist,2025-08-06
18934,895,889,Search,2026-03-18
18935,2111,622,AddToCart,2026-03-08
18936,2420,478,AddToCart,2025-06-15
18937,875,517,Wishlist,2025-09-04
18938,2221,409,View,2026-06-28
18939,2977,974,View,2026-06-05
18940,558,39,Purchase,2026-06-09
18941,1438,137,Wishlist,2026-01-01
18942,1225,389,Search,2025-06-09
18943,1006,531,Wishlist,2026-05-13
18944,305,97,Search,2025-04-25
18945,432,571,Purchase,2026-06-14
18946,826,602,Purchase,2025-04-14
18947,2029,353,Purchase,2025-07-07
18948,959,801,Wishlist,2025-01-24
18949,511,790,Wishlist,2025-08-08
18950,2523,784,Wishlist,2026-01-29
18951,846,699,AddToCart,2026-05-17
18952,964,245,Search,2025-08-03
18953,1174,781,Purchase,2025-02-04
18954,665,517,View,2025-10-30
18955,1594,929,View,2025-05-31
18956,1080,404,AddToCart,2026-03-04
18957,2838,682,AddToCart,2026-02-13
18958,1882,932,Search,2025-06-23
18959,2427,448,AddToCart,2025-02-15
18960,350,110,Wishlist,2025-08-26
18961,802,912,Search,2025-02-23
18962,1842,481,Purchase,2026-02-06
18963,2675,211,AddToCart,2025-08-23
18964,751,670,AddToCart,2025-03-22
18965,2013,521,Wishlist,2025-12-22
18966,618,284,Wishlist,2025-12-28
18967,1654,826,Search,2025-12-12
18968,1626,332,Search,2025-05-10
18969,2122,135,Wishlist,2025-01-07
18970,1659,86,View,2026-02-26
18971,572,771,View,2026-04-21
18972,2361,475,Purchase,2025-11-28
18973,1676,560,AddToCart,2025-03-29
18974,866,687,AddToCart,2025-08-30
18975,1433,157,View,2025-07-19
18976,1638,764,AddToCart,2025-10-21
18977,2880,337,Search,2025-07-18
18978,263,737,Search,2025-04-04
18979,1528,712,Wishlist,2026-03-27
18980,2340,690,Search,2025-07-04
18981,2902,442,AddToCart,2025-04-12
18982,420,424,AddToCart,2025-09-05
18983,2087,818,Purchase,2025-01-24
18984,102,201,Wishlist,2025-01-25
18985,1599,111,Search,2025-08-09
18986,508,533,View,2026-06-13
18987,1061,812,Wishlist,2025-08-30
18988,2673,302,Purchase,2025-01-23
18989,1685,447,Wishlist,2025-10-01
18990,1562,713,Wishlist,2025-11-13
18991,755,978,AddToCart,2025-02-18
18992,594,129,Wishlist,2025-08-09
18993,998,323,View,2025-02-07
18994,432,324,Purchase,2025-01-26
18995,823,568,AddToCart,2025-11-12
18996,2294,397,Purchase,2026-04-26
18997,843,292,Search,2025-05-28
18998,2628,737,Wishlist,2026-02-23
18999,2369,418,View,2025-10-20
19000,435,351,Wishlist,2026-04-12
19001,2595,510,View,2025-01-07
19002,346,744,Search,2026-04-03
19003,162,543,AddToCart,2025-03-18
19004,1829,860,Purchase,2026-02-15
19005,1377,642,View,2025-10-29
19006,1413,98,Purchase,2025-03-13
19007,10,689,Wishlist,2026-02-09
19008,1730,351,AddToCart,2026-04-13
19009,1908,444,AddToCart,2025-09-27
19010,2990,646,Purchase,2026-05-05
19011,2567,289,Search,2025-01-05
19012,1494,355,View,2025-08-03
19013,331,579,View,2025-04-08
19014,1641,684,Wishlist,2025-03-03
19015,2798,715,Search,2026-06-19
19016,2979,959,AddToCart,2026-02-07
19017,1519,372,Purchase,2025-05-01
19018,2521,928,View,2025-09-10
19019,714,42,Wishlist,2026-04-14
19020,1498,858,AddToCart,2026-05-15
19021,2532,482,Search,2025-11-17
19022,1796,800,Wishlist,2025-08-12
19023,2195,203,Purchase,2025-11-14
19024,2690,657,Wishlist,2025-10-14
19025,459,1000,Wishlist,2026-06-03
19026,2315,165,Search,2026-01-21
19027,2543,66,View,2025-06-08
19028,1130,912,Search,2025-06-20
19029,1275,624,View,2026-03-06
19030,1845,120,Search,2026-04-28
19031,2574,861,View,2026-04-06
19032,1063,36,Wishlist,2025-11-15
19033,2904,721,Search,2026-05-26
19034,1150,653,Purchase,2025-03-22
19035,945,625,Search,2025-07-23
19036,998,438,AddToCart,2025-06-15
19037,1126,992,View,2026-02-16
19038,2009,704,Purchase,2025-03-26
19039,2253,781,View,2025-01-17
19040,2322,755,Wishlist,2025-10-14
19041,50,17,Wishlist,2025-04-28
19042,1797,929,Purchase,2025-10-15
19043,1533,263,Purchase,2026-01-30
19044,589,631,Wishlist,2025-05-22
19045,1092,799,AddToCart,2026-02-01
19046,1833,398,View,2026-05-03
19047,1928,982,View,2026-05-18
19048,1506,330,Wishlist,2025-06-15
19049,76,581,Search,2025-05-09
19050,2310,610,Purchase,2025-05-12
19051,936,616,AddToCart,2025-11-28
19052,1703,593,AddToCart,2025-05-17
19053,1410,39,AddToCart,2026-06-26
19054,759,393,AddToCart,2026-03-20
19055,552,700,Search,2026-07-03
19056,2196,934,Wishlist,2026-02-05
19057,595,694,AddToCart,2025-02-03
19058,1271,939,AddToCart,2026-04-26
19059,1414,613,View,2025-04-30
19060,600,318,AddToCart,2025-07-28
19061,969,449,Purchase,2025-09-04
19062,2964,627,View,2026-04-26
19063,2236,493,Search,2025-10-03
19064,2955,810,Search,2025-07-02
19065,1552,414,View,2026-01-30
19066,1676,952,Search,2025-12-18
19067,610,797,Search,2026-03-15
19068,2098,362,Search,2026-01-08
19069,2098,435,AddToCart,2025-05-10
19070,121,520,Purchase,2025-12-12
19071,1125,733,Wishlist,2025-11-29
19072,2240,940,Wishlist,2026-04-03
19073,79,885,Purchase,2026-03-26
19074,2375,879,Wishlist,2025-08-18
19075,580,889,View,2025-07-30
19076,2922,164,Search,2026-02-21
19077,1760,231,Wishlist,2026-05-29
19078,824,735,Purchase,2026-01-31
19079,1277,222,View,2025-09-26
19080,2472,207,View,2025-08-05
19081,333,368,AddToCart,2025-06-24
19082,1819,233,AddToCart,2026-01-19
19083,2298,887,View,2025-09-25
19084,480,363,Search,2025-06-05
19085,2424,209,Purchase,2025-09-14
19086,1156,992,Search,2025-11-28
19087,755,602,Search,2025-12-24
19088,2304,361,Wishlist,2025-07-30
19089,1507,109,Search,2025-12-21
19090,1023,452,View,2025-10-20
19091,2611,463,Purchase,2025-05-28
19092,2790,843,Wishlist,2026-03-26
19093,2192,675,View,2025-10-04
19094,1409,703,Purchase,2025-02-21
19095,1987,642,AddToCart,2026-02-15
19096,2399,640,Wishlist,2025-04-04
19097,1450,291,View,2025-05-04
19098,922,24,Wishlist,2026-02-14
19099,1648,582,Wishlist,2025-01-25
19100,2085,700,Search,2025-09-25
19101,1125,124,AddToCart,2026-02-10
19102,2368,60,View,2025-05-20
19103,2941,546,Search,2026-01-06
19104,2793,830,Search,2025-09-03
19105,680,726,AddToCart,2025-01-13
19106,1550,857,Search,2026-02-27
19107,1133,38,View,2025-08-14
19108,612,303,Wishlist,2026-02-25
19109,2753,769,View,2025-02-14
19110,2219,919,Wishlist,2025-04-05
19111,894,557,Search,2026-04-25
19112,934,175,AddToCart,2025-07-11
19113,2278,501,Wishlist,2025-01-18
19114,170,364,Wishlist,2025-09-16
19115,555,357,View,2025-09-30
19116,590,385,Purchase,2025-05-28
19117,340,710,AddToCart,2025-09-13
19118,668,630,Purchase,2026-06-27
19119,2236,606,Search,2026-01-13
19120,1366,262,Purchase,2026-03-07
19121,821,962,View,2025-06-19
19122,277,126,AddToCart,2025-08-11
19123,2863,859,Purchase,2025-10-14
19124,210,963,Search,2025-11-05
19125,595,865,AddToCart,2025-05-05
19126,1218,508,Purchase,2025-10-05
19127,2481,116,AddToCart,2025-05-30
19128,2999,409,Purchase,2025-10-10
19129,1535,269,Search,2026-03-17
19130,723,64,AddToCart,2026-06-24
19131,967,707,Purchase,2025-07-27
19132,1143,493,Purchase,2026-04-08
19133,1724,182,Search,2025-10-08
19134,2039,797,Search,2025-10-31
19135,2778,161,AddToCart,2025-10-26
19136,2856,131,Search,2026-01-11
19137,2987,212,AddToCart,2025-06-03
19138,938,83,Search,2025-11-14
19139,2938,858,View,2025-06-30
19140,924,789,Search,2026-03-21
19141,1714,483,Purchase,2026-05-15
19142,582,805,Purchase,2025-10-05
19143,1915,647,Wishlist,2025-03-20
19144,2228,316,Purchase,2025-11-13
19145,2237,86,AddToCart,2025-11-01
19146,1618,717,View,2026-01-25
19147,2132,358,Purchase,2025-05-12
19148,2405,556,Purchase,2025-11-18
19149,1957,588,View,2026-04-29
19150,285,187,AddToCart,2025-10-31
19151,1089,378,Wishlist,2026-04-11
19152,2759,161,AddToCart,2026-01-09
19153,1285,40,AddToCart,2025-01-15
19154,1173,162,Purchase,2026-06-02
19155,2055,765,View,2025-11-09
19156,595,822,Purchase,2025-11-30
19157,708,577,Purchase,2025-01-28
19158,2559,138,Purchase,2026-03-21
19159,1368,510,AddToCart,2026-01-18
19160,1814,463,AddToCart,2025-02-05
19161,2141,936,AddToCart,2025-03-17
19162,191,801,Search,2026-05-01
19163,107,895,Search,2025-12-01
19164,1218,116,Wishlist,2026-02-27
19165,2988,337,Wishlist,2025-07-01
19166,326,734,Search,2025-11-06
19167,77,164,View,2026-01-29
19168,2413,484,AddToCart,2025-05-16
19169,1369,745,Search,2025-01-21
19170,1090,941,Search,2026-02-04
19171,943,546,Search,2025-08-30
19172,1758,298,View,2026-02-28
19173,2220,149,Wishlist,2025-05-28
19174,111,494,Search,2025-07-23
19175,38,270,View,2025-03-03
19176,168,451,Search,2025-10-03
19177,959,201,Purchase,2026-01-12
19178,1148,511,AddToCart,2025-05-20
19179,2189,841,Wishlist,2026-04-11
19180,1911,971,Purchase,2025-01-06
19181,1980,955,Wishlist,2026-05-14
19182,209,939,AddToCart,2026-01-16
19183,601,814,Search,2025-06-29
19184,481,52,Search,2026-05-05
19185,2910,790,View,2025-05-16
19186,819,160,Wishlist,2025-05-31
19187,587,457,Wishlist,2026-03-11
19188,2839,970,Purchase,2026-03-16
19189,2440,256,Purchase,2025-04-30
19190,781,725,Wishlist,2026-03-21
19191,149,231,Wishlist,2025-10-04
19192,2021,517,Purchase,2025-03-07
19193,1838,869,Search,2025-11-13
19194,1177,427,Wishlist,2025-08-04
19195,2256,531,View,2025-01-28
19196,1863,151,View,2025-02-19
19197,463,98,Purchase,2025-04-03
19198,2692,26,Search,2025-07-17
19199,740,596,AddToCart,2025-11-15
19200,1056,190,Purchase,2026-03-14
19201,2242,893,Search,2025-02-13
19202,2398,962,AddToCart,2025-01-29
19203,1981,545,Wishlist,2025-04-17
19204,710,677,Purchase,2025-01-13
19205,2272,524,AddToCart,2025-02-22
19206,2491,47,View,2025-10-24
19207,36,61,AddToCart,2025-10-29
19208,264,695,View,2026-06-13
19209,1584,371,View,2025-08-02
19210,578,886,View,2026-02-03
19211,463,118,AddToCart,2026-06-13
19212,1674,696,Search,2025-01-12
19213,1821,792,AddToCart,2025-01-16
19214,1886,198,AddToCart,2026-01-25
19215,1180,566,Search,2025-08-22
19216,1756,454,AddToCart,2026-03-08
19217,503,212,View,2025-11-07
19218,2935,592,Purchase,2025-08-31
19219,1193,333,Wishlist,2025-06-15
19220,391,660,AddToCart,2025-10-21
19221,1712,765,Wishlist,2025-02-25
19222,986,631,Purchase,2025-02-06
19223,1842,261,Purchase,2025-09-26
19224,1288,807,Search,2026-05-02
19225,173,596,AddToCart,2026-01-29
19226,2059,718,Purchase,2026-03-14
19227,1363,664,View,2026-03-28
19228,1945,72,Wishlist,2025-02-10
19229,1729,682,AddToCart,2026-06-15
19230,2130,179,Wishlist,2025-02-02
19231,2394,511,Wishlist,2026-01-01
19232,858,121,Search,2026-06-30
19233,690,62,Search,2026-06-09
19234,2865,834,Search,2025-06-09
19235,2084,223,View,2025-10-14
19236,2412,845,AddToCart,2026-03-26
19237,2879,791,View,2025-10-08
19238,2506,739,Purchase,2025-07-07
19239,2332,605,Search,2025-07-13
19240,1309,865,AddToCart,2026-03-31
19241,2083,652,Search,2025-12-19
19242,2309,628,View,2025-12-14
19243,1527,511,Wishlist,2025-03-06
19244,2850,646,Purchase,2026-07-04
19245,2950,566,AddToCart,2026-06-07
19246,972,879,Wishlist,2025-03-26
19247,256,958,Search,2025-11-26
19248,1381,598,View,2025-10-30
19249,1693,428,AddToCart,2025-10-11
19250,2890,761,Search,2026-01-13
19251,2812,702,Purchase,2025-04-29
19252,1688,586,Wishlist,2026-04-27
19253,2229,395,View,2025-10-10
19254,2103,600,View,2026-02-17
19255,1881,169,View,2025-11-10
19256,1937,831,Wishlist,2025-06-06
19257,2860,180,View,2025-10-30
19258,626,717,Search,2026-05-01
19259,812,400,AddToCart,2025-05-23
19260,1064,369,AddToCart,2025-09-24
19261,795,18,AddToCart,2025-02-16
19262,1592,950,Wishlist,2026-02-07
19263,2302,801,Search,2026-02-22
19264,2595,770,AddToCart,2026-04-11
19265,558,932,View,2026-01-05
19266,2210,418,Purchase,2025-04-18
19267,2878,190,Wishlist,2026-03-18
19268,2387,18,Wishlist,2025-07-19
19269,475,226,Wishlist,2025-08-16
19270,1498,263,View,2025-08-12
19271,902,786,View,2025-02-23
19272,363,905,Purchase,2026-03-04
19273,2670,540,Search,2025-07-03
19274,2217,784,Purchase,2025-08-12
19275,1764,792,Purchase,2026-06-18
19276,375,537,Purchase,2025-07-30
19277,115,918,AddToCart,2025-07-19
19278,313,397,View,2026-06-29
19279,922,73,Purchase,2026-05-10
19280,1186,718,View,2025-10-28
19281,1899,919,AddToCart,2025-02-02
19282,1065,732,AddToCart,2026-06-05
19283,511,979,AddToCart,2026-01-18
19284,2052,852,AddToCart,2025-05-09
19285,2182,958,Wishlist,2025-03-28
19286,193,109,Search,2025-06-12
19287,2362,764,Purchase,2025-05-05
19288,274,125,Purchase,2026-03-30
19289,53,185,AddToCart,2025-07-21
19290,69,596,Wishlist,2026-01-06
19291,685,156,Search,2025-06-18
19292,1860,571,Purchase,2026-04-17
19293,2943,933,View,2026-06-11
19294,2086,864,Purchase,2025-10-15
19295,2333,925,Purchase,2026-04-09
19296,2007,487,View,2025-01-24
19297,618,433,AddToCart,2026-01-14
19298,1526,408,Wishlist,2025-08-02
19299,1364,809,Purchase,2025-01-09
19300,2162,740,Search,2026-05-04
19301,2907,926,Purchase,2025-08-23
19302,2915,742,View,2026-01-11
19303,2166,10,Purchase,2026-03-08
19304,2704,985,Wishlist,2025-04-22
19305,2047,489,Search,2025-04-09
19306,973,282,Search,2025-04-12
19307,326,395,Purchase,2025-05-31
19308,2990,618,Purchase,2025-03-09
19309,164,931,Purchase,2025-10-17
19310,2156,970,View,2025-02-22
19311,1193,145,Purchase,2025-02-26
19312,1816,835,Purchase,2025-04-01
19313,1616,312,Search,2026-01-16
19314,2846,536,Search,2026-03-11
19315,749,544,Search,2025-09-27
19316,2170,616,Wishlist,2025-01-14
19317,291,439,Search,2026-04-30
19318,876,740,View,2025-01-01
19319,618,194,Wishlist,2025-11-30
19320,535,549,View,2026-02-27
19321,479,415,Purchase,2026-03-11
19322,2799,236,Purchase,2026-03-09
19323,1441,569,Purchase,2026-05-26
19324,2524,444,Search,2025-06-18
19325,2007,653,Purchase,2025-08-10
19326,890,137,Search,2025-01-03
19327,2049,675,AddToCart,2026-01-27
19328,2884,288,View,2025-02-24
19329,1901,715,Purchase,2026-06-15
19330,129,28,Purchase,2026-02-18
19331,420,390,AddToCart,2025-06-09
19332,1510,150,AddToCart,2026-01-16
19333,2240,866,Purchase,2025-05-19
19334,1869,422,Search,2026-06-13
19335,2825,276,Purchase,2026-03-22
19336,1751,453,Purchase,2026-07-04
19337,2683,959,Wishlist,2025-07-05
19338,468,591,View,2026-05-10
19339,1042,950,AddToCart,2026-03-20
19340,2537,424,View,2025-11-12
19341,1336,926,Wishlist,2025-06-09
19342,1604,18,Purchase,2025-08-05
19343,494,722,Purchase,2025-06-29
19344,896,749,AddToCart,2025-01-18
19345,2927,566,Wishlist,2025-09-18
19346,403,938,Wishlist,2025-08-19
19347,2412,580,AddToCart,2026-06-01
19348,1344,436,Purchase,2025-01-27
19349,2803,71,AddToCart,2025-07-24
19350,1096,607,Purchase,2026-06-27
19351,1578,200,Purchase,2026-04-11
19352,2441,430,Purchase,2025-01-09
19353,1035,566,Purchase,2025-08-08
19354,1463,467,Search,2025-01-17
19355,1002,534,AddToCart,2026-03-23
19356,1648,287,Search,2026-02-25
19357,2419,610,Purchase,2025-01-18
19358,1831,613,Wishlist,2026-01-11
19359,1003,877,AddToCart,2026-02-12
19360,2092,64,Purchase,2025-11-03
19361,2169,736,View,2025-07-06
19362,2204,804,AddToCart,2026-03-24
19363,1440,738,Wishlist,2025-05-12
19364,1240,871,Purchase,2026-05-20
19365,2960,248,Wishlist,2025-01-03
19366,100,826,Search,2025-01-07
19367,500,709,AddToCart,2026-01-09
19368,1521,334,Wishlist,2025-10-23
19369,243,642,Purchase,2025-07-20
19370,2747,977,AddToCart,2025-04-01
19371,432,976,AddToCart,2026-05-24
19372,1243,984,View,2025-12-26
19373,610,796,Wishlist,2025-01-26
19374,1032,972,View,2026-06-12
19375,420,489,View,2025-07-10
19376,715,254,Purchase,2025-08-27
19377,2709,313,AddToCart,2025-12-25
19378,1560,254,Search,2025-12-31
19379,318,925,Purchase,2026-05-22
19380,393,888,Purchase,2026-02-16
19381,2831,372,Wishlist,2025-12-01
19382,1538,417,Search,2026-02-24
19383,1320,864,Wishlist,2026-05-15
19384,207,596,Wishlist,2026-05-29
19385,531,47,Purchase,2026-02-07
19386,1316,419,View,2025-09-29
19387,2100,149,AddToCart,2026-06-11
19388,264,409,Purchase,2026-02-02
19389,1444,641,View,2025-11-29
19390,2651,113,Wishlist,2025-04-30
19391,359,476,Search,2025-07-07
19392,16,88,Search,2025-01-02
19393,798,695,Purchase,2026-05-23
19394,2769,886,AddToCart,2025-07-10
19395,443,108,Purchase,2026-01-01
19396,2663,584,Purchase,2026-05-20
19397,2358,459,View,2025-06-20
19398,2275,979,Wishlist,2025-05-19
19399,1308,848,Search,2025-01-06
19400,655,410,View,2025-12-19
19401,2708,598,Search,2025-01-19
19402,1659,568,AddToCart,2025-06-07
19403,1960,523,Wishlist,2026-01-14
19404,462,675,Purchase,2025-07-17
19405,2731,485,Purchase,2025-09-30
19406,696,686,Purchase,2025-09-25
19407,242,134,Search,2025-09-22
19408,2702,236,AddToCart,2025-02-06
19409,1370,159,View,2026-01-26
19410,249,247,View,2026-05-19
19411,544,869,Purchase,2026-05-08
19412,2747,524,Wishlist,2026-01-29
19413,1639,439,View,2025-05-08
19414,750,872,Purchase,2025-10-08
19415,1940,446,Wishlist,2026-02-19
19416,251,709,View,2025-03-10
19417,1179,302,View,2025-06-25
19418,1603,938,Purchase,2026-01-17
19419,2589,885,Wishlist,2026-05-05
19420,715,329,Search,2025-12-16
19421,676,475,Wishlist,2025-01-26
19422,2758,534,AddToCart,2026-04-24
19423,2938,424,Purchase,2026-04-20
19424,100,878,Search,2025-06-30
19425,1111,933,Purchase,2025-04-23
19426,2743,637,Wishlist,2025-03-01
19427,1507,4,Purchase,2026-01-19
19428,948,696,AddToCart,2025-05-18
19429,681,379,AddToCart,2026-05-19
19430,1991,758,View,2025-07-28
19431,1103,772,AddToCart,2026-03-23
19432,2779,224,Search,2026-01-09
19433,630,481,AddToCart,2025-07-29
19434,1848,439,AddToCart,2025-11-05
19435,1151,157,AddToCart,2026-03-11
19436,1793,384,Wishlist,2026-02-08
19437,2738,914,AddToCart,2025-10-11
19438,1790,249,Wishlist,2025-09-18
19439,1167,371,View,2025-12-24
19440,1108,933,Search,2026-05-03
19441,1239,285,Search,2025-03-02
19442,2631,302,Search,2025-01-08
19443,1481,6,AddToCart,2025-10-30
19444,583,36,AddToCart,2025-04-21
19445,49,400,Purchase,2026-03-08
19446,2414,967,View,2025-05-14
19447,2933,208,AddToCart,2025-05-29
19448,2071,228,Search,2026-01-29
19449,1487,789,Search,2025-08-11
19450,359,888,Search,2025-09-07
19451,1819,546,Search,2026-03-14
19452,1361,667,AddToCart,2025-12-11
19453,1942,570,Wishlist,2025-12-02
19454,1110,249,Search,2025-03-09
19455,125,852,Purchase,2026-03-26
19456,837,726,View,2025-02-03
19457,2320,546,Wishlist,2025-06-18
19458,2759,478,Search,2025-02-10
19459,1153,269,AddToCart,2025-12-01
19460,1583,2,Wishlist,2026-04-30
19461,675,289,Purchase,2026-03-27
19462,2273,829,Purchase,2025-04-10
19463,70,446,Wishlist,2025-04-20
19464,1586,11,View,2025-01-17
19465,1037,908,Wishlist,2025-10-19
19466,27,768,Search,2026-04-02
19467,257,730,AddToCart,2026-01-15
19468,2599,358,Search,2025-09-18
19469,803,178,Purchase,2026-01-10
19470,139,590,View,2026-02-21
19471,561,576,Purchase,2026-04-13
19472,2175,344,Purchase,2025-07-19
19473,1412,980,Wishlist,2025-03-25
19474,1336,597,Search,2025-11-24
19475,1408,847,Purchase,2026-05-29
19476,569,991,AddToCart,2025-08-10
19477,187,293,View,2025-09-24
19478,1639,436,Wishlist,2025-01-29
19479,1692,588,Purchase,2025-09-29
19480,191,123,Wishlist,2025-06-16
19481,2872,223,View,2026-06-13
19482,800,261,View,2026-02-12
19483,682,547,Search,2025-05-18
19484,1236,342,AddToCart,2025-06-29
19485,2085,764,Purchase,2026-03-20
19486,2243,568,View,2025-01-21
19487,2121,485,Purchase,2026-06-19
19488,1399,755,Purchase,2026-03-06
19489,1038,137,Purchase,2025-06-03
19490,1606,421,Wishlist,2025-07-22
19491,653,748,Wishlist,2026-04-08
19492,1925,294,Wishlist,2025-02-07
19493,241,945,Search,2025-07-08
19494,735,78,Purchase,2025-07-10
19495,2038,284,Wishlist,2025-07-12
19496,98,17,AddToCart,2025-12-05
19497,2709,364,AddToCart,2026-02-14
19498,1663,439,Search,2025-12-29
19499,2553,438,Wishlist,2026-06-20
19500,1261,619,Wishlist,2026-05-11
19501,759,845,View,2026-02-21
19502,322,301,Wishlist,2025-09-25
19503,1481,41,Search,2026-01-30
19504,1565,989,Search,2025-05-03
19505,2578,141,Wishlist,2026-01-07
19506,2062,163,Wishlist,2025-05-21
19507,2155,713,Wishlist,2026-02-18
19508,2407,291,Purchase,2025-11-07
19509,220,503,Wishlist,2026-01-27
19510,1588,887,View,2025-10-11
19511,2001,866,AddToCart,2025-04-25
19512,832,189,Purchase,2026-04-24
19513,1075,785,Wishlist,2025-05-13
19514,262,517,Purchase,2026-05-02
19515,2064,635,Purchase,2025-08-13
19516,736,209,Wishlist,2025-10-16
19517,2801,76,Wishlist,2025-04-27
19518,279,997,Purchase,2026-03-26
19519,2855,902,Wishlist,2025-01-05
19520,1366,139,View,2025-04-08
19521,959,269,Purchase,2025-11-07
19522,165,307,AddToCart,2026-02-26
19523,2732,919,Search,2025-04-04
19524,1552,243,Search,2025-08-05
19525,2026,895,Purchase,2025-02-17
19526,1999,117,View,2026-03-14
19527,7,421,Purchase,2025-07-25
19528,2800,985,AddToCart,2025-07-12
19529,600,974,Purchase,2025-03-12
19530,1605,875,AddToCart,2025-02-21
19531,750,445,View,2026-01-28
19532,1860,654,Purchase,2025-10-27
19533,2788,811,Purchase,2025-10-31
19534,459,97,AddToCart,2026-06-18
19535,952,402,Wishlist,2025-04-24
19536,479,605,View,2025-08-15
19537,2236,589,Wishlist,2025-07-12
19538,1427,996,AddToCart,2025-06-07
19539,868,134,Wishlist,2026-06-26
19540,2515,425,Wishlist,2025-12-27
19541,1005,791,Wishlist,2025-05-01
19542,1656,54,Purchase,2025-09-14
19543,196,562,Purchase,2026-03-30
19544,2470,26,AddToCart,2026-04-27
19545,1573,667,Purchase,2026-01-28
19546,2151,728,Wishlist,2026-01-09
19547,74,69,AddToCart,2025-07-03
19548,700,259,Search,2026-01-17
19549,1421,310,View,2026-04-28
19550,1028,828,AddToCart,2025-08-09
19551,1083,336,Search,2025-12-31
19552,2031,506,View,2026-04-07
19553,421,742,Wishlist,2026-06-06
19554,2999,610,Wishlist,2025-03-23
19555,1535,779,Wishlist,2025-12-19
19556,2187,72,Search,2025-03-08
19557,675,665,View,2025-02-25
19558,2439,150,Purchase,2025-01-25
19559,1404,121,AddToCart,2025-09-29
19560,2035,608,View,2026-04-11
19561,1319,902,Search,2025-08-18
19562,440,861,Search,2025-12-13
19563,1611,633,AddToCart,2026-01-27
19564,2468,531,Search,2025-11-07
19565,716,620,View,2025-04-16
19566,1033,290,View,2025-12-21
19567,2608,592,Search,2025-02-02
19568,606,766,Purchase,2025-11-18
19569,2220,682,Wishlist,2025-04-02
19570,1566,472,Wishlist,2025-04-21
19571,1607,120,Search,2025-04-08
19572,1849,308,Wishlist,2026-02-12
19573,328,746,Wishlist,2026-04-01
19574,2594,224,AddToCart,2025-09-24
19575,1914,368,Search,2025-10-07
19576,521,907,View,2026-05-29
19577,1181,978,AddToCart,2025-12-13
19578,1524,98,Purchase,2026-01-16
19579,2818,633,Search,2025-07-11
19580,2602,65,Purchase,2026-05-13
19581,1931,555,Purchase,2025-08-06
19582,331,581,Purchase,2025-04-15
19583,1464,578,AddToCart,2025-03-12
19584,2405,442,Search,2025-08-10
19585,2404,518,View,2025-01-13
19586,2369,822,AddToCart,2026-04-27
19587,370,12,View,2026-06-21
19588,1640,328,Wishlist,2025-11-22
19589,1261,663,Wishlist,2025-06-06
19590,2259,617,AddToCart,2026-02-17
19591,330,386,Wishlist,2026-06-30
19592,1431,582,Search,2025-12-19
19593,2808,723,AddToCart,2026-06-16
19594,1615,767,Wishlist,2025-11-15
19595,2521,532,Purchase,2025-05-30
19596,1979,741,Wishlist,2025-08-25
19597,53,1000,Wishlist,2025-02-25
19598,801,530,Purchase,2025-06-15
19599,1592,49,View,2025-06-27
19600,2768,795,Search,2025-06-14
19601,2510,786,AddToCart,2025-11-23
19602,194,288,AddToCart,2026-02-02
19603,1698,354,Purchase,2025-01-10
19604,2132,481,Purchase,2026-01-26
19605,2933,569,Purchase,2025-01-08
19606,1417,379,View,2025-01-01
19607,1247,353,Search,2026-06-19
19608,2638,341,AddToCart,2025-07-06
19609,2728,731,View,2026-06-03
19610,310,542,Search,2026-03-18
19611,116,993,Purchase,2025-03-18
19612,605,302,Search,2026-07-05
19613,780,279,Purchase,2026-03-05
19614,1934,328,View,2025-12-27
19615,927,644,Purchase,2025-05-21
19616,2655,146,AddToCart,2025-05-07
19617,942,242,Purchase,2025-05-21
19618,2990,244,AddToCart,2025-03-14
19619,2703,419,View,2026-05-17
19620,50,237,Search,2025-01-09
19621,2081,532,Purchase,2025-03-03
19622,15,224,View,2026-01-25
19623,1785,521,AddToCart,2025-07-20
19624,985,683,Purchase,2025-03-04
19625,676,824,AddToCart,2025-03-06
19626,1902,108,AddToCart,2025-12-03
19627,38,651,Purchase,2025-04-07
19628,1729,573,View,2026-04-25
19629,809,37,View,2025-12-01
19630,2425,14,Search,2025-11-10
19631,789,436,Search,2026-01-05
19632,63,821,AddToCart,2026-06-27
19633,815,706,Search,2025-07-27
19634,1103,709,Wishlist,2025-05-02
19635,1316,919,View,2025-05-31
19636,336,920,Wishlist,2025-01-12
19637,1342,114,AddToCart,2025-04-13
19638,577,979,AddToCart,2025-09-19
19639,2098,554,Wishlist,2025-02-24
19640,2457,639,Wishlist,2026-01-15
19641,2531,435,View,2025-09-20
19642,1806,352,AddToCart,2026-01-04
19643,2501,249,AddToCart,2026-01-21
19644,1659,165,Purchase,2026-06-27
19645,1676,197,Wishlist,2025-01-09
19646,2208,967,AddToCart,2026-05-17
19647,1366,945,Purchase,2025-11-08
19648,1419,726,View,2025-06-24
19649,2081,925,Purchase,2025-02-27
19650,1068,914,Purchase,2025-05-01
19651,681,637,Search,2025-12-23
19652,2360,362,AddToCart,2026-06-30
19653,410,495,Search,2026-01-31
19654,1639,146,View,2025-01-06
19655,438,216,Search,2026-02-03
19656,1662,698,View,2026-02-23
19657,495,723,Search,2025-01-31
19658,331,513,Wishlist,2025-06-13
19659,416,534,Wishlist,2026-03-13
19660,1843,650,Purchase,2025-07-17
19661,1429,864,AddToCart,2025-06-26
19662,1099,953,AddToCart,2026-02-17
19663,738,83,Wishlist,2025-03-20
19664,2485,149,View,2026-02-01
19665,1926,830,Wishlist,2025-04-23
19666,1851,71,View,2025-10-31
19667,1944,352,Search,2026-01-28
19668,681,973,Wishlist,2025-03-04
19669,127,51,Purchase,2025-08-06
19670,1741,503,View,2025-07-18
19671,163,866,AddToCart,2026-04-12
19672,2351,363,View,2025-03-05
19673,1077,675,Purchase,2026-05-17
19674,547,436,Purchase,2025-11-09
19675,2105,76,Search,2025-05-15
19676,1640,447,AddToCart,2026-04-10
19677,1702,595,View,2025-08-05
19678,1599,217,Search,2026-03-21
19679,2260,309,AddToCart,2025-09-21
19680,749,725,AddToCart,2025-07-14
19681,1707,463,Wishlist,2026-04-29
19682,879,426,Wishlist,2025-09-09
19683,1810,946,Wishlist,2025-05-13
19684,2037,306,Wishlist,2025-09-09
19685,436,294,Purchase,2025-08-26
19686,923,734,Search,2025-05-11
19687,1899,297,View,2025-03-16
19688,1531,309,View,2025-11-15
19689,2295,182,AddToCart,2026-01-07
19690,943,340,Purchase,2025-05-31
19691,1709,511,Purchase,2025-07-06
19692,1260,777,Purchase,2025-06-13
19693,2385,144,View,2026-05-11
19694,852,197,View,2025-11-30
19695,2959,473,Purchase,2026-04-14
19696,2836,893,Purchase,2026-06-01
19697,179,851,Search,2026-03-10
19698,979,547,Purchase,2025-07-16
19699,1681,669,AddToCart,2026-02-15
19700,684,130,Purchase,2025-06-28
19701,2887,836,AddToCart,2025-07-22
19702,291,541,AddToCart,2025-04-02
19703,172,188,AddToCart,2025-12-23
19704,2229,707,Search,2026-02-04
19705,2266,774,Search,2025-10-24
19706,2308,661,Purchase,2026-01-17
19707,2657,62,View,2026-02-18
19708,984,612,View,2026-04-06
19709,227,210,View,2025-01-30
19710,1280,559,AddToCart,2025-10-06
19711,2011,125,View,2026-03-03
19712,505,725,Search,2026-05-13
19713,394,814,Search,2025-08-09
19714,2755,21,Purchase,2025-09-09
19715,1887,201,AddToCart,2025-04-14
19716,883,892,Search,2025-05-08
19717,2899,717,Wishlist,2025-08-02
19718,1055,803,View,2025-05-20
19719,2262,543,AddToCart,2026-05-27
19720,2126,968,AddToCart,2025-10-26
19721,1246,798,AddToCart,2025-09-08
19722,662,686,AddToCart,2025-06-04
19723,2461,527,Search,2026-03-06
19724,1598,909,Search,2025-05-09
19725,757,282,Wishlist,2026-06-04
19726,2851,780,Search,2026-06-09
19727,2796,219,Wishlist,2026-04-19
19728,965,973,Purchase,2026-02-28
19729,2993,241,Purchase,2025-11-25
19730,1620,110,Purchase,2026-03-18
19731,805,689,Purchase,2026-06-01
19732,510,619,View,2025-04-15
19733,792,112,AddToCart,2025-05-07
19734,1127,99,Search,2025-02-01
19735,1109,931,Purchase,2025-06-15
19736,200,189,Purchase,2025-02-28
19737,1424,120,Search,2025-05-13
19738,2253,960,Wishlist,2025-10-18
19739,84,262,Purchase,2026-04-03
19740,983,620,Search,2025-06-21
19741,1977,517,View,2025-04-13
19742,2334,721,AddToCart,2025-02-08
19743,173,599,Wishlist,2025-02-24
19744,866,559,Search,2026-04-29
19745,181,516,AddToCart,2026-05-05
19746,212,323,Purchase,2026-05-01
19747,2458,447,Search,2025-04-27
19748,1610,722,Search,2026-06-17
19749,2245,225,Wishlist,2025-09-04
19750,2984,531,AddToCart,2026-04-24
19751,938,201,Purchase,2026-05-17
19752,648,148,View,2026-01-03
19753,614,71,Wishlist,2025-10-18
19754,470,92,Search,2026-04-08
19755,1901,991,AddToCart,2026-06-06
19756,2126,101,View,2025-10-15
19757,904,803,View,2026-01-20
19758,2389,394,Wishlist,2026-01-21
19759,1863,898,AddToCart,2025-08-23
19760,1227,309,AddToCart,2025-11-02
19761,2115,728,Wishlist,2026-04-18
19762,1846,404,AddToCart,2025-05-23
19763,2884,319,Purchase,2025-05-30
19764,1561,888,View,2025-10-09
19765,886,994,Wishlist,2026-05-15
19766,884,985,View,2026-06-29
19767,440,396,Purchase,2025-09-29
19768,2114,866,Search,2025-09-03
19769,2815,769,Wishlist,2026-05-21
19770,943,85,View,2025-09-22
19771,998,476,Search,2025-03-29
19772,1853,938,Wishlist,2025-04-30
19773,834,217,AddToCart,2026-03-07
19774,1448,961,Wishlist,2026-04-20
19775,2262,501,AddToCart,2026-04-18
19776,66,779,Wishlist,2025-07-02
19777,612,163,Search,2026-04-02
19778,1222,136,AddToCart,2026-03-21
19779,675,65,AddToCart,2026-02-10
19780,1742,97,AddToCart,2025-10-18
19781,224,933,Search,2025-07-24
19782,1479,570,Wishlist,2025-08-07
19783,321,206,View,2025-04-18
19784,1195,306,Purchase,2025-05-13
19785,663,861,Search,2025-09-27
19786,2500,918,Wishlist,2025-10-23
19787,348,571,AddToCart,2026-03-18
19788,1996,872,Wishlist,2025-09-09
19789,2007,706,AddToCart,2025-03-17
19790,1886,279,AddToCart,2025-06-27
19791,1597,219,AddToCart,2025-07-21
19792,305,949,AddToCart,2026-05-09
19793,2880,256,AddToCart,2026-01-01
19794,2804,639,Wishlist,2026-03-23
19795,2351,208,Wishlist,2025-11-01
19796,589,895,Purchase,2026-03-16
19797,1373,812,Purchase,2025-12-31
19798,2634,366,Purchase,2026-01-20
19799,1127,645,Search,2025-08-25
19800,1543,635,Wishlist,2025-08-19
19801,743,72,Search,2025-06-05
19802,2533,717,View,2025-05-24
19803,535,682,Wishlist,2026-04-27
19804,2038,523,AddToCart,2025-05-27
19805,337,202,View,2025-07-21
19806,1652,867,View,2025-05-11
19807,2608,609,View,2026-06-08
19808,132,416,Wishlist,2025-12-03
19809,2762,269,Purchase,2025-12-07
19810,2255,432,AddToCart,2026-02-03
19811,1746,358,View,2025-11-15
19812,2365,609,AddToCart,2025-03-10
19813,1115,437,View,2025-01-18
19814,1478,656,Search,2026-06-29
19815,217,317,AddToCart,2025-10-28
19816,1214,319,AddToCart,2026-05-17
19817,1839,495,AddToCart,2026-01-25
19818,860,45,AddToCart,2026-02-11
19819,2097,73,Wishlist,2025-07-18
19820,773,783,View,2026-01-11
19821,1344,223,Wishlist,2025-10-20
19822,1435,463,Search,2026-05-23
19823,2146,590,AddToCart,2025-09-20
19824,952,624,Purchase,2025-12-24
19825,577,426,View,2026-03-25
19826,176,497,View,2025-10-18
19827,1989,202,Wishlist,2025-10-23
19828,1999,546,Search,2025-08-05
19829,240,720,Wishlist,2026-07-01
19830,1575,879,Purchase,2026-01-21
19831,590,522,View,2026-05-24
19832,1487,850,Search,2025-09-11
19833,443,558,Purchase,2025-03-29
19834,790,160,Wishlist,2025-07-19
19835,1851,344,View,2025-12-01
19836,1734,87,AddToCart,2025-10-30
19837,1788,432,Wishlist,2026-06-08
19838,1400,561,Purchase,2025-07-12
19839,538,675,AddToCart,2025-05-14
19840,2649,441,Wishlist,2025-11-01
19841,1063,777,Wishlist,2025-02-11
19842,313,627,View,2025-10-17
19843,1951,3,Search,2025-08-24
19844,1884,331,View,2025-03-24
19845,2665,668,View,2025-02-02
19846,131,709,View,2025-12-05
19847,1961,541,Search,2026-03-12
19848,1047,854,Wishlist,2026-03-12
19849,2704,64,Purchase,2025-01-13
19850,1723,160,Wishlist,2025-05-13
19851,1016,590,Purchase,2025-12-07
19852,1305,9,Purchase,2025-10-02
19853,2538,274,View,2025-11-09
19854,2163,207,AddToCart,2025-01-14
19855,1206,820,View,2025-07-08
19856,2256,346,Search,2026-02-10
19857,2968,817,AddToCart,2025-03-16
19858,2495,470,AddToCart,2026-02-17
19859,1036,983,View,2025-09-11
19860,2444,1000,Search,2026-02-06
19861,1223,908,Wishlist,2025-04-14
19862,207,256,Purchase,2025-11-20
19863,2713,691,AddToCart,2025-06-21
19864,2203,816,View,2025-10-04
19865,2632,574,AddToCart,2025-02-28
19866,2915,478,Purchase,2026-07-04
19867,1513,462,Purchase,2026-01-08
19868,2687,344,View,2025-06-10
19869,1711,105,Search,2026-01-18
19870,1068,193,Search,2025-03-28
19871,2118,469,Purchase,2026-02-15
19872,1804,972,Wishlist,2025-06-09
19873,2867,188,View,2025-07-13
19874,395,161,Wishlist,2025-10-25
19875,2123,472,Search,2025-08-16
19876,2445,769,Purchase,2025-12-07
19877,1959,341,Purchase,2025-07-08
19878,775,115,Wishlist,2025-05-03
19879,1236,183,Search,2025-10-04
19880,2142,202,Wishlist,2025-01-08
19881,2240,932,Wishlist,2025-11-18
19882,146,632,Search,2025-01-12
19883,1095,356,AddToCart,2025-02-28
19884,816,48,Wishlist,2025-04-17
19885,842,878,Search,2025-08-26
19886,227,607,View,2025-03-16
19887,2803,91,Search,2026-05-30
19888,1648,892,Purchase,2025-12-19
19889,748,7,Wishlist,2025-06-27
19890,857,638,Search,2026-02-01
19891,2715,376,Purchase,2025-04-30
19892,2886,450,AddToCart,2026-02-08
19893,1502,674,View,2025-05-26
19894,2580,827,Search,2025-03-27
19895,2980,430,Wishlist,2025-08-01
19896,439,775,Wishlist,2025-03-04
19897,404,911,View,2026-03-11
19898,2305,291,Search,2025-03-01
19899,441,426,View,2026-06-30
19900,787,971,Search,2025-05-27
19901,1328,275,View,2025-03-20
19902,1227,236,View,2026-03-02
19903,2756,696,Purchase,2025-01-22
19904,113,383,AddToCart,2026-03-15
19905,1431,6,Wishlist,2025-05-08
19906,912,591,Search,2025-12-17
19907,2931,920,Purchase,2026-06-21
19908,2369,703,Search,2025-08-30
19909,1092,323,View,2025-04-01
19910,442,914,Purchase,2025-06-06
19911,542,466,View,2026-06-04
19912,58,70,Wishlist,2026-03-05
19913,1345,847,Purchase,2026-07-03
19914,629,138,AddToCart,2026-02-13
19915,721,870,AddToCart,2025-08-30
19916,2138,286,Purchase,2026-05-19
19917,1362,336,View,2026-03-06
19918,1548,917,Purchase,2025-05-20
19919,1630,110,Search,2025-09-16
19920,1030,535,Search,2025-04-17
19921,1864,185,View,2025-05-31
19922,1512,552,Search,2025-10-29
19923,730,861,AddToCart,2026-05-26
19924,1832,363,AddToCart,2026-04-09
19925,2211,688,Purchase,2026-03-24
19926,321,359,AddToCart,2025-11-18
19927,2693,809,AddToCart,2025-12-27
19928,2036,504,Purchase,2025-02-10
19929,2099,420,Purchase,2025-08-27
19930,1076,771,Wishlist,2025-11-30
19931,2951,689,Wishlist,2025-11-30
19932,2321,978,Search,2026-06-08
19933,1797,22,Wishlist,2025-04-29
19934,608,950,Search,2025-12-22
19935,72,954,Wishlist,2025-05-16
19936,1124,55,Purchase,2026-03-13
19937,1190,561,Wishlist,2025-07-26
19938,474,594,View,2025-01-15
19939,1325,584,Purchase,2026-05-14
19940,2359,912,Purchase,2025-06-23
19941,1170,641,AddToCart,2025-02-23
19942,365,677,AddToCart,2025-05-02
19943,1570,126,Purchase,2025-11-20
19944,2363,502,Search,2025-11-08
19945,880,629,Purchase,2025-08-23
19946,2405,776,View,2026-01-09
19947,1457,210,Search,2026-06-18
19948,2123,364,View,2025-09-07
19949,250,455,AddToCart,2026-03-07
19950,1879,876,View,2026-03-13
19951,1005,386,Search,2025-03-21
19952,2144,34,Purchase,2026-02-04
19953,2383,637,Search,2025-05-18
19954,1273,404,Purchase,2026-03-30
19955,1278,724,Purchase,2025-03-27
19956,2805,944,Purchase,2025-03-30
19957,304,793,AddToCart,2026-01-19
19958,697,684,Search,2026-01-02
19959,1751,762,Search,2026-01-27
19960,2022,408,Search,2026-05-20
19961,252,412,Search,2025-11-27
19962,2017,598,AddToCart,2025-10-20
19963,912,40,Search,2026-04-06
19964,1035,342,View,2025-05-26
19965,1083,222,View,2025-07-09
19966,1154,321,AddToCart,2025-01-25
19967,684,277,Wishlist,2026-05-16
19968,527,886,Search,2025-07-18
19969,453,995,Purchase,2026-01-27
19970,1237,349,Purchase,2025-10-01
19971,2594,341,Purchase,2025-09-02
19972,2791,965,Search,2025-09-02
19973,907,485,Wishlist,2026-04-17
19974,2973,43,Search,2025-11-19
19975,2833,570,View,2026-03-28
19976,1177,338,AddToCart,2025-07-05
19977,1024,770,View,2025-08-26
19978,1868,748,AddToCart,2025-01-08
19979,600,90,View,2025-12-31
19980,1498,815,View,2025-04-15
19981,1521,426,Purchase,2025-08-08
19982,2108,49,View,2026-01-18
19983,2990,9,Wishlist,2026-04-11
19984,134,210,Purchase,2025-09-13
19985,1030,747,View,2025-12-07
19986,525,337,AddToCart,2025-10-18
19987,527,393,View,2025-01-21
19988,124,804,Purchase,2026-05-29
19989,2383,146,View,2025-02-17
19990,2705,274,AddToCart,2025-01-16
19991,1349,857,View,2026-05-14
19992,431,885,Wishlist,2026-05-25
19993,185,276,Purchase,2025-02-27
19994,1866,203,Purchase,2025-01-02
19995,783,125,AddToCart,2026-01-20
19996,2718,179,Purchase,2025-04-04
19997,796,663,Purchase,2025-08-17
19998,1734,228,Wishlist,2026-04-16
19999,2648,823,Wishlist,2026-06-03
20000,338,55,Purchase,2025-08-26
