OrderItemID,OrderID,ProductID,Quantity,UnitPrice
1,1,146,2,19897
2,1,527,2,4894
3,1,965,1,11566
4,2,239,2,2055
5,2,83,1,8271
6,2,881,2,15865
7,3,621,2,15970
8,3,966,2,6132
9,3,951,2,19272
10,4,478,1,17953
11,4,233,1,20917
12,5,414,1,1471
13,5,949,1,9202
14,5,183,1,10362
15,6,586,2,2314
16,6,599,1,7140
17,6,618,2,18110
18,7,132,1,10065
19,8,789,2,3659
20,8,872,2,9860
21,8,206,1,24583
22,9,592,1,18268
23,10,365,2,23481
24,10,487,1,7819
25,10,85,2,22531
26,11,34,1,11909
27,11,87,1,1009
28,11,190,1,24851
29,12,775,1,17020
30,13,559,2,10117
31,13,202,1,4314
32,13,206,1,6246
33,14,597,2,22617
34,14,354,2,9187
35,15,370,2,2129
36,15,280,2,3071
37,15,55,2,10481
38,16,752,2,1287
39,17,496,1,4945
40,18,160,1,5953
41,19,958,1,21658
42,19,234,2,10298
43,19,664,1,4203
44,20,533,2,8150
45,20,289,1,19420
46,21,974,1,18341
47,21,398,1,9400
48,22,390,2,933
49,22,300,2,10738
50,23,350,1,17050
51,24,264,1,16342
52,24,639,2,22521
53,25,199,2,23538
54,25,292,1,21317
55,26,254,2,15839
56,27,519,2,9398
57,28,533,1,21416
58,28,544,2,5815
59,29,452,2,21857
60,29,478,2,11620
61,30,305,2,6591
62,30,473,2,7101
63,31,884,2,23765
64,32,359,2,3906
65,32,165,2,9700
66,33,511,2,4417
67,33,363,1,22821
68,33,124,2,16795
69,34,561,2,10346
70,34,494,1,9879
71,35,521,2,20536
72,36,751,2,12978
73,36,155,1,10822
74,37,969,1,5664
75,37,592,2,21609
76,38,433,2,9885
77,38,161,2,21235
78,39,767,2,6677
79,40,473,2,22676
80,41,570,2,8520
81,42,201,1,18042
82,43,3,1,7120
83,43,625,2,9425
84,43,421,1,14981
85,44,110,1,9132
86,44,592,2,12088
87,44,968,2,21249
88,45,960,1,18755
89,45,968,2,14703
90,45,402,1,12987
91,46,685,2,2460
92,47,162,1,2465
93,47,570,1,8099
94,48,928,1,24219
95,49,594,2,5353
96,49,401,1,18705
97,49,579,1,18090
98,50,820,1,24377
99,51,805,1,24586
100,51,451,1,16092
101,52,352,1,18754
102,52,621,1,12734
103,52,508,1,6732
104,53,14,2,22011
105,53,365,2,21926
106,53,449,1,6905
107,54,913,2,21297
108,54,568,1,17541
109,54,490,1,21898
110,55,972,1,11197
111,55,662,2,21563
112,55,391,2,11631
113,56,370,2,20040
114,57,256,1,19132
115,58,165,2,19308
116,58,22,2,5368
117,59,499,1,2473
118,59,654,2,23332
119,59,567,1,2434
120,60,486,1,4757
121,61,657,1,12046
122,62,701,2,23613
123,63,314,2,7083
124,64,566,1,6613
125,64,798,1,24962
126,65,726,1,19774
127,65,29,1,21539
128,65,22,1,2886
129,66,390,1,18694
130,66,634,1,22502
131,66,398,1,10484
132,67,790,2,13370
133,68,34,2,18433
134,68,608,1,5312
135,69,532,1,7589
136,70,37,2,24148
137,70,152,1,21939
138,71,281,1,9362
139,71,225,2,11516
140,72,75,1,24879
141,72,456,1,24958
142,73,703,2,24725
143,73,151,1,1639
144,73,170,1,10452
145,74,487,2,22277
146,74,17,2,14918
147,75,117,2,5219
148,75,132,1,20806
149,76,377,1,21912
150,76,287,2,16757
151,77,681,2,19384
152,77,552,2,18898
153,77,292,1,10879
154,78,649,2,2219
155,78,437,1,10819
156,78,854,1,6612
157,79,383,2,7538
158,79,19,1,12431
159,79,180,2,2234
160,80,344,2,21500
161,80,732,2,16710
162,81,611,2,9233
163,81,161,2,14462
164,82,330,2,16896
165,82,408,1,2255
166,82,754,2,16305
167,83,217,2,9935
168,83,65,2,15392
169,84,653,2,1819
170,84,992,2,3681
171,85,137,1,6507
172,85,531,2,17886
173,85,509,1,16540
174,86,974,1,1536
175,86,589,2,16522
176,87,10,2,17996
177,88,588,1,21589
178,88,766,1,12140
179,89,306,1,17533
180,90,247,2,20074
181,90,434,1,21916
182,90,928,1,21652
183,91,99,1,8157
184,91,922,2,16513
185,92,254,2,4186
186,93,834,1,9748
187,93,526,1,3694
188,93,691,1,24198
189,94,634,1,10286
190,95,733,2,16630
191,95,42,1,17718
192,96,728,1,16813
193,96,282,1,5550
194,96,199,2,8261
195,97,320,2,19119
196,97,22,1,23638
197,97,337,1,17079
198,98,151,2,21591
199,99,324,1,13576
200,100,660,2,5545
201,100,440,1,16466
202,101,413,2,19575
203,101,672,1,6900
204,101,320,2,23437
205,102,817,1,10807
206,102,239,1,6925
207,103,734,2,15142
208,103,921,2,22134
209,104,255,2,17505
210,105,105,2,23726
211,106,621,2,8243
212,106,862,2,9592
213,107,736,1,22991
214,107,870,2,24043
215,107,890,1,11235
216,108,709,2,5433
217,108,500,1,3229
218,108,107,2,9308
219,109,527,2,1135
220,110,376,1,11957
221,110,8,1,21907
222,111,675,2,1755
223,112,134,2,5208
224,112,80,1,23393
225,112,669,1,10153
226,113,501,2,13298
227,113,582,1,17819
228,113,817,1,1312
229,114,776,1,14565
230,114,700,2,13916
231,115,625,1,18139
232,115,225,1,20000
233,116,848,1,22738
234,117,99,1,4643
235,118,356,1,16462
236,118,268,1,20691
237,119,693,1,19593
238,119,827,2,14342
239,119,894,2,1943
240,120,706,1,6871
241,120,322,2,18020
242,120,756,1,11057
243,121,710,2,3548
244,122,702,2,14176
245,122,141,2,13246
246,122,91,2,21205
247,123,919,1,14366
248,124,872,2,4150
249,124,787,1,4941
250,124,306,1,2641
251,125,282,2,7479
252,126,934,2,13442
253,126,880,1,21462
254,126,466,2,7446
255,127,620,1,14427
256,128,26,1,24073
257,129,634,1,6425
258,130,316,1,3988
259,131,918,1,10339
260,132,2,1,18838
261,133,402,1,18807
262,133,464,1,7426
263,133,443,2,22726
264,134,289,2,18443
265,135,9,2,5717
266,135,360,1,11856
267,135,465,2,19293
268,136,955,1,16588
269,137,963,2,13585
270,137,213,1,4472
271,137,67,2,11096
272,138,207,2,1534
273,139,961,1,19574
274,140,7,2,24661
275,140,419,1,19485
276,140,543,2,23353
277,141,99,2,15239
278,141,987,2,8920
279,141,644,2,23158
280,142,591,2,22966
281,142,356,1,19139
282,143,571,1,12422
283,144,481,1,5750
284,144,40,1,18279
285,145,57,1,12127
286,146,79,1,20656
287,146,585,1,1431
288,147,571,1,2436
289,147,318,1,6159
290,147,59,2,12912
291,148,243,2,938
292,148,187,2,7330
293,149,582,1,10736
294,149,14,2,3961
295,149,75,1,9857
296,150,729,2,14749
297,150,283,1,3345
298,150,322,1,11493
299,151,553,1,12743
300,151,450,1,3711
301,152,302,2,11062
302,152,185,2,6120
303,153,580,2,5491
304,154,522,1,15533
305,154,576,1,19915
306,155,382,2,18389
307,155,907,2,6159
308,156,740,2,7056
309,156,816,1,3379
310,156,496,2,2625
311,157,543,1,5559
312,157,974,1,24600
313,157,944,1,8618
314,158,266,2,14453
315,158,763,2,18996
316,159,933,1,16883
317,159,101,2,2540
318,160,857,1,17114
319,160,52,2,1259
320,160,893,1,21021
321,161,205,2,7350
322,161,601,2,5456
323,161,347,1,24132
324,162,754,2,2469
325,162,978,2,13823
326,162,378,1,3503
327,163,408,1,4347
328,164,854,1,10563
329,165,943,2,1301
330,165,544,2,10571
331,166,788,2,9932
332,166,180,2,3798
333,166,716,2,20447
334,167,554,2,20077
335,167,406,1,18611
336,167,805,1,9536
337,168,694,2,16655
338,168,45,2,13068
339,169,367,1,17826
340,170,729,1,4977
341,170,162,2,12737
342,171,622,2,23732
343,171,792,1,6219
344,171,501,2,12098
345,172,146,2,22288
346,172,89,1,13993
347,172,876,1,1457
348,173,890,1,10458
349,173,478,2,12582
350,173,678,2,23605
351,174,48,1,24176
352,174,848,1,16398
353,174,226,2,7142
354,175,884,1,14162
355,175,873,1,8641
356,176,149,1,24201
357,177,681,1,2932
358,177,459,2,19943
359,178,355,1,16562
360,178,501,1,12430
361,178,400,1,12355
362,179,653,2,11175
363,179,915,1,15542
364,180,371,2,11442
365,180,407,1,8480
366,180,734,1,14476
367,181,686,2,17772
368,181,535,2,17068
369,181,477,2,7272
370,182,808,2,14244
371,182,342,1,11588
372,182,357,2,8628
373,183,280,2,21374
374,183,902,2,20545
375,183,99,2,6681
376,184,436,2,11587
377,185,356,2,16507
378,185,363,2,2805
379,186,883,2,11444
380,187,741,2,2108
381,188,684,2,4219
382,188,429,2,19552
383,189,427,1,2230
384,189,835,2,13590
385,189,110,2,24141
386,190,787,1,891
387,190,453,2,1477
388,190,558,2,3081
389,191,162,2,22867
390,191,910,1,5686
391,192,727,1,1335
392,192,565,1,21935
393,193,215,1,5059
394,193,652,1,20125
395,193,67,2,831
396,194,889,2,6289
397,195,432,2,18206
398,195,670,2,1742
399,196,461,2,17746
400,196,261,1,11031
401,196,512,2,19015
402,197,924,1,23450
403,197,328,1,21270
404,197,918,2,15524
405,198,517,1,11031
406,198,675,1,22870
407,198,511,2,24726
408,199,973,1,2771
409,199,209,2,5743
410,200,780,2,19562
411,200,400,2,10119
412,201,825,1,16718
413,201,19,2,3456
414,202,195,1,5793
415,203,834,1,1095
416,203,72,2,2157
417,203,628,2,6505
418,204,424,2,7552
419,204,825,1,8017
420,204,654,1,5558
421,205,573,2,4939
422,205,253,2,14022
423,206,306,1,4215
424,206,77,1,5358
425,207,74,1,17555
426,207,617,1,12113
427,208,924,1,1597
428,208,231,2,4692
429,208,189,2,12769
430,209,209,2,17381
431,209,687,1,10580
432,210,778,1,4453
433,211,54,1,11964
434,212,180,1,12982
435,212,556,1,6967
436,213,501,2,3633
437,214,387,1,19772
438,214,957,2,3224
439,214,134,2,1512
440,215,143,1,14561
441,215,841,1,10254
442,216,641,2,14123
443,217,293,1,13789
444,217,178,1,1596
445,218,136,1,4229
446,218,567,2,18552
447,218,107,1,22823
448,219,103,1,24284
449,219,299,1,1644
450,219,652,1,9927
451,220,441,2,8901
452,221,727,1,1032
453,221,938,2,17261
454,222,207,2,24208
455,222,299,2,24105
456,223,968,2,23728
457,224,683,1,3013
458,224,923,2,22430
459,224,743,1,14432
460,225,932,1,6308
461,225,140,1,19757
462,226,961,2,23490
463,226,510,2,6919
464,226,205,1,7188
465,227,995,1,5059
466,228,138,1,23411
467,228,595,1,5506
468,228,82,2,10717
469,229,947,1,6264
470,230,931,1,23427
471,230,18,2,12462
472,230,940,2,12308
473,231,562,1,22422
474,232,214,1,21997
475,233,416,2,17789
476,233,975,1,7249
477,233,670,2,4613
478,234,987,1,2958
479,235,139,1,18617
480,235,102,1,17342
481,236,404,1,9685
482,237,242,2,8473
483,238,986,2,6496
484,239,933,1,20631
485,239,88,1,21012
486,239,606,1,22533
487,240,215,1,8148
488,240,447,2,19085
489,241,94,2,15071
490,242,845,2,18247
491,243,461,2,21013
492,243,320,1,2243
493,244,665,2,9532
494,244,589,1,13893
495,245,902,1,17437
496,245,863,2,17512
497,245,31,1,7294
498,246,131,1,9834
499,246,58,2,6010
500,246,106,1,21521
501,247,214,1,9356
502,247,926,1,3636
503,248,314,2,6347
504,249,301,2,6770
505,249,69,2,16717
506,249,745,1,20889
507,250,882,1,1456
508,251,299,1,6367
509,251,59,2,19766
510,252,209,2,5393
511,253,74,2,18822
512,253,633,2,15404
513,254,539,1,8689
514,254,4,2,4848
515,254,881,1,9930
516,255,499,2,10368
517,255,97,2,8447
518,255,650,1,11439
519,256,274,2,5684
520,256,708,1,23078
521,256,663,2,16556
522,257,917,2,23750
523,257,399,1,4962
524,257,236,2,19250
525,258,919,1,23308
526,258,75,1,18818
527,258,991,1,23948
528,259,725,1,12477
529,259,162,1,12524
530,260,326,1,21681
531,260,793,2,24146
532,260,298,2,17901
533,261,685,2,17005
534,261,347,1,5521
535,261,593,2,15308
536,262,105,2,23909
537,262,649,2,9331
538,263,9,1,21421
539,263,158,1,21935
540,264,227,2,5069
541,264,309,2,1132
542,265,286,1,4464
543,265,57,1,2123
544,265,118,2,18119
545,266,157,1,21800
546,266,260,1,24945
547,266,1,1,23840
548,267,95,1,5196
549,267,731,2,12590
550,267,458,2,8782
551,268,278,1,9855
552,268,757,1,4263
553,269,971,2,3357
554,270,874,2,1016
555,270,90,2,20518
556,270,40,2,7684
557,271,818,2,7074
558,271,88,1,13959
559,271,454,2,19941
560,272,95,1,6334
561,273,964,1,16064
562,273,145,2,17212
563,273,348,2,23272
564,274,453,2,3568
565,275,928,2,20245
566,275,434,1,24998
567,276,861,2,9230
568,276,105,1,21186
569,277,768,2,17749
570,277,110,1,5834
571,278,832,1,23628
572,279,340,2,5010
573,280,352,2,15512
574,281,738,1,2144
575,281,232,2,20407
576,282,913,1,13192
577,282,612,2,18764
578,282,552,1,18237
579,283,634,1,2752
580,283,546,1,20505
581,284,830,2,13396
582,284,425,2,20745
583,285,522,2,3470
584,285,84,1,4924
585,285,314,1,1319
586,286,237,2,5750
587,286,396,1,22965
588,287,460,1,13081
589,287,73,2,5430
590,287,523,2,14850
591,288,321,2,24091
592,288,756,2,13261
593,289,830,1,20265
594,289,204,1,10549
595,290,289,1,12013
596,291,243,1,11468
597,292,761,2,2825
598,293,317,2,23867
599,294,440,2,17132
600,294,720,2,20778
601,295,564,2,21064
602,295,374,1,22358
603,296,822,1,7378
604,297,799,2,10862
605,297,429,2,22736
606,297,882,2,7525
607,298,906,1,20242
608,298,707,1,13140
609,298,663,2,1329
610,299,365,2,8559
611,299,825,1,15248
612,299,225,1,14286
613,300,420,1,15854
614,300,808,2,16936
615,301,864,2,9891
616,301,322,2,22364
617,302,224,2,1459
618,302,161,2,20346
619,302,41,2,2232
620,303,479,2,2832
621,304,816,1,20770
622,305,571,2,17555
623,306,491,1,2414
624,306,333,1,3850
625,307,355,1,6844
626,307,807,2,14820
627,308,645,2,21745
628,309,81,2,6799
629,310,438,1,11571
630,310,989,2,18141
631,311,68,1,1767
632,312,546,2,5035
633,312,362,2,9022
634,312,73,1,1768
635,313,89,1,7854
636,313,506,2,23405
637,314,979,2,21775
638,314,408,1,9335
639,314,425,1,4642
640,315,558,1,16272
641,315,698,2,7596
642,316,571,1,8041
643,316,887,2,14786
644,317,885,2,8893
645,317,147,1,17792
646,317,819,1,21306
647,318,222,2,19407
648,318,338,2,827
649,319,314,1,15121
650,319,602,1,14557
651,320,803,2,6445
652,320,614,2,24044
653,320,373,2,18285
654,321,837,1,15340
655,322,193,1,18194
656,322,326,2,3728
657,322,792,1,9362
658,323,759,2,6465
659,324,220,1,18714
660,325,535,1,21154
661,326,506,1,24059
662,326,661,2,6752
663,326,74,2,2159
664,327,821,1,14613
665,327,921,1,18157
666,327,974,1,4945
667,328,636,1,22930
668,329,184,2,11657
669,330,180,1,3809
670,330,539,1,3924
671,330,945,1,14245
672,331,477,2,19442
673,332,109,1,15925
674,332,267,2,15217
675,333,118,2,17186
676,334,700,2,23657
677,334,721,2,18808
678,335,782,2,13073
679,335,726,2,17556
680,336,144,2,9058
681,336,751,2,23135
682,337,540,1,9196
683,337,886,1,3339
684,338,68,1,16486
685,338,30,1,12910
686,338,390,2,14335
687,339,713,1,15640
688,340,909,2,13047
689,340,314,2,7638
690,341,818,2,16853
691,342,473,2,4699
692,343,78,1,17292
693,344,339,2,20356
694,344,750,1,13781
695,344,51,2,15766
696,345,98,2,5407
697,346,254,1,12310
698,346,805,2,2873
699,347,403,2,21103
700,348,984,2,6390
701,349,501,1,17656
702,350,269,1,21098
703,350,737,2,1400
704,350,785,1,2141
705,351,743,1,1501
706,351,96,1,8996
707,351,510,2,4104
708,352,187,1,2359
709,353,671,1,21376
710,353,198,1,14580
711,353,98,1,4015
712,354,312,2,12493
713,354,877,1,23800
714,355,182,1,18183
715,355,397,2,7044
716,355,790,1,22618
717,356,960,1,19509
718,356,764,1,7318
719,356,762,2,8775
720,357,491,1,3544
721,358,552,2,22277
722,358,152,2,5321
723,359,541,1,4783
724,359,123,2,13082
725,359,939,1,3797
726,360,366,1,7480
727,360,356,1,10488
728,360,880,2,14913
729,361,254,2,24386
730,361,201,2,4374
731,362,640,1,3141
732,362,333,1,19941
733,362,874,1,11360
734,363,179,2,2481
735,364,597,1,19989
736,364,947,2,22060
737,365,933,2,5281
738,365,281,2,19301
739,366,561,2,21897
740,366,399,1,15130
741,366,899,2,14052
742,367,873,1,21941
743,367,512,2,4640
744,368,967,2,23293
745,369,614,1,22795
746,369,119,1,9054
747,369,760,2,1252
748,370,13,1,5739
749,370,608,2,13119
750,370,864,2,8947
751,371,210,2,23837
752,371,147,2,3589
753,371,812,1,15991
754,372,900,1,22449
755,373,811,2,21114
756,373,813,1,9259
757,373,93,2,7278
758,374,462,1,11050
759,374,559,1,15614
760,375,641,2,21616
761,375,813,1,7512
762,376,102,2,1873
763,376,891,1,23260
764,377,633,1,18505
765,377,486,2,20834
766,378,537,2,13081
767,378,379,1,825
768,379,197,2,19985
769,379,90,2,16000
770,379,939,1,23115
771,380,506,1,1451
772,381,9,1,17837
773,381,239,1,7426
774,381,115,2,13870
775,382,559,2,1804
776,382,196,1,11121
777,382,13,2,13039
778,383,280,2,2405
779,383,462,1,8557
780,384,701,1,19768
781,384,137,2,15550
782,385,977,2,13249
783,386,268,2,22986
784,387,593,1,10203
785,387,9,1,9624
786,388,149,2,11985
787,388,39,1,19597
788,389,245,1,9093
789,389,119,1,11243
790,389,582,2,2533
791,390,678,1,4499
792,390,559,1,8521
793,390,833,2,5505
794,391,546,2,23053
795,392,903,2,4312
796,392,486,2,2752
797,393,656,1,6764
798,393,280,2,18049
799,393,397,1,2199
800,394,642,1,6492
801,394,53,1,12207
802,395,802,2,12353
803,396,871,1,24529
804,396,942,2,11152
805,396,999,1,24768
806,397,200,1,5443
807,397,1,2,17749
808,397,867,1,20841
809,398,952,2,23843
810,398,420,1,11635
811,398,990,1,1933
812,399,464,2,2776
813,400,878,1,14386
814,400,599,1,11360
815,400,564,1,9572
816,401,182,1,19062
817,401,914,1,17645
818,402,392,1,14021
819,402,653,2,22306
820,402,95,1,17681
821,403,380,1,16694
822,404,844,2,1519
823,405,981,1,5278
824,405,998,1,13002
825,405,514,2,3108
826,406,128,1,17929
827,406,257,1,24681
828,406,453,1,15690
829,407,462,2,20147
830,407,187,2,24619
831,408,658,2,17008
832,408,227,1,10562
833,408,233,2,5978
834,409,787,1,3027
835,409,118,2,10356
836,409,399,1,6549
837,410,585,2,15590
838,410,43,1,10087
839,411,477,1,16258
840,411,990,2,22599
841,411,937,2,16178
842,412,147,2,19936
843,412,772,1,13934
844,412,440,2,10533
845,413,518,1,6925
846,413,625,2,10002
847,414,35,1,4049
848,415,586,2,12239
849,415,768,1,11806
850,416,597,1,12662
851,416,847,2,4702
852,417,33,1,12774
853,418,632,1,23503
854,418,154,2,8237
855,418,146,2,4929
856,419,521,1,3153
857,420,827,2,12544
858,420,168,1,3474
859,421,978,2,15432
860,421,124,2,13004
861,421,443,2,9506
862,422,896,2,11069
863,423,684,1,5109
864,424,423,1,21310
865,425,875,2,15974
866,426,429,1,14197
867,426,792,2,23989
868,426,139,2,22925
869,427,536,2,15891
870,427,103,1,10452
871,428,229,2,20627
872,428,209,1,21026
873,429,593,1,22536
874,429,280,2,19213
875,429,635,2,4248
876,430,163,1,16946
877,431,521,1,14724
878,431,830,2,11704
879,431,521,1,22853
880,432,682,2,8387
881,432,654,2,6293
882,432,418,2,17107
883,433,84,1,988
884,433,500,2,19851
885,433,951,2,9925
886,434,800,2,881
887,434,777,1,1039
888,435,424,1,7180
889,435,424,2,9048
890,435,409,2,8691
891,436,998,1,15377
892,436,260,2,1378
893,436,47,2,22357
894,437,308,2,8744
895,437,345,2,22836
896,438,513,1,22796
897,439,357,1,12242
898,439,803,2,17152
899,440,349,1,15793
900,440,142,2,1544
901,440,663,2,12937
902,441,836,2,22222
903,441,710,2,22788
904,442,8,2,2177
905,442,161,1,2296
906,443,511,1,6235
907,444,493,1,9714
908,444,612,1,13770
909,445,918,2,1013
910,445,400,1,2509
911,445,101,1,24844
912,446,451,1,5659
913,446,626,1,18931
914,447,427,1,4729
915,448,573,1,21887
916,448,825,2,21142
917,448,344,2,20538
918,449,226,1,11365
919,450,197,1,18231
920,450,590,1,9932
921,451,900,1,10977
922,451,329,2,2180
923,451,508,2,11211
924,452,604,2,14029
925,452,548,2,4522
926,453,159,2,10884
927,453,796,2,21703
928,454,320,1,13324
929,455,623,2,17327
930,455,279,1,3072
931,456,217,1,8971
932,456,214,2,21945
933,457,55,2,13930
934,458,607,2,9065
935,459,661,1,1041
936,459,533,2,17214
937,460,870,1,13830
938,460,409,1,21549
939,460,597,1,23500
940,461,603,2,17636
941,462,812,2,6144
942,463,233,2,20526
943,463,640,1,11371
944,463,821,1,18463
945,464,913,1,24631
946,465,737,2,1817
947,465,805,2,19626
948,466,1000,1,10252
949,466,536,2,3589
950,466,905,1,7075
951,467,978,1,24857
952,468,738,2,16675
953,469,121,2,19340
954,470,892,1,20698
955,471,958,1,12350
956,471,727,2,16108
957,472,326,1,1137
958,472,604,2,12394
959,472,679,1,16138
960,473,175,1,2770
961,473,690,2,6206
962,473,360,2,1458
963,474,261,1,4306
964,475,643,1,10948
965,475,420,2,18495
966,476,650,1,9271
967,477,365,1,4682
968,477,247,2,20990
969,477,163,2,6108
970,478,503,1,16791
971,478,237,2,17813
972,478,219,2,20152
973,479,898,2,967
974,479,739,2,5624
975,479,185,1,14732
976,480,368,1,15855
977,480,617,1,19585
978,481,459,2,9026
979,481,432,2,3631
980,482,371,2,19016
981,482,210,2,5640
982,483,581,2,1679
983,483,2,1,12170
984,484,430,1,18362
985,484,783,2,9004
986,484,659,2,3188
987,485,69,2,22737
988,485,786,1,12004
989,485,508,2,3756
990,486,381,2,21053
991,486,521,1,23520
992,487,937,1,1077
993,487,399,1,8645
994,488,636,2,5701
995,488,730,2,18946
996,488,749,2,9085
997,489,541,1,9891
998,489,696,1,17700
999,489,505,2,12963
1000,490,131,2,14162
1001,490,977,1,22354
1002,490,589,2,16308
1003,491,550,1,14195
1004,492,42,2,13360
1005,492,210,2,6918
1006,492,55,2,3002
1007,493,103,1,3614
1008,494,944,1,9270
1009,494,384,2,10268
1010,494,1000,2,2816
1011,495,455,1,11523
1012,495,339,2,7828
1013,496,965,2,24677
1014,496,473,1,13306
1015,496,282,1,3014
1016,497,898,2,2005
1017,498,63,2,21096
1018,498,555,2,12629
1019,498,83,2,10987
1020,499,809,2,9445
1021,499,861,1,24085
1022,499,399,1,10041
1023,500,95,1,12704
1024,500,402,2,8842
1025,501,602,1,10166
1026,501,463,2,11846
1027,502,281,1,20557
1028,502,866,1,16752
1029,503,329,1,3252
1030,503,376,1,2281
1031,504,212,1,23406
1032,504,53,1,6564
1033,504,699,1,15504
1034,505,902,1,20430
1035,505,412,1,2001
1036,505,576,2,23864
1037,506,453,1,22537
1038,506,510,2,15385
1039,507,186,1,4122
1040,507,89,1,21920
1041,508,118,1,4670
1042,508,912,2,3630
1043,509,43,1,22985
1044,510,469,1,18555
1045,511,380,1,13416
1046,511,560,2,15739
1047,512,472,2,3072
1048,512,885,1,7905
1049,513,209,2,17533
1050,513,95,2,18895
1051,513,542,1,8155
1052,514,109,2,12976
1053,514,706,1,7349
1054,515,37,1,2734
1055,515,94,2,16726
1056,516,454,1,7245
1057,517,650,2,15264
1058,517,192,1,9644
1059,518,403,2,3148
1060,518,937,2,5946
1061,518,978,2,20351
1062,519,720,1,19982
1063,519,883,2,13866
1064,520,208,2,14911
1065,520,145,1,17837
1066,521,447,2,10817
1067,521,592,1,19661
1068,522,937,2,18804
1069,522,980,1,19264
1070,522,165,1,11905
1071,523,269,1,17609
1072,524,636,1,15037
1073,524,331,1,17519
1074,525,895,1,12691
1075,525,840,1,5687
1076,526,836,2,16108
1077,526,118,2,19445
1078,527,279,2,10738
1079,527,291,2,4260
1080,528,215,2,23228
1081,529,118,1,14036
1082,529,230,1,14288
1083,529,653,1,22335
1084,530,243,1,9282
1085,531,535,1,15749
1086,531,872,2,6666
1087,531,543,1,17041
1088,532,625,2,18866
1089,532,423,1,6855
1090,532,590,1,8573
1091,533,337,1,3292
1092,533,892,1,9076
1093,533,253,1,9759
1094,534,338,1,18439
1095,534,49,2,6148
1096,534,104,1,4954
1097,535,989,1,15143
1098,535,597,1,23155
1099,535,143,1,16469
1100,536,579,1,7441
1101,536,158,1,7947
1102,537,196,2,3808
1103,537,65,2,15893
1104,537,680,2,7672
1105,538,806,2,10814
1106,538,346,1,7605
1107,538,974,2,3483
1108,539,735,2,18009
1109,540,71,2,13915
1110,540,455,2,23425
1111,540,437,2,16874
1112,541,161,1,12703
1113,541,561,2,6677
1114,542,708,1,2309
1115,542,23,1,23516
1116,543,493,2,16269
1117,544,789,2,21151
1118,545,649,2,20457
1119,545,941,1,21577
1120,546,438,1,4725
1121,547,851,2,16553
1122,548,714,1,13916
1123,549,437,2,11959
1124,549,227,1,16042
1125,549,275,1,1514
1126,550,354,2,4484
1127,551,406,2,5159
1128,552,378,2,17150
1129,552,430,2,11951
1130,553,85,2,18978
1131,553,933,2,5669
1132,554,65,1,13574
1133,554,40,1,2652
1134,555,647,1,21303
1135,555,454,1,1972
1136,555,669,1,21306
1137,556,439,1,1972
1138,556,616,1,18912
1139,557,852,2,6437
1140,557,968,1,10698
1141,558,77,2,24125
1142,558,233,1,9839
1143,558,116,1,23563
1144,559,941,1,1655
1145,559,534,2,6039
1146,559,814,2,21065
1147,560,697,2,21153
1148,560,455,1,6549
1149,560,873,2,12784
1150,561,491,1,1970
1151,561,941,1,6609
1152,562,646,2,1540
1153,563,863,1,23505
1154,563,709,1,24760
1155,563,354,2,1127
1156,564,66,1,21273
1157,564,700,2,12825
1158,564,874,2,20257
1159,565,131,1,23608
1160,566,467,1,24628
1161,567,861,1,18544
1162,567,741,1,7982
1163,568,139,1,22480
1164,569,220,2,24474
1165,569,365,1,23561
1166,570,993,2,10136
1167,571,233,1,1342
1168,572,599,2,14245
1169,572,252,1,6687
1170,573,551,2,3339
1171,573,561,2,4189
1172,573,16,2,8134
1173,574,633,2,5721
1174,575,741,1,4330
1175,575,194,1,24175
1176,575,534,1,12399
1177,576,18,1,21885
1178,577,423,1,15449
1179,577,976,2,21578
1180,578,368,2,19887
1181,579,661,2,13493
1182,580,361,2,17744
1183,581,977,1,17200
1184,582,418,2,19888
1185,582,590,2,1960
1186,583,658,2,23058
1187,583,285,2,22742
1188,583,292,2,5199
1189,584,407,2,22357
1190,585,943,2,4985
1191,585,40,2,23204
1192,586,827,2,8665
1193,586,869,2,4292
1194,587,626,2,12689
1195,588,745,2,18831
1196,588,679,1,14661
1197,588,514,1,12167
1198,589,273,1,24376
1199,589,380,2,15936
1200,590,49,1,6241
1201,590,47,1,19268
1202,590,256,1,17984
1203,591,363,1,6502
1204,591,993,2,9509
1205,591,507,1,9782
1206,592,387,1,4663
1207,592,662,2,2060
1208,593,119,2,4720
1209,594,980,1,22267
1210,595,126,1,14409
1211,595,776,1,4279
1212,595,676,1,1265
1213,596,440,1,23115
1214,597,338,1,9789
1215,597,790,2,11366
1216,597,535,1,3197
1217,598,993,2,4705
1218,599,133,2,10253
1219,600,658,2,2481
1220,600,975,1,6116
1221,600,377,2,9700
1222,601,440,1,14384
1223,601,991,1,13149
1224,602,384,1,21006
1225,602,691,1,24905
1226,602,76,2,13187
1227,603,865,2,15868
1228,603,141,1,5748
1229,604,694,1,17240
1230,605,825,2,12475
1231,605,675,1,16943
1232,605,639,2,14576
1233,606,591,1,14472
1234,607,142,2,13127
1235,608,948,2,5947
1236,608,32,2,8444
1237,609,503,2,18088
1238,609,442,1,22422
1239,610,198,2,17382
1240,610,707,2,18536
1241,611,590,1,7683
1242,612,361,1,17900
1243,612,123,1,24881
1244,612,633,1,16656
1245,613,272,1,4103
1246,614,850,2,16448
1247,615,86,1,16229
1248,616,5,1,12903
1249,617,8,2,6819
1250,617,63,2,11388
1251,617,879,2,15767
1252,618,438,1,6529
1253,619,803,2,10457
1254,619,221,2,4356
1255,620,907,2,11767
1256,620,863,2,17682
1257,620,797,1,22975
1258,621,972,1,21387
1259,621,837,1,19276
1260,622,56,2,15479
1261,623,995,2,22306
1262,623,284,1,13174
1263,624,382,2,2367
1264,624,986,1,14220
1265,625,626,1,22728
1266,625,545,2,18367
1267,625,345,2,19051
1268,626,787,2,17543
1269,626,322,1,23301
1270,626,604,2,11337
1271,627,405,2,1806
1272,627,901,2,7750
1273,628,999,1,21937
1274,629,658,1,9962
1275,629,901,1,14883
1276,630,655,2,12653
1277,631,128,1,4428
1278,631,324,1,15290
1279,632,897,1,24640
1280,633,74,1,987
1281,633,600,1,23845
1282,634,279,1,8170
1283,634,930,1,23236
1284,635,727,2,6217
1285,635,351,2,17183
1286,636,834,2,11865
1287,636,133,1,21220
1288,637,507,2,19413
1289,638,817,1,8772
1290,638,981,1,18211
1291,638,62,1,12398
1292,639,504,2,13901
1293,640,953,1,18612
1294,641,889,2,11417
1295,641,207,2,14268
1296,641,742,2,874
1297,642,486,2,20772
1298,642,701,2,22357
1299,642,998,1,1090
1300,643,550,1,23892
1301,643,213,2,9257
1302,643,868,2,24457
1303,644,599,1,21043
1304,644,703,2,20677
1305,645,741,1,5807
1306,646,219,2,23089
1307,646,276,2,9675
1308,646,137,1,7667
1309,647,756,1,10965
1310,648,881,1,22706
1311,649,488,2,6389
1312,650,520,1,11583
1313,650,731,2,21904
1314,650,45,2,14514
1315,651,857,2,23432
1316,652,799,2,3206
1317,652,534,1,5145
1318,653,411,1,7851
1319,653,487,1,4220
1320,654,16,2,9635
1321,655,100,2,10475
1322,655,81,1,23499
1323,656,544,2,12740
1324,656,399,1,17996
1325,656,496,2,10370
1326,657,901,2,20671
1327,658,69,1,8557
1328,658,992,2,2032
1329,659,501,1,15734
1330,659,23,2,12695
1331,659,854,2,20484
1332,660,541,1,11362
1333,660,623,2,20768
1334,661,149,1,24773
1335,661,242,2,3416
1336,662,358,1,15398
1337,663,193,2,1530
1338,664,299,1,1626
1339,664,142,2,23951
1340,664,169,1,17338
1341,665,150,2,15002
1342,665,774,1,7212
1343,666,999,2,18050
1344,666,576,1,12087
1345,667,966,2,18522
1346,667,796,2,6428
1347,668,342,1,12307
1348,669,528,2,17531
1349,669,351,2,3030
1350,670,207,2,16708
1351,670,919,2,7864
1352,671,144,1,1581
1353,671,233,1,9301
1354,672,490,2,13795
1355,673,290,1,6442
1356,674,246,2,17555
1357,675,171,1,9217
1358,675,484,2,3861
1359,676,640,1,13407
1360,677,582,1,19528
1361,678,176,1,17534
1362,678,144,2,21662
1363,679,65,1,16879
1364,679,54,1,9292
1365,679,764,1,3837
1366,680,78,2,17100
1367,680,186,2,2826
1368,681,556,1,9941
1369,682,223,1,6681
1370,682,181,1,4528
1371,682,685,2,20622
1372,683,122,2,2018
1373,683,405,1,19350
1374,683,649,2,14951
1375,684,208,1,7241
1376,685,818,1,3789
1377,685,410,1,14455
1378,685,115,2,8508
1379,686,255,2,11011
1380,686,612,2,7944
1381,686,277,2,20528
1382,687,782,2,20059
1383,687,778,2,10674
1384,688,812,2,8560
1385,689,554,2,19014
1386,690,510,1,17740
1387,691,608,1,22191
1388,691,431,2,19940
1389,692,653,2,8770
1390,693,834,1,6315
1391,694,899,1,4400
1392,694,592,1,17500
1393,695,951,2,11173
1394,695,33,1,2974
1395,696,231,1,13799
1396,696,263,2,4419
1397,697,389,2,19668
1398,697,324,2,5727
1399,698,115,2,17743
1400,698,203,2,13984
1401,698,917,2,6042
1402,699,159,1,2600
1403,699,851,1,24882
1404,699,97,2,23598
1405,700,264,2,9924
1406,701,80,2,16637
1407,701,562,2,17116
1408,702,229,2,3816
1409,702,572,2,11958
1410,703,19,1,10727
1411,703,268,1,2370
1412,704,216,2,3937
1413,705,840,1,14283
1414,705,244,2,5028
1415,706,560,1,10009
1416,706,761,1,15006
1417,707,719,2,22042
1418,708,32,1,7451
1419,708,306,2,21731
1420,708,270,2,19497
1421,709,348,2,16450
1422,709,339,1,12460
1423,710,352,1,4695
1424,710,389,2,2327
1425,710,718,1,21219
1426,711,271,2,17429
1427,711,703,1,17910
1428,712,841,1,22692
1429,712,324,2,24206
1430,712,963,1,14965
1431,713,69,2,20876
1432,713,826,2,5286
1433,714,807,2,15160
1434,714,933,2,15982
1435,714,586,1,14543
1436,715,48,2,7422
1437,715,507,2,24661
1438,716,681,1,20973
1439,717,291,2,4414
1440,718,494,1,11680
1441,718,469,1,3599
1442,719,817,1,23142
1443,719,143,2,14312
1444,720,979,2,7667
1445,720,997,1,21180
1446,720,918,2,11927
1447,721,712,2,6591
1448,722,157,1,11100
1449,722,187,2,8759
1450,722,220,2,3762
1451,723,178,2,18723
1452,723,676,1,18063
1453,723,560,2,12359
1454,724,223,1,3694
1455,724,723,2,24378
1456,724,261,2,3948
1457,725,132,2,1581
1458,725,248,2,6168
1459,725,149,1,20293
1460,726,497,1,22473
1461,727,48,1,1168
1462,728,600,1,1123
1463,728,462,2,24367
1464,728,885,2,13232
1465,729,227,1,15727
1466,730,394,1,7680
1467,730,618,1,10322
1468,731,409,1,6371
1469,731,738,1,2979
1470,731,103,1,4578
1471,732,245,2,4796
1472,732,65,2,16585
1473,733,881,1,1145
1474,733,668,2,2007
1475,734,912,2,11200
1476,734,702,2,7198
1477,735,943,1,19127
1478,736,766,2,2382
1479,736,161,2,1677
1480,736,635,2,7491
1481,737,334,2,21433
1482,737,752,1,16922
1483,737,62,2,7036
1484,738,208,1,14377
1485,739,463,2,13649
1486,739,681,1,23257
1487,739,147,2,3927
1488,740,890,2,2707
1489,740,566,2,20144
1490,741,481,2,19074
1491,741,513,2,6188
1492,742,929,1,21711
1493,742,272,2,14280
1494,742,641,2,1059
1495,743,189,1,14278
1496,743,891,1,16702
1497,743,606,2,18964
1498,744,142,2,23746
1499,745,588,2,12906
1500,745,676,1,13549
1501,745,24,2,20368
1502,746,567,1,19485
1503,746,502,2,5664
1504,747,105,2,2976
1505,747,618,1,11155
1506,748,820,2,3493
1507,749,362,2,15034
1508,749,704,1,14944
1509,750,653,2,9915
1510,750,499,2,22479
1511,751,641,2,15359
1512,751,657,1,7235
1513,752,131,1,10046
1514,752,692,1,19440
1515,752,274,1,16359
1516,753,565,2,10804
1517,753,970,2,1854
1518,753,432,1,12385
1519,754,717,2,9174
1520,755,226,1,11644
1521,755,831,1,7903
1522,755,217,1,2925
1523,756,687,1,3738
1524,757,68,2,12804
1525,757,86,2,10520
1526,757,992,2,2913
1527,758,197,2,7175
1528,758,199,2,870
1529,759,822,1,13478
1530,759,503,2,14772
1531,760,243,2,21677
1532,761,113,2,10124
1533,761,62,1,5010
1534,762,926,1,12775
1535,762,925,1,18714
1536,763,673,1,5466
1537,763,682,2,4621
1538,763,378,1,9882
1539,764,199,2,19611
1540,764,387,2,5900
1541,764,679,1,20739
1542,765,707,1,12510
1543,766,498,1,9538
1544,766,415,1,2776
1545,766,196,1,6046
1546,767,583,1,19000
1547,768,504,1,9828
1548,768,920,2,7606
1549,769,484,1,13644
1550,769,156,2,13382
1551,769,313,1,24609
1552,770,502,2,9073
1553,771,511,2,6663
1554,771,813,2,6470
1555,771,672,1,3214
1556,772,631,1,1120
1557,772,928,1,19162
1558,773,773,2,21313
1559,773,15,2,10490
1560,774,800,2,15726
1561,775,853,2,8354
1562,775,175,2,17343
1563,776,825,1,24467
1564,776,205,2,9362
1565,777,277,2,11645
1566,777,149,2,8691
1567,777,171,1,10341
1568,778,150,1,19856
1569,778,611,2,18548
1570,778,428,1,819
1571,779,825,1,16042
1572,779,323,2,19144
1573,779,321,2,18907
1574,780,884,2,13254
1575,781,118,2,11142
1576,782,225,2,9941
1577,783,429,1,2129
1578,784,616,1,11142
1579,785,731,1,19806
1580,786,230,1,11341
1581,787,384,1,15964
1582,788,903,1,4049
1583,788,233,1,21900
1584,788,747,1,12882
1585,789,217,2,24211
1586,789,222,1,1400
1587,789,940,2,10948
1588,790,545,2,6438
1589,791,950,1,19369
1590,792,531,2,9844
1591,792,300,2,16624
1592,792,990,2,11907
1593,793,605,2,19195
1594,794,463,1,20686
1595,794,780,2,7359
1596,794,21,1,24207
1597,795,625,2,21369
1598,795,13,2,14750
1599,795,415,1,6707
1600,796,146,1,9125
1601,797,52,2,1379
1602,797,448,1,8923
1603,798,645,1,16645
1604,798,216,2,13909
1605,798,855,1,16399
1606,799,734,2,20590
1607,799,206,2,19207
1608,799,842,2,5424
1609,800,763,2,17635
1610,800,80,1,16176
1611,800,910,2,4205
1612,801,777,2,15793
1613,802,183,1,6636
1614,803,114,1,9471
1615,803,625,2,14357
1616,804,714,1,4649
1617,804,928,2,12669
1618,805,381,1,4719
1619,805,814,2,18030
1620,806,238,2,10223
1621,806,112,1,1721
1622,806,131,2,14945
1623,807,374,2,10687
1624,807,115,1,21855
1625,808,319,2,6262
1626,808,369,2,18826
1627,809,240,2,16593
1628,809,803,2,10777
1629,810,675,2,11310
1630,810,674,1,2894
1631,810,424,2,2375
1632,811,323,2,19265
1633,811,340,2,8562
1634,812,950,2,1874
1635,813,909,2,10920
1636,813,140,1,5517
1637,814,55,2,21337
1638,814,897,1,19184
1639,815,102,2,2058
1640,815,755,2,3409
1641,815,552,1,14497
1642,816,892,1,15654
1643,816,371,1,12641
1644,816,918,2,23578
1645,817,344,2,2337
1646,817,405,1,18892
1647,818,962,2,11825
1648,819,522,2,16777
1649,820,236,2,21427
1650,821,819,1,7922
1651,822,45,2,1414
1652,823,670,1,21059
1653,824,924,1,9753
1654,825,971,2,14367
1655,825,173,2,21714
1656,826,755,2,10925
1657,827,159,2,17286
1658,827,972,2,12119
1659,828,565,1,7257
1660,828,70,2,22542
1661,829,173,2,2107
1662,829,553,2,15235
1663,830,242,2,925
1664,830,162,1,10309
1665,831,955,2,1083
1666,831,871,2,10609
1667,831,343,2,18467
1668,832,935,2,7097
1669,833,409,1,17327
1670,833,574,2,17426
1671,833,718,2,22748
1672,834,727,2,7901
1673,834,189,1,20055
1674,834,107,1,24656
1675,835,392,1,16025
1676,835,40,1,2229
1677,835,663,2,4091
1678,836,148,2,17273
1679,837,176,2,22894
1680,837,836,1,12000
1681,837,154,1,11952
1682,838,864,2,9901
1683,838,810,2,7490
1684,838,126,1,8513
1685,839,6,1,13971
1686,839,962,2,22498
1687,839,330,2,14645
1688,840,896,1,15097
1689,841,844,2,15192
1690,841,234,1,8417
1691,842,439,1,9091
1692,843,374,1,17216
1693,843,726,2,11240
1694,843,23,2,4759
1695,844,689,1,5465
1696,844,402,2,10447
1697,845,276,1,2037
1698,845,412,2,15061
1699,845,417,1,10876
1700,846,62,2,7146
1701,846,437,1,2223
1702,847,163,2,13179
1703,847,34,1,14334
1704,848,343,1,1607
1705,848,292,1,21042
1706,849,595,1,18633
1707,849,725,2,8679
1708,850,143,1,8236
1709,850,785,1,14139
1710,851,194,2,10266
1711,851,240,2,21940
1712,851,728,1,17198
1713,852,854,1,22750
1714,852,405,1,4150
1715,853,603,2,11263
1716,854,991,1,24423
1717,854,272,1,2524
1718,854,210,2,19107
1719,855,736,2,3366
1720,855,605,2,21024
1721,855,362,1,8479
1722,856,361,1,21474
1723,856,968,2,11180
1724,857,293,1,4748
1725,857,225,1,9232
1726,857,987,1,3025
1727,858,780,1,17859
1728,858,460,2,3465
1729,859,139,2,2038
1730,859,822,2,12627
1731,860,824,2,7003
1732,860,578,2,6814
1733,860,49,2,1682
1734,861,992,1,23659
1735,862,628,2,20605
1736,863,60,1,11637
1737,864,702,2,11279
1738,864,646,2,812
1739,864,193,1,20532
1740,865,279,2,16526
1741,865,265,2,4105
1742,866,874,1,21336
1743,866,793,1,3551
1744,866,788,1,7719
1745,867,136,2,3223
1746,868,213,1,9006
1747,868,325,1,14515
1748,868,52,2,3506
1749,869,800,2,17721
1750,869,185,1,8616
1751,869,363,2,16795
1752,870,225,1,22082
1753,871,385,1,2185
1754,872,855,2,23618
1755,872,875,1,19274
1756,872,865,2,6970
1757,873,661,2,1823
1758,874,480,1,10690
1759,874,91,2,13546
1760,874,404,1,17354
1761,875,918,2,7273
1762,875,237,1,1230
1763,876,290,1,5179
1764,876,530,1,9429
1765,876,843,1,8627
1766,877,629,1,8751
1767,877,335,1,13456
1768,878,294,1,6742
1769,879,420,1,17733
1770,880,907,2,22579
1771,881,946,2,9958
1772,881,454,1,4257
1773,881,692,1,18269
1774,882,128,2,2831
1775,882,258,2,18889
1776,882,47,1,24313
1777,883,299,1,8081
1778,883,979,1,7761
1779,883,118,1,15297
1780,884,698,2,4769
1781,884,148,2,9074
1782,885,717,2,7595
1783,886,425,1,7399
1784,886,975,2,12687
1785,887,955,1,18692
1786,887,923,1,14051
1787,888,8,2,4600
1788,888,553,2,21847
1789,889,568,1,7797
1790,890,244,1,8729
1791,890,857,2,20748
1792,890,26,2,5630
1793,891,115,1,3389
1794,891,191,2,21246
1795,892,232,2,24202
1796,893,497,2,10070
1797,894,887,1,1215
1798,895,941,2,20841
1799,896,24,2,24195
1800,896,211,1,10343
1801,897,651,2,11709
1802,898,147,2,16579
1803,898,103,1,882
1804,899,73,1,6291
1805,900,606,1,22281
1806,900,962,2,1512
1807,900,484,2,17763
1808,901,779,2,18722
1809,901,999,2,13713
1810,902,862,2,9724
1811,902,428,2,2647
1812,902,966,2,20943
1813,903,956,1,21922
1814,904,673,2,15050
1815,904,91,2,8005
1816,904,141,1,14187
1817,905,887,1,22442
1818,906,891,1,20353
1819,906,789,1,18768
1820,906,133,2,20120
1821,907,165,1,10151
1822,908,383,1,8160
1823,908,983,1,18801
1824,909,433,1,21771
1825,909,59,1,9116
1826,909,457,2,20746
1827,910,574,2,8454
1828,910,285,1,18027
1829,910,604,1,14242
1830,911,704,1,22677
1831,911,545,1,9402
1832,912,785,2,13946
1833,912,516,1,18280
1834,913,219,1,9401
1835,913,907,2,22334
1836,914,950,2,14697
1837,914,412,2,22208
1838,915,308,2,12940
1839,915,671,1,9796
1840,915,87,2,19417
1841,916,351,2,23839
1842,916,525,2,6276
1843,916,965,2,6448
1844,917,22,2,6339
1845,917,812,1,21074
1846,917,856,2,2248
1847,918,168,2,24553
1848,919,815,2,16022
1849,920,281,1,9170
1850,920,619,1,11392
1851,920,771,2,11324
1852,921,876,2,19533
1853,921,183,2,18652
1854,922,873,1,9369
1855,922,839,1,6923
1856,922,803,2,10048
1857,923,130,1,1227
1858,923,614,1,4834
1859,923,984,2,18027
1860,924,209,1,21301
1861,925,980,1,6587
1862,925,795,1,12498
1863,925,894,1,19104
1864,926,514,2,22420
1865,926,708,1,1367
1866,926,504,2,11310
1867,927,343,1,21866
1868,927,487,2,14027
1869,927,939,1,17730
1870,928,226,2,17534
1871,929,827,2,14908
1872,929,794,2,17359
1873,930,964,1,17616
1874,930,333,1,20606
1875,930,313,2,3590
1876,931,39,2,22048
1877,931,789,1,7519
1878,931,75,2,13176
1879,932,69,1,4341
1880,932,795,1,10910
1881,932,370,1,13785
1882,933,922,1,9962
1883,933,294,2,18664
1884,933,770,1,11757
1885,934,917,1,10533
1886,934,732,1,10869
1887,935,951,1,8232
1888,935,326,2,5622
1889,936,174,1,8685
1890,937,477,2,9635
1891,938,848,2,24574
1892,939,877,2,10366
1893,939,241,1,21221
1894,940,919,1,2995
1895,941,259,1,11174
1896,941,219,1,7036
1897,942,204,1,16178
1898,943,77,1,8633
1899,944,489,2,2714
1900,945,654,2,5493
1901,946,629,2,4512
1902,946,486,2,23105
1903,947,258,2,19577
1904,947,574,1,13325
1905,947,614,1,9317
1906,948,186,2,2693
1907,949,871,1,18615
1908,950,68,2,21989
1909,950,760,2,11026
1910,951,67,1,5400
1911,952,870,2,6687
1912,952,120,1,17066
1913,952,887,2,15680
1914,953,820,2,4045
1915,954,663,2,13860
1916,955,5,1,5850
1917,955,135,1,3234
1918,956,25,1,14163
1919,956,498,1,11419
1920,956,470,2,3777
1921,957,927,2,19941
1922,958,947,2,14948
1923,959,21,2,19491
1924,959,70,1,11552
1925,960,63,2,1032
1926,960,458,1,5935
1927,960,470,1,22316
1928,961,205,1,6713
1929,962,908,1,18034
1930,963,744,2,20187
1931,963,551,2,10984
1932,964,629,2,7370
1933,964,874,2,12438
1934,964,44,2,8379
1935,965,356,2,9886
1936,965,276,1,17007
1937,966,789,1,22990
1938,966,637,1,6806
1939,967,489,1,17914
1940,967,860,1,12405
1941,968,818,2,21754
1942,969,884,2,17799
1943,970,364,2,21519
1944,970,239,1,8975
1945,971,277,2,16136
1946,971,486,1,7776
1947,971,171,1,18558
1948,972,431,2,7077
1949,972,338,1,17062
1950,972,669,2,11564
1951,973,175,2,11288
1952,974,840,2,18939
1953,974,954,2,14278
1954,975,454,1,14756
1955,975,811,2,13718
1956,975,798,2,18102
1957,976,294,1,15151
1958,976,209,2,6103
1959,977,944,2,3800
1960,978,178,1,22221
1961,978,772,1,18151
1962,978,545,1,15526
1963,979,552,2,22366
1964,980,263,1,14119
1965,980,159,2,12379
1966,981,301,1,10053
1967,982,597,2,8679
1968,983,182,1,14771
1969,983,497,2,11837
1970,984,420,2,15337
1971,984,34,1,4561
1972,985,55,1,19060
1973,985,960,2,24907
1974,986,947,1,19875
1975,987,72,2,15937
1976,987,369,1,23954
1977,988,25,1,13802
1978,989,182,2,6493
1979,990,892,2,13109
1980,991,358,2,12463
1981,992,831,2,24374
1982,992,291,2,4957
1983,992,32,2,13068
1984,993,963,1,20286
1985,994,528,1,22315
1986,994,35,2,13791
1987,994,385,2,6218
1988,995,494,1,6648
1989,996,604,2,13669
1990,997,172,2,3656
1991,997,740,1,20641
1992,997,801,2,6026
1993,998,531,1,10259
1994,998,747,2,20261
1995,998,374,1,15008
1996,999,656,2,20823
1997,999,577,1,16663
1998,1000,925,2,5075
1999,1000,499,1,14333
2000,1000,361,2,3596
2001,1001,733,2,6794
2002,1002,490,2,8075
2003,1003,103,2,13228
2004,1004,321,2,22442
2005,1004,894,1,17579
2006,1005,103,2,10390
2007,1005,271,1,15433
2008,1006,480,1,1277
2009,1006,922,1,14334
2010,1007,930,1,11812
2011,1007,403,2,12560
2012,1008,361,2,22777
2013,1008,799,2,2843
2014,1009,770,2,9449
2015,1009,452,2,11743
2016,1010,67,2,18775
2017,1010,53,2,2401
2018,1011,847,1,11011
2019,1011,67,2,17895
2020,1012,772,2,8624
2021,1012,402,2,9893
2022,1013,26,2,24901
2023,1013,65,1,18722
2024,1014,745,1,5211
2025,1014,102,1,19230
2026,1014,839,1,13060
2027,1015,925,1,11484
2028,1015,176,1,24714
2029,1015,355,1,2409
2030,1016,555,2,8704
2031,1017,160,2,6243
2032,1017,897,1,953
2033,1017,794,1,19823
2034,1018,804,1,5268
2035,1019,973,2,23062
2036,1020,790,1,20987
2037,1020,266,1,15330
2038,1020,149,1,22304
2039,1021,728,2,1715
2040,1021,473,2,6155
2041,1021,131,1,9231
2042,1022,962,2,4001
2043,1022,414,2,22328
2044,1022,281,1,17325
2045,1023,494,1,8480
2046,1023,532,2,11914
2047,1024,825,2,5170
2048,1025,412,1,18349
2049,1026,730,2,9450
2050,1026,981,1,17223
2051,1026,357,1,15388
2052,1027,595,1,22682
2053,1027,514,1,10311
2054,1028,584,2,19462
2055,1029,814,2,14165
2056,1030,805,2,5591
2057,1030,708,2,12932
2058,1030,214,2,7002
2059,1031,724,1,14447
2060,1031,287,2,17659
2061,1031,777,2,7545
2062,1032,747,2,4167
2063,1032,673,2,7898
2064,1033,355,2,13692
2065,1034,644,1,9175
2066,1034,419,1,10030
2067,1034,225,2,1668
2068,1035,735,1,24542
2069,1035,934,1,4473
2070,1035,497,2,21856
2071,1036,708,1,6052
2072,1036,616,1,7680
2073,1036,663,1,10448
2074,1037,618,2,12489
2075,1038,405,1,11657
2076,1038,841,1,17451
2077,1038,276,1,1143
2078,1039,6,2,24061
2079,1040,456,1,2934
2080,1040,25,2,18863
2081,1040,528,1,19660
2082,1041,360,2,3371
2083,1041,235,1,11563
2084,1042,56,2,4653
2085,1043,298,1,22898
2086,1043,188,1,23978
2087,1044,926,2,24610
2088,1044,51,2,19666
2089,1045,521,1,13691
2090,1045,223,1,15838
2091,1045,324,1,16874
2092,1046,197,2,18788
2093,1046,523,1,4784
2094,1046,207,1,17334
2095,1047,190,1,5906
2096,1047,666,1,3050
2097,1048,135,2,23126
2098,1048,138,2,12785
2099,1049,298,1,4468
2100,1049,105,2,12924
2101,1049,28,2,10874
2102,1050,423,2,19601
2103,1051,865,1,18056
2104,1052,187,1,2780
2105,1052,134,1,24516
2106,1053,671,1,12493
2107,1053,647,2,17600
2108,1054,556,1,17775
2109,1054,359,2,10558
2110,1054,630,2,3883
2111,1055,296,1,21368
2112,1055,734,2,10077
2113,1055,370,2,7382
2114,1056,449,2,12495
2115,1056,405,1,21585
2116,1056,834,2,15169
2117,1057,164,1,3977
2118,1058,981,2,7958
2119,1058,382,2,12042
2120,1059,192,1,6307
2121,1060,769,1,1183
2122,1060,417,1,17938
2123,1061,304,1,13531
2124,1061,656,1,3947
2125,1062,236,1,18515
2126,1062,945,1,22135
2127,1063,409,1,920
2128,1064,17,1,16635
2129,1064,375,1,18493
2130,1065,636,1,16151
2131,1065,996,2,4558
2132,1065,355,1,15888
2133,1066,305,1,9411
2134,1066,351,2,18223
2135,1067,540,2,16985
2136,1068,923,1,16692
2137,1068,820,2,3777
2138,1068,408,1,8538
2139,1069,327,2,4980
2140,1069,179,1,8845
2141,1069,156,2,7449
2142,1070,200,1,19867
2143,1070,745,1,24427
2144,1070,988,2,22407
2145,1071,722,2,21105
2146,1071,995,1,9375
2147,1071,4,1,15121
2148,1072,418,1,12170
2149,1072,297,2,3757
2150,1073,93,1,22945
2151,1074,702,2,8225
2152,1074,589,1,20675
2153,1074,423,2,9652
2154,1075,172,2,6334
2155,1075,767,2,12164
2156,1075,241,2,4277
2157,1076,837,2,16692
2158,1076,51,2,19589
2159,1077,356,1,24651
2160,1078,32,2,4462
2161,1078,31,1,24043
2162,1079,506,2,2993
2163,1079,209,2,12961
2164,1079,652,1,3118
2165,1080,48,1,15370
2166,1080,204,1,11277
2167,1081,589,1,7750
2168,1082,340,1,10666
2169,1082,912,2,8663
2170,1082,343,2,5549
2171,1083,785,2,15985
2172,1083,362,2,5264
2173,1083,497,1,18821
2174,1084,463,2,5146
2175,1084,228,2,22504
2176,1085,71,2,20857
2177,1085,1000,2,3707
2178,1086,378,2,18405
2179,1086,520,1,12684
2180,1086,619,1,23739
2181,1087,909,1,16466
2182,1087,900,1,18239
2183,1088,217,1,24236
2184,1089,856,1,2518
2185,1089,722,1,23724
2186,1090,534,2,21239
2187,1091,860,1,8225
2188,1091,408,2,8546
2189,1091,494,2,11076
2190,1092,907,1,14495
2191,1092,23,1,1765
2192,1092,42,1,1713
2193,1093,73,1,8074
2194,1093,790,1,10186
2195,1093,970,2,6176
2196,1094,329,1,21782
2197,1094,929,2,20047
2198,1094,516,2,21134
2199,1095,932,2,12147
2200,1095,947,2,6241
2201,1096,494,1,3455
2202,1096,456,1,15389
2203,1096,282,2,6128
2204,1097,638,1,22207
2205,1097,7,2,10289
2206,1097,394,1,16804
2207,1098,299,1,14910
2208,1099,177,1,16978
2209,1099,841,1,7533
2210,1099,619,2,22278
2211,1100,333,1,13246
2212,1100,454,1,4892
2213,1100,345,2,1161
2214,1101,622,1,23048
2215,1101,306,2,19859
2216,1101,366,2,12899
2217,1102,284,1,17911
2218,1103,499,1,3457
2219,1104,859,1,8827
2220,1105,700,2,4162
2221,1105,553,2,17695
2222,1106,142,2,13330
2223,1106,711,2,6313
2224,1107,32,2,19406
2225,1107,726,2,13649
2226,1108,348,2,20301
2227,1108,271,1,15955
2228,1108,569,2,5540
2229,1109,826,1,21083
2230,1110,543,1,5973
2231,1111,572,2,20523
2232,1111,868,1,19453
2233,1111,581,1,17768
2234,1112,165,1,17460
2235,1112,793,2,17958
2236,1112,631,1,22765
2237,1113,110,1,15459
2238,1113,519,2,11214
2239,1113,146,1,22871
2240,1114,270,2,18861
2241,1114,143,1,12767
2242,1114,428,2,5217
2243,1115,484,1,9534
2244,1115,813,2,2679
2245,1116,990,1,14892
2246,1116,354,1,10912
2247,1117,879,2,6932
2248,1117,594,1,12687
2249,1117,705,2,24034
2250,1118,560,1,13713
2251,1118,301,1,19461
2252,1118,642,2,1513
2253,1119,75,1,19621
2254,1119,23,2,3361
2255,1119,272,1,5271
2256,1120,244,1,969
2257,1120,458,2,17869
2258,1121,471,1,20050
2259,1121,610,2,15341
2260,1121,613,1,16669
2261,1122,963,2,4068
2262,1122,176,1,10759
2263,1122,485,1,3660
2264,1123,850,1,13177
2265,1123,33,1,16328
2266,1123,236,1,1774
2267,1124,452,2,8300
2268,1124,700,1,3824
2269,1124,488,2,19479
2270,1125,1000,1,17456
2271,1125,161,1,16653
2272,1126,691,2,15577
2273,1126,316,2,21663
2274,1127,167,1,12117
2275,1128,533,1,8943
2276,1128,188,2,16455
2277,1128,483,1,22487
2278,1129,186,2,20673
2279,1129,858,1,24011
2280,1130,986,2,13839
2281,1131,836,2,5506
2282,1131,732,2,11799
2283,1131,87,2,13030
2284,1132,821,1,21250
2285,1132,283,2,10103
2286,1132,569,2,17804
2287,1133,518,2,9405
2288,1134,465,1,18728
2289,1135,569,2,16294
2290,1135,90,1,4124
2291,1136,94,1,16721
2292,1136,320,1,11343
2293,1136,752,1,17541
2294,1137,811,1,13752
2295,1138,134,2,2723
2296,1138,160,2,2444
2297,1139,140,2,5628
2298,1139,309,2,16939
2299,1140,705,1,3666
2300,1141,649,2,18989
2301,1141,138,1,10633
2302,1141,661,1,2521
2303,1142,670,1,16815
2304,1143,146,1,1560
2305,1144,579,1,7831
2306,1144,654,2,23260
2307,1144,156,2,23095
2308,1145,557,1,10158
2309,1146,140,2,14445
2310,1147,137,2,22648
2311,1147,331,2,13788
2312,1148,498,2,10049
2313,1148,554,2,23287
2314,1149,178,2,24442
2315,1149,522,2,2878
2316,1149,409,1,12847
2317,1150,406,1,1695
2318,1150,553,1,15888
2319,1151,211,2,20477
2320,1152,716,2,23376
2321,1152,300,2,10767
2322,1152,623,2,9375
2323,1153,426,2,8638
2324,1154,907,2,20892
2325,1154,887,1,15329
2326,1155,763,1,23942
2327,1156,775,2,17108
2328,1157,74,2,18867
2329,1157,150,1,9734
2330,1157,329,1,9708
2331,1158,269,1,4250
2332,1158,814,2,23291
2333,1158,450,2,20311
2334,1159,540,1,22905
2335,1159,569,2,17994
2336,1159,881,2,1112
2337,1160,664,1,19335
2338,1160,9,1,11819
2339,1161,761,2,12208
2340,1162,795,2,22419
2341,1162,898,2,6328
2342,1162,721,1,15195
2343,1163,146,2,2261
2344,1164,384,1,19880
2345,1164,236,1,24379
2346,1165,749,1,12417
2347,1165,940,2,15535
2348,1165,664,1,12092
2349,1166,249,1,9079
2350,1167,513,1,8263
2351,1167,179,1,4787
2352,1168,391,2,6375
2353,1168,94,1,17158
2354,1168,252,1,17677
2355,1169,532,2,18530
2356,1170,843,1,22001
2357,1170,819,2,20485
2358,1171,487,1,16337
2359,1171,341,2,15468
2360,1171,513,2,14456
2361,1172,527,2,19738
2362,1173,469,1,19148
2363,1173,486,1,23063
2364,1173,442,2,16657
2365,1174,818,2,24542
2366,1175,181,2,4186
2367,1175,403,1,1124
2368,1176,625,2,13258
2369,1176,973,2,11797
2370,1176,235,1,1338
2371,1177,310,1,15405
2372,1177,876,1,1757
2373,1177,224,2,12056
2374,1178,297,1,8742
2375,1178,308,2,1223
2376,1178,63,2,9949
2377,1179,927,1,5666
2378,1179,658,1,9803
2379,1180,430,2,4334
2380,1180,222,2,22808
2381,1180,944,1,11046
2382,1181,9,2,13851
2383,1181,797,2,3602
2384,1182,467,2,16976
2385,1183,19,1,1402
2386,1183,848,2,9610
2387,1184,158,2,22815
2388,1185,170,1,18162
2389,1186,718,1,7154
2390,1186,425,2,4041
2391,1187,396,2,20645
2392,1187,93,2,1999
2393,1188,843,2,7946
2394,1189,778,2,21953
2395,1189,752,2,7551
2396,1190,954,2,16260
2397,1190,595,1,20128
2398,1191,187,1,10050
2399,1192,265,2,8514
2400,1192,690,2,20951
2401,1192,911,2,1955
2402,1193,113,2,2222
2403,1193,963,2,3630
2404,1193,145,2,10367
2405,1194,710,2,3828
2406,1194,158,2,11511
2407,1194,84,2,17717
2408,1195,440,1,17761
2409,1195,545,1,20805
2410,1196,270,1,23014
2411,1196,263,1,1722
2412,1196,875,2,3342
2413,1197,629,2,13649
2414,1197,383,1,3489
2415,1197,13,2,1155
2416,1198,751,1,19012
2417,1199,837,2,5855
2418,1199,552,2,2163
2419,1200,137,1,20215
2420,1200,888,2,16943
2421,1201,635,2,7560
2422,1201,390,1,19386
2423,1202,871,1,9896
2424,1202,49,2,14985
2425,1202,922,1,11290
2426,1203,81,1,15458
2427,1203,802,1,15623
2428,1204,368,1,23332
2429,1204,30,2,21735
2430,1205,690,2,7296
2431,1205,48,2,12656
2432,1205,985,1,10476
2433,1206,186,1,17645
2434,1207,388,1,14400
2435,1207,240,1,4552
2436,1207,620,2,3552
2437,1208,921,2,7051
2438,1208,950,2,14284
2439,1209,381,1,20141
2440,1209,664,1,24571
2441,1210,963,1,3457
2442,1210,666,2,7330
2443,1211,150,1,7627
2444,1212,349,1,3234
2445,1213,650,2,10065
2446,1213,237,2,8493
2447,1213,721,1,9941
2448,1214,9,1,10280
2449,1214,42,2,6041
2450,1215,211,1,13065
2451,1215,617,1,2108
2452,1215,331,2,12481
2453,1216,162,1,13796
2454,1217,836,1,6359
2455,1217,335,2,2015
2456,1218,104,2,5842
2457,1219,497,2,22681
2458,1220,909,1,12643
2459,1221,533,1,8904
2460,1222,561,1,5970
2461,1222,100,2,2785
2462,1222,218,1,3176
2463,1223,600,2,7892
2464,1224,647,1,1908
2465,1225,700,1,6029
2466,1225,405,1,2203
2467,1225,626,2,6144
2468,1226,350,1,10252
2469,1226,808,2,12592
2470,1226,239,2,10450
2471,1227,765,1,6822
2472,1228,731,2,10437
2473,1228,194,2,19732
2474,1228,170,1,2980
2475,1229,383,2,24449
2476,1229,57,2,18015
2477,1230,456,2,9691
2478,1230,859,2,8840
2479,1230,532,1,21540
2480,1231,488,1,21262
2481,1231,301,2,23921
2482,1231,704,2,13101
2483,1232,662,2,22007
2484,1232,29,2,15877
2485,1233,181,2,5887
2486,1233,661,2,1083
2487,1234,845,1,12319
2488,1235,828,2,18138
2489,1235,712,1,15345
2490,1236,332,1,8944
2491,1237,940,2,14954
2492,1237,729,2,11108
2493,1238,120,2,7667
2494,1238,847,1,22594
2495,1239,181,1,22852
2496,1239,512,2,12759
2497,1239,731,2,11086
2498,1240,839,2,3172
2499,1240,829,2,1006
2500,1240,629,2,8956
2501,1241,47,1,9123
2502,1241,750,2,14127
2503,1241,837,1,24221
2504,1242,682,2,24956
2505,1242,655,2,20872
2506,1242,528,2,13957
2507,1243,332,2,2616
2508,1244,922,1,17443
2509,1244,15,1,20458
2510,1245,632,2,6551
2511,1245,543,2,15034
2512,1246,676,1,7359
2513,1246,142,2,1630
2514,1246,915,2,1684
2515,1247,704,2,24365
2516,1247,1000,2,10424
2517,1248,573,2,17790
2518,1248,179,1,12933
2519,1248,574,1,24270
2520,1249,386,2,10145
2521,1249,19,1,9617
2522,1249,932,1,12026
2523,1250,569,1,16063
2524,1250,511,2,18130
2525,1250,778,1,14233
2526,1251,493,1,14439
2527,1251,737,2,24401
2528,1251,967,2,18001
2529,1252,40,1,4594
2530,1252,256,1,22642
2531,1252,229,1,1756
2532,1253,411,1,15419
2533,1253,176,2,10910
2534,1254,491,2,10551
2535,1254,625,2,7793
2536,1255,303,2,17746
2537,1256,33,2,1021
2538,1257,138,2,17508
2539,1257,828,2,14365
2540,1258,130,2,11465
2541,1259,402,2,7767
2542,1259,549,2,12469
2543,1260,496,2,7911
2544,1260,795,1,18003
2545,1261,734,1,18471
2546,1261,85,2,6108
2547,1262,560,1,5757
2548,1263,549,1,22730
2549,1263,425,2,20239
2550,1264,33,1,23093
2551,1264,947,2,8215
2552,1265,916,1,17495
2553,1266,901,1,5058
2554,1266,586,1,9077
2555,1267,402,2,23058
2556,1268,108,1,23563
2557,1268,821,2,15096
2558,1269,357,2,15195
2559,1269,814,2,20669
2560,1269,273,1,9116
2561,1270,997,1,10285
2562,1270,953,2,19302
2563,1271,501,2,12595
2564,1272,979,1,1778
2565,1272,206,1,4127
2566,1273,212,2,4872
2567,1273,700,2,20178
2568,1274,141,2,23815
2569,1275,455,1,8530
2570,1276,723,1,15921
2571,1277,336,2,16776
2572,1278,880,1,7361
2573,1278,358,2,10045
2574,1278,787,2,5003
2575,1279,721,2,21750
2576,1279,644,2,6126
2577,1279,649,1,7415
2578,1280,251,2,12066
2579,1280,783,1,6322
2580,1280,958,1,2551
2581,1281,553,1,22409
2582,1281,368,1,7865
2583,1281,120,2,15539
2584,1282,920,1,17924
2585,1283,246,1,21375
2586,1283,565,2,13918
2587,1284,604,2,13157
2588,1285,80,2,23696
2589,1285,2,2,5017
2590,1285,652,2,7302
2591,1286,261,2,8695
2592,1286,141,1,21153
2593,1286,527,1,7376
2594,1287,56,1,16820
2595,1288,313,2,17460
2596,1288,727,2,3035
2597,1288,535,2,15571
2598,1289,411,2,20905
2599,1289,607,2,6009
2600,1289,592,2,17070
2601,1290,100,1,1687
2602,1290,323,1,23562
2603,1290,8,1,13964
2604,1291,618,1,1891
2605,1291,58,1,18573
2606,1291,184,1,4121
2607,1292,453,1,14215
2608,1293,639,2,23858
2609,1293,644,1,15791
2610,1294,545,1,24417
2611,1295,898,1,21277
2612,1295,680,2,14669
2613,1296,579,2,15995
2614,1297,370,1,9321
2615,1297,183,1,24902
2616,1298,268,2,3288
2617,1298,715,2,14317
2618,1299,999,1,3108
2619,1300,224,1,14808
2620,1300,265,2,16303
2621,1300,595,1,16424
2622,1301,931,2,11540
2623,1301,455,1,16948
2624,1302,389,2,2193
2625,1302,751,2,11791
2626,1303,654,2,9841
2627,1304,166,2,24971
2628,1305,48,1,8091
2629,1305,70,2,4033
2630,1305,386,2,9051
2631,1306,680,2,18469
2632,1306,597,2,22682
2633,1307,12,2,21578
2634,1308,544,1,8022
2635,1309,140,1,17522
2636,1309,745,2,4339
2637,1310,385,1,15204
2638,1310,116,1,1573
2639,1311,960,1,7668
2640,1311,170,1,20726
2641,1311,497,1,17440
2642,1312,616,2,1945
2643,1313,869,1,16974
2644,1313,840,1,24642
2645,1313,784,2,6579
2646,1314,297,1,12855
2647,1315,928,2,15127
2648,1315,676,1,6937
2649,1315,856,2,12915
2650,1316,156,1,3264
2651,1317,846,2,10022
2652,1317,40,2,17329
2653,1317,639,2,14585
2654,1318,287,1,5121
2655,1319,537,2,14857
2656,1320,677,1,8880
2657,1320,735,2,19006
2658,1321,965,2,8384
2659,1321,458,2,19883
2660,1321,276,2,821
2661,1322,810,1,22327
2662,1323,717,1,5939
2663,1324,257,2,6436
2664,1324,310,1,4949
2665,1325,138,1,1116
2666,1326,850,1,16527
2667,1326,973,1,3490
2668,1326,512,2,2081
2669,1327,73,1,1188
2670,1328,748,2,8489
2671,1328,955,1,22302
2672,1329,20,1,4174
2673,1329,839,2,6355
2674,1330,796,1,9741
2675,1331,779,1,14876
2676,1331,388,2,6323
2677,1331,757,2,15332
2678,1332,464,2,22010
2679,1332,169,1,10422
2680,1332,498,2,7682
2681,1333,93,1,16590
2682,1334,426,2,17844
2683,1334,796,1,18711
2684,1335,572,1,12420
2685,1335,367,2,5284
2686,1335,979,1,4876
2687,1336,15,1,1563
2688,1336,871,1,16438
2689,1336,241,2,7519
2690,1337,114,1,12449
2691,1338,443,1,3893
2692,1338,883,2,23750
2693,1338,106,2,13004
2694,1339,466,2,12242
2695,1339,418,1,15294
2696,1340,240,1,15439
2697,1340,572,1,9875
2698,1341,50,2,4726
2699,1341,464,2,17884
2700,1341,878,2,18895
2701,1342,809,1,12023
2702,1343,889,2,11878
2703,1343,59,2,15656
2704,1344,753,1,24820
2705,1344,204,1,10289
2706,1345,746,1,16040
2707,1346,824,2,873
2708,1347,604,2,21283
2709,1347,115,2,23971
2710,1348,842,2,23970
2711,1348,770,2,9905
2712,1348,347,1,11914
2713,1349,974,1,14890
2714,1349,371,2,21066
2715,1350,408,2,13963
2716,1351,316,2,10607
2717,1351,721,2,13277
2718,1352,44,2,9361
2719,1352,707,2,21918
2720,1352,896,2,8484
2721,1353,925,1,7849
2722,1353,876,1,24287
2723,1353,55,1,15788
2724,1354,983,2,9045
2725,1354,435,1,11808
2726,1355,815,1,17158
2727,1355,305,2,24858
2728,1356,823,1,4974
2729,1357,806,2,7187
2730,1358,45,1,1532
2731,1358,689,1,2685
2732,1358,314,1,9067
2733,1359,369,2,21181
2734,1359,334,2,4458
2735,1359,557,2,21536
2736,1360,330,2,6334
2737,1361,508,2,14334
2738,1361,454,1,17157
2739,1361,928,2,2042
2740,1362,393,1,16606
2741,1362,836,1,15121
2742,1362,25,2,10263
2743,1363,136,1,8178
2744,1363,625,1,7161
2745,1363,29,1,5329
2746,1364,483,1,2275
2747,1365,375,1,11801
2748,1365,156,2,1023
2749,1366,35,2,2545
2750,1366,658,1,17794
2751,1367,390,1,19041
2752,1368,341,2,21977
2753,1368,90,2,1432
2754,1368,66,1,8647
2755,1369,123,2,15636
2756,1369,778,2,6831
2757,1369,341,2,984
2758,1370,886,2,8410
2759,1370,198,1,19616
2760,1371,297,2,5572
2761,1371,143,1,21056
2762,1371,492,2,11123
2763,1372,158,1,20838
2764,1372,533,1,17137
2765,1372,960,2,20092
2766,1373,513,2,18046
2767,1374,180,1,13701
2768,1375,428,1,1711
2769,1376,862,2,1511
2770,1376,53,1,13956
2771,1376,334,1,8468
2772,1377,181,1,8102
2773,1377,552,1,19304
2774,1377,886,2,15714
2775,1378,926,1,6205
2776,1378,481,2,22429
2777,1378,3,1,3728
2778,1379,644,1,4408
2779,1379,781,1,1835
2780,1379,194,2,1666
2781,1380,110,2,24442
2782,1380,581,2,1342
2783,1380,512,1,11868
2784,1381,422,1,21380
2785,1381,191,2,13197
2786,1382,694,2,17500
2787,1383,132,2,22314
2788,1384,185,2,12810
2789,1385,925,1,1311
2790,1385,116,2,9217
2791,1385,258,2,13246
2792,1386,719,2,19264
2793,1386,220,1,19347
2794,1387,584,2,1472
2795,1388,532,1,22706
2796,1389,134,2,3809
2797,1390,31,1,22391
2798,1391,367,1,18263
2799,1391,459,2,7216
2800,1392,277,1,4772
2801,1393,179,2,11533
2802,1394,651,1,2498
2803,1394,982,2,14575
2804,1394,845,1,23945
2805,1395,215,1,15464
2806,1396,359,1,4611
2807,1396,287,2,22159
2808,1397,697,1,8605
2809,1398,509,1,1665
2810,1398,162,1,2504
2811,1398,417,2,17896
2812,1399,908,1,12098
2813,1400,112,2,20968
2814,1401,626,2,20500
2815,1401,26,2,10840
2816,1402,781,1,12590
2817,1402,717,2,20563
2818,1403,872,2,13521
2819,1403,826,2,11229
2820,1403,809,1,24442
2821,1404,302,2,9133
2822,1405,232,2,23585
2823,1405,959,1,15959
2824,1406,619,2,20229
2825,1406,916,2,10979
2826,1407,275,1,22478
2827,1408,887,2,24178
2828,1408,625,1,13962
2829,1408,845,1,9243
2830,1409,447,1,11502
2831,1409,2,2,14611
2832,1410,92,1,5767
2833,1411,136,1,10966
2834,1411,755,2,16312
2835,1411,909,2,5029
2836,1412,387,1,17877
2837,1412,293,1,14978
2838,1413,724,1,21094
2839,1413,583,2,1087
2840,1414,364,1,12853
2841,1414,171,2,21079
2842,1414,685,1,3200
2843,1415,5,2,11106
2844,1416,784,2,18273
2845,1416,122,1,20718
2846,1417,674,1,17623
2847,1417,941,2,14223
2848,1417,656,2,20764
2849,1418,853,2,13623
2850,1419,110,2,18238
2851,1419,480,2,19163
2852,1420,201,1,6564
2853,1421,269,2,5054
2854,1421,393,1,6277
2855,1422,661,2,14327
2856,1423,310,1,16005
2857,1423,140,1,19159
2858,1424,213,2,13751
2859,1425,674,2,21573
2860,1425,65,2,11439
2861,1426,106,2,4199
2862,1426,625,2,24566
2863,1426,465,2,6777
2864,1427,875,2,23113
2865,1427,584,1,11677
2866,1427,528,1,12625
2867,1428,436,1,6717
2868,1428,748,1,13124
2869,1428,272,2,2365
2870,1429,129,2,12640
2871,1429,457,2,22805
2872,1429,881,1,22599
2873,1430,162,2,10791
2874,1430,322,1,5896
2875,1430,692,1,4071
2876,1431,615,2,5155
2877,1431,75,2,21561
2878,1432,451,2,13931
2879,1432,697,2,22605
2880,1433,56,1,10566
2881,1434,607,2,23886
2882,1435,341,2,6360
2883,1435,633,2,21520
2884,1435,799,1,17328
2885,1436,331,1,22096
2886,1437,392,1,15968
2887,1438,801,2,24549
2888,1438,256,2,1757
2889,1439,121,2,10941
2890,1440,673,1,24113
2891,1441,584,1,17687
2892,1441,403,1,20339
2893,1442,33,2,23964
2894,1442,210,1,16872
2895,1442,169,1,23896
2896,1443,426,2,4693
2897,1444,567,1,11615
2898,1444,905,1,7520
2899,1444,409,2,17804
2900,1445,264,1,10353
2901,1446,1,2,16368
2902,1446,399,2,15341
2903,1446,835,2,10406
2904,1447,37,2,10571
2905,1448,680,2,5305
2906,1448,534,1,23864
2907,1449,679,2,20310
2908,1449,897,2,17195
2909,1449,619,1,9872
2910,1450,960,1,9735
2911,1450,668,2,7419
2912,1451,870,2,3809
2913,1451,325,1,1580
2914,1451,543,2,18263
2915,1452,17,2,8604
2916,1452,777,1,24596
2917,1452,828,1,9832
2918,1453,551,1,10174
2919,1454,864,1,22878
2920,1454,403,1,2935
2921,1454,879,1,19493
2922,1455,504,2,12647
2923,1455,137,2,21321
2924,1455,511,2,22528
2925,1456,628,2,14582
2926,1456,853,1,15974
2927,1457,639,2,1503
2928,1458,441,2,22334
2929,1459,412,1,11637
2930,1459,383,2,13824
2931,1459,415,2,22865
2932,1460,139,1,14278
2933,1460,68,2,3493
2934,1460,445,1,7684
2935,1461,927,2,3493
2936,1461,847,2,4354
2937,1462,22,1,16873
2938,1463,61,2,22508
2939,1463,340,2,1351
2940,1463,386,1,12927
2941,1464,653,1,22092
2942,1464,130,1,23093
2943,1464,119,1,8645
2944,1465,776,1,2560
2945,1465,317,1,3014
2946,1465,573,1,9042
2947,1466,754,1,16059
2948,1466,802,1,3698
2949,1466,427,1,12537
2950,1467,729,1,14540
2951,1468,504,2,18442
2952,1469,586,1,11607
2953,1470,443,2,23885
2954,1471,532,1,1348
2955,1471,829,1,23714
2956,1471,804,2,1200
2957,1472,929,1,1213
2958,1473,261,2,5969
2959,1474,246,2,20220
2960,1475,525,1,8235
2961,1475,612,1,12191
2962,1476,790,1,7157
2963,1476,32,2,20267
2964,1477,695,2,3568
2965,1477,84,2,24313
2966,1477,989,2,21650
2967,1478,309,1,17618
2968,1478,593,1,17091
2969,1478,353,2,12423
2970,1479,155,2,20576
2971,1479,521,2,16158
2972,1480,202,1,15065
2973,1481,994,1,7551
2974,1481,356,2,17511
2975,1481,90,2,7996
2976,1482,443,2,4534
2977,1482,469,1,17394
2978,1483,187,2,6848
2979,1483,458,1,8738
2980,1484,9,1,19287
2981,1485,903,1,14590
2982,1486,265,2,16884
2983,1486,259,2,1652
2984,1486,362,2,7629
2985,1487,410,2,2094
2986,1487,856,2,2367
2987,1487,473,2,3849
2988,1488,818,2,2709
2989,1489,805,1,12913
2990,1490,99,1,13134
2991,1491,617,2,18255
2992,1491,421,1,11701
2993,1491,397,2,19259
2994,1492,355,2,14127
2995,1492,697,2,20539
2996,1493,122,2,2786
2997,1493,244,2,4674
2998,1493,975,1,3661
2999,1494,293,1,6655
3000,1495,679,1,9506
3001,1496,677,1,10029
3002,1497,677,1,9887
3003,1497,707,1,17406
3004,1497,442,2,19228
3005,1498,645,1,23713
3006,1498,558,2,17655
3007,1498,284,1,4366
3008,1499,317,1,13932
3009,1500,954,1,20921
3010,1500,733,1,5442
3011,1500,480,2,20235
3012,1501,828,1,4862
3013,1502,525,2,14487
3014,1503,772,2,20226
3015,1503,156,1,12417
3016,1503,656,1,10059
3017,1504,686,1,12271
3018,1504,756,1,7014
3019,1504,595,1,14875
3020,1505,317,1,13073
3021,1505,658,1,10944
3022,1505,388,2,21135
3023,1506,306,1,21311
3024,1506,3,2,11275
3025,1507,991,2,12031
3026,1507,774,1,20913
3027,1508,962,1,11897
3028,1508,160,2,8878
3029,1509,99,1,10032
3030,1510,81,1,19175
3031,1511,843,2,2386
3032,1511,375,1,10936
3033,1511,982,1,20553
3034,1512,227,1,19586
3035,1513,841,1,22729
3036,1513,904,2,20393
3037,1514,413,2,12806
3038,1514,83,1,2844
3039,1514,66,2,18330
3040,1515,951,2,15880
3041,1515,946,1,2620
3042,1516,322,2,19851
3043,1516,869,2,19646
3044,1516,917,2,12226
3045,1517,539,2,5047
3046,1518,715,2,3740
3047,1518,365,2,23223
3048,1519,560,1,6945
3049,1519,100,1,14438
3050,1519,6,1,22331
3051,1520,756,2,22464
3052,1520,289,1,3699
3053,1521,256,2,15085
3054,1521,751,1,12073
3055,1521,311,1,5010
3056,1522,621,2,10685
3057,1522,363,2,19984
3058,1523,800,2,16733
3059,1523,628,2,9441
3060,1524,937,2,12640
3061,1524,80,1,4788
3062,1525,652,2,4369
3063,1526,413,1,14096
3064,1526,360,1,8236
3065,1527,400,2,3898
3066,1528,799,2,8439
3067,1528,212,2,12498
3068,1529,841,1,6622
3069,1530,165,1,17946
3070,1530,29,1,18558
3071,1530,495,1,15007
3072,1531,614,1,16494
3073,1531,756,1,4465
3074,1532,114,2,3637
3075,1533,442,1,9466
3076,1534,374,1,24383
3077,1534,257,1,2356
3078,1535,252,1,1681
3079,1535,3,2,22264
3080,1536,522,1,8810
3081,1536,84,1,11984
3082,1536,994,1,1748
3083,1537,262,2,20582
3084,1538,780,2,15657
3085,1538,575,2,21700
3086,1538,213,2,18015
3087,1539,772,2,19117
3088,1539,108,2,5478
3089,1540,849,2,24490
3090,1540,733,1,12308
3091,1540,952,2,13254
3092,1541,785,2,22181
3093,1541,733,1,24514
3094,1542,773,2,16188
3095,1542,47,1,22708
3096,1543,786,1,5949
3097,1544,447,2,5405
3098,1544,567,2,927
3099,1544,159,1,12019
3100,1545,192,1,22805
3101,1545,388,1,5193
3102,1545,183,2,14121
3103,1546,602,1,1861
3104,1546,593,1,9995
3105,1547,915,2,22762
3106,1548,91,2,6541
3107,1548,867,1,18480
3108,1548,867,1,24851
3109,1549,784,2,22222
3110,1550,800,2,19277
3111,1551,675,2,11995
3112,1552,152,2,18304
3113,1552,236,1,15448
3114,1552,626,2,12714
3115,1553,399,2,13139
3116,1553,515,2,16035
3117,1554,193,2,8520
3118,1555,222,1,20632
3119,1555,657,2,2576
3120,1555,901,2,13110
3121,1556,406,2,14085
3122,1556,300,2,17626
3123,1556,876,2,3620
3124,1557,510,2,6149
3125,1557,489,2,11462
3126,1557,86,2,8588
3127,1558,335,1,15747
3128,1558,360,2,22080
3129,1559,545,2,1488
3130,1560,805,1,24666
3131,1560,209,1,1980
3132,1560,717,2,14573
3133,1561,817,2,2148
3134,1561,714,2,19121
3135,1561,760,2,21923
3136,1562,116,1,19444
3137,1562,756,1,3363
3138,1562,682,1,4758
3139,1563,474,2,20710
3140,1563,702,1,10819
3141,1563,781,1,1011
3142,1564,826,1,10566
3143,1564,651,1,7985
3144,1565,279,1,3006
3145,1565,895,1,9741
3146,1565,899,2,4351
3147,1566,909,1,2115
3148,1566,644,1,20307
3149,1566,247,2,18289
3150,1567,13,1,24036
3151,1567,668,2,3215
3152,1568,83,2,17194
3153,1568,446,2,6951
3154,1568,725,1,19940
3155,1569,257,2,18975
3156,1569,715,1,4136
3157,1570,582,2,21825
3158,1571,306,2,15150
3159,1571,290,1,12437
3160,1571,982,2,17842
3161,1572,330,1,16564
3162,1572,862,1,14767
3163,1573,791,1,15190
3164,1573,975,2,13970
3165,1573,656,1,11628
3166,1574,796,2,21498
3167,1574,392,2,5176
3168,1575,497,1,14191
3169,1575,690,2,18322
3170,1576,384,2,16685
3171,1576,746,1,15806
3172,1577,253,2,21856
3173,1578,683,2,5295
3174,1578,887,1,16004
3175,1578,34,2,4361
3176,1579,82,1,3611
3177,1579,859,1,10101
3178,1579,171,2,11146
3179,1580,518,2,2299
3180,1581,811,2,6489
3181,1582,445,2,18869
3182,1582,754,1,18714
3183,1583,945,1,10761
3184,1584,750,1,4608
3185,1584,642,2,20484
3186,1584,625,1,1615
3187,1585,403,2,14198
3188,1586,673,2,10927
3189,1586,77,2,21733
3190,1586,176,1,8437
3191,1587,818,2,14545
3192,1587,234,2,22448
3193,1588,754,2,4801
3194,1588,885,2,23238
3195,1588,942,1,8782
3196,1589,326,1,1201
3197,1589,423,2,23821
3198,1590,82,2,18927
3199,1590,16,2,22361
3200,1590,825,2,13673
3201,1591,384,2,19927
3202,1591,820,2,943
3203,1591,656,2,11477
3204,1592,321,2,23261
3205,1592,548,2,16176
3206,1592,128,1,12270
3207,1593,292,1,22403
3208,1593,256,2,6578
3209,1593,874,2,1917
3210,1594,277,2,6311
3211,1594,873,2,14419
3212,1594,255,1,9159
3213,1595,773,2,23448
3214,1595,806,1,6916
3215,1595,177,1,978
3216,1596,34,1,8799
3217,1596,612,1,8762
3218,1597,213,2,23678
3219,1598,592,2,2710
3220,1599,386,1,24152
3221,1599,152,2,8107
3222,1599,456,1,13105
3223,1600,443,2,4662
3224,1600,21,1,18035
3225,1600,327,1,2795
3226,1601,799,1,15285
3227,1601,673,2,13863
3228,1602,247,2,16302
3229,1603,802,2,5101
3230,1603,315,1,1674
3231,1603,774,1,3387
3232,1604,963,2,21078
3233,1604,510,1,10718
3234,1604,601,2,1512
3235,1605,523,1,1215
3236,1605,745,1,8919
3237,1606,554,2,10829
3238,1606,261,2,4804
3239,1606,109,1,24164
3240,1607,401,1,18464
3241,1608,428,1,23299
3242,1608,559,2,18297
3243,1608,185,1,3395
3244,1609,38,2,20849
3245,1609,424,2,24571
3246,1609,33,1,18488
3247,1610,419,2,13338
3248,1611,348,1,16823
3249,1611,641,1,8278
3250,1612,945,1,1831
3251,1613,362,1,6161
3252,1613,883,2,22275
3253,1614,354,1,12447
3254,1614,468,1,18187
3255,1615,850,1,19745
3256,1615,855,2,20633
3257,1616,112,2,19046
3258,1616,780,2,1343
3259,1616,712,2,17216
3260,1617,333,2,11771
3261,1618,922,2,17946
3262,1618,455,2,16866
3263,1618,496,1,8021
3264,1619,397,2,7663
3265,1619,334,1,19139
3266,1620,285,1,22905
3267,1620,781,2,2844
3268,1621,939,1,1884
3269,1622,227,2,19043
3270,1622,79,1,17470
3271,1623,111,2,2368
3272,1624,487,2,23209
3273,1624,308,2,22734
3274,1625,827,1,24809
3275,1625,870,2,16404
3276,1626,626,2,14459
3277,1627,696,1,9602
3278,1627,568,2,7953
3279,1628,267,2,18372
3280,1629,316,2,11858
3281,1629,71,2,21830
3282,1630,580,1,18477
3283,1631,873,2,21878
3284,1632,197,1,3444
3285,1632,920,1,8215
3286,1633,284,2,4492
3287,1633,947,1,7822
3288,1634,623,1,4683
3289,1634,671,1,4971
3290,1635,186,2,3422
3291,1636,791,2,7739
3292,1636,841,2,5147
3293,1637,754,2,24413
3294,1638,20,1,23636
3295,1638,664,1,1834
3296,1639,945,2,1092
3297,1640,298,2,17215
3298,1640,774,2,1476
3299,1640,659,1,15830
3300,1641,453,1,18690
3301,1641,576,1,15744
3302,1641,914,2,5692
3303,1642,444,1,3109
3304,1642,927,1,19436
3305,1642,713,1,14947
3306,1643,193,2,24922
3307,1644,59,1,9626
3308,1645,479,2,20200
3309,1645,620,2,17462
3310,1646,983,1,20801
3311,1647,709,1,10975
3312,1647,563,2,13085
3313,1648,826,2,9708
3314,1648,420,2,17304
3315,1648,416,1,20997
3316,1649,772,1,15216
3317,1650,679,2,16155
3318,1650,175,2,21838
3319,1651,68,1,9750
3320,1652,693,2,14065
3321,1653,533,2,4357
3322,1653,242,1,2259
3323,1654,481,2,3099
3324,1654,745,1,22835
3325,1654,789,1,1325
3326,1655,793,2,18029
3327,1656,427,2,15050
3328,1656,703,2,6948
3329,1657,972,1,23899
3330,1658,949,1,7002
3331,1659,774,1,9844
3332,1659,102,1,21250
3333,1660,529,1,20049
3334,1661,375,2,7022
3335,1661,459,2,23215
3336,1661,918,2,22092
3337,1662,624,1,960
3338,1663,998,1,22773
3339,1664,360,1,12249
3340,1664,396,1,4136
3341,1665,440,2,5576
3342,1665,895,1,15082
3343,1665,651,1,23514
3344,1666,818,1,19024
3345,1666,160,1,5449
3346,1667,754,1,932
3347,1667,863,1,11578
3348,1667,569,2,10517
3349,1668,721,2,17277
3350,1669,356,1,1438
3351,1669,419,2,13116
3352,1670,696,2,3557
3353,1670,23,1,6135
3354,1670,72,2,23909
3355,1671,130,2,4395
3356,1672,299,2,10521
3357,1672,742,2,23007
3358,1673,373,1,11757
3359,1673,718,1,17707
3360,1673,211,1,3995
3361,1674,662,1,21302
3362,1674,221,1,18556
3363,1674,594,1,24308
3364,1675,280,2,15967
3365,1675,472,2,18555
3366,1675,535,1,19351
3367,1676,730,1,11475
3368,1676,19,1,11831
3369,1676,403,2,12168
3370,1677,352,1,19450
3371,1677,426,1,12830
3372,1678,379,1,16134
3373,1679,937,2,2053
3374,1680,821,2,23579
3375,1681,545,1,8973
3376,1681,25,2,8255
3377,1681,433,2,20699
3378,1682,40,1,17669
3379,1683,138,1,24981
3380,1683,728,2,24978
3381,1683,116,1,17450
3382,1684,493,2,21444
3383,1685,560,1,21711
3384,1686,43,2,24512
3385,1686,54,2,6717
3386,1687,989,2,4260
3387,1688,268,2,11773
3388,1688,707,1,22064
3389,1689,150,2,7991
3390,1689,720,2,24843
3391,1690,776,1,5898
3392,1691,302,2,5321
3393,1691,273,2,2701
3394,1692,69,1,1471
3395,1692,282,2,13335
3396,1692,255,1,10761
3397,1693,147,1,4767
3398,1693,222,1,22670
3399,1694,258,1,1511
3400,1694,689,1,3357
3401,1694,853,2,10082
3402,1695,800,2,13971
3403,1695,536,1,10422
3404,1696,469,1,21411
3405,1696,724,1,19724
3406,1696,82,1,9383
3407,1697,556,1,6619
3408,1697,856,2,14790
3409,1698,481,1,11122
3410,1699,102,2,5407
3411,1700,414,1,8453
3412,1701,29,1,12650
3413,1701,501,1,19466
3414,1702,899,2,13020
3415,1702,557,1,17312
3416,1703,311,1,10454
3417,1703,79,1,8664
3418,1703,560,2,6287
3419,1704,154,1,14678
3420,1704,86,1,24933
3421,1705,699,2,20667
3422,1705,560,1,3723
3423,1705,438,1,15317
3424,1706,421,2,13491
3425,1707,643,1,15223
3426,1707,695,2,1092
3427,1707,346,2,13555
3428,1708,109,2,16171
3429,1709,900,2,24769
3430,1709,757,1,10169
3431,1709,856,2,12432
3432,1710,256,2,14633
3433,1710,240,1,12516
3434,1710,566,1,7126
3435,1711,392,2,21442
3436,1711,314,1,23039
3437,1711,494,2,10572
3438,1712,881,1,14319
3439,1712,960,2,17383
3440,1713,148,2,22415
3441,1714,254,1,24594
3442,1714,151,2,23023
3443,1715,631,1,12990
3444,1715,457,1,24577
3445,1716,448,2,19104
3446,1717,69,2,16576
3447,1718,863,1,17228
3448,1719,543,1,12154
3449,1719,152,1,23175
3450,1719,631,1,1208
3451,1720,250,2,6455
3452,1721,800,1,8636
3453,1722,461,2,15552
3454,1722,668,2,9879
3455,1723,927,2,8869
3456,1723,678,1,12622
3457,1724,413,2,16418
3458,1725,475,1,21975
3459,1725,696,2,6021
3460,1725,405,1,18018
3461,1726,15,2,14277
3462,1727,815,1,7506
3463,1727,959,1,5962
3464,1728,411,1,10215
3465,1729,985,1,22547
3466,1729,180,1,12697
3467,1729,462,1,18314
3468,1730,608,1,7996
3469,1731,12,1,3093
3470,1731,64,2,17675
3471,1732,470,2,15476
3472,1732,111,1,13842
3473,1733,699,2,13848
3474,1734,251,2,18823
3475,1734,337,1,16541
3476,1735,182,2,10573
3477,1736,923,2,15248
3478,1736,105,1,6633
3479,1736,467,1,23498
3480,1737,749,2,24621
3481,1738,272,1,6442
3482,1738,842,2,17240
3483,1738,927,1,18701
3484,1739,578,1,7793
3485,1739,610,2,12027
3486,1739,630,2,10967
3487,1740,328,1,16738
3488,1740,462,1,5489
3489,1741,220,2,2531
3490,1741,271,2,5555
3491,1742,35,2,22897
3492,1742,606,1,10516
3493,1743,409,1,22247
3494,1743,558,1,19162
3495,1743,129,2,8575
3496,1744,231,1,14190
3497,1745,857,1,18224
3498,1745,241,1,13934
3499,1746,10,2,9937
3500,1747,859,2,24510
3501,1747,318,1,2051
3502,1748,122,1,19946
3503,1748,559,1,3183
3504,1749,524,2,16955
3505,1750,178,2,16166
3506,1751,953,2,4136
3507,1751,821,2,16479
3508,1752,818,1,19094
3509,1752,304,2,18968
3510,1752,414,1,20160
3511,1753,671,2,18330
3512,1753,934,2,9104
3513,1754,149,2,24252
3514,1754,491,2,19693
3515,1754,445,2,17948
3516,1755,760,2,18087
3517,1755,818,1,16006
3518,1756,93,2,18172
3519,1756,325,2,11133
3520,1757,717,2,17025
3521,1757,2,1,3048
3522,1758,673,1,22694
3523,1758,316,1,4669
3524,1759,546,2,1907
3525,1759,214,2,17905
3526,1760,227,1,6613
3527,1760,531,2,13238
3528,1760,139,1,5693
3529,1761,964,1,3934
3530,1762,782,1,23790
3531,1762,728,1,5532
3532,1763,981,1,11725
3533,1764,11,1,6072
3534,1765,561,2,24521
3535,1766,38,2,14782
3536,1767,742,1,12449
3537,1767,246,1,18368
3538,1767,764,1,19365
3539,1768,199,2,14091
3540,1768,376,2,17519
3541,1769,301,2,11163
3542,1770,839,2,5595
3543,1770,546,2,4572
3544,1770,530,1,10822
3545,1771,311,1,7171
3546,1771,109,2,17686
3547,1771,534,1,15891
3548,1772,123,1,24307
3549,1772,488,2,23949
3550,1773,348,2,7229
3551,1773,642,1,18547
3552,1773,680,2,12986
3553,1774,418,1,10852
3554,1774,741,2,20752
3555,1775,111,2,1788
3556,1775,416,1,21796
3557,1775,445,1,11886
3558,1776,705,2,19828
3559,1777,554,1,24573
3560,1777,483,1,7384
3561,1778,553,1,4400
3562,1779,51,2,24456
3563,1779,498,2,1682
3564,1780,58,2,7897
3565,1780,368,2,13294
3566,1781,721,1,10791
3567,1781,810,1,15567
3568,1782,474,2,18999
3569,1782,669,1,20309
3570,1783,695,2,7336
3571,1783,904,1,12143
3572,1783,607,1,2168
3573,1784,469,2,19007
3574,1784,460,1,13150
3575,1784,219,2,16849
3576,1785,363,2,17059
3577,1785,113,2,23669
3578,1785,818,2,15410
3579,1786,9,2,12306
3580,1786,695,2,3078
3581,1786,876,1,8183
3582,1787,134,1,18787
3583,1787,680,1,20706
3584,1787,382,2,21093
3585,1788,298,1,12210
3586,1788,570,2,1179
3587,1788,394,2,14998
3588,1789,492,1,15703
3589,1789,513,1,17884
3590,1789,142,1,24948
3591,1790,131,1,8845
3592,1790,741,1,12029
3593,1790,269,1,17975
3594,1791,371,2,2180
3595,1791,329,2,10920
3596,1791,58,2,3498
3597,1792,935,2,1635
3598,1793,347,2,16743
3599,1793,463,2,20673
3600,1793,739,1,4561
3601,1794,898,1,14886
3602,1795,474,2,21955
3603,1796,160,2,9079
3604,1796,923,2,2470
3605,1796,240,1,23137
3606,1797,309,1,15267
3607,1798,285,1,3032
3608,1798,940,2,19136
3609,1798,848,2,23843
3610,1799,608,2,12827
3611,1799,683,2,6132
3612,1799,653,1,13660
3613,1800,412,2,17208
3614,1800,889,2,9883
3615,1800,10,2,13022
3616,1801,442,2,17461
3617,1801,308,2,6607
3618,1801,794,1,4138
3619,1802,214,1,20918
3620,1802,932,2,24131
3621,1803,885,2,22009
3622,1803,336,1,18098
3623,1804,248,2,5799
3624,1804,395,1,22451
3625,1804,555,2,3562
3626,1805,716,1,1539
3627,1805,601,2,13052
3628,1805,447,2,14281
3629,1806,760,1,10488
3630,1806,445,1,23176
3631,1807,381,1,2585
3632,1808,470,1,5868
3633,1808,786,1,18425
3634,1809,425,1,12542
3635,1809,177,2,1565
3636,1809,469,2,21013
3637,1810,606,2,6269
3638,1811,905,1,4335
3639,1811,283,2,15009
3640,1811,44,1,4992
3641,1812,722,2,18785
3642,1812,525,2,21925
3643,1813,550,1,16887
3644,1814,241,1,13018
3645,1814,977,2,23477
3646,1815,315,1,13738
3647,1815,303,1,24051
3648,1816,336,2,19200
3649,1816,391,1,2955
3650,1816,995,1,3406
3651,1817,484,2,17075
3652,1817,222,2,12928
3653,1818,370,2,13018
3654,1818,479,1,9273
3655,1819,293,2,14783
3656,1819,145,1,5480
3657,1819,512,2,21898
3658,1820,817,1,14954
3659,1821,774,2,17474
3660,1821,548,2,6997
3661,1821,591,1,13608
3662,1822,587,1,17350
3663,1822,254,1,14561
3664,1822,19,2,16980
3665,1823,770,1,1920
3666,1823,835,1,1531
3667,1823,207,1,7592
3668,1824,894,1,16667
3669,1824,149,1,16206
3670,1825,493,2,4994
3671,1826,925,1,22082
3672,1826,974,2,15433
3673,1827,851,1,16258
3674,1828,808,1,14294
3675,1828,705,2,24957
3676,1828,434,1,9334
3677,1829,626,2,4631
3678,1829,131,1,10990
3679,1829,122,1,16461
3680,1830,530,1,6925
3681,1831,573,1,24692
3682,1831,720,2,17850
3683,1832,551,1,3602
3684,1832,170,2,16120
3685,1832,7,2,6765
3686,1833,935,2,9321
3687,1833,305,1,22138
3688,1834,230,2,6748
3689,1834,444,2,22570
3690,1834,902,2,9264
3691,1835,742,2,15068
3692,1836,519,1,9432
3693,1836,521,2,6031
3694,1836,484,2,15899
3695,1837,787,2,900
3696,1837,114,1,7905
3697,1837,775,2,17064
3698,1838,54,2,4770
3699,1838,333,2,8901
3700,1839,398,1,7235
3701,1839,152,2,22951
3702,1839,248,1,24694
3703,1840,437,2,4384
3704,1840,404,1,10049
3705,1841,860,1,10313
3706,1841,369,2,10974
3707,1842,550,2,18461
3708,1842,408,2,4240
3709,1842,623,1,2966
3710,1843,242,1,877
3711,1843,148,2,21209
3712,1843,416,1,1239
3713,1844,818,1,24051
3714,1844,731,2,19876
3715,1844,533,1,1578
3716,1845,618,1,2907
3717,1845,840,1,14847
3718,1845,56,1,22101
3719,1846,327,2,1293
3720,1846,479,1,18078
3721,1847,161,1,21959
3722,1847,811,1,8775
3723,1848,754,2,8767
3724,1848,477,1,12702
3725,1848,788,1,2305
3726,1849,877,2,16900
3727,1849,843,2,16827
3728,1849,166,1,24644
3729,1850,633,2,6678
3730,1851,549,1,15562
3731,1852,724,2,1317
3732,1853,53,1,15407
3733,1854,181,2,7406
3734,1854,22,1,16684
3735,1854,204,2,19885
3736,1855,816,1,907
3737,1855,300,2,6293
3738,1856,693,1,9672
3739,1856,758,2,13904
3740,1856,226,1,2248
3741,1857,728,1,13079
3742,1858,695,1,20203
3743,1858,789,2,23018
3744,1858,269,1,4111
3745,1859,282,2,13921
3746,1860,907,2,7598
3747,1860,397,2,9141
3748,1861,314,2,16953
3749,1861,839,2,24903
3750,1862,662,2,4036
3751,1862,302,2,20199
3752,1862,3,2,20199
3753,1863,426,1,8136
3754,1863,693,1,17024
3755,1864,933,2,13140
3756,1864,547,2,5467
3757,1865,131,2,13739
3758,1866,521,2,22365
3759,1866,471,2,4415
3760,1867,416,1,1663
3761,1867,265,2,24143
3762,1868,348,1,4338
3763,1869,691,2,23128
3764,1869,546,2,1173
3765,1870,780,2,6436
3766,1870,973,2,17977
3767,1870,854,1,20095
3768,1871,911,2,21932
3769,1871,280,1,2660
3770,1872,670,1,23174
3771,1872,805,2,16232
3772,1873,15,2,16770
3773,1873,507,1,16681
3774,1873,329,1,7379
3775,1874,595,1,2743
3776,1874,607,2,13616
3777,1875,86,1,21214
3778,1875,455,2,12231
3779,1875,176,2,11389
3780,1876,197,2,19303
3781,1877,202,2,5634
3782,1877,483,2,22602
3783,1877,981,2,5826
3784,1878,18,1,21637
3785,1878,157,1,15925
3786,1878,341,2,5807
3787,1879,462,1,22006
3788,1880,338,2,20787
3789,1881,281,1,8809
3790,1881,12,2,20232
3791,1882,542,2,1877
3792,1882,989,1,23830
3793,1882,387,2,18062
3794,1883,786,2,6432
3795,1884,792,1,14578
3796,1885,767,1,14550
3797,1885,448,2,13534
3798,1886,303,2,5080
3799,1886,286,2,1270
3800,1887,616,1,4837
3801,1887,307,1,7697
3802,1887,282,1,3415
3803,1888,207,1,7450
3804,1888,113,1,1220
3805,1888,126,1,7615
3806,1889,836,1,20538
3807,1889,233,2,9501
3808,1889,809,2,19300
3809,1890,263,2,17103
3810,1891,37,2,9683
3811,1891,643,2,4358
3812,1891,796,2,1664
3813,1892,496,2,17437
3814,1892,6,1,7092
3815,1892,811,1,13566
3816,1893,681,1,19470
3817,1893,90,2,3927
3818,1894,913,1,7021
3819,1894,516,2,15852
3820,1894,319,1,13754
3821,1895,503,2,22370
3822,1895,722,1,16002
3823,1895,961,2,14909
3824,1896,396,2,22749
3825,1897,270,2,15054
3826,1897,704,1,9912
3827,1898,771,1,20732
3828,1899,974,2,23780
3829,1899,464,1,21924
3830,1900,732,1,21994
3831,1901,988,2,889
3832,1901,227,2,4297
3833,1901,557,1,13902
3834,1902,531,2,3197
3835,1903,142,1,15109
3836,1904,157,2,24611
3837,1905,652,1,5725
3838,1905,183,2,16340
3839,1906,215,2,18332
3840,1907,858,2,22061
3841,1908,376,2,1732
3842,1908,178,1,16579
3843,1909,503,2,22533
3844,1910,444,1,22463
3845,1910,601,2,19050
3846,1910,958,1,9217
3847,1911,231,1,3649
3848,1911,890,2,22092
3849,1912,240,2,7301
3850,1913,237,1,13127
3851,1913,914,2,7123
3852,1913,700,2,24026
3853,1914,638,2,12540
3854,1914,693,2,24876
3855,1915,833,2,12330
3856,1915,740,1,13695
3857,1915,390,2,2845
3858,1916,884,1,2823
3859,1917,427,1,9415
3860,1917,805,2,15772
3861,1917,319,1,14822
3862,1918,491,2,14960
3863,1918,221,1,12874
3864,1918,571,1,23303
3865,1919,455,2,19890
3866,1920,928,2,10979
3867,1920,669,2,15297
3868,1921,820,1,14386
3869,1921,762,1,19434
3870,1922,726,1,11888
3871,1922,976,2,23837
3872,1922,115,1,2870
3873,1923,889,1,24320
3874,1923,26,2,12575
3875,1924,455,1,14850
3876,1925,473,1,6357
3877,1925,601,2,1428
3878,1926,811,2,23326
3879,1926,186,2,2687
3880,1926,16,1,21514
3881,1927,205,1,1253
3882,1927,132,1,13910
3883,1927,569,1,2184
3884,1928,209,2,23698
3885,1928,327,1,21538
3886,1928,936,2,22008
3887,1929,386,1,16203
3888,1930,476,1,15270
3889,1931,57,2,10789
3890,1931,797,2,5628
3891,1932,272,2,13434
3892,1932,944,1,8737
3893,1932,954,2,7361
3894,1933,451,2,21077
3895,1933,733,1,16179
3896,1933,810,2,2447
3897,1934,587,1,24110
3898,1935,740,2,24102
3899,1935,879,2,18778
3900,1936,553,2,6811
3901,1936,311,2,10319
3902,1936,574,1,19227
3903,1937,287,1,4683
3904,1938,444,1,16773
3905,1939,162,1,17990
3906,1939,151,2,15366
3907,1940,418,2,20452
3908,1940,169,2,19187
3909,1941,320,2,20120
3910,1941,148,2,14092
3911,1942,233,2,13127
3912,1942,246,2,16967
3913,1942,779,2,6729
3914,1943,44,2,15930
3915,1943,73,2,5856
3916,1943,343,2,19037
3917,1944,647,1,18411
3918,1945,200,2,6257
3919,1945,219,2,8410
3920,1945,491,2,21259
3921,1946,832,2,12275
3922,1946,205,1,13063
3923,1946,259,2,21054
3924,1947,949,2,3877
3925,1947,626,1,6730
3926,1947,361,2,8648
3927,1948,147,1,13090
3928,1948,338,2,3987
3929,1949,634,2,24425
3930,1949,786,1,24303
3931,1950,482,2,7568
3932,1950,168,1,13163
3933,1950,452,1,19326
3934,1951,404,2,13968
3935,1951,455,2,1319
3936,1951,532,1,4413
3937,1952,747,2,17194
3938,1952,134,1,22667
3939,1952,465,1,20434
3940,1953,125,1,4788
3941,1954,804,1,24417
3942,1954,675,2,19216
3943,1954,89,2,8292
3944,1955,905,1,23838
3945,1955,403,2,22450
3946,1955,904,2,11130
3947,1956,841,1,10637
3948,1956,474,2,6720
3949,1957,725,1,2699
3950,1958,816,2,2230
3951,1958,842,1,12731
3952,1958,339,1,11181
3953,1959,319,1,9954
3954,1959,367,2,15585
3955,1959,826,1,16111
3956,1960,132,2,22447
3957,1960,408,1,16345
3958,1960,146,2,14691
3959,1961,763,2,21135
3960,1961,382,1,10200
3961,1961,585,2,4785
3962,1962,367,2,8067
3963,1963,92,1,14974
3964,1963,178,2,12408
3965,1964,960,1,7669
3966,1964,644,1,7007
3967,1964,193,2,12452
3968,1965,794,2,12943
3969,1966,730,1,22972
3970,1966,729,2,10135
3971,1967,171,2,6205
3972,1967,159,2,1222
3973,1967,800,1,12317
3974,1968,517,2,10882
3975,1968,259,2,20738
3976,1969,9,1,9463
3977,1969,446,1,18655
3978,1969,580,2,6003
3979,1970,688,2,11944
3980,1970,359,2,5304
3981,1970,623,2,9725
3982,1971,690,1,21528
3983,1971,831,1,14796
3984,1971,894,2,17560
3985,1972,451,2,18764
3986,1973,463,2,19032
3987,1973,534,2,6732
3988,1973,433,1,12916
3989,1974,960,2,8208
3990,1975,743,2,5158
3991,1975,387,2,18420
3992,1975,335,1,3982
3993,1976,260,1,5938
3994,1976,141,1,3269
3995,1976,148,2,1641
3996,1977,515,2,7730
3997,1977,265,2,9719
3998,1977,777,2,12208
3999,1978,524,2,3550
4000,1978,513,1,3508
4001,1978,445,2,17181
4002,1979,955,2,17619
4003,1979,383,1,2552
4004,1979,268,1,9015
4005,1980,872,1,17752
4006,1980,992,1,9862
4007,1981,937,1,6359
4008,1982,497,2,17122
4009,1982,643,1,9020
4010,1983,414,2,13913
4011,1983,569,2,19718
4012,1984,1000,2,3202
4013,1984,551,1,9475
4014,1984,11,1,2311
4015,1985,168,1,6814
4016,1985,872,2,18900
4017,1985,730,1,13322
4018,1986,639,1,9179
4019,1986,780,1,2861
4020,1987,864,1,19077
4021,1987,820,1,9434
4022,1987,408,1,20348
4023,1988,796,1,3302
4024,1988,471,1,23243
4025,1989,408,1,4243
4026,1989,693,1,1647
4027,1990,451,2,3139
4028,1990,867,1,998
4029,1990,3,2,20485
4030,1991,826,2,14712
4031,1992,819,1,8022
4032,1992,689,2,2499
4033,1992,220,2,23931
4034,1993,748,1,22828
4035,1994,445,1,20575
4036,1994,787,1,8621
4037,1994,279,2,24728
4038,1995,463,1,8201
4039,1996,39,2,23314
4040,1996,657,2,2006
4041,1996,834,1,16289
4042,1997,820,1,19527
4043,1997,696,1,24731
4044,1997,484,1,4418
4045,1998,521,2,9394
4046,1999,923,1,2277
4047,2000,407,1,8155
4048,2001,591,1,6155
4049,2001,898,1,10106
4050,2001,425,1,3726
4051,2002,707,1,18792
4052,2003,196,1,7083
4053,2003,611,1,19941
4054,2003,734,2,7915
4055,2004,60,1,10126
4056,2005,908,2,2801
4057,2005,126,1,13286
4058,2005,214,1,11026
4059,2006,82,2,5357
4060,2006,854,1,16625
4061,2007,155,1,14284
4062,2008,885,1,11760
4063,2008,768,1,24040
4064,2008,314,1,5427
4065,2009,130,2,7118
4066,2009,662,1,13096
4067,2010,334,1,5331
4068,2011,685,2,21917
4069,2011,8,1,2821
4070,2011,860,1,15361
4071,2012,57,1,12725
4072,2013,6,2,12676
4073,2013,832,2,6078
4074,2013,451,2,12522
4075,2014,143,2,8240
4076,2014,500,2,20505
4077,2014,889,1,3020
4078,2015,163,1,14668
4079,2015,375,1,3349
4080,2016,586,1,8605
4081,2016,407,1,20613
4082,2017,846,2,2340
4083,2017,387,1,8063
4084,2017,11,2,6689
4085,2018,107,2,4392
4086,2018,103,1,21175
4087,2018,334,2,24962
4088,2019,454,2,17197
4089,2019,725,2,2232
4090,2020,200,1,17925
4091,2020,275,1,9509
4092,2020,356,1,17853
4093,2021,897,1,24213
4094,2021,192,1,24247
4095,2022,491,1,882
4096,2023,46,1,22859
4097,2023,544,1,3688
4098,2024,804,2,7010
4099,2024,895,2,10921
4100,2024,736,2,11036
4101,2025,120,2,24472
4102,2026,802,1,12659
4103,2026,449,2,5149
4104,2027,94,1,21441
4105,2027,608,1,19493
4106,2027,485,2,10153
4107,2028,198,2,21840
4108,2029,977,1,12057
4109,2029,739,1,14804
4110,2029,643,2,11536
4111,2030,200,2,8050
4112,2030,457,2,3738
4113,2031,927,1,2579
4114,2031,697,1,23375
4115,2032,277,1,21574
4116,2032,907,2,13060
4117,2033,361,1,10849
4118,2033,557,1,24923
4119,2034,514,2,2759
4120,2034,150,1,6094
4121,2035,110,1,12977
4122,2035,456,1,11678
4123,2035,364,2,21396
4124,2036,485,2,13783
4125,2037,582,1,3984
4126,2037,518,1,6686
4127,2038,405,2,5074
4128,2039,914,1,7183
4129,2039,492,2,1241
4130,2040,209,1,3449
4131,2041,819,1,14368
4132,2041,829,1,15343
4133,2041,401,2,21547
4134,2042,468,1,5669
4135,2043,263,2,19428
4136,2043,23,1,19866
4137,2044,340,1,15712
4138,2044,370,1,19126
4139,2044,11,2,23972
4140,2045,308,1,10911
4141,2045,498,1,12996
4142,2045,217,2,1106
4143,2046,359,1,12948
4144,2047,17,1,24365
4145,2047,651,2,2947
4146,2048,2,2,16715
4147,2048,275,2,8282
4148,2048,437,2,16645
4149,2049,232,1,9226
4150,2049,121,1,14204
4151,2049,362,2,16683
4152,2050,625,2,10656
4153,2051,835,1,12074
4154,2051,354,1,20237
4155,2051,123,1,18892
4156,2052,387,2,3884
4157,2052,672,1,20994
4158,2052,676,1,7336
4159,2053,888,2,3101
4160,2054,739,2,21693
4161,2054,446,2,24561
4162,2054,440,1,18109
4163,2055,258,1,11312
4164,2055,203,2,22321
4165,2056,171,1,11123
4166,2057,35,1,21308
4167,2057,737,1,7534
4168,2057,497,2,22330
4169,2058,768,1,22014
4170,2058,56,1,16747
4171,2058,985,2,23376
4172,2059,643,1,22327
4173,2059,788,1,23312
4174,2060,532,2,19105
4175,2060,549,1,10899
4176,2061,282,1,11946
4177,2062,361,1,5636
4178,2062,85,2,9581
4179,2063,928,1,15870
4180,2063,640,1,20326
4181,2063,277,2,9939
4182,2064,783,1,3219
4183,2064,80,1,21609
4184,2064,422,1,7178
4185,2065,56,2,20800
4186,2065,591,2,7766
4187,2066,841,2,12207
4188,2066,327,1,17200
4189,2066,882,2,12751
4190,2067,587,2,8415
4191,2067,337,2,4153
4192,2068,400,1,3882
4193,2068,373,2,14888
4194,2069,194,1,5928
4195,2069,816,2,23432
4196,2069,852,1,24652
4197,2070,279,2,15219
4198,2071,919,2,4486
4199,2071,899,2,4801
4200,2071,231,1,9325
4201,2072,820,1,23059
4202,2072,943,2,23946
4203,2073,606,2,3044
4204,2074,743,1,2660
4205,2074,656,2,20449
4206,2074,48,1,5026
4207,2075,642,2,24429
4208,2076,3,2,16848
4209,2077,961,1,18890
4210,2078,703,2,22533
4211,2079,682,1,10439
4212,2079,466,2,6106
4213,2080,835,2,8857
4214,2080,974,2,6800
4215,2080,441,2,20219
4216,2081,956,2,15814
4217,2082,850,2,15203
4218,2082,278,2,23726
4219,2083,918,2,6497
4220,2084,845,2,20029
4221,2085,660,2,11788
4222,2085,280,1,24436
4223,2086,776,1,4573
4224,2086,534,1,20108
4225,2087,151,2,12990
4226,2087,359,1,6076
4227,2088,944,1,23257
4228,2088,976,2,16608
4229,2088,242,1,2745
4230,2089,864,1,12241
4231,2089,552,2,4617
4232,2089,880,2,4511
4233,2090,412,1,14293
4234,2091,763,1,23765
4235,2091,127,1,3074
4236,2091,232,2,15850
4237,2092,500,1,6202
4238,2092,187,2,13901
4239,2093,639,2,15391
4240,2093,229,2,14630
4241,2093,141,2,17738
4242,2094,518,1,3407
4243,2094,898,1,15801
4244,2094,179,1,13978
4245,2095,236,2,21214
4246,2095,700,1,10348
4247,2095,41,1,14898
4248,2096,537,1,8430
4249,2096,54,2,13613
4250,2097,455,1,23572
4251,2097,258,2,23094
4252,2097,206,2,4037
4253,2098,385,1,17426
4254,2098,29,2,3239
4255,2099,444,2,17599
4256,2099,825,2,3435
4257,2099,472,2,14487
4258,2100,291,2,4787
4259,2100,705,2,3153
4260,2101,239,2,3248
4261,2102,206,2,22242
4262,2102,578,1,19422
4263,2102,755,2,10892
4264,2103,279,1,24772
4265,2104,17,1,24830
4266,2104,953,1,12605
4267,2105,18,1,8292
4268,2105,641,1,7066
4269,2106,29,2,8095
4270,2107,472,2,15829
4271,2108,976,1,23054
4272,2108,363,2,12706
4273,2108,834,1,9534
4274,2109,404,2,20783
4275,2109,569,2,18563
4276,2109,816,1,2492
4277,2110,627,1,16041
4278,2110,602,2,24040
4279,2110,197,1,10159
4280,2111,992,1,24751
4281,2111,632,1,17667
4282,2111,902,1,21289
4283,2112,160,2,4209
4284,2113,797,2,10738
4285,2113,221,1,13365
4286,2114,403,1,3611
4287,2115,126,2,1278
4288,2115,830,2,8134
4289,2115,551,1,19492
4290,2116,685,2,10520
4291,2117,433,1,2459
4292,2117,52,1,23829
4293,2117,689,2,13824
4294,2118,216,2,7215
4295,2118,247,1,19432
4296,2119,499,1,12254
4297,2119,389,2,9839
4298,2120,903,1,13162
4299,2120,645,2,14167
4300,2120,480,1,13163
4301,2121,816,1,19746
4302,2121,416,1,6211
4303,2121,588,1,2678
4304,2122,593,1,16740
4305,2123,356,2,8989
4306,2123,770,2,7820
4307,2124,995,2,4294
4308,2124,141,1,15793
4309,2124,779,1,19415
4310,2125,221,1,8186
4311,2125,991,2,11858
4312,2125,773,2,21303
4313,2126,574,2,5416
4314,2127,185,2,14673
4315,2127,314,2,1922
4316,2127,426,2,17519
4317,2128,145,1,17825
4318,2129,568,1,22954
4319,2129,154,2,21260
4320,2130,526,2,2739
4321,2130,812,1,7312
4322,2130,628,2,6374
4323,2131,163,1,18449
4324,2131,620,1,24499
4325,2131,127,1,8618
4326,2132,551,2,19331
4327,2133,610,2,17397
4328,2133,624,1,13296
4329,2133,372,2,18484
4330,2134,996,2,18447
4331,2135,279,1,1964
4332,2135,514,1,9685
4333,2135,586,2,13531
4334,2136,503,1,8345
4335,2136,793,1,11461
4336,2136,606,2,13742
4337,2137,294,1,12891
4338,2137,574,1,1196
4339,2137,106,1,20728
4340,2138,691,2,21453
4341,2138,613,2,21841
4342,2139,732,1,20007
4343,2139,789,2,4416
4344,2139,87,2,9561
4345,2140,266,2,15166
4346,2140,767,1,9124
4347,2140,191,1,7635
4348,2141,528,1,16049
4349,2141,691,2,10623
4350,2142,580,1,18893
4351,2142,119,1,17888
4352,2142,44,2,22787
4353,2143,193,1,11463
4354,2144,977,1,3401
4355,2144,582,1,12690
4356,2145,217,2,19512
4357,2145,421,1,18614
4358,2145,985,1,10274
4359,2146,606,2,1289
4360,2146,771,2,8057
4361,2147,379,2,10320
4362,2148,511,2,1179
4363,2149,433,1,18039
4364,2149,354,1,13469
4365,2149,77,2,12583
4366,2150,449,2,10081
4367,2150,724,1,17996
4368,2151,523,1,15560
4369,2152,628,1,5692
4370,2153,569,1,23660
4371,2154,119,2,22446
4372,2154,413,1,8218
4373,2154,23,2,22746
4374,2155,55,1,1905
4375,2155,675,1,13819
4376,2156,880,1,3089
4377,2156,824,1,18474
4378,2157,96,1,11513
4379,2157,526,2,5095
4380,2157,912,1,9862
4381,2158,793,1,13798
4382,2158,659,1,15994
4383,2158,269,2,1010
4384,2159,312,1,11315
4385,2159,829,1,13245
4386,2160,107,1,16090
4387,2161,828,1,5839
4388,2161,752,2,5019
4389,2162,283,2,14762
4390,2162,917,2,9408
4391,2163,41,2,20861
4392,2163,52,1,2096
4393,2163,862,2,10848
4394,2164,184,2,2107
4395,2164,374,2,20895
4396,2164,285,2,22264
4397,2165,435,2,2627
4398,2165,565,2,5265
4399,2165,705,2,8794
4400,2166,398,2,3000
4401,2167,736,1,16309
4402,2167,90,1,2705
4403,2168,998,2,22972
4404,2168,518,1,22570
4405,2169,447,2,10104
4406,2169,202,1,12484
4407,2170,670,2,7371
4408,2170,931,2,16071
4409,2170,65,1,9136
4410,2171,151,1,4789
4411,2171,885,1,4543
4412,2171,566,1,9276
4413,2172,636,2,17842
4414,2172,694,2,8931
4415,2173,530,2,9965
4416,2173,609,1,6844
4417,2174,789,1,6791
4418,2174,449,2,11431
4419,2174,64,1,20413
4420,2175,704,1,2840
4421,2175,755,1,22211
4422,2175,403,1,21149
4423,2176,525,1,5477
4424,2176,190,1,9615
4425,2176,430,2,14404
4426,2177,729,2,17655
4427,2178,48,2,14234
4428,2178,538,2,8009
4429,2178,753,1,21975
4430,2179,232,2,3096
4431,2179,810,2,1271
4432,2179,564,2,5566
4433,2180,139,1,1942
4434,2181,822,2,20756
4435,2181,115,2,12868
4436,2182,365,2,13879
4437,2183,839,1,16521
4438,2184,576,2,22148
4439,2184,143,2,8639
4440,2184,409,1,2228
4441,2185,848,1,11782
4442,2185,983,1,3349
4443,2186,649,2,21458
4444,2187,256,2,13365
4445,2188,294,2,11841
4446,2188,678,2,21156
4447,2188,544,2,15228
4448,2189,366,1,23282
4449,2190,627,2,10913
4450,2190,705,2,20969
4451,2191,684,2,10738
4452,2192,609,1,15896
4453,2192,543,1,7174
4454,2193,595,1,24445
4455,2193,742,1,22261
4456,2194,210,2,21147
4457,2194,16,1,6383
4458,2195,804,1,16785
4459,2195,637,2,13789
4460,2196,43,2,12787
4461,2196,601,1,11196
4462,2196,770,1,7033
4463,2197,850,2,20871
4464,2197,247,2,17485
4465,2198,241,2,14035
4466,2198,371,1,19196
4467,2199,757,1,18114
4468,2199,974,2,18556
4469,2200,313,2,22199
4470,2201,139,2,20335
4471,2201,998,1,12747
4472,2201,554,2,5055
4473,2202,922,1,19016
4474,2203,870,2,1727
4475,2203,375,2,3038
4476,2203,347,1,23420
4477,2204,40,1,5750
4478,2204,109,1,10327
4479,2204,269,1,9286
4480,2205,276,1,2781
4481,2205,538,2,20860
4482,2205,24,2,1674
4483,2206,217,1,14084
4484,2206,606,1,8815
4485,2206,506,2,12690
4486,2207,551,1,3354
4487,2207,873,1,22228
4488,2208,66,2,11822
4489,2209,783,2,24315
4490,2209,194,1,9952
4491,2210,695,1,11047
4492,2211,611,2,7816
4493,2211,541,1,22697
4494,2212,383,2,7400
4495,2212,127,2,23971
4496,2213,481,1,13879
4497,2213,559,2,22315
4498,2213,487,1,19888
4499,2214,407,2,13507
4500,2214,507,1,13141
4501,2214,709,2,2490
4502,2215,236,1,22851
4503,2216,63,1,18249
4504,2216,792,2,21937
4505,2217,431,1,6709
4506,2217,247,2,8297
4507,2218,480,1,14656
4508,2219,889,2,19407
4509,2219,529,2,17895
4510,2219,34,1,6255
4511,2220,546,2,24613
4512,2220,180,2,20914
4513,2220,374,2,12368
4514,2221,370,1,7847
4515,2222,570,2,23639
4516,2222,491,1,10451
4517,2223,722,1,2846
4518,2223,60,1,14981
4519,2224,413,2,5097
4520,2225,733,2,8078
4521,2226,68,1,15848
4522,2227,803,1,22503
4523,2228,456,2,13692
4524,2228,759,1,20092
4525,2228,342,2,10936
4526,2229,592,1,17640
4527,2229,250,2,9828
4528,2229,275,1,22229
4529,2230,64,1,3406
4530,2231,658,2,12638
4531,2231,449,2,22792
4532,2231,329,1,10902
4533,2232,394,2,16374
4534,2232,976,1,20085
4535,2233,246,2,2624
4536,2234,396,2,19478
4537,2234,915,2,17288
4538,2234,666,1,8445
4539,2235,499,1,5564
4540,2235,524,1,22421
4541,2236,709,1,15103
4542,2237,740,2,21353
4543,2238,923,2,4444
4544,2238,263,2,15110
4545,2238,955,1,6020
4546,2239,548,1,20150
4547,2240,956,2,6490
4548,2240,450,1,11914
4549,2241,21,2,2955
4550,2242,366,2,1427
4551,2242,468,2,2720
4552,2242,466,2,13984
4553,2243,356,1,15013
4554,2243,528,2,21063
4555,2243,984,1,1812
4556,2244,84,1,23926
4557,2245,776,2,7827
4558,2245,93,1,12460
4559,2246,203,2,24276
4560,2247,753,1,16618
4561,2247,605,2,4286
4562,2247,688,1,9452
4563,2248,52,2,5381
4564,2248,365,1,22700
4565,2248,46,2,13780
4566,2249,611,1,15273
4567,2249,313,1,23234
4568,2249,722,2,11794
4569,2250,190,2,9067
4570,2251,724,2,13296
4571,2252,922,1,15377
4572,2252,379,1,20667
4573,2252,579,1,10181
4574,2253,992,1,13205
4575,2253,667,2,12192
4576,2253,282,1,23768
4577,2254,533,2,18861
4578,2255,147,1,4855
4579,2255,363,2,9742
4580,2256,441,1,17210
4581,2256,374,2,14507
4582,2256,212,1,15413
4583,2257,200,2,15374
4584,2258,754,2,801
4585,2258,951,1,7740
4586,2259,513,1,24120
4587,2259,967,1,2177
4588,2259,491,1,5025
4589,2260,188,2,1255
4590,2260,376,1,14990
4591,2261,526,2,15963
4592,2262,642,1,5396
4593,2262,307,2,1541
4594,2262,42,2,21928
4595,2263,629,2,18078
4596,2263,130,1,13087
4597,2264,290,1,4373
4598,2264,52,1,22301
4599,2264,518,2,21753
4600,2265,56,2,5563
4601,2265,730,2,7628
4602,2266,421,2,1708
4603,2266,663,1,8159
4604,2266,205,1,6754
4605,2267,478,2,9793
4606,2267,141,2,17653
4607,2268,494,1,12939
4608,2268,899,2,3270
4609,2269,940,2,10304
4610,2270,682,2,7017
4611,2270,455,2,8563
4612,2270,262,2,3558
4613,2271,773,2,17077
4614,2272,98,2,21781
4615,2273,83,2,10604
4616,2273,692,2,17446
4617,2273,455,1,15577
4618,2274,643,2,22347
4619,2275,397,1,9958
4620,2276,541,1,24226
4621,2276,680,2,23624
4622,2276,316,1,12661
4623,2277,337,2,2128
4624,2278,471,2,24185
4625,2279,935,1,9101
4626,2279,342,1,14110
4627,2279,464,1,15399
4628,2280,856,2,6760
4629,2280,330,2,23280
4630,2280,686,1,18459
4631,2281,816,2,17369
4632,2281,525,2,1886
4633,2281,286,1,1395
4634,2282,326,1,14147
4635,2283,553,2,16356
4636,2283,836,2,8825
4637,2284,472,1,10485
4638,2285,528,2,8226
4639,2285,653,1,19077
4640,2286,694,2,5617
4641,2286,360,1,6617
4642,2286,598,1,16594
4643,2287,152,1,22568
4644,2287,475,2,9462
4645,2288,569,2,4442
4646,2289,997,1,18718
4647,2289,972,2,2855
4648,2290,694,2,7055
4649,2290,757,1,16324
4650,2290,602,2,20338
4651,2291,86,1,12803
4652,2291,478,1,1227
4653,2292,738,2,3020
4654,2293,854,2,1002
4655,2294,245,2,1806
4656,2294,495,1,14226
4657,2295,454,2,11917
4658,2295,580,1,14883
4659,2295,192,2,3544
4660,2296,228,2,6968
4661,2297,520,2,18271
4662,2297,410,1,23162
4663,2297,539,2,14396
4664,2298,239,1,11423
4665,2299,614,2,20936
4666,2299,619,1,12009
4667,2300,884,1,8120
4668,2300,243,2,4026
4669,2301,413,2,4413
4670,2301,313,1,22092
4671,2301,713,1,23504
4672,2302,155,1,1927
4673,2302,667,2,22778
4674,2303,922,1,5415
4675,2303,798,2,6225
4676,2304,750,2,10167
4677,2305,561,2,16052
4678,2306,889,1,22400
4679,2306,769,2,20014
4680,2306,39,1,19815
4681,2307,879,1,5127
4682,2307,252,1,7269
4683,2308,76,1,20276
4684,2308,289,1,7533
4685,2308,670,2,12215
4686,2309,894,1,21678
4687,2310,246,1,23456
4688,2310,941,1,6307
4689,2311,894,2,932
4690,2311,714,1,10922
4691,2311,13,1,22644
4692,2312,678,2,6049
4693,2312,907,2,23367
4694,2313,231,2,9156
4695,2313,550,2,13226
4696,2314,382,2,19073
4697,2315,405,1,2933
4698,2316,162,2,9189
4699,2316,402,1,2473
4700,2316,840,2,21379
4701,2317,239,2,2282
4702,2317,886,2,7292
4703,2317,647,2,18021
4704,2318,530,2,2448
4705,2318,994,1,18574
4706,2319,352,1,11616
4707,2320,196,1,12358
4708,2321,507,2,3204
4709,2321,60,1,6096
4710,2321,489,1,13041
4711,2322,277,2,19933
4712,2322,770,1,6941
4713,2323,48,2,6786
4714,2323,65,1,21182
4715,2323,315,1,1871
4716,2324,829,2,898
4717,2325,755,1,20793
4718,2325,266,1,9493
4719,2325,670,1,6060
4720,2326,776,1,19871
4721,2326,531,1,18878
4722,2327,697,1,24076
4723,2327,501,2,15234
4724,2328,887,1,23169
4725,2329,733,1,8034
4726,2330,225,1,20859
4727,2331,271,2,24078
4728,2332,55,1,12507
4729,2332,969,2,6993
4730,2332,527,2,11496
4731,2333,833,2,7154
4732,2333,61,2,18393
4733,2333,664,2,24055
4734,2334,309,2,24907
4735,2334,652,2,15648
4736,2335,759,1,9499
4737,2335,599,2,5737
4738,2335,697,1,10400
4739,2336,466,2,1760
4740,2336,978,2,22868
4741,2337,934,1,3503
4742,2337,600,1,24503
4743,2338,92,2,19360
4744,2338,967,1,5768
4745,2339,805,2,4082
4746,2339,502,1,1286
4747,2340,149,1,5118
4748,2340,379,1,2055
4749,2341,10,2,18736
4750,2341,276,2,3247
4751,2341,727,2,17461
4752,2342,153,2,9464
4753,2342,362,2,23237
4754,2343,658,2,21672
4755,2343,726,2,15751
4756,2344,275,2,16352
4757,2345,502,1,7323
4758,2346,285,1,2791
4759,2346,314,1,21092
4760,2347,776,1,1744
4761,2347,444,2,24788
4762,2347,86,1,8772
4763,2348,877,1,5986
4764,2349,533,2,10993
4765,2349,915,1,17321
4766,2349,691,1,8990
4767,2350,222,2,13057
4768,2351,740,1,22438
4769,2352,378,1,1130
4770,2353,977,1,15341
4771,2353,524,2,21786
4772,2354,269,2,20566
4773,2354,133,2,24972
4774,2355,686,2,12986
4775,2355,849,1,12874
4776,2356,961,1,8320
4777,2356,19,2,14328
4778,2356,444,2,11367
4779,2357,688,2,9783
4780,2358,428,2,1587
4781,2359,635,2,19819
4782,2359,698,1,22455
4783,2359,931,1,2185
4784,2360,710,1,1326
4785,2361,315,1,12187
4786,2361,870,1,19097
4787,2362,221,2,23359
4788,2362,693,1,19736
4789,2363,770,1,15925
4790,2363,200,1,5488
4791,2363,407,2,24284
4792,2364,352,1,14588
4793,2364,752,2,23445
4794,2365,147,2,19141
4795,2366,708,1,7228
4796,2367,426,1,5533
4797,2367,982,2,15906
4798,2368,463,1,8204
4799,2368,88,1,9805
4800,2369,367,2,1891
4801,2369,397,1,5495
4802,2370,42,2,4027
4803,2370,780,1,5868
4804,2371,419,2,3685
4805,2371,157,1,8583
4806,2371,643,2,10836
4807,2372,880,2,2192
4808,2373,13,1,18069
4809,2374,901,2,11961
4810,2374,199,1,3809
4811,2374,114,2,22686
4812,2375,231,2,9057
4813,2376,633,1,24613
4814,2377,385,1,14685
4815,2377,521,1,3319
4816,2378,618,1,19843
4817,2378,233,2,8783
4818,2378,434,1,5754
4819,2379,34,1,6467
4820,2379,889,1,14711
4821,2379,444,2,23030
4822,2380,244,2,8219
4823,2380,479,1,22666
4824,2380,23,2,12690
4825,2381,497,2,19156
4826,2381,559,1,7371
4827,2381,247,2,12557
4828,2382,42,2,5814
4829,2382,148,1,3365
4830,2383,232,2,3969
4831,2383,497,2,22315
4832,2384,355,1,15679
4833,2384,514,1,24908
4834,2384,623,1,19420
4835,2385,265,2,3697
4836,2385,342,1,6571
4837,2386,108,1,9947
4838,2386,511,1,12405
4839,2386,284,2,9164
4840,2387,37,1,24709
4841,2388,971,2,11230
4842,2389,300,2,24548
4843,2390,839,2,2675
4844,2390,574,2,2817
4845,2391,948,1,11244
4846,2392,1,2,24204
4847,2392,134,1,11015
4848,2392,82,2,12180
4849,2393,872,1,16345
4850,2394,393,1,12954
4851,2394,196,2,15779
4852,2394,58,2,7740
4853,2395,447,1,3403
4854,2395,433,1,9403
4855,2395,120,1,14223
4856,2396,817,2,22427
4857,2396,628,1,21105
4858,2396,345,2,24766
4859,2397,68,2,4247
4860,2398,328,2,20442
4861,2398,702,1,24348
4862,2399,7,2,2163
4863,2399,440,2,6286
4864,2399,404,1,12876
4865,2400,862,2,1779
4866,2400,306,1,17472
4867,2400,789,2,19204
4868,2401,167,2,7999
4869,2401,970,2,11019
4870,2402,753,1,20489
4871,2403,838,1,6552
4872,2403,699,1,12026
4873,2404,990,2,24371
4874,2404,928,2,15391
4875,2404,244,1,14708
4876,2405,913,2,6816
4877,2405,905,1,15217
4878,2406,751,2,15139
4879,2406,675,2,12181
4880,2406,156,2,12199
4881,2407,443,1,13983
4882,2407,161,1,843
4883,2407,32,2,14839
4884,2408,365,1,13121
4885,2408,999,1,14408
4886,2409,713,1,17308
4887,2410,387,2,9961
4888,2410,739,2,15867
4889,2410,665,2,20998
4890,2411,329,2,15651
4891,2412,91,2,5427
4892,2413,140,2,17807
4893,2413,438,1,16547
4894,2414,937,1,21667
4895,2414,695,1,12271
4896,2415,502,1,13384
4897,2415,208,1,4589
4898,2415,29,2,22572
4899,2416,782,2,8033
4900,2416,963,2,16719
4901,2416,679,1,7554
4902,2417,917,1,9268
4903,2418,425,2,4585
4904,2419,756,1,5933
4905,2419,264,2,10958
4906,2419,165,2,17262
4907,2420,396,1,19465
4908,2420,156,1,9940
4909,2421,445,1,20325
4910,2421,272,1,16017
4911,2422,7,1,2586
4912,2423,334,1,1844
4913,2423,919,1,16070
4914,2424,590,2,14999
4915,2424,755,2,891
4916,2425,250,2,11916
4917,2425,873,2,15667
4918,2426,681,2,11247
4919,2426,349,1,10947
4920,2426,584,1,7055
4921,2427,423,2,3255
4922,2427,377,2,19722
4923,2428,235,2,4751
4924,2428,402,2,22827
4925,2428,789,1,3696
4926,2429,578,1,873
4927,2430,943,2,7770
4928,2431,797,2,6558
4929,2431,323,1,1899
4930,2431,428,2,16737
4931,2432,401,1,20187
4932,2432,995,1,8130
4933,2433,560,1,11021
4934,2433,594,2,4853
4935,2433,906,2,7094
4936,2434,976,2,9246
4937,2434,702,2,17109
4938,2434,936,2,5089
4939,2435,782,2,6524
4940,2435,939,2,21603
4941,2436,875,2,3193
4942,2436,277,2,5789
4943,2437,548,2,13335
4944,2437,465,2,861
4945,2438,834,2,22591
4946,2438,505,2,9294
4947,2438,412,1,10654
4948,2439,33,1,22216
4949,2439,428,1,4889
4950,2440,141,2,17007
4951,2441,618,2,1768
4952,2441,498,1,19420
4953,2442,588,1,23837
4954,2443,33,2,10177
4955,2443,681,2,22944
4956,2444,868,2,24157
4957,2445,266,1,19716
4958,2446,556,2,15290
4959,2447,630,2,1049
4960,2447,389,2,22431
4961,2448,497,1,19191
4962,2448,870,1,20184
4963,2448,187,1,13776
4964,2449,300,1,1743
4965,2449,545,2,4155
4966,2449,862,1,18956
4967,2450,246,2,3222
4968,2450,945,2,14100
4969,2451,578,2,14223
4970,2451,722,2,6245
4971,2451,945,1,12155
4972,2452,533,1,11163
4973,2452,72,1,23644
4974,2453,286,1,24325
4975,2453,200,1,21213
4976,2454,136,2,15548
4977,2454,484,1,24528
4978,2454,291,1,8986
4979,2455,507,1,21697
4980,2455,291,1,19891
4981,2455,311,2,19821
4982,2456,520,1,10718
4983,2456,584,1,11424
4984,2456,968,2,2991
4985,2457,134,1,16720
4986,2457,434,1,15118
4987,2457,865,1,19421
4988,2458,51,2,9016
4989,2458,948,1,19881
4990,2459,339,2,20350
4991,2459,269,1,12695
4992,2459,725,1,17966
4993,2460,186,1,10874
4994,2460,82,2,2471
4995,2461,764,1,9163
4996,2461,342,2,20011
4997,2462,358,2,11601
4998,2462,521,2,22177
4999,2462,561,2,2768
5000,2463,11,1,13053
5001,2463,733,2,19083
5002,2463,581,1,14005
5003,2464,909,1,21351
5004,2465,738,2,16968
5005,2465,652,1,8904
5006,2466,29,2,10444
5007,2466,655,1,2403
5008,2466,720,1,12659
5009,2467,851,1,9929
5010,2468,839,1,19378
5011,2468,876,1,10399
5012,2469,977,2,7922
5013,2469,910,1,1728
5014,2469,188,1,4568
5015,2470,16,2,10680
5016,2470,707,2,23839
5017,2470,103,2,3892
5018,2471,436,1,23205
5019,2471,542,2,5405
5020,2471,505,1,21898
5021,2472,335,1,16809
5022,2473,946,1,4446
5023,2473,523,2,6833
5024,2474,599,1,8613
5025,2474,639,1,10678
5026,2474,982,2,16787
5027,2475,968,2,1323
5028,2475,456,2,18281
5029,2475,908,2,2007
5030,2476,318,2,10573
5031,2477,377,2,1958
5032,2478,536,1,17439
5033,2478,224,1,1778
5034,2478,193,1,7600
5035,2479,482,2,4969
5036,2480,344,2,18817
5037,2480,731,1,15050
5038,2481,427,1,6351
5039,2482,909,1,15886
5040,2482,847,1,4305
5041,2483,466,2,7213
5042,2483,220,2,15217
5043,2484,538,2,11533
5044,2485,638,2,16817
5045,2485,399,1,3992
5046,2485,584,2,15145
5047,2486,458,2,24083
5048,2486,904,1,15757
5049,2487,442,1,24244
5050,2488,923,2,24849
5051,2489,59,2,2041
5052,2489,511,2,24992
5053,2489,936,1,17182
5054,2490,880,1,5684
5055,2490,747,1,7115
5056,2490,463,2,15272
5057,2491,452,1,10556
5058,2492,942,2,20166
5059,2492,155,2,12810
5060,2492,351,1,18621
5061,2493,197,1,8075
5062,2493,983,2,9768
5063,2493,491,2,10250
5064,2494,480,2,19959
5065,2494,733,1,6838
5066,2495,313,1,22440
5067,2495,763,1,23879
5068,2495,519,2,10813
5069,2496,43,2,4141
5070,2496,758,2,5133
5071,2497,481,2,4003
5072,2497,776,1,3251
5073,2498,706,1,7084
5074,2498,860,2,15939
5075,2498,735,2,8788
5076,2499,94,2,12985
5077,2499,562,1,18367
5078,2500,196,2,19520
5079,2501,253,2,19315
5080,2502,16,1,1286
5081,2503,862,1,19258
5082,2503,561,1,23548
5083,2503,883,2,24705
5084,2504,885,1,24851
5085,2505,98,2,8530
5086,2506,628,2,1093
5087,2507,552,1,12335
5088,2508,190,2,2208
5089,2509,784,1,16940
5090,2510,165,2,11425
5091,2510,814,1,6577
5092,2510,69,1,1699
5093,2511,557,2,18436
5094,2512,252,2,16273
5095,2512,266,2,16020
5096,2513,402,2,3591
5097,2514,799,2,6785
5098,2515,898,1,17757
5099,2515,176,1,15697
5100,2515,842,2,22658
5101,2516,56,1,13861
5102,2516,13,1,13326
5103,2516,220,1,8095
5104,2517,602,2,22209
5105,2518,227,2,6994
5106,2518,153,2,16145
5107,2518,624,1,18509
5108,2519,712,2,5706
5109,2519,269,2,4020
5110,2520,156,1,21409
5111,2520,655,1,3484
5112,2520,316,2,7485
5113,2521,546,2,16960
5114,2521,431,1,1595
5115,2521,275,2,13766
5116,2522,302,1,20917
5117,2523,190,2,13167
5118,2523,731,2,7841
5119,2524,698,1,20100
5120,2524,659,2,1050
5121,2524,614,1,19783
5122,2525,838,1,24276
5123,2526,675,2,1028
5124,2526,613,1,10416
5125,2527,301,1,19704
5126,2527,373,1,19415
5127,2527,544,2,19080
5128,2528,564,1,2478
5129,2529,692,1,15788
5130,2529,148,1,10867
5131,2530,185,2,17687
5132,2531,389,1,6566
5133,2532,626,1,24257
5134,2532,82,1,7670
5135,2533,915,1,18402
5136,2533,286,2,10109
5137,2534,95,2,2872
5138,2534,607,2,16835
5139,2534,945,1,5072
5140,2535,401,1,9798
5141,2535,10,2,4430
5142,2536,766,2,23722
5143,2536,923,1,24980
5144,2537,306,2,13802
5145,2538,88,1,4467
5146,2539,242,1,3111
5147,2539,89,1,24415
5148,2539,863,1,24843
5149,2540,609,2,7938
5150,2540,558,1,12354
5151,2541,289,1,9134
5152,2541,213,1,13830
5153,2542,344,1,4675
5154,2542,599,1,11674
5155,2543,694,1,8307
5156,2543,853,2,8218
5157,2544,757,2,17903
5158,2544,633,1,19443
5159,2545,377,1,4992
5160,2546,973,2,7652
5161,2546,281,2,5829
5162,2546,779,2,4774
5163,2547,366,1,7096
5164,2548,948,1,3157
5165,2548,257,1,6867
5166,2548,652,1,10221
5167,2549,3,2,13941
5168,2549,827,2,7428
5169,2550,278,2,14673
5170,2551,512,2,3582
5171,2551,331,1,19058
5172,2552,259,1,11003
5173,2553,789,2,9015
5174,2553,496,1,15438
5175,2554,900,2,19027
5176,2554,764,1,23853
5177,2555,872,1,8121
5178,2556,257,2,11361
5179,2557,940,1,11871
5180,2557,696,1,17505
5181,2558,238,1,7863
5182,2558,538,1,6468
5183,2558,341,1,22317
5184,2559,446,2,15071
5185,2560,822,1,23390
5186,2561,358,1,5351
5187,2561,946,2,16275
5188,2562,682,2,23326
5189,2563,406,1,2569
5190,2564,722,1,4260
5191,2564,478,2,23486
5192,2564,864,1,11648
5193,2565,731,2,7213
5194,2565,747,1,12496
5195,2565,238,1,1107
5196,2566,639,1,17056
5197,2566,418,1,1344
5198,2566,489,1,20705
5199,2567,563,2,8772
5200,2568,642,1,6089
5201,2569,860,2,9423
5202,2570,873,2,13165
5203,2571,260,2,19125
5204,2571,536,1,18056
5205,2571,888,2,22630
5206,2572,373,2,10459
5207,2572,569,2,1947
5208,2573,798,2,19592
5209,2573,550,2,19453
5210,2573,171,1,9180
5211,2574,700,1,22166
5212,2574,930,2,21822
5213,2575,819,2,12406
5214,2575,496,2,16707
5215,2575,246,2,16227
5216,2576,795,1,7437
5217,2576,427,1,20601
5218,2577,289,1,17553
5219,2577,297,1,10483
5220,2578,37,1,16564
5221,2578,614,1,10848
5222,2578,612,2,6624
5223,2579,981,1,7733
5224,2579,581,1,8149
5225,2580,483,2,12271
5226,2581,285,2,4307
5227,2581,781,1,20387
5228,2581,268,1,14539
5229,2582,663,2,20286
5230,2583,809,2,17619
5231,2584,395,2,5184
5232,2585,229,2,7329
5233,2585,608,2,9681
5234,2585,394,1,16077
5235,2586,326,2,19918
5236,2586,118,2,20408
5237,2586,755,1,19295
5238,2587,548,1,18852
5239,2587,984,1,7561
5240,2588,956,1,24038
5241,2588,957,1,6486
5242,2588,381,1,23724
5243,2589,928,2,3837
5244,2590,705,1,24156
5245,2590,235,1,5558
5246,2591,724,2,10246
5247,2592,613,2,10680
5248,2592,582,2,4683
5249,2593,331,1,7053
5250,2593,118,2,8359
5251,2593,295,1,15047
5252,2594,997,2,2724
5253,2594,588,2,19844
5254,2594,573,2,19891
5255,2595,956,2,23408
5256,2596,349,1,8433
5257,2596,758,1,24394
5258,2596,65,2,7048
5259,2597,678,2,13210
5260,2597,860,1,14621
5261,2598,479,1,6067
5262,2598,965,1,21519
5263,2598,75,1,19183
5264,2599,870,1,4639
5265,2600,904,2,22479
5266,2600,707,2,8077
5267,2600,225,1,11898
5268,2601,976,2,9313
5269,2601,207,1,16200
5270,2602,540,1,17215
5271,2602,42,2,4957
5272,2603,207,1,17658
5273,2603,435,2,22575
5274,2604,14,2,18218
5275,2605,69,2,14123
5276,2606,607,1,4775
5277,2606,985,1,2215
5278,2607,444,1,16227
5279,2608,346,1,12352
5280,2608,830,2,14801
5281,2608,96,1,15082
5282,2609,279,2,15620
5283,2609,242,1,18017
5284,2610,61,1,16824
5285,2610,930,2,4891
5286,2611,610,1,2754
5287,2611,486,2,4328
5288,2611,117,2,4504
5289,2612,66,1,8000
5290,2612,393,2,15420
5291,2612,273,2,13054
5292,2613,326,2,15577
5293,2613,116,2,13430
5294,2613,777,2,20532
5295,2614,255,1,12908
5296,2614,541,2,6085
5297,2614,231,2,22228
5298,2615,118,2,3485
5299,2616,850,1,19933
5300,2616,100,1,12440
5301,2617,455,2,6581
5302,2617,179,2,17887
5303,2618,827,2,10347
5304,2618,776,2,10338
5305,2619,232,1,2527
5306,2620,287,1,8715
5307,2621,528,1,21965
5308,2621,530,2,1446
5309,2621,18,2,3895
5310,2622,558,2,2922
5311,2623,493,1,8372
5312,2623,946,1,3047
5313,2624,132,2,993
5314,2625,101,1,12141
5315,2625,217,2,24581
5316,2625,751,1,3028
5317,2626,810,1,21952
5318,2627,480,1,19199
5319,2627,244,1,15237
5320,2627,264,1,15873
5321,2628,636,1,4987
5322,2628,101,1,24745
5323,2628,455,2,9501
5324,2629,902,2,20403
5325,2630,299,2,3632
5326,2631,625,1,20426
5327,2631,252,1,3414
5328,2631,981,1,13618
5329,2632,254,2,1263
5330,2632,815,2,22866
5331,2633,227,2,1117
5332,2634,350,1,17032
5333,2635,548,2,24772
5334,2635,337,2,23111
5335,2636,440,1,12362
5336,2636,260,1,18998
5337,2636,252,1,9204
5338,2637,405,1,24583
5339,2637,142,2,24954
5340,2638,571,1,6482
5341,2638,244,2,23217
5342,2639,30,2,19601
5343,2639,243,1,9877
5344,2639,645,2,21045
5345,2640,106,2,11208
5346,2640,37,2,1811
5347,2641,572,1,10071
5348,2641,696,1,6380
5349,2641,12,2,24117
5350,2642,368,2,12510
5351,2642,953,1,4312
5352,2642,33,2,14749
5353,2643,847,1,4339
5354,2644,804,2,18890
5355,2645,989,1,19195
5356,2645,584,2,5257
5357,2646,740,1,17095
5358,2647,161,2,14753
5359,2647,503,2,2911
5360,2648,852,2,6675
5361,2648,909,2,16539
5362,2649,74,2,1849
5363,2649,236,2,8817
5364,2649,547,1,17869
5365,2650,380,1,6687
5366,2650,30,1,6078
5367,2650,658,1,15455
5368,2651,580,1,7042
5369,2651,205,1,3783
5370,2651,851,2,1790
5371,2652,421,1,24646
5372,2652,737,1,2737
5373,2653,665,1,3597
5374,2654,442,1,18715
5375,2654,449,1,1704
5376,2655,616,2,21729
5377,2655,974,2,13025
5378,2656,381,2,4891
5379,2656,837,2,16471
5380,2657,69,2,12909
5381,2658,420,1,22339
5382,2658,959,2,7099
5383,2658,993,1,5851
5384,2659,650,1,24920
5385,2659,693,2,9561
5386,2660,125,1,14384
5387,2660,655,1,9897
5388,2660,397,1,11918
5389,2661,770,2,24050
5390,2662,921,2,1341
5391,2662,802,2,15766
5392,2662,291,2,6460
5393,2663,199,1,17281
5394,2663,314,1,13520
5395,2663,287,1,8096
5396,2664,744,1,8971
5397,2664,808,1,8913
5398,2665,575,1,1178
5399,2666,489,1,14716
5400,2666,422,2,15308
5401,2666,50,1,18842
5402,2667,290,1,9044
5403,2668,358,2,17398
5404,2668,48,2,24503
5405,2668,858,2,9720
5406,2669,842,1,18432
5407,2669,788,2,8254
5408,2669,612,2,20532
5409,2670,757,1,18539
5410,2671,375,1,8795
5411,2671,754,1,10468
5412,2671,456,2,18394
5413,2672,379,1,8022
5414,2672,29,1,24408
5415,2672,390,2,20403
5416,2673,81,2,5128
5417,2673,71,1,4117
5418,2674,23,2,14439
5419,2675,902,2,4654
5420,2675,691,2,3629
5421,2676,317,2,21385
5422,2676,449,2,12776
5423,2676,616,2,20045
5424,2677,970,2,21294
5425,2677,266,1,17601
5426,2678,303,2,5812
5427,2678,992,1,1678
5428,2679,276,1,2626
5429,2679,133,1,3427
5430,2680,570,2,15476
5431,2680,541,2,4923
5432,2681,494,2,3183
5433,2681,612,1,11124
5434,2681,529,1,22599
5435,2682,617,2,24606
5436,2683,570,1,3043
5437,2683,973,2,23617
5438,2684,548,1,6503
5439,2684,914,2,1292
5440,2685,308,2,12191
5441,2686,517,1,21072
5442,2686,837,1,14231
5443,2687,96,2,18671
5444,2687,264,1,2898
5445,2688,393,2,12400
5446,2689,528,2,6922
5447,2689,9,2,19858
5448,2689,67,2,4593
5449,2690,912,2,20139
5450,2690,415,2,14222
5451,2690,269,1,1736
5452,2691,200,1,16522
5453,2692,967,1,11048
5454,2692,308,1,9285
5455,2692,777,2,7877
5456,2693,568,2,23172
5457,2694,364,2,2662
5458,2694,174,2,15755
5459,2695,449,2,10968
5460,2695,946,1,17607
5461,2696,35,1,1155
5462,2697,228,2,2518
5463,2697,720,1,2968
5464,2697,749,1,13208
5465,2698,640,1,23059
5466,2699,498,2,12395
5467,2699,287,1,15900
5468,2700,678,1,15223
5469,2700,18,2,23429
5470,2701,778,1,13118
5471,2701,543,2,14173
5472,2702,104,2,2508
5473,2702,443,2,20369
5474,2702,867,2,9752
5475,2703,960,1,18385
5476,2703,232,2,18958
5477,2703,74,1,12677
5478,2704,102,2,8766
5479,2704,762,2,12895
5480,2704,867,1,11505
5481,2705,397,2,5487
5482,2706,658,1,17124
5483,2706,59,2,10619
5484,2706,871,2,2357
5485,2707,913,2,1011
5486,2707,300,1,6125
5487,2708,97,2,11956
5488,2708,268,2,23195
5489,2709,923,2,11147
5490,2709,72,1,7260
5491,2709,358,2,13720
5492,2710,455,2,12056
5493,2710,534,2,4822
5494,2710,633,2,7555
5495,2711,461,2,12606
5496,2711,697,1,5524
5497,2711,33,2,6974
5498,2712,692,2,5445
5499,2712,772,2,8718
5500,2712,216,2,1346
5501,2713,4,2,14941
5502,2714,164,2,20319
5503,2714,228,1,2333
5504,2715,358,2,18364
5505,2716,638,2,6775
5506,2716,621,2,6694
5507,2717,302,1,15259
5508,2717,852,2,20041
5509,2717,571,1,12405
5510,2718,692,1,1875
5511,2718,570,1,928
5512,2719,66,1,6823
5513,2719,230,1,6094
5514,2720,866,1,8272
5515,2720,440,2,18944
5516,2721,858,1,8294
5517,2722,471,1,5519
5518,2722,848,1,2976
5519,2722,233,1,8604
5520,2723,555,1,23381
5521,2724,900,2,23202
5522,2724,568,2,24786
5523,2725,928,2,8081
5524,2725,610,1,22154
5525,2725,814,2,14078
5526,2726,313,1,998
5527,2726,499,2,16332
5528,2726,683,1,1625
5529,2727,25,1,14433
5530,2727,950,2,14530
5531,2727,113,1,23100
5532,2728,733,1,18590
5533,2729,395,2,9736
5534,2729,545,1,19556
5535,2729,978,2,24222
5536,2730,130,1,8032
5537,2731,604,2,22606
5538,2731,94,1,16319
5539,2732,57,1,21213
5540,2733,931,1,23115
5541,2733,510,2,8422
5542,2733,938,2,15583
5543,2734,335,1,18425
5544,2734,425,2,12377
5545,2735,660,1,19615
5546,2735,402,2,16666
5547,2736,66,1,19286
5548,2736,45,2,3093
5549,2737,764,2,18589
5550,2737,414,2,17176
5551,2737,589,1,11920
5552,2738,944,1,10653
5553,2738,215,1,19083
5554,2739,372,2,1183
5555,2739,169,1,17963
5556,2740,434,1,4155
5557,2741,184,1,19739
5558,2742,770,2,5862
5559,2743,659,2,11656
5560,2743,284,1,2370
5561,2743,552,1,19667
5562,2744,855,1,18222
5563,2744,172,1,14367
5564,2744,935,2,23974
5565,2745,303,1,17369
5566,2746,190,1,11685
5567,2746,26,1,2451
5568,2746,288,2,5051
5569,2747,506,1,6802
5570,2748,270,2,23640
5571,2748,925,2,22565
5572,2749,368,1,3976
5573,2750,104,1,18985
5574,2751,901,2,20104
5575,2752,153,2,3863
5576,2753,345,2,4179
5577,2754,580,1,878
5578,2754,508,1,5306
5579,2755,660,2,21429
5580,2756,304,1,23068
5581,2756,59,2,1197
5582,2756,105,2,22948
5583,2757,310,2,12426
5584,2758,489,2,20992
5585,2758,721,2,24245
5586,2758,92,2,1202
5587,2759,572,1,11792
5588,2759,911,1,17806
5589,2759,804,1,6956
5590,2760,358,1,13510
5591,2761,167,1,20683
5592,2762,422,2,7158
5593,2762,628,2,19735
5594,2762,775,1,18960
5595,2763,598,2,5148
5596,2763,263,2,24435
5597,2764,526,2,1149
5598,2765,430,1,21381
5599,2766,499,1,15623
5600,2766,180,2,13834
5601,2767,685,2,21914
5602,2767,158,1,15315
5603,2767,362,2,1319
5604,2768,458,2,8459
5605,2768,920,2,14137
5606,2769,512,1,6095
5607,2770,416,1,13307
5608,2770,97,2,2870
5609,2771,195,2,10048
5610,2771,695,2,1984
5611,2772,511,2,6742
5612,2772,518,2,5899
5613,2773,975,1,19914
5614,2774,101,2,9415
5615,2774,480,2,14383
5616,2774,691,1,15904
5617,2775,627,2,12508
5618,2775,452,2,17101
5619,2776,752,1,1718
5620,2777,563,2,21778
5621,2778,395,2,10352
5622,2778,540,1,2087
5623,2779,852,1,7468
5624,2779,435,2,2676
5625,2779,805,2,9724
5626,2780,924,1,6488
5627,2780,917,2,4853
5628,2781,323,2,18793
5629,2781,582,2,14092
5630,2782,212,2,23562
5631,2782,726,2,3543
5632,2782,201,1,13708
5633,2783,430,2,24711
5634,2783,998,1,16410
5635,2784,540,1,9477
5636,2785,136,2,18266
5637,2785,55,1,23145
5638,2785,347,1,1743
5639,2786,765,2,14664
5640,2787,561,1,21287
5641,2788,316,1,1367
5642,2789,450,2,24066
5643,2790,206,1,19552
5644,2790,909,1,18921
5645,2790,73,2,19088
5646,2791,905,2,16310
5647,2791,614,1,23442
5648,2792,219,1,15667
5649,2792,983,2,15530
5650,2792,238,1,17318
5651,2793,483,1,14446
5652,2794,716,1,14366
5653,2794,707,2,14415
5654,2794,963,2,6385
5655,2795,644,2,21534
5656,2796,502,1,21641
5657,2796,492,2,21557
5658,2797,773,1,3612
5659,2798,55,2,9797
5660,2798,743,2,14982
5661,2799,233,2,22952
5662,2799,661,1,10670
5663,2799,796,1,10374
5664,2800,360,1,5525
5665,2800,763,2,23644
5666,2801,516,2,15798
5667,2802,251,1,18685
5668,2803,270,2,15020
5669,2803,206,1,9846
5670,2803,535,1,22844
5671,2804,963,1,23912
5672,2805,834,1,14467
5673,2806,239,2,2548
5674,2807,783,1,18544
5675,2807,377,2,5068
5676,2808,382,1,24351
5677,2809,400,2,8238
5678,2809,997,2,1438
5679,2810,46,1,3357
5680,2810,953,2,8740
5681,2810,994,1,2424
5682,2811,515,2,20350
5683,2811,98,2,24962
5684,2811,489,2,9896
5685,2812,740,2,1326
5686,2812,372,1,2579
5687,2812,978,1,18829
5688,2813,524,1,24963
5689,2813,471,1,11045
5690,2813,681,1,1617
5691,2814,195,2,1162
5692,2814,763,2,22347
5693,2815,873,2,19334
5694,2816,229,1,10120
5695,2817,705,2,12519
5696,2817,241,2,1473
5697,2818,869,1,14526
5698,2818,728,2,1790
5699,2818,659,1,6386
5700,2819,125,1,19217
5701,2820,187,1,20729
5702,2820,904,1,1374
5703,2820,480,2,6005
5704,2821,241,1,4583
5705,2821,985,1,3748
5706,2821,381,1,16794
5707,2822,608,2,4569
5708,2822,579,1,23372
5709,2823,512,2,17778
5710,2824,139,1,9376
5711,2825,654,1,14017
5712,2825,221,1,12811
5713,2825,49,1,20151
5714,2826,430,1,12058
5715,2826,647,1,21717
5716,2827,724,1,17018
5717,2827,424,1,14928
5718,2827,672,1,2092
5719,2828,60,2,13908
5720,2829,210,2,9524
5721,2829,473,2,8763
5722,2830,749,1,15257
5723,2830,15,2,11497
5724,2830,477,2,21883
5725,2831,286,1,18663
5726,2831,152,2,22572
5727,2832,836,2,16985
5728,2833,450,2,1615
5729,2833,418,2,20075
5730,2833,696,1,22117
5731,2834,504,2,5751
5732,2834,983,1,24867
5733,2834,722,2,23928
5734,2835,155,1,24052
5735,2836,118,1,10463
5736,2836,970,2,6889
5737,2837,890,1,4536
5738,2837,375,2,21983
5739,2837,549,1,6368
5740,2838,302,2,6395
5741,2839,713,2,21344
5742,2840,49,1,3799
5743,2841,683,1,11413
5744,2842,610,2,17194
5745,2842,601,1,12941
5746,2843,831,1,8596
5747,2843,796,2,3863
5748,2843,690,2,12995
5749,2844,888,2,19062
5750,2844,533,1,21533
5751,2844,601,1,16629
5752,2845,769,1,15430
5753,2845,75,2,16520
5754,2846,305,2,2655
5755,2847,369,2,18273
5756,2847,679,1,15530
5757,2848,288,2,6022
5758,2848,67,2,20850
5759,2848,248,2,1089
5760,2849,165,2,3975
5761,2850,923,1,4460
5762,2850,78,1,21361
5763,2851,155,2,8265
5764,2851,183,2,15848
5765,2851,198,1,2025
5766,2852,133,1,24447
5767,2852,798,2,2080
5768,2853,876,1,5147
5769,2854,977,2,2340
5770,2855,629,1,9459
5771,2856,167,2,7776
5772,2857,538,2,7901
5773,2857,5,1,22066
5774,2858,689,2,3139
5775,2858,660,1,17691
5776,2858,711,1,10780
5777,2859,589,2,7201
5778,2859,324,2,9346
5779,2860,10,2,12534
5780,2860,173,1,4139
5781,2860,270,2,15259
5782,2861,34,1,20990
5783,2861,886,2,3719
5784,2862,399,2,19128
5785,2863,270,1,16208
5786,2863,606,2,3749
5787,2864,739,2,23807
5788,2864,711,2,22153
5789,2864,114,2,21806
5790,2865,261,2,19740
5791,2865,417,2,23553
5792,2866,942,2,11374
5793,2866,230,2,21262
5794,2866,658,1,9195
5795,2867,876,1,24047
5796,2868,457,1,8809
5797,2869,493,2,15677
5798,2869,487,2,11402
5799,2870,791,1,14728
5800,2870,254,2,7741
5801,2871,585,2,13932
5802,2871,540,1,9629
5803,2871,40,1,19820
5804,2872,403,2,23332
5805,2872,992,2,4929
5806,2872,385,1,14203
5807,2873,96,2,20703
5808,2873,710,2,22603
5809,2874,249,1,12206
5810,2874,106,1,8987
5811,2874,93,2,20044
5812,2875,593,1,15414
5813,2876,950,1,18307
5814,2876,43,1,21737
5815,2876,487,1,13011
5816,2877,898,2,7900
5817,2877,184,1,23676
5818,2878,998,1,8064
5819,2879,572,2,15076
5820,2879,434,1,5127
5821,2879,489,1,11956
5822,2880,249,1,1106
5823,2880,187,2,11250
5824,2881,371,2,893
5825,2882,917,1,1840
5826,2882,167,1,17604
5827,2882,586,2,18620
5828,2883,562,2,24422
5829,2883,221,2,13157
5830,2883,348,2,13230
5831,2884,722,2,15852
5832,2884,1,1,17094
5833,2884,990,1,19485
5834,2885,183,1,23091
5835,2885,408,1,17224
5836,2886,507,2,16463
5837,2886,895,1,17515
5838,2887,822,2,21930
5839,2888,687,2,20076
5840,2889,262,2,5935
5841,2889,109,1,20092
5842,2890,106,2,18753
5843,2890,547,1,24589
5844,2891,879,2,19335
5845,2891,142,2,22683
5846,2892,878,1,12753
5847,2892,516,2,9845
5848,2893,850,2,5421
5849,2893,545,2,14047
5850,2893,977,1,8176
5851,2894,107,1,17404
5852,2894,342,1,9922
5853,2894,843,2,5878
5854,2895,493,2,17201
5855,2895,924,1,14896
5856,2895,496,1,24054
5857,2896,692,2,16232
5858,2896,265,2,20140
5859,2896,822,2,12825
5860,2897,779,2,9027
5861,2897,626,2,4934
5862,2897,913,2,5961
5863,2898,498,2,6678
5864,2898,121,2,22887
5865,2899,762,1,924
5866,2899,255,1,17724
5867,2900,830,2,19309
5868,2900,457,2,24130
5869,2900,360,2,19233
5870,2901,553,1,3902
5871,2902,166,1,22588
5872,2902,724,1,17346
5873,2903,117,2,11138
5874,2904,604,2,8693
5875,2904,243,1,14335
5876,2904,41,2,20933
5877,2905,865,2,8937
5878,2906,689,1,3736
5879,2907,415,2,5533
5880,2907,372,2,15668
5881,2908,432,1,23466
5882,2908,887,1,6245
5883,2909,518,2,9909
5884,2910,216,1,20961
5885,2911,452,2,7560
5886,2911,326,1,15568
5887,2911,506,2,8098
5888,2912,285,2,20907
5889,2912,139,1,3020
5890,2913,103,2,13686
5891,2913,552,1,19345
5892,2913,189,2,8181
5893,2914,568,1,20183
5894,2915,253,1,24316
5895,2915,122,1,12443
5896,2916,264,1,11939
5897,2916,871,2,12680
5898,2917,142,1,23059
5899,2917,92,1,20401
5900,2917,576,2,13540
5901,2918,312,2,18643
5902,2918,374,2,10986
5903,2919,101,1,17603
5904,2920,703,1,19704
5905,2920,987,1,13178
5906,2920,350,1,9130
5907,2921,923,2,8225
5908,2921,170,1,1033
5909,2922,823,2,17574
5910,2922,716,1,18732
5911,2922,294,1,18984
5912,2923,30,2,4124
5913,2923,639,2,4545
5914,2924,966,2,4999
5915,2924,768,2,21690
5916,2925,209,1,8589
5917,2926,86,1,14587
5918,2927,5,2,9845
5919,2927,593,2,8226
5920,2927,284,1,11580
5921,2928,631,1,24458
5922,2929,913,1,10324
5923,2929,774,2,1220
5924,2929,243,2,24089
5925,2930,432,1,17690
5926,2930,659,2,3693
5927,2930,656,1,11421
5928,2931,340,2,20104
5929,2931,656,1,6005
5930,2931,279,2,12223
5931,2932,832,2,15184
5932,2932,862,2,12642
5933,2932,588,1,8234
5934,2933,310,2,4580
5935,2933,390,2,12323
5936,2933,172,2,11177
5937,2934,708,1,17075
5938,2934,410,1,11435
5939,2935,87,1,10370
5940,2936,282,1,3497
5941,2937,726,1,10115
5942,2937,714,1,9651
5943,2938,318,2,18032
5944,2938,501,1,1180
5945,2939,336,2,5037
5946,2939,437,2,9294
5947,2940,21,2,17822
5948,2940,371,2,17748
5949,2940,314,2,17090
5950,2941,866,2,3281
5951,2941,499,2,7360
5952,2941,44,2,7522
5953,2942,406,1,17726
5954,2943,168,2,16268
5955,2943,746,2,2891
5956,2944,981,2,17686
5957,2944,800,2,24014
5958,2944,254,1,16623
5959,2945,217,1,17263
5960,2945,227,1,24737
5961,2945,266,2,3179
5962,2946,8,2,9276
5963,2946,996,2,7703
5964,2946,155,2,962
5965,2947,314,1,9244
5966,2947,415,1,6907
5967,2947,907,2,17591
5968,2948,786,1,1641
5969,2948,302,2,23208
5970,2949,164,2,11997
5971,2950,395,1,2420
5972,2950,741,2,22118
5973,2950,989,1,3716
5974,2951,112,1,2576
5975,2952,819,2,17269
5976,2952,435,2,5766
5977,2952,946,2,12031
5978,2953,538,2,23852
5979,2953,480,2,16730
5980,2954,40,1,12700
5981,2955,358,2,6142
5982,2955,124,2,17996
5983,2956,595,1,9986
5984,2956,7,1,19508
5985,2957,561,1,3841
5986,2957,610,2,24093
5987,2958,81,1,21446
5988,2958,18,2,6292
5989,2958,26,1,7080
5990,2959,503,1,15195
5991,2959,46,2,11541
5992,2959,388,1,14590
5993,2960,628,1,11826
5994,2961,410,2,9310
5995,2962,264,2,19362
5996,2963,249,1,4211
5997,2964,333,2,14204
5998,2965,600,1,21321
5999,2965,220,2,1311
6000,2966,744,2,7077
6001,2966,426,2,16003
6002,2967,584,2,8309
6003,2968,866,2,21185
6004,2969,535,2,6671
6005,2969,396,1,9786
6006,2970,124,2,19543
6007,2970,495,2,12551
6008,2970,617,1,14420
6009,2971,293,1,8058
6010,2971,483,2,8055
6011,2972,220,2,2631
6012,2972,425,1,4019
6013,2973,259,1,2170
6014,2974,575,1,21109
6015,2974,835,1,14195
6016,2974,699,2,5898
6017,2975,497,2,9791
6018,2975,995,2,17761
6019,2975,51,2,10744
6020,2976,960,1,24066
6021,2977,519,1,21665
6022,2977,107,2,5711
6023,2978,934,2,14515
6024,2979,998,2,14520
6025,2979,579,1,10471
6026,2979,928,1,12607
6027,2980,888,1,5020
6028,2980,578,2,4814
6029,2981,380,2,14655
6030,2982,425,1,10315
6031,2982,616,2,9682
6032,2983,605,2,9254
6033,2983,701,1,15021
6034,2983,373,1,18002
6035,2984,671,1,23961
6036,2984,573,2,18420
6037,2985,853,1,5135
6038,2985,156,2,16297
6039,2985,675,1,24089
6040,2986,882,2,9127
6041,2987,231,1,4806
6042,2987,16,2,24733
6043,2988,755,1,17042
6044,2988,548,1,8080
6045,2988,346,2,24521
6046,2989,867,2,17255
6047,2989,750,2,4909
6048,2990,302,2,17162
6049,2990,816,2,13166
6050,2990,518,2,4585
6051,2991,709,2,18297
6052,2991,426,1,4642
6053,2991,557,2,20645
6054,2992,777,1,18818
6055,2992,304,2,14444
6056,2993,80,1,13366
6057,2994,159,2,8636
6058,2994,913,1,6692
6059,2994,683,2,3781
6060,2995,854,1,6792
6061,2996,555,1,8048
6062,2996,376,2,12657
6063,2996,969,1,7602
6064,2997,89,1,18578
6065,2997,753,2,1472
6066,2997,980,2,21035
6067,2998,38,2,18529
6068,2998,802,1,8590
6069,2998,295,2,10281
6070,2999,303,1,15564
6071,3000,703,1,24065
6072,3000,213,2,11697
6073,3001,604,1,5914
6074,3001,286,2,6204
6075,3002,335,2,1570
6076,3002,560,1,21974
6077,3003,714,2,2319
6078,3003,37,1,13468
6079,3004,468,1,8914
6080,3004,359,2,3237
6081,3004,375,1,21734
6082,3005,737,1,5828
6083,3006,635,2,24813
6084,3007,319,1,16270
6085,3007,534,2,11492
6086,3007,692,1,21499
6087,3008,604,2,14862
6088,3008,987,1,17374
6089,3009,243,2,4288
6090,3009,978,2,14635
6091,3010,435,1,3161
6092,3010,524,2,19934
6093,3010,260,2,5810
6094,3011,470,1,3103
6095,3012,942,1,21730
6096,3013,985,1,14233
6097,3013,337,1,9901
6098,3013,538,1,8752
6099,3014,395,1,19991
6100,3014,500,2,3642
6101,3015,549,2,19938
6102,3015,432,1,9673
6103,3015,724,2,18669
6104,3016,389,2,21936
6105,3016,63,1,11219
6106,3016,232,2,3611
6107,3017,857,1,15647
6108,3017,177,1,9275
6109,3018,403,2,6128
6110,3019,274,2,11652
6111,3019,259,1,19227
6112,3020,262,2,14834
6113,3020,765,1,17555
6114,3021,648,1,19547
6115,3021,654,2,14865
6116,3022,920,2,19839
6117,3022,760,1,5774
6118,3022,68,1,10783
6119,3023,503,1,1865
6120,3023,449,1,6452
6121,3024,391,1,8977
6122,3024,84,1,13608
6123,3024,815,1,23604
6124,3025,757,1,9613
6125,3025,220,1,11559
6126,3026,202,2,23005
6127,3026,797,1,3779
6128,3026,592,1,6488
6129,3027,642,2,13355
6130,3028,399,2,4674
6131,3028,738,1,13327
6132,3029,843,1,14123
6133,3029,123,2,2087
6134,3029,193,2,7998
6135,3030,539,2,10019
6136,3030,671,2,1536
6137,3031,622,2,22345
6138,3032,80,1,4179
6139,3032,675,1,11303
6140,3033,978,1,19375
6141,3033,362,1,16326
6142,3034,56,2,19072
6143,3035,605,1,14127
6144,3035,784,2,6333
6145,3036,990,1,22496
6146,3036,310,2,3931
6147,3036,528,1,5006
6148,3037,571,2,24054
6149,3037,872,1,7050
6150,3037,393,2,11820
6151,3038,270,2,5780
6152,3039,758,2,24875
6153,3039,423,1,23282
6154,3040,350,1,24204
6155,3041,723,1,23353
6156,3041,462,2,21389
6157,3041,407,2,5238
6158,3042,633,1,901
6159,3043,548,1,22782
6160,3043,223,1,8446
6161,3043,808,2,4174
6162,3044,820,1,24430
6163,3044,386,1,23069
6164,3045,399,2,1310
6165,3046,891,2,18105
6166,3047,404,2,3597
6167,3048,139,2,17813
6168,3048,490,2,11779
6169,3049,910,2,23927
6170,3049,190,2,12704
6171,3050,301,1,15767
6172,3050,41,1,8323
6173,3051,921,1,21786
6174,3052,263,1,8557
6175,3053,948,1,14932
6176,3053,268,2,24926
6177,3054,325,2,9481
6178,3054,293,2,16614
6179,3054,105,1,11977
6180,3055,434,2,4381
6181,3055,82,1,19874
6182,3056,390,2,1017
6183,3056,530,2,11767
6184,3057,960,2,18102
6185,3057,732,2,1853
6186,3057,984,2,19122
6187,3058,629,1,1110
6188,3058,916,2,1334
6189,3059,397,2,19983
6190,3059,322,2,15284
6191,3060,589,1,13310
6192,3061,100,2,949
6193,3062,370,1,3371
6194,3062,106,1,19987
6195,3062,895,2,20309
6196,3063,37,1,1280
6197,3063,724,1,14567
6198,3063,922,2,14504
6199,3064,43,2,4325
6200,3065,739,2,4116
6201,3066,731,1,8347
6202,3066,505,1,20275
6203,3066,428,1,22406
6204,3067,671,2,17962
6205,3068,498,1,21424
6206,3069,618,2,5620
6207,3070,317,1,18640
6208,3071,782,2,19768
6209,3072,683,1,15112
6210,3073,486,1,13084
6211,3073,223,1,23303
6212,3073,339,1,10308
6213,3074,582,1,22024
6214,3074,418,2,8036
6215,3074,184,1,10024
6216,3075,318,2,18534
6217,3075,913,1,8661
6218,3076,952,1,19616
6219,3076,660,1,1520
6220,3077,175,2,9498
6221,3077,993,2,18061
6222,3078,944,2,14021
6223,3078,289,2,18084
6224,3078,199,1,4109
6225,3079,447,1,8784
6226,3080,939,1,4033
6227,3080,549,1,17882
6228,3081,959,1,9540
6229,3081,799,1,14867
6230,3082,464,1,12612
6231,3083,243,1,23450
6232,3083,149,2,23690
6233,3084,48,2,2070
6234,3084,631,1,19274
6235,3085,919,1,5149
6236,3085,511,1,15799
6237,3085,627,1,1790
6238,3086,522,2,838
6239,3086,163,1,14056
6240,3086,138,2,21361
6241,3087,637,2,1054
6242,3088,775,1,22157
6243,3089,473,1,4920
6244,3090,52,2,7196
6245,3091,491,2,12117
6246,3092,425,1,12934
6247,3093,948,1,6773
6248,3093,775,2,11132
6249,3093,164,1,2758
6250,3094,401,2,3325
6251,3095,158,2,22353
6252,3095,649,2,2521
6253,3095,622,1,23349
6254,3096,919,2,7873
6255,3097,90,2,12630
6256,3097,406,1,14117
6257,3098,348,2,10462
6258,3099,500,1,13092
6259,3099,325,1,14181
6260,3100,966,2,6377
6261,3100,646,2,20803
6262,3100,497,2,17667
6263,3101,678,2,21162
6264,3102,400,2,14848
6265,3102,972,1,1273
6266,3102,313,1,6471
6267,3103,276,1,15360
6268,3104,999,2,14407
6269,3105,752,2,7798
6270,3105,25,1,13687
6271,3105,5,1,7286
6272,3106,759,2,13264
6273,3106,185,1,5933
6274,3106,601,2,3424
6275,3107,205,1,11647
6276,3107,281,1,20154
6277,3108,766,1,9564
6278,3109,931,2,8407
6279,3110,53,1,12751
6280,3111,584,2,18855
6281,3111,523,1,3349
6282,3112,830,2,22258
6283,3112,480,2,7542
6284,3113,109,2,23354
6285,3114,204,2,1182
6286,3114,686,1,20066
6287,3114,249,2,2526
6288,3115,358,2,17904
6289,3115,160,2,24579
6290,3115,964,1,1152
6291,3116,353,1,20508
6292,3117,425,1,2892
6293,3117,62,2,14558
6294,3117,90,2,2041
6295,3118,681,2,14955
6296,3119,133,1,16917
6297,3119,548,2,24576
6298,3120,823,1,12300
6299,3120,262,2,6100
6300,3120,685,2,5874
6301,3121,909,1,16044
6302,3121,921,2,7584
6303,3122,2,2,1431
6304,3123,14,2,21661
6305,3124,583,1,6540
6306,3124,315,1,2867
6307,3125,278,2,15276
6308,3126,327,1,10539
6309,3126,648,2,16560
6310,3127,699,2,20372
6311,3128,190,1,15780
6312,3128,277,1,3579
6313,3128,95,1,13087
6314,3129,108,2,3193
6315,3130,673,2,22802
6316,3130,352,1,8882
6317,3131,678,2,6637
6318,3131,416,1,11945
6319,3132,560,2,6413
6320,3132,50,1,23106
6321,3133,739,2,13393
6322,3133,890,1,5125
6323,3133,260,2,7197
6324,3134,341,1,5646
6325,3134,838,1,21636
6326,3134,332,2,4947
6327,3135,685,1,24885
6328,3135,455,2,24219
6329,3135,749,1,19893
6330,3136,278,1,12037
6331,3137,260,2,8688
6332,3137,354,2,9284
6333,3138,844,1,10297
6334,3139,47,2,8172
6335,3140,719,2,21015
6336,3141,699,2,24220
6337,3142,288,1,15138
6338,3143,203,1,15419
6339,3143,670,1,10244
6340,3143,843,1,19659
6341,3144,767,2,16549
6342,3144,63,1,4941
6343,3144,767,1,10947
6344,3145,875,1,9459
6345,3145,370,2,21004
6346,3146,354,2,22186
6347,3146,990,1,20949
6348,3147,608,1,10638
6349,3147,687,1,6061
6350,3147,48,2,20450
6351,3148,569,1,13487
6352,3148,407,2,4529
6353,3148,177,1,2737
6354,3149,891,1,13283
6355,3150,542,2,11082
6356,3151,885,1,20723
6357,3151,71,1,22976
6358,3151,43,2,19215
6359,3152,88,2,6478
6360,3153,191,2,14039
6361,3153,418,1,21633
6362,3154,47,2,15220
6363,3154,383,1,8264
6364,3155,956,1,19518
6365,3155,402,1,4010
6366,3155,939,2,20643
6367,3156,697,2,1191
6368,3157,377,1,14947
6369,3157,348,2,2380
6370,3158,999,1,5109
6371,3159,995,2,14170
6372,3159,161,1,1989
6373,3159,6,2,13765
6374,3160,720,1,10626
6375,3160,24,1,18743
6376,3161,871,2,20430
6377,3162,246,1,23896
6378,3163,29,2,18541
6379,3163,813,2,20282
6380,3163,401,1,23958
6381,3164,866,1,14857
6382,3164,575,2,1857
6383,3165,309,1,16269
6384,3166,566,1,22811
6385,3166,415,2,14348
6386,3166,664,2,11501
6387,3167,540,1,13676
6388,3168,28,2,1690
6389,3169,708,1,7566
6390,3170,997,1,8594
6391,3170,377,2,7761
6392,3170,109,2,19095
6393,3171,7,2,1467
6394,3171,810,1,6900
6395,3171,488,2,8399
6396,3172,294,1,4127
6397,3172,887,2,3509
6398,3173,78,1,3602
6399,3173,665,1,24255
6400,3174,186,2,8998
6401,3175,69,2,4584
6402,3176,613,1,23590
6403,3176,110,2,20342
6404,3177,528,1,8655
6405,3177,321,1,20205
6406,3178,120,1,20856
6407,3178,180,1,16292
6408,3178,947,1,4097
6409,3179,234,2,6516
6410,3179,165,1,10155
6411,3179,220,2,1977
6412,3180,689,2,6087
6413,3181,776,1,3799
6414,3182,61,2,6734
6415,3182,302,1,7724
6416,3183,242,2,20046
6417,3183,893,1,6187
6418,3183,834,1,10364
6419,3184,192,2,19850
6420,3184,502,1,22081
6421,3184,121,2,20559
6422,3185,148,1,19515
6423,3186,607,1,23736
6424,3187,648,2,19374
6425,3187,528,2,8517
6426,3187,617,1,5826
6427,3188,121,1,877
6428,3188,435,2,23679
6429,3188,824,2,11797
6430,3189,897,1,11299
6431,3189,620,2,17635
6432,3190,675,2,2342
6433,3191,171,2,11101
6434,3191,53,2,23209
6435,3191,764,2,20449
6436,3192,139,1,19389
6437,3193,86,1,5097
6438,3194,524,2,19142
6439,3194,576,2,20427
6440,3194,749,1,4858
6441,3195,220,1,8875
6442,3195,177,1,21164
6443,3195,343,2,16050
6444,3196,192,1,14986
6445,3196,347,1,6845
6446,3197,82,2,16526
6447,3197,599,2,6607
6448,3197,938,2,13538
6449,3198,876,2,2375
6450,3198,654,2,20054
6451,3199,312,2,17514
6452,3199,570,2,5999
6453,3199,144,2,14694
6454,3200,762,2,21645
6455,3200,231,1,19562
6456,3200,159,1,18446
6457,3201,643,1,13850
6458,3201,122,2,2079
6459,3202,247,2,1215
6460,3202,862,1,11980
6461,3202,861,2,16848
6462,3203,185,1,3283
6463,3203,506,2,11014
6464,3204,229,1,22325
6465,3204,927,2,15638
6466,3205,589,2,19821
6467,3206,866,2,24961
6468,3206,393,1,11208
6469,3206,14,2,2270
6470,3207,666,1,9881
6471,3207,650,1,7628
6472,3208,443,2,7805
6473,3209,233,1,19048
6474,3209,853,1,4238
6475,3209,472,1,17835
6476,3210,248,2,8646
6477,3210,327,2,13880
6478,3211,381,1,1994
6479,3211,836,1,14105
6480,3211,386,1,7091
6481,3212,84,2,15919
6482,3212,130,1,936
6483,3213,620,2,6401
6484,3213,627,2,12891
6485,3213,144,1,18801
6486,3214,783,2,20685
6487,3214,301,1,14780
6488,3215,809,2,24109
6489,3215,43,1,14581
6490,3216,678,2,12491
6491,3216,385,1,822
6492,3217,559,1,13526
6493,3218,325,1,19985
6494,3218,772,1,19647
6495,3218,72,2,6393
6496,3219,278,1,8651
6497,3220,50,1,17461
6498,3220,644,1,18830
6499,3221,225,1,19281
6500,3221,183,1,7082
6501,3221,504,2,11919
6502,3222,512,2,7491
6503,3223,82,1,7845
6504,3223,499,2,14600
6505,3223,412,2,3458
6506,3224,777,1,4813
6507,3225,834,2,20883
6508,3226,779,2,10415
6509,3226,730,1,13445
6510,3227,496,2,18374
6511,3227,733,2,13289
6512,3228,93,1,13289
6513,3229,180,2,5730
6514,3229,12,2,9902
6515,3229,99,1,4680
6516,3230,424,1,24236
6517,3231,400,1,11457
6518,3231,608,1,4660
6519,3232,593,2,9809
6520,3232,855,1,16548
6521,3233,136,2,3847
6522,3233,899,2,23440
6523,3233,319,2,18754
6524,3234,915,2,18488
6525,3234,858,2,15666
6526,3235,587,1,17771
6527,3235,893,1,21783
6528,3236,93,1,3494
6529,3236,756,1,5213
6530,3237,166,1,8825
6531,3237,498,1,21511
6532,3237,70,1,5602
6533,3238,172,2,6542
6534,3239,36,2,12312
6535,3239,399,2,9580
6536,3239,324,1,14221
6537,3240,333,1,21100
6538,3240,303,1,13943
6539,3240,160,1,24290
6540,3241,411,1,12212
6541,3241,98,2,15152
6542,3242,658,2,9133
6543,3242,109,1,9976
6544,3243,768,2,10220
6545,3243,51,2,19384
6546,3243,366,2,8915
6547,3244,219,2,1479
6548,3244,2,1,15583
6549,3245,931,2,20727
6550,3245,461,2,11929
6551,3246,537,2,16571
6552,3246,664,2,5071
6553,3246,745,2,10368
6554,3247,739,2,10975
6555,3247,41,2,5300
6556,3247,127,1,4636
6557,3248,38,1,7516
6558,3248,106,2,13868
6559,3249,651,2,4842
6560,3249,599,2,10762
6561,3250,659,2,18814
6562,3250,632,1,19167
6563,3250,688,1,8883
6564,3251,940,2,15479
6565,3251,815,2,13287
6566,3251,491,1,17275
6567,3252,271,1,23870
6568,3252,314,1,22756
6569,3253,588,2,15955
6570,3253,788,2,6916
6571,3253,892,2,11776
6572,3254,764,2,8728
6573,3254,362,2,24205
6574,3254,270,1,6943
6575,3255,416,2,24444
6576,3255,373,1,17428
6577,3256,989,1,17948
6578,3256,620,1,4857
6579,3256,495,1,11547
6580,3257,466,1,2877
6581,3257,159,1,18268
6582,3257,883,2,21335
6583,3258,15,1,10444
6584,3258,962,1,18335
6585,3259,565,2,18357
6586,3259,826,2,14265
6587,3260,765,2,21789
6588,3260,801,2,8584
6589,3261,54,2,7212
6590,3261,467,2,20296
6591,3261,37,2,12580
6592,3262,63,2,10562
6593,3262,759,2,4118
6594,3263,299,1,11549
6595,3264,132,1,2542
6596,3265,700,1,18774
6597,3265,627,1,8738
6598,3265,499,2,19437
6599,3266,345,1,13033
6600,3267,731,2,18450
6601,3268,704,1,7685
6602,3269,367,1,14293
6603,3269,843,1,5600
6604,3269,424,2,21312
6605,3270,755,2,4373
6606,3271,378,2,17957
6607,3271,999,2,24391
6608,3272,67,1,15535
6609,3273,404,2,14139
6610,3273,487,2,2608
6611,3273,65,1,8748
6612,3274,784,1,5418
6613,3274,984,2,22665
6614,3274,476,2,2305
6615,3275,311,2,2245
6616,3275,74,1,19602
6617,3275,33,1,24020
6618,3276,623,1,14721
6619,3276,996,1,12807
6620,3276,919,1,12244
6621,3277,640,1,17526
6622,3277,152,2,24717
6623,3277,674,1,18013
6624,3278,510,1,17826
6625,3279,454,2,7955
6626,3280,700,1,24048
6627,3280,582,2,23308
6628,3281,787,2,22261
6629,3282,54,1,3126
6630,3282,719,2,2772
6631,3283,310,2,14216
6632,3283,201,2,18289
6633,3284,718,2,18733
6634,3284,897,1,20820
6635,3284,506,2,4453
6636,3285,568,1,6081
6637,3285,21,1,7197
6638,3285,377,2,13952
6639,3286,416,1,19183
6640,3286,263,1,5239
6641,3286,617,1,14311
6642,3287,584,2,11845
6643,3287,466,2,22756
6644,3288,623,2,7987
6645,3288,503,1,19474
6646,3289,305,1,21265
6647,3289,898,2,5894
6648,3289,790,1,5403
6649,3290,969,2,16434
6650,3290,526,1,14229
6651,3290,585,1,17266
6652,3291,601,2,13498
6653,3291,124,1,15293
6654,3291,90,1,9312
6655,3292,861,2,22606
6656,3293,772,1,18517
6657,3294,453,2,10291
6658,3295,614,2,13521
6659,3296,62,1,6093
6660,3296,407,2,16350
6661,3297,550,1,10936
6662,3297,298,1,4890
6663,3298,286,2,24950
6664,3298,43,2,24120
6665,3298,476,1,5962
6666,3299,270,1,18569
6667,3300,923,1,22374
6668,3300,544,2,2042
6669,3301,744,1,11641
6670,3301,385,2,9966
6671,3302,970,1,20423
6672,3303,534,2,15836
6673,3303,241,2,23443
6674,3303,464,2,21804
6675,3304,575,1,4527
6676,3304,52,2,2011
6677,3304,962,1,21812
6678,3305,496,2,4209
6679,3305,353,1,24723
6680,3306,582,2,21342
6681,3307,243,2,9434
6682,3307,611,2,9607
6683,3307,338,2,4246
6684,3308,915,2,8081
6685,3308,559,2,7917
6686,3309,819,1,6949
6687,3309,747,2,24685
6688,3309,870,2,2646
6689,3310,44,2,18939
6690,3310,599,1,10786
6691,3311,112,1,19374
6692,3312,665,2,19644
6693,3312,587,1,15752
6694,3313,509,1,12367
6695,3313,879,1,22948
6696,3313,746,2,4159
6697,3314,110,2,20342
6698,3314,930,1,1199
6699,3315,498,2,1585
6700,3315,761,2,13538
6701,3315,789,1,14405
6702,3316,187,2,9353
6703,3316,395,1,4264
6704,3317,400,1,14534
6705,3317,395,1,23208
6706,3317,252,2,24721
6707,3318,763,2,11551
6708,3318,62,2,22194
6709,3319,703,1,5453
6710,3319,130,1,3773
6711,3319,642,1,11765
6712,3320,537,1,1742
6713,3320,62,1,6041
6714,3321,555,1,21289
6715,3322,65,1,22230
6716,3322,149,2,8947
6717,3322,421,2,1879
6718,3323,282,2,10958
6719,3323,16,2,9757
6720,3323,339,1,4083
6721,3324,971,2,9896
6722,3324,302,1,13715
6723,3325,116,2,14885
6724,3326,334,1,5546
6725,3326,934,1,24592
6726,3327,6,2,1869
6727,3327,265,1,2602
6728,3328,482,1,21550
6729,3329,144,2,2925
6730,3330,796,2,16515
6731,3331,825,1,17271
6732,3331,988,2,1760
6733,3331,156,1,14498
6734,3332,894,2,22245
6735,3332,430,2,5637
6736,3332,434,1,22029
6737,3333,132,1,11048
6738,3333,915,1,4811
6739,3334,845,2,2680
6740,3334,442,1,16593
6741,3335,615,1,4607
6742,3336,133,2,5490
6743,3336,790,1,23458
6744,3337,594,2,19825
6745,3338,143,2,9732
6746,3338,409,1,18189
6747,3339,757,1,17624
6748,3339,784,1,8855
6749,3339,895,2,2711
6750,3340,281,2,16182
6751,3340,767,2,12367
6752,3341,470,1,22373
6753,3341,302,2,16422
6754,3342,807,1,6937
6755,3343,290,2,4369
6756,3343,575,2,17536
6757,3344,247,1,3258
6758,3345,759,1,19697
6759,3345,938,1,15706
6760,3346,836,1,15725
6761,3347,135,1,1980
6762,3347,612,2,15003
6763,3347,653,2,1550
6764,3348,913,2,14263
6765,3349,896,2,7321
6766,3349,590,1,22796
6767,3349,684,1,12610
6768,3350,287,1,23693
6769,3350,754,2,22515
6770,3350,889,2,1954
6771,3351,350,2,8122
6772,3351,796,2,15037
6773,3352,363,1,1763
6774,3353,559,1,17974
6775,3353,90,2,18009
6776,3353,923,1,17673
6777,3354,319,2,5297
6778,3354,617,1,8811
6779,3354,387,2,22221
6780,3355,140,1,15611
6781,3355,932,1,889
6782,3355,686,2,7098
6783,3356,420,1,22500
6784,3357,394,2,1202
6785,3358,475,1,20602
6786,3359,571,1,8539
6787,3359,472,1,21652
6788,3360,687,2,2511
6789,3360,724,1,10929
6790,3360,435,1,8628
6791,3361,700,1,11238
6792,3362,877,2,3277
6793,3362,329,1,2886
6794,3362,543,1,8941
6795,3363,187,2,11661
6796,3363,306,2,3443
6797,3363,85,1,3972
6798,3364,478,1,17347
6799,3364,899,1,6976
6800,3364,575,2,12055
6801,3365,53,1,2684
6802,3365,598,2,10730
6803,3366,823,2,20158
6804,3366,528,1,7793
6805,3366,55,1,22086
6806,3367,836,2,17692
6807,3367,795,2,1456
6808,3367,258,2,13461
6809,3368,397,1,20880
6810,3368,475,2,21343
6811,3368,993,1,2344
6812,3369,436,2,14139
6813,3369,323,2,1471
6814,3370,545,1,2178
6815,3371,23,1,16493
6816,3371,740,1,8210
6817,3372,275,2,15091
6818,3372,865,2,8167
6819,3372,835,1,3678
6820,3373,168,1,3630
6821,3374,392,1,20574
6822,3375,726,2,3911
6823,3375,812,2,17986
6824,3375,370,2,15222
6825,3376,732,1,2297
6826,3377,415,2,17773
6827,3378,740,1,13257
6828,3378,747,1,10620
6829,3379,241,1,8334
6830,3379,34,2,1067
6831,3379,630,2,9211
6832,3380,280,2,6315
6833,3380,780,1,2101
6834,3380,859,2,15903
6835,3381,237,2,19324
6836,3382,180,1,18786
6837,3383,837,1,24802
6838,3383,89,2,8773
6839,3384,853,1,20118
6840,3385,355,2,15909
6841,3386,656,1,11258
6842,3386,80,2,18587
6843,3386,41,2,7585
6844,3387,717,2,18757
6845,3388,996,2,24748
6846,3388,738,2,16002
6847,3388,300,1,11113
6848,3389,790,2,22575
6849,3389,982,1,8878
6850,3389,282,1,12206
6851,3390,827,2,3012
6852,3390,381,2,20284
6853,3390,720,2,9625
6854,3391,429,2,22807
6855,3391,263,2,11564
6856,3391,248,1,7185
6857,3392,401,2,15800
6858,3393,276,1,10508
6859,3393,247,2,2449
6860,3394,258,1,11507
6861,3394,828,2,8016
6862,3395,566,2,18108
6863,3395,124,1,21938
6864,3395,765,1,15982
6865,3396,413,2,7005
6866,3396,419,2,2831
6867,3397,79,2,7591
6868,3397,716,1,2872
6869,3397,843,2,18718
6870,3398,913,1,22618
6871,3398,556,2,17089
6872,3398,90,2,14475
6873,3399,509,2,13696
6874,3399,653,2,8080
6875,3399,995,1,15427
6876,3400,919,1,8396
6877,3400,65,2,22192
6878,3400,522,2,21672
6879,3401,219,2,7461
6880,3402,521,1,17161
6881,3402,105,2,11699
6882,3403,254,2,20424
6883,3403,194,2,17350
6884,3404,373,2,24692
6885,3404,658,1,1013
6886,3404,884,2,6670
6887,3405,51,1,9071
6888,3405,780,2,11049
6889,3406,247,2,5036
6890,3407,733,2,21661
6891,3407,936,1,20693
6892,3408,537,1,14862
6893,3408,623,1,5527
6894,3408,697,1,16190
6895,3409,199,2,3612
6896,3409,581,1,14420
6897,3409,487,1,7557
6898,3410,760,2,21735
6899,3411,57,1,5488
6900,3411,455,1,20314
6901,3412,888,1,22110
6902,3412,251,2,22042
6903,3413,416,1,13809
6904,3413,677,2,22461
6905,3414,436,2,14587
6906,3414,828,1,16660
6907,3415,509,2,7010
6908,3415,810,2,2335
6909,3415,129,2,20383
6910,3416,343,1,10824
6911,3416,574,1,11384
6912,3417,325,2,23589
6913,3418,67,2,7704
6914,3419,534,2,9753
6915,3420,446,1,19692
6916,3420,745,2,20427
6917,3421,177,2,12263
6918,3422,471,1,9616
6919,3422,801,2,7715
6920,3422,271,2,13874
6921,3423,11,1,15668
6922,3423,76,2,21674
6923,3423,253,2,12296
6924,3424,190,2,12000
6925,3425,719,2,24547
6926,3425,597,1,21396
6927,3426,687,1,9785
6928,3426,368,1,3767
6929,3426,450,1,14158
6930,3427,717,2,6631
6931,3428,469,2,18775
6932,3429,984,1,2559
6933,3430,774,2,17868
6934,3431,927,2,6760
6935,3431,766,1,16480
6936,3431,69,1,13767
6937,3432,668,2,18328
6938,3432,908,1,19379
6939,3433,280,1,2788
6940,3434,815,2,16385
6941,3434,394,2,2478
6942,3435,938,2,19831
6943,3435,685,1,16693
6944,3435,715,2,2068
6945,3436,250,1,13127
6946,3436,746,1,20101
6947,3436,112,1,3498
6948,3437,700,2,14206
6949,3438,291,2,8260
6950,3438,519,1,909
6951,3438,791,1,8010
6952,3439,169,2,14707
6953,3439,796,2,19010
6954,3440,14,1,2850
6955,3440,907,2,9278
6956,3441,325,1,4039
6957,3442,374,2,24401
6958,3442,689,1,24391
6959,3443,599,2,6272
6960,3443,925,1,13482
6961,3443,709,1,3266
6962,3444,978,2,23977
6963,3445,278,1,20964
6964,3445,328,2,7682
6965,3445,580,1,19774
6966,3446,487,2,20767
6967,3447,220,1,6908
6968,3448,297,1,11263
6969,3449,296,1,15259
6970,3449,281,2,18153
6971,3450,678,1,22687
6972,3450,634,1,1893
6973,3450,479,2,11962
6974,3451,731,1,14678
6975,3452,162,1,19406
6976,3453,443,2,11430
6977,3454,199,1,3696
6978,3454,181,1,14293
6979,3455,14,1,15338
6980,3455,793,2,4006
6981,3455,59,2,9952
6982,3456,889,2,18123
6983,3457,575,2,5461
6984,3458,89,1,12985
6985,3459,823,2,4655
6986,3460,619,1,24536
6987,3460,701,2,12227
6988,3461,785,2,9125
6989,3461,150,1,15589
6990,3462,693,2,12079
6991,3463,858,2,7434
6992,3463,974,1,16926
6993,3464,419,2,22824
6994,3464,986,1,12933
6995,3465,500,1,4579
6996,3466,572,2,12393
6997,3466,187,2,15637
6998,3467,771,2,2145
6999,3467,259,2,1849
7000,3467,551,1,5106
7001,3468,980,2,6503
7002,3468,735,1,19842
7003,3469,67,1,7892
7004,3469,346,1,6476
7005,3470,416,1,10981
7006,3470,72,2,5872
7007,3470,288,2,4887
7008,3471,445,1,16220
7009,3471,256,2,16023
7010,3472,201,2,11210
7011,3473,170,2,4847
7012,3473,776,2,19990
7013,3474,185,1,21488
7014,3474,827,1,5472
7015,3475,739,1,4003
7016,3476,239,2,11112
7017,3476,833,2,16195
7018,3476,863,1,15116
7019,3477,695,2,15895
7020,3478,589,1,7821
7021,3479,248,1,23450
7022,3480,586,2,1542
7023,3480,318,1,24328
7024,3480,237,2,15730
7025,3481,978,1,24649
7026,3482,614,1,18058
7027,3482,530,2,11949
7028,3483,996,2,16348
7029,3484,523,2,23252
7030,3484,530,1,21252
7031,3485,2,2,23863
7032,3485,727,2,24517
7033,3485,375,2,18695
7034,3486,242,2,15013
7035,3486,451,2,17482
7036,3487,289,1,7430
7037,3488,810,2,11620
7038,3489,1,1,18371
7039,3489,761,2,13386
7040,3489,801,1,14816
7041,3490,524,2,8349
7042,3490,381,2,16593
7043,3490,518,2,22994
7044,3491,285,2,11921
7045,3491,714,2,10277
7046,3491,858,2,20600
7047,3492,611,1,19061
7048,3492,617,1,4119
7049,3492,783,2,4350
7050,3493,659,2,8082
7051,3494,709,2,19414
7052,3494,308,1,12477
7053,3494,699,2,4685
7054,3495,886,1,869
7055,3495,602,2,24077
7056,3496,262,1,21071
7057,3497,35,1,8350
7058,3497,45,2,11069
7059,3498,501,1,1241
7060,3499,161,2,21287
7061,3500,985,2,5997
7062,3501,199,1,23513
7063,3502,914,1,3563
7064,3503,975,1,6616
7065,3504,965,2,4113
7066,3504,280,2,15213
7067,3504,512,1,21573
7068,3505,39,1,10780
7069,3506,822,1,20232
7070,3507,641,2,18064
7071,3508,283,2,20310
7072,3509,458,1,9122
7073,3510,942,1,11913
7074,3510,421,1,14481
7075,3510,81,2,13020
7076,3511,622,1,4920
7077,3512,127,1,20371
7078,3512,346,1,24676
7079,3512,501,2,16941
7080,3513,243,2,16511
7081,3514,60,1,5257
7082,3515,267,2,20276
7083,3515,975,2,9815
7084,3516,678,2,21101
7085,3516,550,2,9799
7086,3517,782,2,6942
7087,3518,15,1,17887
7088,3519,172,2,8798
7089,3520,484,2,13071
7090,3520,673,1,22821
7091,3520,252,1,10987
7092,3521,690,1,7392
7093,3521,668,1,7096
7094,3522,511,1,3106
7095,3522,168,2,2406
7096,3523,290,1,5162
7097,3524,96,2,5011
7098,3524,681,2,9085
7099,3525,792,1,16785
7100,3526,404,1,2700
7101,3526,639,2,3673
7102,3526,34,2,1106
7103,3527,922,1,6688
7104,3528,228,2,21473
7105,3529,725,2,9714
7106,3529,108,1,19158
7107,3530,704,2,10741
7108,3531,961,1,12220
7109,3531,149,1,14422
7110,3532,908,2,16402
7111,3532,321,1,17432
7112,3533,736,2,2549
7113,3533,27,2,11117
7114,3534,908,1,5922
7115,3535,991,2,1221
7116,3535,766,1,4289
7117,3536,436,1,3883
7118,3536,361,1,18169
7119,3537,295,1,14930
7120,3537,659,1,6980
7121,3538,19,1,4703
7122,3538,757,2,3590
7123,3538,335,1,5200
7124,3539,681,2,13407
7125,3540,988,1,22260
7126,3540,120,1,12888
7127,3541,400,1,16421
7128,3542,563,1,11390
7129,3543,37,2,21048
7130,3543,118,2,11748
7131,3543,464,2,21015
7132,3544,2,1,10653
7133,3544,883,2,8922
7134,3545,804,2,17916
7135,3546,510,2,5754
7136,3546,145,2,1091
7137,3546,633,2,4177
7138,3547,330,2,2095
7139,3547,34,1,2719
7140,3547,43,1,9071
7141,3548,847,1,24333
7142,3548,217,2,22771
7143,3549,198,1,3076
7144,3549,260,1,16495
7145,3549,332,2,3952
7146,3550,965,1,1136
7147,3550,644,2,16397
7148,3551,134,2,17748
7149,3551,57,1,14006
7150,3552,212,1,13115
7151,3553,655,1,17832
7152,3553,955,2,11089
7153,3554,122,2,8936
7154,3554,388,2,11699
7155,3554,899,1,4715
7156,3555,237,2,18913
7157,3555,218,1,15730
7158,3555,814,2,20892
7159,3556,648,1,23555
7160,3557,409,2,20375
7161,3557,747,1,9237
7162,3558,515,1,6555
7163,3559,733,1,8941
7164,3560,245,1,4408
7165,3560,168,2,11986
7166,3561,187,2,1151
7167,3562,356,2,8652
7168,3563,826,2,13556
7169,3563,434,2,15891
7170,3563,372,2,15516
7171,3564,905,1,15719
7172,3564,502,1,22479
7173,3564,731,2,20623
7174,3565,989,1,11109
7175,3565,604,1,10192
7176,3566,211,1,11004
7177,3567,818,1,15964
7178,3568,471,2,8781
7179,3568,805,2,15133
7180,3568,763,1,2412
7181,3569,163,2,12184
7182,3569,173,1,17355
7183,3569,285,2,21509
7184,3570,62,2,23179
7185,3571,255,2,21950
7186,3571,497,2,12198
7187,3572,28,2,8905
7188,3572,653,2,7410
7189,3573,953,2,12203
7190,3573,875,1,20056
7191,3573,4,1,21376
7192,3574,951,1,9550
7193,3574,637,2,22492
7194,3575,197,2,1511
7195,3576,722,1,22402
7196,3576,735,1,12221
7197,3576,813,2,14256
7198,3577,677,1,19161
7199,3577,947,2,11202
7200,3578,389,1,3579
7201,3579,254,1,17484
7202,3580,507,1,10388
7203,3581,605,1,2540
7204,3581,413,2,11453
7205,3582,153,1,14722
7206,3582,21,2,22989
7207,3583,478,1,15095
7208,3584,696,2,12368
7209,3585,781,1,6148
7210,3585,182,2,14768
7211,3585,978,1,9997
7212,3586,265,2,16251
7213,3586,342,1,24862
7214,3586,366,2,2721
7215,3587,860,2,7792
7216,3588,852,2,13677
7217,3589,982,1,8076
7218,3589,578,1,14553
7219,3589,136,2,4838
7220,3590,140,1,15701
7221,3591,565,2,10984
7222,3591,834,2,9302
7223,3591,808,2,11493
7224,3592,333,2,5886
7225,3592,708,1,14408
7226,3592,623,2,8395
7227,3593,324,2,12988
7228,3593,840,1,11381
7229,3594,252,2,18979
7230,3594,805,2,14233
7231,3595,141,2,15086
7232,3595,600,2,6653
7233,3596,917,1,4268
7234,3597,6,1,18776
7235,3597,434,2,14594
7236,3598,728,1,5208
7237,3598,409,1,4268
7238,3598,274,2,18780
7239,3599,581,2,4265
7240,3599,994,2,21361
7241,3599,208,1,20163
7242,3600,665,1,15815
7243,3600,300,1,19440
7244,3600,975,2,7438
7245,3601,632,2,3178
7246,3601,313,1,14403
7247,3602,633,1,5149
7248,3602,391,1,10174
7249,3603,708,1,23147
7250,3604,199,1,11079
7251,3604,312,1,3257
7252,3604,986,1,17560
7253,3605,445,1,7308
7254,3606,840,1,2250
7255,3607,55,1,22576
7256,3608,220,1,2538
7257,3609,348,2,10736
7258,3609,499,2,13652
7259,3610,504,2,22050
7260,3611,593,2,7523
7261,3611,248,2,11391
7262,3611,298,1,7149
7263,3612,177,2,20102
7264,3612,920,1,20835
7265,3613,691,2,14856
7266,3614,862,2,17002
7267,3615,632,1,1277
7268,3616,162,2,16672
7269,3616,568,1,9231
7270,3617,295,1,8349
7271,3617,620,2,17001
7272,3617,932,2,14032
7273,3618,839,1,2524
7274,3618,422,2,10166
7275,3619,345,1,21020
7276,3620,199,1,12312
7277,3620,584,1,19734
7278,3621,700,2,21150
7279,3621,872,1,20769
7280,3622,611,1,20893
7281,3622,64,2,23016
7282,3622,96,2,3417
7283,3623,772,1,9443
7284,3624,193,2,15825
7285,3624,396,2,15641
7286,3625,153,2,12244
7287,3626,348,2,18503
7288,3626,523,1,5822
7289,3627,30,2,8775
7290,3627,434,1,18971
7291,3627,301,2,11931
7292,3628,893,2,21636
7293,3629,799,2,11553
7294,3629,72,2,10359
7295,3630,463,2,18282
7296,3630,557,2,9088
7297,3631,438,1,14678
7298,3632,968,1,20222
7299,3632,309,2,13267
7300,3633,647,1,23199
7301,3633,387,2,23368
7302,3633,426,1,13773
7303,3634,114,1,15820
7304,3634,126,2,2878
7305,3634,352,2,17113
7306,3635,812,1,6632
7307,3635,677,2,10131
7308,3635,391,1,24061
7309,3636,32,1,17550
7310,3636,879,2,18371
7311,3636,841,1,16710
7312,3637,965,1,17922
7313,3638,430,1,822
7314,3638,310,1,20155
7315,3639,541,2,2808
7316,3639,480,1,9395
7317,3639,255,1,21405
7318,3640,376,2,16950
7319,3640,530,1,24640
7320,3641,138,2,18802
7321,3642,514,1,8387
7322,3642,966,1,19394
7323,3642,545,1,2314
7324,3643,217,1,14445
7325,3644,623,1,13175
7326,3644,662,1,16993
7327,3645,675,2,13168
7328,3645,371,2,6835
7329,3645,250,1,4080
7330,3646,85,1,4139
7331,3647,336,1,14728
7332,3648,176,1,10307
7333,3649,11,1,7212
7334,3650,369,2,14788
7335,3650,314,1,6268
7336,3650,754,1,9199
7337,3651,99,1,10200
7338,3652,346,1,6745
7339,3653,911,1,21814
7340,3653,155,2,6147
7341,3653,368,2,4845
7342,3654,712,2,20474
7343,3654,81,2,2719
7344,3655,819,1,16997
7345,3656,257,1,1827
7346,3656,885,2,11253
7347,3657,568,2,10077
7348,3657,685,2,17779
7349,3657,918,2,4636
7350,3658,692,1,21143
7351,3659,158,1,8339
7352,3659,139,1,23779
7353,3660,622,1,13604
7354,3660,954,2,5541
7355,3660,537,2,3323
7356,3661,921,2,21423
7357,3662,412,1,14130
7358,3662,468,1,1504
7359,3663,804,1,4766
7360,3663,213,1,18467
7361,3664,89,1,15317
7362,3665,943,1,14125
7363,3666,994,1,18151
7364,3667,70,2,8328
7365,3667,153,1,11940
7366,3668,455,1,6893
7367,3669,672,2,15865
7368,3669,239,2,24220
7369,3670,813,1,2775
7370,3671,119,1,2091
7371,3672,291,2,4499
7372,3672,485,2,11917
7373,3673,238,2,7552
7374,3674,706,1,1054
7375,3675,130,1,801
7376,3675,485,2,15637
7377,3676,78,2,9533
7378,3677,587,2,13196
7379,3677,249,1,6400
7380,3677,252,1,18648
7381,3678,936,1,12250
7382,3678,710,2,3154
7383,3678,775,2,11453
7384,3679,324,1,2795
7385,3679,112,2,13656
7386,3680,953,1,7313
7387,3680,416,1,14041
7388,3681,197,2,21532
7389,3681,11,2,20724
7390,3682,331,1,18646
7391,3682,296,1,19963
7392,3683,103,2,18493
7393,3684,459,2,9834
7394,3685,320,2,9143
7395,3685,520,1,11434
7396,3685,568,1,11268
7397,3686,886,2,8318
7398,3687,658,2,16086
7399,3687,330,2,21217
7400,3687,843,2,4875
7401,3688,88,1,15255
7402,3689,381,1,10946
7403,3689,848,2,18991
7404,3689,136,1,24434
7405,3690,84,1,13134
7406,3691,948,1,12454
7407,3692,525,2,18794
7408,3693,110,1,17455
7409,3693,240,1,7135
7410,3693,888,1,16864
7411,3694,38,1,2365
7412,3694,113,1,10560
7413,3694,230,1,8340
7414,3695,236,2,13348
7415,3696,209,2,23419
7416,3696,597,2,1463
7417,3696,297,2,15119
7418,3697,229,2,6230
7419,3698,830,2,4357
7420,3699,461,2,6069
7421,3700,221,1,6898
7422,3700,846,1,17790
7423,3700,16,2,4463
7424,3701,158,2,3602
7425,3701,808,2,15036
7426,3702,437,1,20693
7427,3703,393,2,14241
7428,3703,719,2,3701
7429,3703,598,1,18259
7430,3704,158,1,10676
7431,3705,860,1,13803
7432,3705,287,1,18304
7433,3705,163,1,19189
7434,3706,511,1,15154
7435,3706,546,2,13038
7436,3707,669,1,4300
7437,3707,536,1,3983
7438,3707,880,1,10217
7439,3708,363,1,3330
7440,3708,105,2,14807
7441,3708,76,2,3891
7442,3709,840,1,1651
7443,3709,208,2,21130
7444,3710,721,1,23491
7445,3710,174,2,14932
7446,3710,364,1,2359
7447,3711,693,2,22433
7448,3712,194,1,12727
7449,3713,21,2,5051
7450,3713,156,1,23657
7451,3713,309,2,1313
7452,3714,16,2,9441
7453,3714,169,1,18179
7454,3714,402,1,16123
7455,3715,127,1,3205
7456,3715,265,1,11791
7457,3715,350,2,19781
7458,3716,906,2,17105
7459,3717,222,1,12589
7460,3717,416,2,3573
7461,3717,155,2,21030
7462,3718,111,1,9826
7463,3718,406,2,22875
7464,3719,460,2,10222
7465,3720,898,2,8424
7466,3720,526,2,3995
7467,3720,932,1,17743
7468,3721,192,1,6006
7469,3721,274,2,4399
7470,3722,506,2,5017
7471,3723,5,1,22518
7472,3724,540,1,6221
7473,3724,1000,2,11165
7474,3725,466,2,18536
7475,3726,934,1,3090
7476,3727,993,2,13973
7477,3728,657,1,5177
7478,3729,233,1,17442
7479,3729,988,2,8151
7480,3730,794,2,7158
7481,3730,529,1,2617
7482,3731,881,2,4901
7483,3731,883,2,12347
7484,3732,986,2,18707
7485,3733,477,1,14836
7486,3733,356,1,16675
7487,3733,742,1,13005
7488,3734,197,1,4579
7489,3734,300,1,7125
7490,3734,325,1,9711
7491,3735,549,2,3980
7492,3736,980,1,1338
7493,3736,148,1,3528
7494,3737,263,1,6548
7495,3737,601,2,21322
7496,3738,861,1,13895
7497,3738,284,1,23868
7498,3738,426,1,13065
7499,3739,893,2,1776
7500,3739,370,2,16080
7501,3740,287,2,19059
7502,3740,817,2,24090
7503,3741,2,1,12637
7504,3741,897,2,7799
7505,3742,940,1,9364
7506,3742,582,1,19156
7507,3743,271,1,21228
7508,3743,839,1,7636
7509,3743,835,1,17396
7510,3744,729,1,11997
7511,3744,409,2,10296
7512,3745,763,1,24144
7513,3746,266,2,12461
7514,3746,894,1,19650
7515,3746,336,1,22627
7516,3747,123,2,18861
7517,3747,646,1,7819
7518,3748,862,1,9954
7519,3748,874,2,8337
7520,3749,122,1,14395
7521,3749,36,2,1011
7522,3750,479,1,3467
7523,3750,830,2,7732
7524,3750,960,2,24539
7525,3751,426,1,8284
7526,3751,533,2,3803
7527,3752,690,1,10665
7528,3752,467,2,16894
7529,3753,921,1,9908
7530,3753,543,1,6917
7531,3754,582,2,12841
7532,3755,372,2,1200
7533,3755,453,2,20355
7534,3756,530,2,3388
7535,3756,706,2,22062
7536,3757,616,1,7119
7537,3758,847,2,836
7538,3758,791,1,5535
7539,3758,503,1,1609
7540,3759,914,1,1241
7541,3759,815,1,20743
7542,3760,583,1,16883
7543,3760,259,2,13914
7544,3760,592,2,23052
7545,3761,661,2,15772
7546,3761,365,2,4014
7547,3761,505,1,15964
7548,3762,318,1,22205
7549,3762,757,1,3131
7550,3762,737,2,24149
7551,3763,506,2,19396
7552,3763,174,2,9953
7553,3763,803,2,7059
7554,3764,486,1,13042
7555,3764,881,1,10651
7556,3764,726,2,12163
7557,3765,467,2,8059
7558,3766,331,2,21071
7559,3766,513,1,6702
7560,3766,711,2,1212
7561,3767,134,2,9512
7562,3767,565,2,14620
7563,3767,923,2,11537
7564,3768,765,2,1307
7565,3769,16,2,23055
7566,3769,821,2,3667
7567,3769,784,2,17006
7568,3770,784,1,3268
7569,3770,466,2,5923
7570,3770,960,2,15419
7571,3771,765,2,17028
7572,3771,586,1,854
7573,3771,230,2,7307
7574,3772,733,1,22667
7575,3772,277,1,23299
7576,3773,456,1,8607
7577,3773,303,1,16727
7578,3774,815,2,22006
7579,3775,342,2,19756
7580,3776,866,1,7738
7581,3776,142,1,5899
7582,3776,38,2,18051
7583,3777,351,1,11122
7584,3777,725,1,13598
7585,3778,948,1,20533
7586,3779,597,1,13426
7587,3780,305,2,3980
7588,3780,646,1,15219
7589,3781,985,2,4346
7590,3781,498,1,23399
7591,3782,84,2,6593
7592,3783,626,1,4844
7593,3784,699,1,19995
7594,3784,763,2,15054
7595,3784,895,2,16936
7596,3785,397,1,2288
7597,3785,651,2,21806
7598,3785,942,2,21067
7599,3786,479,1,24944
7600,3786,614,2,14924
7601,3787,398,1,3197
7602,3787,537,1,4328
7603,3787,924,2,21367
7604,3788,711,2,18658
7605,3788,746,1,16347
7606,3789,445,1,13976
7607,3789,32,2,16865
7608,3789,417,1,20989
7609,3790,290,2,6533
7610,3790,721,2,11259
7611,3790,20,2,10226
7612,3791,680,2,8976
7613,3792,86,2,15222
7614,3792,368,2,15562
7615,3792,898,2,14630
7616,3793,61,1,24599
7617,3793,523,2,15609
7618,3794,509,2,23024
7619,3795,417,1,7180
7620,3795,693,1,21492
7621,3795,77,1,9184
7622,3796,588,1,23919
7623,3796,173,2,22442
7624,3797,947,1,11913
7625,3798,519,1,17129
7626,3798,269,2,2083
7627,3798,499,1,16503
7628,3799,369,2,22120
7629,3799,118,2,23864
7630,3800,477,1,9028
7631,3801,160,1,21088
7632,3801,288,1,23385
7633,3801,934,1,12173
7634,3802,248,2,7335
7635,3802,849,1,14190
7636,3803,581,1,16500
7637,3804,741,1,11852
7638,3805,207,2,2147
7639,3806,331,1,16923
7640,3806,916,2,8454
7641,3806,712,1,2608
7642,3807,991,1,12327
7643,3807,980,2,11390
7644,3807,555,1,19546
7645,3808,139,1,4241
7646,3809,459,1,21319
7647,3810,30,1,10997
7648,3810,914,1,7171
7649,3811,223,2,5677
7650,3811,212,2,1759
7651,3812,128,1,4448
7652,3813,18,1,10026
7653,3813,519,1,16039
7654,3814,539,2,5908
7655,3814,232,2,14932
7656,3814,726,2,7778
7657,3815,543,2,5828
7658,3815,198,1,1321
7659,3816,570,2,11725
7660,3817,966,1,811
7661,3817,716,2,23085
7662,3817,686,2,15284
7663,3818,346,2,7411
7664,3818,348,1,14141
7665,3819,671,2,11373
7666,3819,773,1,7507
7667,3820,272,1,9634
7668,3820,309,1,1355
7669,3820,229,1,15866
7670,3821,541,2,1274
7671,3821,126,2,16970
7672,3821,147,2,2783
7673,3822,35,2,19587
7674,3822,631,1,9498
7675,3823,630,2,3474
7676,3824,202,1,8150
7677,3825,282,2,16099
7678,3825,787,2,21920
7679,3825,45,2,24119
7680,3826,49,2,14294
7681,3826,459,1,3577
7682,3826,502,2,16567
7683,3827,229,1,5453
7684,3828,910,1,18409
7685,3828,770,2,8731
7686,3828,516,2,10325
7687,3829,923,2,18538
7688,3830,365,1,17114
7689,3830,268,1,5459
7690,3831,862,1,21664
7691,3831,812,1,5695
7692,3832,665,2,17822
7693,3832,951,1,7732
7694,3833,602,1,15150
7695,3833,446,1,1246
7696,3834,605,1,22747
7697,3834,183,1,17882
7698,3835,519,2,5589
7699,3835,735,1,6489
7700,3836,982,2,20533
7701,3837,909,1,21448
7702,3837,149,2,2499
7703,3837,997,2,5438
7704,3838,441,2,17192
7705,3838,346,2,23637
7706,3838,887,2,11785
7707,3839,632,2,20494
7708,3840,206,1,17571
7709,3840,377,2,11923
7710,3841,490,1,3520
7711,3841,834,2,13521
7712,3842,623,2,3481
7713,3843,693,1,6250
7714,3843,319,2,6899
7715,3844,604,2,12475
7716,3844,132,2,22794
7717,3845,167,2,7966
7718,3845,928,2,23695
7719,3845,588,2,14302
7720,3846,57,1,24079
7721,3847,224,1,12684
7722,3848,87,2,11754
7723,3848,565,1,7531
7724,3848,884,2,19563
7725,3849,363,2,24876
7726,3850,530,1,4312
7727,3850,126,1,4083
7728,3851,234,1,9187
7729,3852,335,1,1730
7730,3852,792,2,3240
7731,3853,808,2,14447
7732,3853,951,2,3527
7733,3854,229,1,4722
7734,3855,944,2,23622
7735,3855,693,2,1998
7736,3855,312,1,19587
7737,3856,194,1,7624
7738,3857,953,1,17653
7739,3858,912,2,3971
7740,3858,187,1,979
7741,3858,546,2,11737
7742,3859,587,2,15166
7743,3859,202,2,2146
7744,3859,234,1,1633
7745,3860,319,1,3673
7746,3860,911,2,24969
7747,3860,317,2,2738
7748,3861,762,2,21341
7749,3862,847,1,17000
7750,3862,270,2,21753
7751,3862,30,1,2505
7752,3863,708,1,13259
7753,3864,607,2,11747
7754,3864,550,1,2204
7755,3864,399,1,5900
7756,3865,502,2,4175
7757,3865,840,2,18260
7758,3865,819,2,1859
7759,3866,450,1,22651
7760,3866,825,2,16179
7761,3867,70,2,23515
7762,3868,461,2,10611
7763,3869,788,1,4198
7764,3869,871,2,16519
7765,3870,596,1,23505
7766,3870,176,1,18734
7767,3871,384,2,878
7768,3871,251,1,9947
7769,3872,220,1,17312
7770,3872,702,1,14836
7771,3872,12,2,16297
7772,3873,233,2,3622
7773,3874,39,1,2621
7774,3874,990,1,11946
7775,3875,763,1,22317
7776,3875,914,2,23188
7777,3875,391,2,15761
7778,3876,805,1,10932
7779,3877,734,1,2944
7780,3878,260,2,5308
7781,3878,612,1,15936
7782,3878,471,2,2056
7783,3879,636,2,11090
7784,3880,449,1,3693
7785,3880,710,1,14161
7786,3880,212,2,17712
7787,3881,480,2,14627
7788,3881,657,2,21057
7789,3882,158,2,12943
7790,3882,347,1,20182
7791,3882,642,1,17896
7792,3883,281,2,22738
7793,3884,598,1,10496
7794,3884,165,1,17839
7795,3884,315,1,10088
7796,3885,945,2,7428
7797,3885,902,2,22913
7798,3886,423,2,18654
7799,3886,667,2,7920
7800,3886,8,2,24120
7801,3887,251,2,9782
7802,3887,569,2,23100
7803,3887,494,2,23082
7804,3888,191,2,20477
7805,3888,52,1,19211
7806,3889,594,1,11702
7807,3889,800,2,2234
7808,3889,922,1,18997
7809,3890,673,1,8517
7810,3891,715,2,23378
7811,3891,4,2,15834
7812,3892,662,1,23552
7813,3893,282,2,18093
7814,3893,314,2,22028
7815,3893,509,1,9515
7816,3894,997,1,19265
7817,3894,108,2,16326
7818,3894,587,1,14368
7819,3895,649,2,24285
7820,3895,500,1,10443
7821,3896,496,1,21966
7822,3897,24,1,13616
7823,3898,551,2,14018
7824,3898,413,1,22214
7825,3899,333,2,8166
7826,3899,204,2,5939
7827,3900,786,1,9075
7828,3900,697,2,17760
7829,3900,124,2,8360
7830,3901,998,1,2680
7831,3901,869,1,6729
7832,3901,433,1,17351
7833,3902,308,2,19640
7834,3903,746,2,17843
7835,3903,300,1,23163
7836,3903,684,1,954
7837,3904,31,2,12461
7838,3904,248,1,14431
7839,3905,564,1,12661
7840,3905,488,2,3969
7841,3905,536,1,11053
7842,3906,998,2,5617
7843,3906,684,1,15596
7844,3906,405,2,21823
7845,3907,222,1,14739
7846,3907,599,2,17909
7847,3907,689,1,23231
7848,3908,463,1,3811
7849,3908,124,2,8822
7850,3908,747,2,24754
7851,3909,343,2,17336
7852,3910,291,2,4177
7853,3910,791,2,8209
7854,3911,869,2,21890
7855,3911,488,2,22758
7856,3912,371,1,2707
7857,3912,858,1,3661
7858,3912,791,1,12298
7859,3913,497,2,1671
7860,3913,698,2,10753
7861,3913,919,1,16712
7862,3914,201,1,6254
7863,3914,152,2,21061
7864,3914,641,1,7362
7865,3915,351,1,11351
7866,3915,396,1,11769
7867,3915,892,2,10031
7868,3916,486,1,20358
7869,3916,641,2,16506
7870,3916,1000,1,18021
7871,3917,147,1,19795
7872,3918,701,2,18651
7873,3918,906,1,2566
7874,3918,199,1,16889
7875,3919,990,1,4569
7876,3919,485,2,7796
7877,3920,534,2,2529
7878,3920,911,1,14918
7879,3920,737,1,16749
7880,3921,114,1,24388
7881,3921,728,1,10445
7882,3922,554,2,24115
7883,3923,974,1,24766
7884,3924,259,1,4160
7885,3924,407,2,19754
7886,3924,547,2,1325
7887,3925,505,2,20378
7888,3926,422,2,19384
7889,3927,921,1,16690
7890,3927,124,2,23252
7891,3927,616,2,12953
7892,3928,798,2,3589
7893,3929,593,2,13624
7894,3930,723,2,9059
7895,3931,948,1,5983
7896,3931,478,1,13734
7897,3931,214,2,18818
7898,3932,660,2,9247
7899,3932,536,2,19264
7900,3932,779,2,11265
7901,3933,919,2,10748
7902,3934,344,2,17621
7903,3935,294,2,3335
7904,3935,535,1,24742
7905,3936,525,1,19559
7906,3937,417,1,9339
7907,3937,66,1,5142
7908,3937,12,1,22588
7909,3938,520,2,3982
7910,3939,819,2,16676
7911,3940,733,2,8092
7912,3940,959,2,21881
7913,3940,191,2,2279
7914,3941,750,1,16157
7915,3942,144,1,1512
7916,3942,517,2,10480
7917,3943,36,2,8660
7918,3944,258,1,16203
7919,3944,474,1,8185
7920,3945,978,2,10707
7921,3946,987,1,2162
7922,3946,804,1,7428
7923,3946,4,1,6516
7924,3947,12,2,3805
7925,3948,762,2,7583
7926,3948,987,1,24451
7927,3949,837,1,7919
7928,3950,220,1,14635
7929,3950,844,2,2694
7930,3950,2,1,18120
7931,3951,261,2,20093
7932,3951,301,2,14127
7933,3952,630,1,8816
7934,3952,192,1,8218
7935,3952,896,2,8215
7936,3953,105,2,8075
7937,3953,971,2,17905
7938,3954,72,1,15398
7939,3954,931,2,14388
7940,3955,287,2,14905
7941,3955,29,1,18581
7942,3955,692,2,3682
7943,3956,512,2,21436
7944,3956,183,1,12014
7945,3956,94,2,18484
7946,3957,20,1,16202
7947,3958,286,1,16276
7948,3958,991,2,12658
7949,3959,868,2,2500
7950,3959,358,2,19880
7951,3959,859,1,2786
7952,3960,473,1,24018
7953,3960,157,2,21699
7954,3961,221,2,23238
7955,3962,572,2,13786
7956,3963,577,2,21833
7957,3963,511,1,8182
7958,3963,426,1,19352
7959,3964,170,2,24982
7960,3965,626,2,17292
7961,3965,583,1,2361
7962,3966,962,2,9877
7963,3966,13,2,960
7964,3967,744,2,13524
7965,3968,698,1,4384
7966,3969,79,1,8988
7967,3969,772,2,20284
7968,3969,272,1,12142
7969,3970,934,2,20187
7970,3970,913,2,8508
7971,3971,534,1,14153
7972,3971,910,2,13063
7973,3972,991,2,12551
7974,3973,952,2,13128
7975,3973,548,1,6086
7976,3973,622,1,14362
7977,3974,373,1,18485
7978,3974,533,2,18526
7979,3974,907,1,24311
7980,3975,525,1,18295
7981,3976,97,1,18364
7982,3976,192,1,18027
7983,3976,165,2,20914
7984,3977,769,2,13424
7985,3977,112,2,5250
7986,3978,586,1,3643
7987,3978,538,2,3632
7988,3979,591,1,20725
7989,3979,582,2,6730
7990,3980,156,2,14801
7991,3981,455,2,15140
7992,3982,325,1,9148
7993,3982,218,2,13471
7994,3983,758,1,10602
7995,3983,111,2,6068
7996,3984,90,2,7057
7997,3984,577,1,18948
7998,3985,976,1,4273
7999,3985,346,2,9105
8000,3985,137,2,5600
8001,3986,416,2,3186
8002,3987,963,2,9173
8003,3988,124,1,17756
8004,3989,960,2,23256
8005,3989,816,1,7028
8006,3989,758,2,2187
8007,3990,812,1,11344
8008,3990,817,1,10574
8009,3991,205,2,22349
8010,3991,100,1,24598
8011,3991,446,2,6619
8012,3992,772,2,8262
8013,3993,330,1,10776
8014,3994,3,2,5102
8015,3994,415,1,16156
8016,3994,206,1,23330
8017,3995,491,2,17344
8018,3995,829,2,7353
8019,3996,465,1,4991
8020,3997,251,2,12711
8021,3997,907,1,19296
8022,3997,938,2,7494
8023,3998,409,2,15887
8024,3998,384,1,20778
8025,3998,196,1,20343
8026,3999,363,1,12056
8027,4000,487,1,21330
8028,4000,906,2,12125
8029,4001,497,1,5694
8030,4001,665,2,4154
8031,4002,781,2,935
8032,4002,124,2,21892
8033,4002,81,1,4763
8034,4003,583,1,16145
8035,4003,337,1,5000
8036,4004,914,1,3556
8037,4004,863,2,7905
8038,4005,518,1,21240
8039,4005,175,1,21122
8040,4005,241,1,23876
8041,4006,905,1,4447
8042,4006,316,1,5271
8043,4007,85,2,16288
8044,4007,262,1,24408
8045,4008,271,1,2494
8046,4008,562,1,19656
8047,4008,271,2,4709
8048,4009,185,1,11728
8049,4009,279,1,17751
8050,4010,360,1,15468
8051,4011,652,1,19613
8052,4012,922,2,15717
8053,4013,509,2,18298
8054,4013,909,1,13953
8055,4014,303,2,6292
8056,4014,641,1,7507
8057,4015,467,1,13495
8058,4015,747,2,24035
8059,4016,143,2,15753
8060,4016,347,1,18647
8061,4017,781,2,21838
8062,4017,755,2,13426
8063,4018,262,1,7459
8064,4018,625,1,24120
8065,4018,567,2,24853
8066,4019,782,2,12807
8067,4020,173,2,18007
8068,4020,648,2,22662
8069,4020,491,1,5837
8070,4021,668,1,12297
8071,4021,289,1,1168
8072,4022,417,1,24427
8073,4023,522,2,8272
8074,4024,349,2,4665
8075,4025,48,1,10122
8076,4025,485,1,19149
8077,4026,68,2,24990
8078,4026,612,1,23842
8079,4026,112,2,2202
8080,4027,370,1,6825
8081,4027,477,2,7665
8082,4027,68,2,17114
8083,4028,79,2,5759
8084,4029,35,2,18612
8085,4029,606,1,21088
8086,4029,701,1,1592
8087,4030,944,1,13601
8088,4030,381,1,10333
8089,4030,439,1,22484
8090,4031,574,2,6217
8091,4032,158,1,4149
8092,4033,656,2,12611
8093,4033,187,2,19580
8094,4034,714,2,2040
8095,4035,469,1,17985
8096,4035,12,2,8764
8097,4035,57,2,6334
8098,4036,861,2,4975
8099,4036,784,2,5474
8100,4037,244,1,5050
8101,4038,777,2,18247
8102,4038,578,2,6052
8103,4038,508,1,23062
8104,4039,303,2,21051
8105,4039,45,2,16828
8106,4039,117,2,16956
8107,4040,375,1,16022
8108,4040,945,1,16672
8109,4041,655,2,24502
8110,4042,549,1,1284
8111,4042,985,1,24579
8112,4042,818,2,22601
8113,4043,844,1,14712
8114,4044,20,1,10995
8115,4045,504,1,11900
8116,4045,580,1,21252
8117,4045,238,1,6873
8118,4046,148,1,11170
8119,4046,843,1,23161
8120,4046,557,1,19851
8121,4047,801,2,19150
8122,4047,323,1,4147
8123,4047,853,2,9430
8124,4048,477,2,17465
8125,4048,314,2,3713
8126,4048,965,1,12840
8127,4049,620,1,17471
8128,4049,307,1,16038
8129,4050,813,1,10215
8130,4050,374,2,23964
8131,4050,533,1,24631
8132,4051,252,2,13623
8133,4051,369,2,4934
8134,4051,22,1,2841
8135,4052,228,2,15463
8136,4053,724,1,15816
8137,4053,944,2,19671
8138,4053,174,1,18378
8139,4054,236,1,14955
8140,4055,244,1,23362
8141,4056,170,2,7092
8142,4056,431,2,21458
8143,4057,712,1,5391
8144,4057,167,2,6420
8145,4058,446,1,23263
8146,4058,145,2,7596
8147,4059,210,1,21041
8148,4059,85,1,6969
8149,4059,845,1,16359
8150,4060,967,2,9428
8151,4060,76,1,15294
8152,4060,688,1,4905
8153,4061,806,1,8383
8154,4062,552,2,3231
8155,4062,476,2,999
8156,4062,509,1,23826
8157,4063,942,2,22618
8158,4063,869,2,14954
8159,4063,149,1,9380
8160,4064,3,2,10558
8161,4065,480,2,16109
8162,4065,766,2,17065
8163,4065,85,1,9776
8164,4066,503,1,24877
8165,4066,983,2,4223
8166,4066,701,1,20448
8167,4067,250,2,2160
8168,4068,290,2,4657
8169,4069,530,1,19324
8170,4069,473,2,20033
8171,4070,550,2,23690
8172,4070,791,2,15144
8173,4070,693,2,12894
8174,4071,693,1,22855
8175,4072,699,2,13006
8176,4072,895,2,17514
8177,4073,337,1,14020
8178,4073,340,2,6242
8179,4073,743,2,10843
8180,4074,390,1,2793
8181,4074,545,1,1048
8182,4074,282,1,14234
8183,4075,724,1,22580
8184,4076,142,2,14157
8185,4076,473,2,15495
8186,4077,286,1,18837
8187,4077,646,2,21326
8188,4077,687,1,22801
8189,4078,695,2,23746
8190,4079,429,1,8639
8191,4079,476,2,12443
8192,4079,667,1,9846
8193,4080,567,2,20024
8194,4080,440,2,22355
8195,4081,209,2,5875
8196,4082,524,2,2840
8197,4083,540,1,11971
8198,4083,832,2,6821
8199,4083,908,1,19890
8200,4084,74,2,19004
8201,4084,719,1,5447
8202,4084,423,1,2750
8203,4085,765,2,23980
8204,4086,209,2,3497
8205,4086,389,2,10134
8206,4086,853,1,6477
8207,4087,373,1,22227
8208,4088,162,2,5436
8209,4089,443,1,20691
8210,4090,104,2,7400
8211,4091,869,2,2859
8212,4092,350,2,14807
8213,4092,382,1,19650
8214,4093,412,1,4185
8215,4093,343,2,5802
8216,4093,359,2,15142
8217,4094,390,1,13632
8218,4095,659,2,21073
8219,4095,595,2,21893
8220,4095,709,1,3005
8221,4096,368,2,2084
8222,4097,900,2,8617
8223,4097,819,1,4421
8224,4098,955,1,12934
8225,4098,222,2,2839
8226,4099,796,2,7017
8227,4099,403,2,3428
8228,4100,299,2,24128
8229,4100,253,2,22121
8230,4100,155,1,4825
8231,4101,544,1,22267
8232,4101,32,2,20427
8233,4101,688,1,7526
8234,4102,728,2,22095
8235,4103,315,2,12523
8236,4103,11,1,19339
8237,4104,31,2,21213
8238,4104,462,1,5924
8239,4104,584,1,3391
8240,4105,518,2,23758
8241,4105,705,1,20612
8242,4105,20,2,20324
8243,4106,667,2,21773
8244,4106,89,1,15402
8245,4107,657,1,2938
8246,4108,516,2,24823
8247,4109,48,2,17472
8248,4109,179,1,17737
8249,4109,455,1,12098
8250,4110,853,2,12248
8251,4110,282,1,23607
8252,4111,76,2,20544
8253,4111,953,1,12867
8254,4112,190,1,7351
8255,4113,695,1,1879
8256,4114,735,1,1838
8257,4114,674,1,11151
8258,4114,957,2,2649
8259,4115,988,2,2542
8260,4115,404,2,4622
8261,4116,435,1,4732
8262,4116,150,1,13594
8263,4117,684,2,22840
8264,4117,294,1,8695
8265,4118,448,2,8065
8266,4118,690,2,10654
8267,4119,889,1,10286
8268,4119,63,1,7226
8269,4120,854,2,12432
8270,4120,757,1,11821
8271,4121,623,2,20274
8272,4121,890,1,9807
8273,4122,701,1,15484
8274,4122,394,2,7667
8275,4123,188,2,15784
8276,4123,474,1,22405
8277,4124,969,1,12730
8278,4125,24,2,7673
8279,4125,928,1,14179
8280,4125,714,2,11597
8281,4126,779,2,12662
8282,4127,129,1,24230
8283,4127,482,1,12922
8284,4128,253,1,11912
8285,4128,564,1,6898
8286,4128,565,1,23760
8287,4129,924,1,21358
8288,4130,115,1,21728
8289,4131,688,1,15778
8290,4131,441,1,7314
8291,4131,369,1,24138
8292,4132,119,1,2026
8293,4133,690,1,14550
8294,4133,592,2,12005
8295,4133,974,2,16492
8296,4134,352,2,10462
8297,4134,509,2,15388
8298,4134,379,1,13599
8299,4135,501,2,14489
8300,4136,627,2,10377
8301,4137,208,2,17768
8302,4137,663,2,23935
8303,4137,346,1,6396
8304,4138,447,1,15957
8305,4139,644,1,7770
8306,4140,96,2,13112
8307,4141,933,2,7267
8308,4141,275,2,20201
8309,4142,427,2,13621
8310,4143,861,2,7071
8311,4143,978,2,22153
8312,4143,921,1,2383
8313,4144,154,2,22971
8314,4144,371,1,16807
8315,4144,768,1,14352
8316,4145,764,1,7896
8317,4145,70,1,16086
8318,4145,764,1,10298
8319,4146,38,1,5843
8320,4146,859,2,19600
8321,4147,407,2,15856
8322,4147,690,2,19565
8323,4148,756,2,22187
8324,4148,479,1,15792
8325,4148,441,1,22370
8326,4149,909,2,24402
8327,4149,506,1,12292
8328,4149,122,2,16830
8329,4150,144,2,8573
8330,4150,917,2,1218
8331,4151,402,2,17468
8332,4152,539,1,18681
8333,4153,269,1,14944
8334,4153,980,1,7965
8335,4154,582,1,1943
8336,4154,370,2,16077
8337,4155,45,2,14677
8338,4155,718,2,12135
8339,4156,729,1,8066
8340,4156,202,1,20343
8341,4156,978,1,4480
8342,4157,841,2,16872
8343,4158,410,2,7408
8344,4159,383,2,21810
8345,4159,895,2,11344
8346,4159,112,1,2566
8347,4160,316,2,8307
8348,4160,368,2,7717
8349,4160,853,1,13985
8350,4161,237,2,20581
8351,4161,594,1,19655
8352,4162,421,1,1113
8353,4162,925,2,2292
8354,4163,866,2,19994
8355,4164,28,1,24336
8356,4164,852,2,15825
8357,4165,225,2,15521
8358,4166,320,1,4277
8359,4166,482,1,10394
8360,4166,795,2,16978
8361,4167,626,1,2944
8362,4167,937,1,18674
8363,4168,173,2,10225
8364,4168,136,1,1642
8365,4168,412,1,21290
8366,4169,862,2,24517
8367,4169,91,2,9710
8368,4170,177,1,22555
8369,4171,278,2,13001
8370,4172,193,1,11111
8371,4172,159,2,13461
8372,4172,647,1,7551
8373,4173,476,2,10781
8374,4173,30,1,14879
8375,4173,460,1,8868
8376,4174,6,1,15545
8377,4174,623,1,5249
8378,4175,88,1,15727
8379,4175,708,1,17219
8380,4176,507,1,18149
8381,4176,129,2,10982
8382,4177,939,2,8874
8383,4177,976,2,7126
8384,4178,607,1,17888
8385,4178,226,1,21569
8386,4179,265,2,24237
8387,4179,302,2,12806
8388,4180,270,2,4303
8389,4180,707,2,13163
8390,4180,639,2,5214
8391,4181,366,1,17148
8392,4181,198,2,4796
8393,4181,831,2,16010
8394,4182,364,2,8953
8395,4182,174,2,23780
8396,4182,816,1,18957
8397,4183,917,2,15897
8398,4184,218,1,13093
8399,4185,723,1,9153
8400,4185,693,2,2720
8401,4186,242,2,21586
8402,4186,824,1,7720
8403,4186,471,1,18304
8404,4187,812,2,1143
8405,4188,933,2,12005
8406,4188,504,2,24600
8407,4189,573,1,12923
8408,4189,891,2,15456
8409,4190,674,1,5936
8410,4190,423,1,8853
8411,4190,740,1,10048
8412,4191,745,1,3514
8413,4191,119,1,18816
8414,4192,97,2,6507
8415,4192,257,1,14565
8416,4193,581,2,14404
8417,4194,303,2,24364
8418,4195,214,2,7398
8419,4195,233,1,21782
8420,4196,605,1,21408
8421,4196,849,1,21260
8422,4196,101,2,16141
8423,4197,689,2,9163
8424,4197,359,1,11840
8425,4198,142,1,17624
8426,4198,878,1,6405
8427,4198,823,2,11382
8428,4199,992,2,17617
8429,4199,418,1,18823
8430,4200,232,2,18190
8431,4200,210,1,22282
8432,4201,742,2,3530
8433,4202,593,2,19193
8434,4202,214,1,24574
8435,4202,686,1,23536
8436,4203,390,2,19655
8437,4203,828,1,20544
8438,4203,84,1,4623
8439,4204,974,2,19195
8440,4205,592,2,19956
8441,4206,492,2,10226
8442,4206,310,1,6461
8443,4206,976,1,16743
8444,4207,399,2,20289
8445,4207,367,2,23076
8446,4208,383,1,16836
8447,4208,491,2,4849
8448,4208,153,2,12016
8449,4209,544,1,7813
8450,4209,495,1,15845
8451,4210,155,2,2273
8452,4210,471,1,2004
8453,4210,95,2,18884
8454,4211,540,1,14202
8455,4212,180,2,20978
8456,4212,608,1,3077
8457,4213,22,2,10884
8458,4214,370,1,18434
8459,4214,647,2,14620
8460,4214,587,1,4877
8461,4215,447,1,7967
8462,4216,195,2,5794
8463,4216,5,2,3132
8464,4216,711,2,16805
8465,4217,112,2,5063
8466,4218,549,1,22408
8467,4219,123,2,20458
8468,4220,809,1,22831
8469,4220,626,1,24928
8470,4221,918,1,3434
8471,4221,458,1,9417
8472,4222,702,1,14204
8473,4222,846,2,8722
8474,4223,945,2,17638
8475,4223,175,1,19430
8476,4223,141,1,20050
8477,4224,927,1,19156
8478,4225,639,1,9349
8479,4226,245,1,17489
8480,4226,929,2,24102
8481,4227,396,2,13722
8482,4228,987,2,14957
8483,4229,708,2,1516
8484,4229,155,1,8151
8485,4230,878,1,8247
8486,4230,974,2,14091
8487,4230,557,1,4111
8488,4231,158,2,21223
8489,4231,83,2,1743
8490,4232,582,2,14431
8491,4233,190,2,22466
8492,4234,585,1,5410
8493,4235,438,2,2543
8494,4235,651,2,7977
8495,4235,855,2,21494
8496,4236,917,1,8627
8497,4237,878,2,6185
8498,4238,966,1,1449
8499,4238,281,1,23850
8500,4238,712,2,19826
8501,4239,727,2,23049
8502,4240,895,1,8272
8503,4240,160,1,18941
8504,4240,653,1,15196
8505,4241,126,1,24102
8506,4241,934,1,16922
8507,4242,85,1,17020
8508,4242,444,2,11143
8509,4242,752,2,6604
8510,4243,301,1,9815
8511,4244,462,2,19123
8512,4245,454,2,4896
8513,4245,15,1,14807
8514,4246,901,1,14187
8515,4246,81,2,23147
8516,4246,699,1,18734
8517,4247,611,1,15088
8518,4248,216,2,22077
8519,4249,6,2,22832
8520,4250,33,1,14634
8521,4250,586,1,5670
8522,4251,608,2,11663
8523,4251,273,1,7373
8524,4252,372,2,5287
8525,4252,296,2,12217
8526,4252,463,1,23943
8527,4253,614,2,15693
8528,4253,981,2,8073
8529,4254,580,1,17493
8530,4255,638,1,10266
8531,4255,330,2,10146
8532,4256,402,2,12765
8533,4256,334,1,20999
8534,4256,792,1,14014
8535,4257,287,2,22973
8536,4257,741,1,13084
8537,4257,788,1,1162
8538,4258,558,1,2709
8539,4258,128,2,19923
8540,4259,527,1,3384
8541,4259,892,1,7368
8542,4260,865,1,18875
8543,4260,849,2,24366
8544,4261,545,2,6026
8545,4261,19,1,10722
8546,4261,442,2,1974
8547,4262,959,1,13457
8548,4263,41,1,22135
8549,4264,177,1,14563
8550,4265,933,2,14971
8551,4266,792,1,15402
8552,4267,398,2,15565
8553,4267,684,1,18452
8554,4268,65,2,5857
8555,4269,22,1,16413
8556,4269,161,1,17047
8557,4269,905,2,18917
8558,4270,245,1,23080
8559,4270,99,2,20339
8560,4271,890,1,12258
8561,4271,690,1,5102
8562,4271,954,1,16674
8563,4272,312,1,20503
8564,4273,840,2,19032
8565,4274,28,1,3963
8566,4275,650,1,12586
8567,4276,123,1,3694
8568,4277,686,1,5696
8569,4278,848,2,15356
8570,4278,456,2,20487
8571,4279,329,2,909
8572,4280,572,2,8699
8573,4281,156,1,7678
8574,4281,717,2,18302
8575,4281,193,2,22279
8576,4282,738,2,15567
8577,4282,530,1,23577
8578,4283,248,2,4130
8579,4283,996,2,7969
8580,4284,594,1,22494
8581,4284,609,1,3628
8582,4284,120,2,24612
8583,4285,824,2,11304
8584,4286,833,1,3635
8585,4287,967,2,15506
8586,4287,480,2,18895
8587,4288,166,2,8205
8588,4288,295,1,13047
8589,4289,524,1,14212
8590,4290,224,2,23951
8591,4290,164,1,9314
8592,4290,57,1,13320
8593,4291,682,1,23102
8594,4291,527,2,11470
8595,4292,738,1,22360
8596,4292,405,2,24004
8597,4292,412,2,17025
8598,4293,947,2,24218
8599,4293,146,2,12396
8600,4294,11,1,19549
8601,4295,775,2,20268
8602,4295,12,2,1249
8603,4295,24,1,3801
8604,4296,144,2,19351
8605,4297,68,2,19264
8606,4298,469,2,18334
8607,4298,886,1,13981
8608,4299,591,2,7811
8609,4300,318,2,8759
8610,4301,499,1,20099
8611,4301,518,1,19176
8612,4302,828,2,15333
8613,4302,792,1,14127
8614,4303,448,2,6054
8615,4303,8,2,5280
8616,4304,948,1,20938
8617,4305,487,1,14596
8618,4306,13,1,19791
8619,4306,853,1,13276
8620,4307,468,1,23329
8621,4307,489,2,20893
8622,4308,840,2,13746
8623,4308,76,1,17900
8624,4309,400,2,18797
8625,4310,244,1,5404
8626,4310,312,1,20270
8627,4311,946,2,8959
8628,4311,133,2,14400
8629,4312,946,2,24156
8630,4312,32,2,18243
8631,4312,298,2,16763
8632,4313,822,2,12307
8633,4314,141,2,11473
8634,4315,547,2,6349
8635,4316,760,1,1143
8636,4317,437,1,14230
8637,4317,340,2,8494
8638,4318,540,2,17218
8639,4318,443,1,20944
8640,4318,99,2,7323
8641,4319,684,2,16443
8642,4319,533,1,860
8643,4319,616,2,10736
8644,4320,617,2,1174
8645,4321,376,2,3597
8646,4321,125,1,15980
8647,4322,786,2,19653
8648,4322,277,2,1331
8649,4322,265,1,16026
8650,4323,503,2,6267
8651,4324,744,2,5066
8652,4324,172,1,18133
8653,4325,442,1,3651
8654,4326,963,1,13356
8655,4326,519,2,19171
8656,4326,189,1,20733
8657,4327,677,1,18424
8658,4327,10,2,12160
8659,4328,809,2,4063
8660,4329,484,2,15906
8661,4329,857,1,9398
8662,4329,337,2,5095
8663,4330,720,1,18033
8664,4331,505,1,7300
8665,4331,773,1,10712
8666,4331,186,1,20643
8667,4332,117,2,23879
8668,4332,144,2,1588
8669,4333,248,2,7422
8670,4333,721,1,16817
8671,4334,411,2,10248
8672,4335,195,1,16767
8673,4335,954,2,12272
8674,4336,757,1,8964
8675,4336,286,1,17994
8676,4337,614,1,5311
8677,4337,724,2,3442
8678,4338,724,2,12921
8679,4338,84,2,1677
8680,4338,517,2,8866
8681,4339,43,2,9499
8682,4339,916,2,15960
8683,4339,993,2,22408
8684,4340,507,1,24210
8685,4340,92,2,21778
8686,4340,528,2,13025
8687,4341,588,2,11999
8688,4342,94,2,20830
8689,4342,836,1,6393
8690,4343,816,1,15990
8691,4343,636,1,17298
8692,4344,186,2,14116
8693,4344,455,1,17231
8694,4345,145,2,12952
8695,4345,504,1,21528
8696,4346,562,2,13564
8697,4346,408,1,13185
8698,4346,951,1,5569
8699,4347,514,2,16766
8700,4347,988,1,7418
8701,4348,421,2,22718
8702,4348,853,1,20160
8703,4348,389,2,13774
8704,4349,905,2,18510
8705,4349,669,2,15382
8706,4350,912,1,3430
8707,4350,181,1,20381
8708,4351,175,1,17179
8709,4351,788,2,1156
8710,4352,717,1,5917
8711,4352,781,1,7667
8712,4352,187,2,13741
8713,4353,638,2,5555
8714,4353,216,1,13803
8715,4354,412,2,20635
8716,4355,791,1,22896
8717,4356,84,2,18107
8718,4356,406,2,14244
8719,4357,917,1,10919
8720,4358,345,1,1299
8721,4358,772,2,14985
8722,4358,764,1,18633
8723,4359,713,2,11278
8724,4360,217,2,1772
8725,4361,270,1,13476
8726,4361,165,1,23703
8727,4362,835,1,19846
8728,4362,485,1,16746
8729,4363,297,1,21210
8730,4363,114,2,9451
8731,4363,772,2,22695
8732,4364,650,1,13498
8733,4365,101,2,11550
8734,4365,879,2,22839
8735,4365,60,2,19856
8736,4366,574,2,12874
8737,4366,623,1,3036
8738,4367,292,2,21725
8739,4368,85,2,15307
8740,4368,388,2,6316
8741,4369,481,1,6770
8742,4370,231,1,21253
8743,4370,666,1,24928
8744,4370,269,2,9884
8745,4371,139,2,23073
8746,4372,238,2,21451
8747,4373,98,1,22535
8748,4373,79,1,8720
8749,4374,985,1,19066
8750,4375,857,2,17643
8751,4375,231,1,6615
8752,4375,14,2,16641
8753,4376,434,1,12270
8754,4377,763,1,23706
8755,4377,213,1,22343
8756,4377,349,1,21200
8757,4378,921,2,23362
8758,4379,381,2,12131
8759,4379,460,1,6809
8760,4380,218,2,24705
8761,4380,937,2,15530
8762,4380,45,1,2728
8763,4381,465,1,3779
8764,4381,82,2,2084
8765,4382,12,1,20077
8766,4382,289,2,5245
8767,4382,130,2,9435
8768,4383,808,2,5450
8769,4384,783,1,15707
8770,4384,974,1,2703
8771,4384,359,1,14587
8772,4385,417,2,20758
8773,4385,370,1,11868
8774,4385,58,1,9700
8775,4386,708,1,6943
8776,4386,555,2,3944
8777,4387,343,1,4539
8778,4388,472,2,19913
8779,4388,851,1,1855
8780,4388,475,1,9771
8781,4389,916,1,22482
8782,4389,3,1,11122
8783,4390,808,1,23786
8784,4390,201,1,8326
8785,4390,400,1,6965
8786,4391,354,1,12874
8787,4391,654,2,8926
8788,4391,373,1,15042
8789,4392,759,1,4286
8790,4392,625,1,7436
8791,4392,346,2,8284
8792,4393,433,1,10654
8793,4394,522,1,6900
8794,4394,812,2,17091
8795,4395,449,1,18487
8796,4396,325,2,7865
8797,4396,209,1,2190
8798,4396,906,2,13615
8799,4397,125,1,8991
8800,4398,113,2,9383
8801,4398,578,1,8747
8802,4399,617,1,4856
8803,4400,585,2,24360
8804,4400,930,2,19863
8805,4401,31,1,16283
8806,4401,465,1,17418
8807,4402,790,2,10075
8808,4402,176,2,15671
8809,4402,443,2,15479
8810,4403,668,2,24552
8811,4404,83,1,3289
8812,4405,339,2,7801
8813,4405,344,1,12534
8814,4406,930,1,10713
8815,4407,614,1,10957
8816,4407,471,1,9947
8817,4407,380,1,3495
8818,4408,248,1,5714
8819,4409,766,1,19536
8820,4409,99,1,18049
8821,4409,341,1,11860
8822,4410,171,1,16188
8823,4411,91,2,23979
8824,4412,900,1,2492
8825,4413,124,1,20367
8826,4413,330,2,1241
8827,4413,843,1,22921
8828,4414,222,2,13418
8829,4414,840,1,10450
8830,4415,461,1,2977
8831,4416,717,2,13426
8832,4417,973,2,4620
8833,4418,432,1,3863
8834,4419,866,2,15360
8835,4419,452,1,15087
8836,4419,804,1,22626
8837,4420,271,2,24158
8838,4420,493,1,4103
8839,4421,346,2,19058
8840,4421,522,1,13887
8841,4422,964,2,15252
8842,4422,557,2,11516
8843,4422,329,1,9116
8844,4423,541,2,18091
8845,4423,399,1,8934
8846,4423,985,2,14567
8847,4424,712,1,15293
8848,4424,386,1,14272
8849,4425,467,1,10921
8850,4425,146,2,7645
8851,4426,48,2,11080
8852,4427,448,2,19863
8853,4428,255,2,19986
8854,4428,709,2,13156
8855,4429,984,1,8914
8856,4429,811,2,12778
8857,4430,530,2,1425
8858,4431,409,1,20056
8859,4432,436,1,6303
8860,4432,54,2,7899
8861,4432,923,2,22235
8862,4433,779,1,19232
8863,4433,744,2,22168
8864,4434,222,2,13776
8865,4434,454,2,14803
8866,4435,740,1,7103
8867,4435,874,2,8661
8868,4435,420,2,7176
8869,4436,36,1,15697
8870,4436,49,1,23016
8871,4437,263,2,4822
8872,4438,975,1,24111
8873,4438,260,2,16913
8874,4439,980,2,12960
8875,4439,657,2,24933
8876,4440,321,2,18498
8877,4440,923,2,17640
8878,4440,517,1,16008
8879,4441,210,2,12988
8880,4441,547,2,2969
8881,4442,302,2,22838
8882,4442,639,2,3296
8883,4443,867,1,6468
8884,4443,651,1,5745
8885,4443,485,1,11738
8886,4444,878,1,3113
8887,4444,59,1,6535
8888,4444,671,1,17898
8889,4445,304,2,2017
8890,4445,187,1,17850
8891,4445,971,2,3834
8892,4446,497,2,18654
8893,4446,569,1,16760
8894,4447,334,1,17414
8895,4447,341,2,12128
8896,4448,239,1,10652
8897,4448,787,2,14611
8898,4449,335,1,17123
8899,4449,761,1,15431
8900,4449,648,1,8951
8901,4450,34,1,14455
8902,4451,31,1,23562
8903,4452,432,2,13364
8904,4452,427,1,9372
8905,4453,50,2,10055
8906,4454,704,1,12342
8907,4454,71,1,9464
8908,4454,966,2,22239
8909,4455,437,1,13631
8910,4455,647,1,11131
8911,4456,679,2,23903
8912,4456,679,1,5825
8913,4456,978,1,8974
8914,4457,151,2,10044
8915,4457,942,1,4338
8916,4458,493,1,17973
8917,4458,132,2,23495
8918,4459,757,1,4239
8919,4460,728,2,21766
8920,4460,697,2,22079
8921,4461,562,1,22176
8922,4461,362,1,18695
8923,4462,662,1,3299
8924,4463,289,1,4570
8925,4464,823,1,24693
8926,4464,843,1,21011
8927,4464,958,1,14835
8928,4465,821,1,2832
8929,4465,891,2,17717
8930,4465,154,2,16746
8931,4466,765,2,21839
8932,4467,390,1,19176
8933,4467,876,2,13835
8934,4467,404,2,11640
8935,4468,759,1,8942
8936,4469,819,2,19354
8937,4469,195,2,3088
8938,4470,537,1,3711
8939,4471,60,1,6198
8940,4472,554,2,15065
8941,4473,715,2,21410
8942,4473,181,2,15828
8943,4474,993,2,16325
8944,4474,149,2,21966
8945,4474,250,2,24148
8946,4475,917,2,10239
8947,4476,909,1,4024
8948,4477,655,2,17658
8949,4478,502,1,5234
8950,4479,656,2,23919
8951,4480,853,2,3571
8952,4480,424,2,18215
8953,4480,439,2,10308
8954,4481,743,2,1901
8955,4481,561,1,1250
8956,4481,93,2,10252
8957,4482,310,2,6512
8958,4483,622,2,14587
8959,4483,84,1,4609
8960,4484,880,2,10303
8961,4485,764,2,18710
8962,4485,763,2,23883
8963,4486,966,1,9583
8964,4486,764,2,10227
8965,4487,752,2,3281
8966,4488,843,2,6328
8967,4488,216,1,7965
8968,4488,59,2,21821
8969,4489,719,1,5729
8970,4490,641,2,5980
8971,4491,789,2,7779
8972,4491,269,1,20021
8973,4491,669,1,21195
8974,4492,167,1,19555
8975,4492,23,1,22428
8976,4493,558,2,15309
8977,4493,724,2,898
8978,4494,853,2,12602
8979,4494,818,1,8862
8980,4494,222,1,1504
8981,4495,307,2,7751
8982,4496,418,2,3562
8983,4497,342,1,24425
8984,4498,907,1,20883
8985,4498,386,2,6367
8986,4498,16,1,24673
8987,4499,593,2,894
8988,4499,319,1,13031
8989,4499,335,1,4850
8990,4500,519,1,19473
8991,4501,358,2,10126
8992,4502,79,2,13399
8993,4502,333,2,19299
8994,4503,62,2,3953
8995,4503,511,2,18758
8996,4504,791,1,10341
8997,4505,874,1,12052
8998,4506,904,1,15303
8999,4506,226,1,20420
9000,4506,686,2,15119
9001,4507,111,1,15292
9002,4507,112,2,8130
9003,4507,407,2,5546
9004,4508,43,2,7731
9005,4508,976,1,1329
9006,4508,276,1,16015
9007,4509,87,1,24978
9008,4510,400,2,4252
9009,4510,982,2,1946
9010,4511,88,1,17018
9011,4511,600,2,4418
9012,4511,363,1,13083
9013,4512,461,2,10972
9014,4512,111,2,12566
9015,4513,91,2,22663
9016,4514,759,2,11143
9017,4514,682,1,14569
9018,4515,17,1,881
9019,4515,540,1,24056
9020,4515,193,1,9713
9021,4516,402,1,3966
9022,4516,277,2,18309
9023,4517,304,1,9678
9024,4517,719,1,17797
9025,4517,928,1,4905
9026,4518,445,1,7148
9027,4518,920,1,16272
9028,4519,590,1,16540
9029,4519,297,2,16787
9030,4520,332,2,4922
9031,4521,30,1,9013
9032,4521,116,2,16854
9033,4522,918,1,2332
9034,4522,47,2,16860
9035,4522,84,1,7160
9036,4523,639,2,1094
9037,4523,887,1,6823
9038,4524,921,1,17598
9039,4524,593,1,13180
9040,4525,785,2,3258
9041,4525,828,1,11419
9042,4526,415,1,3733
9043,4526,898,2,17452
9044,4527,156,2,6684
9045,4527,677,2,9016
9046,4527,220,2,8065
9047,4528,29,1,3359
9048,4528,286,2,7469
9049,4528,686,1,21851
9050,4529,699,1,17087
9051,4529,971,2,23914
9052,4530,342,1,16973
9053,4531,431,2,15690
9054,4531,952,1,8992
9055,4532,563,1,12011
9056,4532,418,1,13818
9057,4532,527,2,11538
9058,4533,768,1,13042
9059,4533,752,1,18409
9060,4533,139,2,10175
9061,4534,113,1,17977
9062,4534,655,2,10001
9063,4535,252,2,1977
9064,4536,834,1,21718
9065,4537,740,2,1368
9066,4537,479,1,4511
9067,4538,660,2,20401
9068,4538,155,2,6686
9069,4538,36,2,13982
9070,4539,616,2,22016
9071,4539,123,1,17249
9072,4539,210,1,20123
9073,4540,579,2,8157
9074,4540,794,2,6530
9075,4541,928,2,23818
9076,4542,297,2,17694
9077,4542,819,1,1264
9078,4543,956,2,23656
9079,4543,219,2,22533
9080,4544,30,2,17664
9081,4545,811,2,13319
9082,4545,488,2,14840
9083,4545,101,2,12034
9084,4546,864,2,8539
9085,4546,576,1,1177
9086,4546,269,1,5531
9087,4547,270,2,8799
9088,4547,294,1,7957
9089,4547,300,1,2270
9090,4548,447,1,6882
9091,4548,45,1,6334
9092,4548,958,1,24564
9093,4549,396,1,20793
9094,4549,187,2,10661
9095,4550,500,2,1246
9096,4550,25,2,1141
9097,4550,571,1,3393
9098,4551,64,1,10228
9099,4551,946,2,6710
9100,4552,623,1,24578
9101,4553,152,2,12715
9102,4553,928,2,14915
9103,4554,760,1,17260
9104,4554,56,2,12630
9105,4555,669,1,6787
9106,4555,456,2,14719
9107,4556,580,2,5047
9108,4556,655,2,8933
9109,4556,221,1,13388
9110,4557,595,2,5105
9111,4557,704,1,15548
9112,4557,443,2,19223
9113,4558,750,2,7635
9114,4558,661,2,17327
9115,4558,939,1,2897
9116,4559,37,2,14889
9117,4559,745,1,13880
9118,4559,927,2,8154
9119,4560,798,2,20191
9120,4561,365,1,4816
9121,4561,911,1,21696
9122,4562,789,1,10332
9123,4562,375,1,8358
9124,4562,114,1,18219
9125,4563,360,2,24446
9126,4563,827,2,19945
9127,4564,305,2,12911
9128,4564,855,2,15278
9129,4564,377,1,14041
9130,4565,599,2,21007
9131,4565,653,1,18875
9132,4566,967,1,11394
9133,4566,406,2,20901
9134,4567,838,2,23981
9135,4568,154,2,7669
9136,4568,552,1,12886
9137,4568,653,2,18088
9138,4569,698,1,3996
9139,4569,678,1,13102
9140,4570,392,2,22625
9141,4570,555,1,12277
9142,4571,775,1,3578
9143,4571,163,2,17901
9144,4571,193,1,4455
9145,4572,640,2,11068
9146,4572,224,1,13566
9147,4573,138,2,8690
9148,4573,446,1,17919
9149,4574,784,2,5076
9150,4575,222,2,23528
9151,4575,57,2,7191
9152,4575,598,1,23693
9153,4576,665,1,19191
9154,4576,199,1,20537
9155,4576,733,2,7831
9156,4577,803,1,19937
9157,4577,465,1,18843
9158,4578,655,2,6111
9159,4578,498,1,4952
9160,4579,275,1,11387
9161,4579,694,2,15028
9162,4580,726,2,23515
9163,4581,808,1,10851
9164,4582,781,2,4698
9165,4583,881,2,12663
9166,4583,984,2,14675
9167,4584,40,1,7878
9168,4584,454,2,7297
9169,4585,387,2,15927
9170,4586,156,1,9682
9171,4587,38,2,4064
9172,4588,939,1,19567
9173,4588,135,2,17521
9174,4588,897,1,1574
9175,4589,839,1,14083
9176,4589,815,1,23535
9177,4590,209,1,1368
9178,4590,579,1,11040
9179,4590,802,2,5922
9180,4591,685,2,9089
9181,4591,123,2,22084
9182,4591,600,2,15861
9183,4592,78,2,22589
9184,4592,213,2,18459
9185,4593,909,2,4362
9186,4594,981,1,9330
9187,4594,502,1,5979
9188,4594,854,1,8883
9189,4595,716,2,1418
9190,4595,429,1,11581
9191,4596,769,2,24375
9192,4596,19,2,8582
9193,4596,537,1,3534
9194,4597,488,2,24186
9195,4598,983,1,7917
9196,4598,107,2,24579
9197,4598,3,2,15458
9198,4599,309,1,7376
9199,4599,403,2,22003
9200,4599,166,2,10197
9201,4600,162,1,9048
9202,4600,149,2,17147
9203,4600,261,2,16568
9204,4601,825,2,1556
9205,4602,215,2,3579
9206,4602,773,2,14595
9207,4603,234,2,5704
9208,4603,777,2,4081
9209,4604,385,1,18409
9210,4604,709,1,4584
9211,4604,749,1,4008
9212,4605,780,1,3455
9213,4605,316,1,22465
9214,4606,423,2,21768
9215,4607,824,2,7390
9216,4607,441,1,15739
9217,4608,393,2,18848
9218,4608,929,2,24139
9219,4608,929,1,24584
9220,4609,229,2,3891
9221,4609,244,2,20093
9222,4610,294,2,3527
9223,4610,99,2,3868
9224,4611,216,1,17647
9225,4612,478,2,5560
9226,4612,333,1,18751
9227,4613,267,2,21332
9228,4613,879,2,15557
9229,4613,397,1,6376
9230,4614,54,2,19955
9231,4615,19,2,23126
9232,4615,831,1,5800
9233,4615,151,2,13965
9234,4616,617,1,16684
9235,4616,994,1,12165
9236,4617,787,1,17155
9237,4617,399,1,1707
9238,4618,365,2,20176
9239,4619,105,2,17376
9240,4619,335,2,6549
9241,4620,969,1,8128
9242,4620,818,2,8160
9243,4620,142,1,20493
9244,4621,416,1,6582
9245,4621,298,2,17626
9246,4621,308,2,18403
9247,4622,987,2,22647
9248,4622,590,1,1902
9249,4622,9,2,9092
9250,4623,257,1,3993
9251,4623,102,1,23840
9252,4623,543,1,21202
9253,4624,237,2,24090
9254,4625,237,1,21892
9255,4625,51,2,4276
9256,4625,679,1,19884
9257,4626,864,2,1361
9258,4626,159,1,6757
9259,4626,321,2,18005
9260,4627,633,1,22442
9261,4627,951,2,20717
9262,4628,700,1,22465
9263,4629,55,2,9296
9264,4630,667,2,22623
9265,4630,65,1,22240
9266,4631,837,1,5913
9267,4631,848,1,4606
9268,4631,626,2,13267
9269,4632,328,1,13684
9270,4632,553,2,4312
9271,4632,931,2,12676
9272,4633,957,2,16300
9273,4634,702,2,20963
9274,4635,848,2,3553
9275,4636,761,2,17034
9276,4637,524,1,23784
9277,4637,987,2,13667
9278,4638,796,2,3248
9279,4638,106,1,14554
9280,4639,178,1,9208
9281,4640,498,1,18836
9282,4640,598,1,19396
9283,4640,327,2,18312
9284,4641,556,1,21061
9285,4641,870,1,23633
9286,4641,32,1,13800
9287,4642,57,1,5000
9288,4642,322,2,9814
9289,4643,885,1,1277
9290,4643,439,1,23672
9291,4644,317,2,19564
9292,4644,470,1,10450
9293,4644,799,2,15116
9294,4645,320,2,21087
9295,4646,304,2,18801
9296,4646,935,1,6323
9297,4647,907,2,2531
9298,4648,186,1,17811
9299,4649,690,2,7631
9300,4649,802,1,7006
9301,4650,435,2,2829
9302,4650,597,1,6272
9303,4651,832,2,4248
9304,4652,965,1,5633
9305,4652,208,1,14657
9306,4653,941,1,22232
9307,4653,965,1,24945
9308,4654,405,2,5057
9309,4654,85,2,13621
9310,4654,788,1,10006
9311,4655,175,2,2609
9312,4655,103,2,10472
9313,4655,125,1,6581
9314,4656,810,1,24283
9315,4656,314,2,16335
9316,4656,756,1,9839
9317,4657,9,1,2958
9318,4657,835,1,1723
9319,4658,894,2,20403
9320,4658,310,2,10374
9321,4659,774,2,2448
9322,4659,756,2,10205
9323,4660,268,1,6739
9324,4661,544,2,11280
9325,4662,226,2,22412
9326,4662,552,2,15064
9327,4662,479,1,1023
9328,4663,839,1,14518
9329,4663,522,1,18651
9330,4664,492,1,14362
9331,4665,337,1,13770
9332,4666,692,2,11308
9333,4666,764,1,12110
9334,4666,337,1,11021
9335,4667,238,2,22487
9336,4667,447,1,22162
9337,4667,111,2,21789
9338,4668,490,2,10956
9339,4669,673,1,1641
9340,4669,599,2,14610
9341,4670,712,2,14381
9342,4670,575,1,23621
9343,4670,342,2,7610
9344,4671,413,2,9785
9345,4672,522,2,8226
9346,4672,33,2,16832
9347,4673,784,2,24746
9348,4673,225,1,9721
9349,4674,236,2,12691
9350,4674,102,1,10979
9351,4675,12,2,18803
9352,4675,45,1,8226
9353,4676,654,1,1947
9354,4676,140,1,3441
9355,4677,122,1,11254
9356,4678,9,1,20454
9357,4678,586,2,4653
9358,4679,296,2,22610
9359,4679,542,1,12288
9360,4680,61,1,22315
9361,4680,871,1,10457
9362,4681,397,2,18822
9363,4681,638,2,6237
9364,4681,98,2,17686
9365,4682,337,1,6464
9366,4682,537,2,17187
9367,4683,445,2,11823
9368,4683,862,2,4049
9369,4684,61,2,22144
9370,4684,96,2,14715
9371,4684,448,1,22039
9372,4685,25,1,15507
9373,4686,316,1,5257
9374,4686,150,2,22211
9375,4686,533,2,21665
9376,4687,357,1,24089
9377,4688,79,2,13314
9378,4688,86,2,13903
9379,4689,856,2,13219
9380,4689,564,1,20407
9381,4689,763,1,21071
9382,4690,760,2,6055
9383,4690,418,2,22694
9384,4691,593,1,20095
9385,4691,258,1,16466
9386,4691,590,1,3301
9387,4692,531,1,3226
9388,4692,867,2,15099
9389,4692,242,2,13286
9390,4693,175,2,23561
9391,4693,79,1,18299
9392,4694,844,2,1116
9393,4694,823,2,16260
9394,4695,298,1,20918
9395,4695,233,1,14337
9396,4695,497,1,20722
9397,4696,304,2,4273
9398,4696,319,2,6610
9399,4697,601,1,21877
9400,4698,780,1,5565
9401,4699,580,1,2275
9402,4699,381,2,14677
9403,4699,37,2,17717
9404,4700,844,1,10102
9405,4700,999,2,11683
9406,4701,22,2,18031
9407,4701,35,1,22161
9408,4702,940,2,9339
9409,4703,322,1,12830
9410,4704,225,1,10883
9411,4704,348,1,6394
9412,4704,87,1,2629
9413,4705,383,1,1966
9414,4705,311,1,21637
9415,4705,383,1,14181
9416,4706,477,1,21651
9417,4706,566,1,19471
9418,4707,828,1,14063
9419,4708,455,2,19280
9420,4708,317,2,1634
9421,4708,924,2,11167
9422,4709,714,2,10142
9423,4709,834,1,24073
9424,4710,222,2,1819
9425,4710,830,1,7548
9426,4711,823,2,22634
9427,4712,73,1,12946
9428,4713,22,1,13897
9429,4713,743,2,23630
9430,4714,771,1,5697
9431,4714,83,2,13613
9432,4715,701,1,21525
9433,4715,335,2,13881
9434,4716,390,2,16887
9435,4716,336,1,23124
9436,4716,531,1,21676
9437,4717,410,2,15105
9438,4718,980,1,21211
9439,4718,213,2,16088
9440,4719,540,1,2405
9441,4719,414,2,18046
9442,4719,825,2,14170
9443,4720,656,2,9507
9444,4720,691,1,4361
9445,4721,868,1,9418
9446,4721,300,2,10634
9447,4722,226,1,1288
9448,4722,906,1,10008
9449,4723,36,2,24207
9450,4723,553,2,2458
9451,4723,122,1,2441
9452,4724,385,1,4414
9453,4725,825,1,8782
9454,4725,27,1,11876
9455,4725,753,1,14172
9456,4726,981,2,17610
9457,4726,737,2,21317
9458,4726,563,1,23904
9459,4727,942,1,12194
9460,4728,899,2,20586
9461,4729,753,2,18869
9462,4729,783,1,24200
9463,4730,223,1,22085
9464,4730,306,1,9751
9465,4730,320,1,12635
9466,4731,857,1,10780
9467,4731,264,1,16058
9468,4731,492,2,4804
9469,4732,390,1,17652
9470,4733,236,1,19426
9471,4733,764,2,11663
9472,4733,315,1,24393
9473,4734,738,1,20729
9474,4734,153,2,9986
9475,4735,256,1,6444
9476,4735,948,1,22547
9477,4736,110,2,2575
9478,4736,740,1,21845
9479,4737,482,1,19253
9480,4737,665,1,24718
9481,4738,33,1,23468
9482,4738,841,1,12444
9483,4739,853,1,22750
9484,4739,369,1,11973
9485,4739,795,1,19908
9486,4740,583,1,24863
9487,4741,135,1,2427
9488,4741,700,1,1362
9489,4741,804,2,8947
9490,4742,267,1,16244
9491,4742,431,1,19888
9492,4743,460,1,14887
9493,4743,580,2,22415
9494,4743,888,2,24505
9495,4744,464,1,24017
9496,4744,801,1,23933
9497,4744,663,1,5427
9498,4745,700,2,9090
9499,4745,379,1,1652
9500,4745,837,1,2890
9501,4746,12,1,17321
9502,4747,696,2,9588
9503,4747,555,1,16493
9504,4747,801,2,16426
9505,4748,650,2,6871
9506,4748,136,1,15924
9507,4748,128,1,22459
9508,4749,857,1,17297
9509,4749,852,1,13732
9510,4749,917,1,12088
9511,4750,788,2,4561
9512,4750,955,1,2206
9513,4750,835,2,21730
9514,4751,679,1,18601
9515,4752,868,2,6693
9516,4753,927,1,841
9517,4753,348,2,1262
9518,4754,548,2,15448
9519,4755,997,1,15470
9520,4755,545,2,13234
9521,4755,96,1,15348
9522,4756,534,2,17526
9523,4757,365,2,17079
9524,4757,303,2,2136
9525,4757,821,1,23049
9526,4758,518,2,10541
9527,4759,921,1,12727
9528,4759,542,1,12878
9529,4759,359,1,20481
9530,4760,534,2,18312
9531,4760,965,1,22316
9532,4760,216,1,4216
9533,4761,803,2,24684
9534,4761,916,1,3628
9535,4762,58,2,19581
9536,4762,193,1,15816
9537,4762,485,1,19890
9538,4763,327,2,24166
9539,4763,984,2,19870
9540,4763,759,1,21791
9541,4764,143,2,18186
9542,4764,97,2,10895
9543,4765,782,2,7357
9544,4765,22,1,17309
9545,4766,68,1,23510
9546,4766,878,1,16764
9547,4766,309,2,2238
9548,4767,253,2,6011
9549,4768,445,1,10446
9550,4768,588,2,18325
9551,4768,277,2,9883
9552,4769,709,1,7919
9553,4770,78,2,12829
9554,4770,860,1,11283
9555,4770,313,2,17593
9556,4771,184,1,8056
9557,4771,350,1,13593
9558,4772,814,1,16159
9559,4772,689,2,15875
9560,4773,634,1,13284
9561,4773,943,2,11431
9562,4773,932,2,4657
9563,4774,304,2,24054
9564,4775,455,2,19100
9565,4775,133,2,16891
9566,4776,511,2,15032
9567,4777,29,2,17724
9568,4778,910,2,14987
9569,4778,708,1,16712
9570,4778,879,1,2428
9571,4779,775,1,23544
9572,4780,457,1,11789
9573,4780,894,1,4107
9574,4780,25,2,6102
9575,4781,700,1,2344
9576,4781,976,1,23353
9577,4781,895,1,2809
9578,4782,704,1,8751
9579,4783,615,2,19552
9580,4783,822,2,10068
9581,4783,520,2,16870
9582,4784,376,1,10911
9583,4784,29,2,8916
9584,4785,189,2,20969
9585,4785,952,1,16706
9586,4786,512,1,20696
9587,4786,337,1,3740
9588,4787,700,1,22461
9589,4788,631,2,18409
9590,4789,752,2,22416
9591,4789,540,2,1049
9592,4789,41,2,3066
9593,4790,256,1,11004
9594,4791,553,2,3625
9595,4792,695,2,15975
9596,4792,504,1,2709
9597,4793,561,2,4605
9598,4793,836,1,15356
9599,4794,775,1,23437
9600,4794,765,1,3957
9601,4794,774,2,21688
9602,4795,216,2,11984
9603,4796,380,1,8566
9604,4796,350,1,7649
9605,4797,827,1,19122
9606,4797,468,1,24091
9607,4797,894,1,22774
9608,4798,514,2,4846
9609,4798,380,2,14656
9610,4799,122,1,14663
9611,4799,244,2,24875
9612,4800,365,1,21328
9613,4801,954,1,2653
9614,4801,270,1,5188
9615,4802,398,1,17523
9616,4802,467,2,18906
9617,4803,249,2,11932
9618,4803,618,1,24199
9619,4804,233,2,11304
9620,4804,499,1,2385
9621,4805,196,1,7925
9622,4806,939,1,2620
9623,4807,600,1,12643
9624,4807,177,2,11214
9625,4807,948,2,4468
9626,4808,466,2,17602
9627,4808,870,2,5628
9628,4808,852,1,11919
9629,4809,428,1,4853
9630,4809,96,2,18612
9631,4809,787,1,2984
9632,4810,104,1,14221
9633,4810,481,1,3790
9634,4810,596,1,13585
9635,4811,924,2,3077
9636,4812,639,2,18459
9637,4812,912,1,6809
9638,4813,879,2,23185
9639,4813,696,1,14607
9640,4813,997,2,15730
9641,4814,237,2,12053
9642,4814,293,2,9956
9643,4814,979,1,15454
9644,4815,217,1,8582
9645,4815,881,1,13586
9646,4815,865,1,2383
9647,4816,491,1,7887
9648,4816,944,2,18973
9649,4816,809,1,14250
9650,4817,155,1,10099
9651,4817,784,2,13609
9652,4817,848,1,9590
9653,4818,286,1,24058
9654,4818,836,1,2020
9655,4818,85,1,9659
9656,4819,754,2,16896
9657,4819,534,1,11295
9658,4820,803,1,1129
9659,4820,499,2,19885
9660,4821,356,2,11656
9661,4821,843,2,10365
9662,4821,55,2,14589
9663,4822,893,1,14714
9664,4823,949,1,8336
9665,4823,817,2,13800
9666,4823,5,1,12563
9667,4824,932,1,19375
9668,4824,514,1,9087
9669,4824,200,2,19584
9670,4825,621,1,23601
9671,4825,877,2,14214
9672,4826,896,1,7436
9673,4827,458,2,12069
9674,4827,728,1,2768
9675,4828,831,1,8167
9676,4828,267,1,23344
9677,4828,91,2,5078
9678,4829,206,1,10765
9679,4829,969,2,4955
9680,4830,4,1,21915
9681,4830,764,2,5296
9682,4831,491,1,24460
9683,4831,486,1,20489
9684,4831,671,1,1920
9685,4832,288,2,9528
9686,4832,554,2,22016
9687,4833,41,2,23172
9688,4834,386,2,17702
9689,4834,181,2,10422
9690,4834,693,2,14071
9691,4835,92,1,2075
9692,4836,51,1,1708
9693,4836,238,2,18399
9694,4836,984,1,18533
9695,4837,743,2,24630
9696,4838,943,1,6054
9697,4839,61,2,2772
9698,4840,6,1,11897
9699,4840,39,2,3877
9700,4840,153,1,1362
9701,4841,994,2,9772
9702,4841,72,2,13244
9703,4841,440,2,4363
9704,4842,503,1,4414
9705,4843,116,1,10640
9706,4844,952,2,4202
9707,4844,537,2,23069
9708,4844,683,1,15411
9709,4845,896,1,9049
9710,4845,78,1,2743
9711,4845,753,2,21807
9712,4846,193,1,5905
9713,4846,913,1,14459
9714,4846,828,2,18598
9715,4847,708,2,13028
9716,4848,335,1,12735
9717,4848,270,2,3156
9718,4848,424,2,10872
9719,4849,939,1,19914
9720,4849,286,1,22555
9721,4850,541,2,21463
9722,4850,526,2,15726
9723,4851,11,2,19198
9724,4852,303,1,20154
9725,4852,835,2,24527
9726,4853,272,1,24144
9727,4853,551,1,18297
9728,4854,849,1,14682
9729,4855,226,1,2639
9730,4855,605,2,2237
9731,4856,73,1,14126
9732,4856,945,1,5422
9733,4857,229,2,5405
9734,4858,989,2,12550
9735,4858,396,1,10373
9736,4858,648,2,23381
9737,4859,553,1,13765
9738,4860,815,1,12041
9739,4861,664,2,6244
9740,4861,130,2,5602
9741,4861,903,1,5752
9742,4862,808,1,4858
9743,4863,540,2,24182
9744,4863,758,2,17157
9745,4864,230,2,13951
9746,4865,947,2,12078
9747,4865,516,1,22088
9748,4865,263,1,22902
9749,4866,238,2,18894
9750,4867,596,2,17547
9751,4868,191,2,22881
9752,4869,107,1,8047
9753,4869,307,1,10026
9754,4870,330,1,20991
9755,4870,219,1,21568
9756,4870,927,1,3159
9757,4871,954,2,4487
9758,4871,254,2,6852
9759,4871,612,2,16053
9760,4872,140,2,19810
9761,4872,532,1,5517
9762,4872,557,2,22243
9763,4873,139,1,16623
9764,4873,107,1,6656
9765,4873,355,2,23834
9766,4874,236,2,2805
9767,4875,942,1,14320
9768,4876,50,1,10017
9769,4876,598,1,18416
9770,4876,78,1,24080
9771,4877,710,2,1988
9772,4877,80,2,12200
9773,4877,834,1,13768
9774,4878,542,1,17483
9775,4878,470,2,13774
9776,4878,283,2,22418
9777,4879,237,2,22955
9778,4880,17,1,15036
9779,4881,309,2,22222
9780,4882,419,2,17904
9781,4882,978,1,1341
9782,4882,838,1,22851
9783,4883,94,1,8276
9784,4883,578,1,16166
9785,4883,421,1,18351
9786,4884,456,2,17377
9787,4885,117,2,18840
9788,4885,888,2,24388
9789,4886,589,2,16621
9790,4887,777,1,3943
9791,4887,638,1,13674
9792,4888,78,1,11806
9793,4888,105,1,1647
9794,4889,216,2,5404
9795,4890,289,2,5031
9796,4890,242,2,8372
9797,4891,836,1,10198
9798,4891,99,1,18432
9799,4891,184,2,5669
9800,4892,548,2,8628
9801,4892,156,1,4808
9802,4893,292,1,17881
9803,4893,783,2,3442
9804,4893,191,2,9926
9805,4894,941,1,16188
9806,4894,75,1,7675
9807,4894,238,1,14048
9808,4895,690,1,3405
9809,4895,54,2,17787
9810,4896,767,1,4885
9811,4897,49,2,6703
9812,4897,525,2,1327
9813,4897,735,1,23975
9814,4898,183,2,21909
9815,4898,461,1,6286
9816,4898,607,2,20785
9817,4899,718,1,7351
9818,4899,709,1,20379
9819,4899,581,2,22375
9820,4900,663,2,13848
9821,4900,943,2,8022
9822,4901,333,1,9366
9823,4901,174,1,23160
9824,4902,521,1,21183
9825,4902,63,1,4559
9826,4903,418,1,16323
9827,4904,397,1,17955
9828,4904,91,2,14782
9829,4904,26,2,4776
9830,4905,658,2,19843
9831,4906,562,2,16839
9832,4907,370,1,11777
9833,4907,710,2,15431
9834,4907,912,2,19159
9835,4908,352,2,11330
9836,4908,270,1,11979
9837,4908,306,1,17858
9838,4909,982,2,5984
9839,4909,366,1,7085
9840,4909,319,1,15466
9841,4910,205,2,5873
9842,4910,539,1,21256
9843,4911,359,2,6733
9844,4911,826,2,21301
9845,4912,159,2,19279
9846,4913,622,2,10757
9847,4913,282,1,20631
9848,4914,68,2,1943
9849,4914,527,1,17511
9850,4915,327,1,22849
9851,4916,694,2,12852
9852,4917,922,1,15672
9853,4918,771,2,2565
9854,4918,271,1,1810
9855,4918,318,1,7053
9856,4919,547,1,14620
9857,4919,895,1,13328
9858,4919,569,1,18706
9859,4920,390,2,20520
9860,4920,387,1,14336
9861,4920,875,2,20346
9862,4921,640,1,1698
9863,4921,401,1,7251
9864,4922,511,1,5618
9865,4922,990,2,24400
9866,4923,302,2,4366
9867,4923,501,2,18554
9868,4923,31,1,1009
9869,4924,479,2,4252
9870,4924,950,1,18206
9871,4924,235,2,24112
9872,4925,561,1,9123
9873,4926,289,2,4049
9874,4926,292,1,17289
9875,4926,252,1,13402
9876,4927,146,2,24392
9877,4928,763,2,5122
9878,4929,930,1,20582
9879,4929,604,1,18042
9880,4929,554,1,6683
9881,4930,5,2,4834
9882,4930,807,2,9708
9883,4930,966,2,20941
9884,4931,345,1,23184
9885,4931,240,2,21633
9886,4931,816,1,13695
9887,4932,894,1,22457
9888,4932,616,2,14551
9889,4932,472,2,24943
9890,4933,445,1,11462
9891,4933,639,1,23349
9892,4934,159,1,21697
9893,4934,845,1,6183
9894,4934,470,2,17252
9895,4935,364,1,9934
9896,4936,755,2,15115
9897,4936,534,1,12077
9898,4937,967,1,16544
9899,4938,656,1,20298
9900,4939,437,1,23199
9901,4939,930,2,23011
9902,4939,243,1,7449
9903,4940,560,1,5843
9904,4940,109,1,3326
9905,4941,350,1,23222
9906,4941,281,1,4753
9907,4941,710,2,18743
9908,4942,620,1,19213
9909,4943,946,2,14109
9910,4944,512,1,17701
9911,4944,568,2,14689
9912,4945,125,2,19476
9913,4945,810,1,21801
9914,4946,873,2,6300
9915,4946,94,2,11066
9916,4947,664,1,10786
9917,4948,168,2,2366
9918,4948,262,2,1617
9919,4949,409,2,16374
9920,4949,494,1,18165
9921,4949,303,1,10548
9922,4950,855,2,14967
9923,4950,964,2,24395
9924,4951,460,2,7419
9925,4951,389,2,8510
9926,4952,375,1,20418
9927,4952,529,1,2346
9928,4953,900,2,8771
9929,4954,244,2,16472
9930,4955,428,1,23232
9931,4955,674,2,24045
9932,4955,468,1,8099
9933,4956,643,2,13396
9934,4957,916,2,8106
9935,4958,911,2,13279
9936,4958,468,2,9718
9937,4958,628,2,13224
9938,4959,212,1,2479
9939,4959,34,2,5674
9940,4959,144,1,11889
9941,4960,421,1,14578
9942,4961,580,2,10064
9943,4961,189,1,9005
9944,4961,239,2,3483
9945,4962,980,2,21485
9946,4962,140,2,14389
9947,4963,177,1,12988
9948,4963,508,1,8321
9949,4963,877,1,23514
9950,4964,539,1,12027
9951,4964,213,1,20203
9952,4964,263,2,12427
9953,4965,264,1,2061
9954,4965,739,1,17686
9955,4965,749,2,19168
9956,4966,524,1,15857
9957,4966,232,2,14115
9958,4967,791,2,2103
9959,4968,730,1,998
9960,4968,893,1,6050
9961,4969,346,2,12522
9962,4970,913,1,5291
9963,4970,67,2,3002
9964,4970,977,1,15624
9965,4971,656,2,21692
9966,4972,601,1,3060
9967,4973,675,2,21434
9968,4973,766,1,16010
9969,4974,393,2,20880
9970,4974,677,1,21825
9971,4974,819,2,18212
9972,4975,772,1,20445
9973,4975,234,1,17215
9974,4975,380,1,2477
9975,4976,37,2,9962
9976,4977,493,1,10765
9977,4978,245,2,13986
9978,4978,41,1,7898
9979,4978,167,1,9730
9980,4979,717,1,18415
9981,4979,37,1,17530
9982,4979,168,1,5409
9983,4980,491,2,9531
9984,4980,651,2,3115
9985,4981,840,2,8162
9986,4981,587,1,13255
9987,4982,205,2,11232
9988,4982,594,2,8645
9989,4983,393,1,7074
9990,4984,626,2,4305
9991,4984,942,1,22177
9992,4985,455,2,8888
9993,4986,891,1,16684
9994,4986,795,1,8811
9995,4986,934,2,18754
9996,4987,459,2,16273
9997,4987,765,2,19506
9998,4988,347,2,1888
9999,4988,357,2,10924
10000,4988,326,1,6456
10001,4989,833,1,12320
10002,4990,34,2,13660
10003,4991,594,2,3563
10004,4991,432,2,6031
10005,4992,212,1,20299
10006,4992,821,1,6482
10007,4992,653,1,16333
10008,4993,917,2,8186
10009,4993,880,2,15781
10010,4994,584,1,12803
10011,4994,581,1,20961
10012,4995,297,1,22424
10013,4995,24,2,2262
10014,4996,14,2,14812
10015,4996,623,1,15175
10016,4997,988,2,9545
10017,4998,88,2,8437
10018,4998,7,1,12128
10019,4998,226,1,1521
10020,4999,965,2,20313
10021,5000,170,2,3558
10022,5000,273,2,3604
10023,5000,809,2,19458
10024,5001,778,1,17268
10025,5001,905,2,9176
10026,5001,318,1,12713
10027,5002,301,1,8570
10028,5002,471,1,7534
10029,5003,101,1,20884
10030,5003,742,1,14794
10031,5004,933,2,5435
10032,5005,837,2,12783
10033,5005,416,1,12135
10034,5006,443,2,9652
10035,5006,501,2,13519
10036,5007,750,2,21491
10037,5007,594,1,22725
10038,5008,879,1,2723
10039,5009,132,1,23938
10040,5009,215,1,12964
10041,5009,861,2,7857
10042,5010,267,1,21374
10043,5011,710,1,16511
10044,5011,1000,1,19926
10045,5012,6,1,2057
10046,5012,236,2,1330
10047,5012,267,1,16942
10048,5013,178,1,20427
10049,5013,502,1,13940
10050,5013,20,1,20631
10051,5014,940,2,11258
10052,5014,469,2,16993
10053,5014,601,1,21698
10054,5015,182,1,7725
10055,5015,272,1,3695
10056,5016,255,1,20947
10057,5017,35,1,17552
10058,5017,382,1,2745
10059,5017,287,2,16300
10060,5018,560,2,13988
10061,5018,794,2,21188
10062,5019,651,2,17944
10063,5020,927,1,18542
10064,5020,714,1,7512
10065,5020,824,1,1924
10066,5021,666,2,19257
10067,5021,240,1,23410
10068,5021,152,2,23089
10069,5022,719,2,15803
10070,5023,228,2,17440
10071,5024,16,1,7898
10072,5024,251,2,6062
10073,5024,683,2,8210
10074,5025,43,2,12347
10075,5026,341,1,17669
10076,5027,769,2,10335
10077,5027,20,2,15152
10078,5027,581,1,2460
10079,5028,779,1,14822
10080,5028,766,2,17046
10081,5028,634,1,10297
10082,5029,960,1,969
10083,5029,94,1,3886
10084,5029,386,2,21432
10085,5030,497,2,20974
10086,5030,134,2,21115
10087,5031,282,2,21524
10088,5031,375,1,18103
10089,5031,604,1,20860
10090,5032,826,1,12512
10091,5032,385,1,6949
10092,5032,460,2,11601
10093,5033,589,2,8474
10094,5033,207,2,16213
10095,5034,782,2,16003
10096,5034,565,1,3012
10097,5035,742,2,22391
10098,5035,500,2,2877
10099,5035,399,2,14413
10100,5036,574,2,14595
10101,5036,629,2,3911
10102,5037,746,2,9064
10103,5038,631,1,955
10104,5038,212,2,22893
10105,5039,126,2,18633
10106,5039,778,2,11940
10107,5040,377,1,22646
10108,5040,446,1,15171
10109,5041,631,2,17566
10110,5041,411,1,16374
10111,5041,35,2,2741
10112,5042,816,1,3059
10113,5042,43,2,2954
10114,5042,135,1,3881
10115,5043,953,2,2514
10116,5043,567,2,11242
10117,5043,170,2,1108
10118,5044,476,2,22085
10119,5044,70,2,6708
10120,5045,132,1,4775
10121,5045,284,1,19043
10122,5046,623,2,11044
10123,5046,429,1,8965
10124,5046,283,2,14075
10125,5047,348,2,13711
10126,5047,61,2,5255
10127,5047,704,1,20900
10128,5048,6,2,7840
10129,5048,772,1,8097
10130,5049,466,1,888
10131,5049,212,1,11924
10132,5049,838,2,23432
10133,5050,444,2,2964
10134,5050,766,1,13871
10135,5051,938,2,10354
10136,5052,405,2,1110
10137,5052,119,1,15322
10138,5052,233,2,17002
10139,5053,92,1,1107
10140,5053,764,1,10947
10141,5054,312,2,4737
10142,5054,937,1,15848
10143,5054,150,1,10969
10144,5055,648,2,9104
10145,5055,230,2,4526
10146,5056,950,2,20543
10147,5057,701,2,4038
10148,5057,797,2,15516
10149,5058,733,1,6902
10150,5058,941,1,5050
10151,5058,620,2,12085
10152,5059,624,1,5054
10153,5059,754,1,15430
10154,5059,649,1,16939
10155,5060,75,1,19220
10156,5061,217,2,21061
10157,5062,836,2,17440
10158,5063,306,2,21269
10159,5063,401,2,12526
10160,5064,743,1,7460
10161,5064,461,2,15498
10162,5065,683,1,10377
10163,5065,602,2,10211
10164,5066,161,1,12961
10165,5066,633,2,22175
10166,5067,864,2,9195
10167,5067,608,1,1945
10168,5068,708,1,3189
10169,5068,187,2,4359
10170,5069,908,2,13357
10171,5069,221,1,10050
10172,5069,670,2,22312
10173,5070,206,1,19197
10174,5070,927,1,1669
10175,5071,812,2,3408
10176,5071,859,1,9221
10177,5072,118,2,2071
10178,5072,463,1,3170
10179,5072,581,1,10259
10180,5073,138,1,4458
10181,5074,398,1,13933
10182,5074,805,2,24482
10183,5075,137,1,18859
10184,5075,434,1,3689
10185,5076,2,1,16590
10186,5076,937,1,24208
10187,5076,813,2,2176
10188,5077,199,1,19109
10189,5077,469,1,4424
10190,5077,429,1,11940
10191,5078,7,1,15396
10192,5079,302,2,24321
10193,5079,248,2,9523
10194,5079,592,2,7943
10195,5080,200,2,17384
10196,5080,27,2,8703
10197,5080,477,1,22834
10198,5081,138,2,20679
10199,5081,808,2,21300
10200,5081,879,2,7502
10201,5082,826,1,12715
10202,5083,3,2,12719
10203,5083,253,2,24814
10204,5083,860,2,13132
10205,5084,656,2,15624
10206,5084,140,1,16480
10207,5085,882,1,2889
10208,5085,54,1,4718
10209,5086,829,1,24592
10210,5087,347,1,7761
10211,5087,93,1,21805
10212,5087,836,1,21890
10213,5088,226,2,14329
10214,5089,929,1,10489
10215,5089,468,1,11718
10216,5089,752,2,21586
10217,5090,135,1,9244
10218,5091,997,1,840
10219,5091,86,2,6935
10220,5091,315,1,1746
10221,5092,149,1,18650
10222,5093,975,2,23854
10223,5093,839,2,20263
10224,5094,911,2,24907
10225,5095,272,1,19359
10226,5095,535,2,20526
10227,5095,64,2,3737
10228,5096,38,1,11598
10229,5097,699,2,23628
10230,5098,447,2,2213
10231,5098,168,2,1426
10232,5099,293,2,18920
10233,5099,847,1,4147
10234,5100,710,1,8031
10235,5100,154,2,15920
10236,5100,932,1,11456
10237,5101,192,1,24024
10238,5101,41,2,10463
10239,5101,715,2,5834
10240,5102,208,1,6474
10241,5102,845,2,15125
10242,5102,925,2,1888
10243,5103,191,2,12189
10244,5103,557,1,5600
10245,5104,353,1,23393
10246,5104,554,1,18906
10247,5105,755,2,9468
10248,5106,171,2,24043
10249,5107,505,1,7508
10250,5108,530,2,10689
10251,5109,606,2,20913
10252,5109,316,2,14812
10253,5109,774,2,22846
10254,5110,598,2,5561
10255,5110,679,1,7211
10256,5111,482,2,21986
10257,5111,537,2,20216
10258,5112,518,2,5503
10259,5112,343,1,24621
10260,5112,864,1,19982
10261,5113,451,1,9797
10262,5113,828,1,4319
10263,5114,820,2,21877
10264,5114,478,1,4505
10265,5115,366,2,24746
10266,5115,318,1,16646
10267,5115,170,2,4419
10268,5116,942,2,15513
10269,5116,780,1,9284
10270,5116,612,1,12109
10271,5117,141,1,10504
10272,5117,634,1,3974
10273,5118,366,2,7150
10274,5118,575,1,12763
10275,5118,976,1,16310
10276,5119,353,2,20307
10277,5120,821,1,7919
10278,5121,656,1,15956
10279,5122,843,1,6797
10280,5122,96,1,9326
10281,5122,550,2,21679
10282,5123,455,2,17890
10283,5123,584,2,17607
10284,5123,407,1,21218
10285,5124,350,2,17270
10286,5125,295,2,2527
10287,5125,142,2,23450
10288,5125,566,1,10763
10289,5126,392,2,20088
10290,5126,830,2,23455
10291,5127,390,1,2124
10292,5127,544,1,18227
10293,5128,462,1,3851
10294,5129,316,2,4628
10295,5130,881,2,12137
10296,5130,168,2,12571
10297,5130,404,1,19878
10298,5131,55,2,9455
10299,5131,551,1,19158
10300,5132,664,2,9724
10301,5132,558,2,8066
10302,5133,670,1,6961
10303,5134,477,2,18189
10304,5134,980,1,3920
10305,5134,549,1,8756
10306,5135,126,2,3485
10307,5136,564,2,4863
10308,5136,303,1,20527
10309,5137,540,1,12499
10310,5138,547,2,23849
10311,5139,279,2,1451
10312,5139,306,1,1235
10313,5139,860,1,17846
10314,5140,674,2,12520
10315,5141,742,2,5846
10316,5141,365,2,5793
10317,5142,347,2,2957
10318,5143,423,1,2265
10319,5143,165,1,882
10320,5143,487,2,5994
10321,5144,363,2,6440
10322,5144,875,2,18327
10323,5145,499,2,24085
10324,5145,43,2,11475
10325,5146,870,2,8923
10326,5146,178,1,15700
10327,5146,411,2,8355
10328,5147,967,1,12364
10329,5147,126,1,7523
10330,5148,580,2,18594
10331,5149,69,1,17402
10332,5150,575,2,10654
10333,5151,150,2,4446
10334,5151,619,2,7147
10335,5152,13,1,5435
10336,5152,657,1,20136
10337,5153,698,2,3563
10338,5154,107,1,6328
10339,5154,503,1,10023
10340,5154,803,1,17821
10341,5155,428,2,3520
10342,5156,534,2,2909
10343,5156,406,1,22142
10344,5156,265,2,14863
10345,5157,859,2,7113
10346,5158,243,1,8718
10347,5158,649,2,9594
10348,5158,420,2,12800
10349,5159,122,2,12966
10350,5159,836,2,12238
10351,5159,181,1,1028
10352,5160,533,2,22816
10353,5161,665,1,16350
10354,5161,653,1,24514
10355,5161,536,2,6307
10356,5162,638,1,6204
10357,5162,810,1,12509
10358,5162,708,1,14546
10359,5163,560,2,12794
10360,5163,54,1,5003
10361,5163,32,2,2334
10362,5164,248,1,24853
10363,5164,324,1,3572
10364,5165,784,2,13041
10365,5166,526,2,19385
10366,5166,719,2,24489
10367,5167,816,2,5524
10368,5168,710,2,10598
10369,5168,329,1,6320
10370,5168,445,2,3994
10371,5169,57,2,14270
10372,5170,762,1,13268
10373,5170,416,2,2467
10374,5171,94,2,24515
10375,5171,129,1,22226
10376,5171,557,2,23092
10377,5172,418,1,2645
10378,5172,661,1,1593
10379,5172,777,1,20551
10380,5173,138,1,24846
10381,5174,230,1,3668
10382,5174,837,1,15365
10383,5175,514,1,9098
10384,5175,349,2,11515
10385,5176,368,1,6868
10386,5176,2,1,20707
10387,5176,603,1,12881
10388,5177,757,1,1459
10389,5177,367,2,14775
10390,5177,471,2,11946
10391,5178,462,2,11337
10392,5178,459,2,18360
10393,5179,360,1,24279
10394,5179,686,2,1517
10395,5179,288,2,7769
10396,5180,216,1,7669
10397,5181,134,1,24352
10398,5181,203,1,9105
10399,5182,413,2,10807
10400,5182,1,2,20214
10401,5183,982,1,9312
10402,5183,623,1,19330
10403,5183,226,2,20461
10404,5184,938,1,22840
10405,5184,800,1,9628
10406,5185,744,2,1462
10407,5185,504,1,1862
10408,5185,277,1,19113
10409,5186,582,1,5385
10410,5186,433,1,19529
10411,5187,167,2,2264
10412,5187,294,1,8968
10413,5188,587,2,22052
10414,5189,103,1,4830
10415,5189,464,2,19115
10416,5190,820,1,16759
10417,5190,800,2,3195
10418,5191,543,1,23176
10419,5192,295,2,8945
10420,5193,972,1,20986
10421,5194,936,1,4058
10422,5194,754,1,10642
10423,5194,60,2,3835
10424,5195,49,2,17770
10425,5196,194,2,2616
10426,5196,19,1,12333
10427,5197,118,2,22744
10428,5197,336,2,4740
10429,5198,698,2,20355
10430,5199,671,1,20160
10431,5199,589,2,24058
10432,5199,347,1,14600
10433,5200,412,2,24182
10434,5200,819,2,8463
10435,5201,479,2,23728
10436,5201,583,2,16221
10437,5202,22,1,14423
10438,5203,630,1,24360
10439,5204,173,1,6072
10440,5205,761,1,2442
10441,5205,427,2,23570
10442,5206,838,1,8139
10443,5206,195,2,10947
10444,5206,442,1,18425
10445,5207,995,2,9140
10446,5207,998,1,20519
10447,5207,313,1,22234
10448,5208,403,1,11667
10449,5209,711,1,19013
10450,5209,200,2,5510
10451,5210,188,2,23865
10452,5210,643,1,6786
10453,5211,261,1,24546
10454,5211,23,2,14832
10455,5212,880,2,1422
10456,5213,552,2,18795
10457,5214,78,2,18975
10458,5215,773,2,17361
10459,5215,676,1,20565
10460,5215,627,1,12728
10461,5216,76,1,21041
10462,5216,966,2,21133
10463,5217,272,1,24906
10464,5218,364,1,17751
10465,5219,425,1,4935
10466,5219,906,1,4305
10467,5219,899,2,5032
10468,5220,557,2,8703
10469,5220,84,2,19579
10470,5221,204,2,16927
10471,5222,188,2,9733
10472,5222,501,2,10890
10473,5222,666,2,4433
10474,5223,950,2,5126
10475,5224,939,1,15599
10476,5224,276,1,11032
10477,5225,526,2,5754
10478,5226,405,1,10380
10479,5226,80,1,20869
10480,5226,119,2,19925
10481,5227,280,1,18468
10482,5227,896,2,2822
10483,5227,57,2,17193
10484,5228,734,2,19886
10485,5228,623,1,6709
10486,5229,695,1,2370
10487,5229,420,2,5845
10488,5230,752,2,19608
10489,5230,579,1,7949
10490,5230,570,1,14683
10491,5231,205,1,19497
10492,5231,229,2,1499
10493,5231,127,1,7367
10494,5232,469,1,18343
10495,5233,934,2,1354
10496,5234,326,2,13059
10497,5234,301,2,10859
10498,5234,444,2,20491
10499,5235,324,2,20382
10500,5236,289,2,19201
10501,5236,576,1,2522
10502,5237,514,2,21332
10503,5237,163,1,22459
10504,5238,170,2,11647
10505,5238,136,1,16182
10506,5239,115,2,5002
10507,5240,440,1,17772
10508,5240,550,1,20742
10509,5240,505,1,24995
10510,5241,830,2,10544
10511,5241,220,2,3402
10512,5241,214,2,16839
10513,5242,118,2,7981
10514,5242,681,1,5432
10515,5243,624,2,5993
10516,5243,151,2,10342
10517,5244,153,2,18534
10518,5245,714,1,8751
10519,5245,651,1,19122
10520,5246,401,1,20004
10521,5247,7,1,16360
10522,5247,533,1,9697
10523,5248,922,2,12986
10524,5249,655,1,5510
10525,5250,213,1,20958
10526,5251,657,1,4698
10527,5251,849,1,19032
10528,5251,370,2,7089
10529,5252,932,1,17317
10530,5252,58,1,3995
10531,5253,237,2,10439
10532,5253,96,2,8794
10533,5253,681,2,18217
10534,5254,544,2,13653
10535,5254,929,1,12400
10536,5255,751,1,17267
10537,5256,82,2,20246
10538,5256,579,2,6201
10539,5256,309,1,16087
10540,5257,120,1,16376
10541,5258,382,1,5909
10542,5258,446,2,16944
10543,5258,836,2,2852
10544,5259,71,1,13080
10545,5260,591,1,3590
10546,5260,685,1,12446
10547,5261,927,2,24318
10548,5262,270,2,3659
10549,5262,956,2,4627
10550,5263,726,1,4747
10551,5263,941,2,13060
10552,5263,832,2,10524
10553,5264,130,2,4138
10554,5265,601,1,1951
10555,5266,143,1,5617
10556,5267,596,2,1702
10557,5267,185,2,10519
10558,5268,147,1,9146
10559,5268,320,1,21847
10560,5268,598,1,24064
10561,5269,521,2,7244
10562,5270,126,1,8632
10563,5270,242,1,12222
10564,5270,887,1,18587
10565,5271,600,2,5836
10566,5272,534,2,960
10567,5273,507,2,8911
10568,5273,191,2,6775
10569,5273,971,1,7012
10570,5274,237,1,19250
10571,5275,180,1,13806
10572,5275,568,1,10404
10573,5276,120,1,9580
10574,5276,417,1,19970
10575,5277,976,2,20414
10576,5277,419,1,10679
10577,5277,619,2,15522
10578,5278,774,2,24865
10579,5278,409,1,18882
10580,5278,160,2,19562
10581,5279,488,2,3536
10582,5279,699,1,13767
10583,5279,505,2,22069
10584,5280,461,1,22237
10585,5280,909,1,11536
10586,5280,935,2,3926
10587,5281,745,1,4907
10588,5281,505,2,8340
10589,5282,983,1,15148
10590,5282,196,1,10692
10591,5282,180,1,20863
10592,5283,299,1,20913
10593,5283,858,1,1631
10594,5284,734,1,11043
10595,5285,462,2,12443
10596,5285,971,1,1741
10597,5285,97,2,5539
10598,5286,914,1,5115
10599,5287,418,1,4842
10600,5287,207,2,23759
10601,5288,813,2,4715
10602,5288,87,2,14765
10603,5289,219,1,13247
10604,5289,613,1,11483
10605,5289,177,1,5460
10606,5290,805,2,9050
10607,5290,232,2,15895
10608,5291,121,1,12416
10609,5291,427,1,13854
10610,5292,501,1,4944
10611,5292,206,1,12309
10612,5293,248,2,11113
10613,5293,687,2,1962
10614,5294,87,2,24586
10615,5295,201,1,22306
10616,5296,496,2,21105
10617,5297,136,1,6454
10618,5297,234,2,17750
10619,5297,827,1,13841
10620,5298,459,2,7314
10621,5299,68,1,15660
10622,5299,787,1,24993
10623,5299,114,2,18253
10624,5300,233,1,5421
10625,5301,277,2,6810
10626,5301,183,2,18671
10627,5301,426,2,6014
10628,5302,25,1,13377
10629,5303,696,1,10698
10630,5303,79,1,14113
10631,5304,829,2,20931
10632,5304,383,2,11176
10633,5304,466,1,17715
10634,5305,111,1,13546
10635,5305,269,2,11557
10636,5306,868,2,8760
10637,5307,739,1,23895
10638,5307,542,2,12752
10639,5308,389,2,13828
10640,5308,321,1,6270
10641,5308,671,1,14319
10642,5309,895,2,1119
10643,5309,296,1,11588
10644,5310,294,2,10460
10645,5310,358,1,13011
10646,5310,80,1,17742
10647,5311,566,2,6395
10648,5311,197,2,2660
10649,5312,581,2,14744
10650,5313,756,1,12226
10651,5313,904,2,6234
10652,5313,23,2,12993
10653,5314,208,2,22020
10654,5314,646,1,13232
10655,5314,154,2,14646
10656,5315,467,2,22239
10657,5315,705,2,24805
10658,5316,828,2,22374
10659,5316,871,1,14143
10660,5316,824,1,1099
10661,5317,892,2,5839
10662,5318,512,2,21340
10663,5319,786,1,3221
10664,5319,625,1,20199
10665,5320,59,2,22536
10666,5321,135,1,21082
10667,5322,641,1,11930
10668,5323,530,2,17313
10669,5323,205,2,8014
10670,5324,375,2,10335
10671,5324,176,1,18997
10672,5324,471,2,20201
10673,5325,448,2,9355
10674,5326,860,1,6075
10675,5326,12,1,17702
10676,5327,448,1,23422
10677,5327,927,1,24879
10678,5328,413,1,21030
10679,5328,98,1,23647
10680,5329,662,1,6728
10681,5329,951,1,14168
10682,5329,230,2,5059
10683,5330,410,1,13456
10684,5330,671,2,16703
10685,5331,58,1,20738
10686,5331,332,1,12276
10687,5332,974,2,12739
10688,5332,649,1,21837
10689,5332,294,1,14876
10690,5333,918,1,4680
10691,5333,377,2,11076
10692,5334,948,2,3778
10693,5334,352,1,13969
10694,5334,36,2,4648
10695,5335,496,1,3403
10696,5336,282,1,5219
10697,5337,890,2,14576
10698,5338,161,1,17701
10699,5339,502,1,4467
10700,5340,459,1,1551
10701,5341,504,1,12010
10702,5342,504,1,13808
10703,5342,627,2,4744
10704,5342,77,1,9382
10705,5343,758,2,23385
10706,5343,177,2,16562
10707,5344,179,1,10188
10708,5344,808,1,19300
10709,5345,623,2,18062
10710,5345,436,1,15759
10711,5346,455,2,8629
10712,5346,888,2,16264
10713,5346,83,2,3966
10714,5347,969,1,22678
10715,5348,180,1,21439
10716,5349,801,1,11252
10717,5349,251,1,12594
10718,5350,182,2,2930
10719,5350,30,2,867
10720,5351,158,1,12337
10721,5351,809,2,1254
10722,5352,872,2,16601
10723,5352,227,2,14892
10724,5352,636,2,9314
10725,5353,678,2,16534
10726,5353,851,1,12138
10727,5354,842,2,17595
10728,5354,909,2,867
10729,5354,149,2,14736
10730,5355,690,2,9921
10731,5355,504,2,1949
10732,5356,296,1,12979
10733,5356,121,2,11821
10734,5357,986,1,16452
10735,5357,380,1,22115
10736,5357,320,2,8486
10737,5358,15,1,13235
10738,5359,23,2,8364
10739,5359,486,1,4872
10740,5360,320,1,23822
10741,5361,75,2,929
10742,5361,437,2,12783
10743,5361,590,1,22449
10744,5362,645,1,10427
10745,5362,605,1,14599
10746,5363,322,1,4305
10747,5363,985,2,14846
10748,5364,692,1,6423
10749,5364,236,1,3167
10750,5364,795,1,4731
10751,5365,268,2,5724
10752,5365,740,1,22525
10753,5365,996,2,7808
10754,5366,686,1,23524
10755,5366,439,2,11937
10756,5366,411,1,17390
10757,5367,998,1,22474
10758,5368,669,1,1458
10759,5369,248,2,5599
10760,5369,405,1,13391
10761,5369,109,1,11281
10762,5370,507,2,5608
10763,5370,507,1,23682
10764,5371,491,1,22477
10765,5371,142,2,2636
10766,5372,687,1,19778
10767,5372,575,1,9327
10768,5372,32,1,10706
10769,5373,309,2,14094
10770,5373,943,2,5733
10771,5373,266,1,17682
10772,5374,9,1,15390
10773,5374,791,1,24266
10774,5375,177,1,4282
10775,5375,423,2,1722
10776,5376,992,2,19929
10777,5376,240,1,21154
10778,5377,3,2,22537
10779,5378,483,1,11433
10780,5378,165,2,12117
10781,5378,267,2,8714
10782,5379,80,2,8679
10783,5379,22,1,18813
10784,5380,643,2,17763
10785,5381,289,1,13189
10786,5381,347,1,12153
10787,5381,741,2,22858
10788,5382,241,2,5567
10789,5383,660,2,15734
10790,5384,467,1,18109
10791,5385,294,1,19740
10792,5386,969,2,23329
10793,5387,227,2,8371
10794,5387,669,2,24311
10795,5387,683,1,8319
10796,5388,311,2,15646
10797,5388,750,1,3471
10798,5389,170,1,4115
10799,5389,644,1,7261
10800,5390,744,2,4516
10801,5390,570,2,7198
10802,5391,710,1,7382
10803,5391,101,2,5698
10804,5392,558,2,17343
10805,5392,594,1,1307
10806,5392,231,1,18976
10807,5393,942,2,3515
10808,5393,783,1,10047
10809,5393,817,2,20366
10810,5394,862,1,24484
10811,5395,420,1,17871
10812,5396,803,1,14260
10813,5397,934,1,5756
10814,5397,844,2,20561
10815,5398,350,1,20123
10816,5398,894,1,10610
10817,5399,214,2,3281
10818,5399,410,1,4716
10819,5399,571,1,19619
10820,5400,30,1,20018
10821,5400,694,1,6285
10822,5401,760,1,10314
10823,5402,565,2,23847
10824,5402,586,1,21760
10825,5403,974,2,24312
10826,5403,999,1,1374
10827,5403,244,2,17505
10828,5404,202,1,18421
10829,5404,476,2,4811
10830,5405,128,2,17683
10831,5405,679,1,1613
10832,5406,748,1,21678
10833,5406,322,2,12434
10834,5407,17,1,15278
10835,5407,164,2,24261
10836,5407,410,2,23183
10837,5408,155,1,2327
10838,5409,497,1,4365
10839,5410,918,1,18815
10840,5410,133,1,15115
10841,5411,284,1,14902
10842,5412,31,2,22553
10843,5412,772,1,6099
10844,5413,599,2,9719
10845,5413,54,2,17765
10846,5414,855,2,22763
10847,5415,623,1,21783
10848,5415,655,1,23897
10849,5415,172,2,5974
10850,5416,692,1,16683
10851,5416,608,1,24349
10852,5417,523,1,16072
10853,5418,387,2,23974
10854,5419,154,1,11580
10855,5420,711,2,23613
10856,5420,480,2,24177
10857,5421,66,1,4079
10858,5421,78,1,17048
10859,5422,41,2,16865
10860,5422,784,1,5630
10861,5423,480,2,9736
10862,5423,955,1,3656
10863,5424,300,1,21138
10864,5424,145,1,17386
10865,5424,514,1,24671
10866,5425,560,1,12104
10867,5426,89,1,3153
10868,5426,917,1,22176
10869,5426,148,1,5857
10870,5427,651,2,15272
10871,5427,336,1,13715
10872,5428,132,1,3168
10873,5429,832,1,24710
10874,5429,852,2,24601
10875,5430,916,1,19316
10876,5430,104,1,2934
10877,5430,997,1,4271
10878,5431,997,2,14815
10879,5431,139,1,2160
10880,5431,23,1,7950
10881,5432,34,1,19021
10882,5432,680,1,18161
10883,5432,861,1,20736
10884,5433,177,1,8793
10885,5434,454,1,12846
10886,5434,651,1,18818
10887,5435,787,1,23122
10888,5436,483,1,4887
10889,5437,606,1,5710
10890,5437,893,2,23594
10891,5437,497,1,10100
10892,5438,21,2,11790
10893,5438,344,1,18986
10894,5439,665,2,8495
10895,5439,866,1,17266
10896,5440,511,1,16923
10897,5440,656,2,21718
10898,5441,69,1,18791
10899,5441,680,1,18159
10900,5441,644,1,15906
10901,5442,378,1,14062
10902,5443,774,2,5529
10903,5443,810,2,5916
10904,5444,726,2,6642
10905,5444,767,2,12458
10906,5445,643,1,24006
10907,5445,58,2,21957
10908,5445,413,1,24973
10909,5446,602,1,5106
10910,5446,419,2,10460
10911,5447,859,2,8737
10912,5448,272,2,2809
10913,5448,21,2,24670
10914,5449,899,2,16936
10915,5449,40,2,11330
10916,5449,988,2,24369
10917,5450,632,1,4659
10918,5450,379,1,12736
10919,5450,189,1,12036
10920,5451,699,1,5851
10921,5452,144,1,2465
10922,5452,211,1,8717
10923,5452,597,1,11236
10924,5453,669,2,14780
10925,5453,789,2,16687
10926,5453,372,2,21442
10927,5454,731,1,10819
10928,5454,547,1,6139
10929,5455,875,1,20976
10930,5455,245,2,23484
10931,5456,440,1,24026
10932,5457,39,1,15371
10933,5458,115,2,19564
10934,5458,869,2,3841
10935,5459,196,1,10115
10936,5459,882,2,1838
10937,5459,537,2,18076
10938,5460,568,2,21906
10939,5460,112,2,14278
10940,5460,370,1,9756
10941,5461,63,2,5390
10942,5461,197,1,20797
10943,5461,182,1,3481
10944,5462,490,2,6706
10945,5462,538,1,10254
10946,5463,844,2,19299
10947,5463,88,2,9623
10948,5464,31,1,17153
10949,5464,320,2,2822
10950,5465,490,1,18036
10951,5465,437,1,18776
10952,5466,226,1,17968
10953,5467,19,2,11672
10954,5467,956,2,10948
10955,5468,948,1,9227
10956,5468,807,2,15626
10957,5469,681,1,14275
10958,5470,604,1,19754
10959,5471,485,2,18872
10960,5472,774,1,8482
10961,5472,648,1,14738
10962,5472,896,1,10531
10963,5473,891,2,21500
10964,5473,123,2,14465
10965,5473,619,2,6634
10966,5474,503,2,19789
10967,5475,442,1,10809
10968,5475,522,1,18918
10969,5476,311,2,2697
10970,5476,186,1,2143
10971,5477,778,2,15330
10972,5477,865,2,8226
10973,5478,76,1,13642
10974,5479,458,1,19016
10975,5480,683,2,15965
10976,5481,412,2,11278
10977,5481,990,2,3170
10978,5481,177,2,14206
10979,5482,304,1,12810
10980,5482,35,2,20191
10981,5483,985,2,8738
10982,5484,315,2,6416
10983,5484,230,2,18119
10984,5484,668,2,24038
10985,5485,51,2,6527
10986,5485,336,2,18226
10987,5485,758,1,23191
10988,5486,719,2,10142
10989,5487,784,1,18783
10990,5488,24,1,21210
10991,5488,4,2,10270
10992,5489,280,1,3028
10993,5489,700,1,1050
10994,5490,112,1,11064
10995,5490,638,1,11627
10996,5491,974,1,3569
10997,5492,34,1,20701
10998,5492,376,1,9119
10999,5493,350,2,11759
11000,5494,816,2,4550
11001,5495,308,1,1506
11002,5496,307,2,18894
11003,5497,712,1,19310
11004,5498,837,2,11978
11005,5498,75,2,16034
11006,5499,239,1,8493
11007,5499,237,2,16551
11008,5499,188,1,9369
11009,5500,361,1,19069
11010,5501,571,2,10897
11011,5501,791,1,7417
11012,5502,75,2,22973
11013,5502,874,2,10264
11014,5503,955,2,15453
11015,5504,707,1,893
11016,5504,971,2,3989
11017,5505,17,1,13521
11018,5505,257,1,11123
11019,5506,322,1,13444
11020,5506,164,1,1787
11021,5506,590,2,11538
11022,5507,182,2,10747
11023,5507,689,2,13269
11024,5508,640,1,21671
11025,5508,79,1,14114
11026,5508,694,1,8722
11027,5509,871,1,20344
11028,5510,769,1,9484
11029,5510,562,1,4875
11030,5510,321,1,24328
11031,5511,504,1,2514
11032,5512,944,1,15493
11033,5513,843,1,11878
11034,5513,159,1,14596
11035,5513,140,2,19175
11036,5514,860,1,17778
11037,5515,498,2,13187
11038,5515,988,1,1729
11039,5515,440,1,24627
11040,5516,3,2,17539
11041,5517,997,2,23626
11042,5518,456,2,20104
11043,5518,117,1,1736
11044,5519,746,2,23376
11045,5519,818,1,18628
11046,5520,675,2,15530
11047,5520,86,1,1939
11048,5521,870,1,23450
11049,5522,44,2,18397
11050,5522,698,1,19039
11051,5523,619,2,8478
11052,5523,611,2,18551
11053,5523,673,2,12887
11054,5524,907,2,15827
11055,5524,891,1,5249
11056,5524,793,2,12427
11057,5525,982,1,19425
11058,5526,992,2,16338
11059,5527,605,2,9285
11060,5527,988,2,3941
11061,5528,190,2,4967
11062,5529,881,2,8568
11063,5529,533,2,5899
11064,5529,566,1,17444
11065,5530,861,2,22738
11066,5531,460,2,11288
11067,5531,856,1,19477
11068,5532,585,1,21465
11069,5532,134,2,22895
11070,5533,239,2,14693
11071,5533,428,1,8561
11072,5533,61,1,21682
11073,5534,459,2,3416
11074,5534,383,1,4914
11075,5534,451,1,24094
11076,5535,894,1,2365
11077,5535,152,2,9279
11078,5535,224,2,22735
11079,5536,187,2,6913
11080,5536,788,2,9976
11081,5536,37,1,19523
11082,5537,343,1,3463
11083,5538,122,2,17457
11084,5538,439,1,22319
11085,5538,477,2,2852
11086,5539,265,2,9931
11087,5539,591,1,13502
11088,5539,797,2,16021
11089,5540,272,1,18453
11090,5540,632,1,13893
11091,5540,847,1,9093
11092,5541,383,2,14638
11093,5541,182,2,12591
11094,5542,792,1,8934
11095,5543,226,2,18189
11096,5544,440,1,4122
11097,5545,960,1,17059
11098,5545,146,2,22042
11099,5545,471,2,4504
11100,5546,791,1,20286
11101,5546,748,2,2488
11102,5546,763,2,9272
11103,5547,60,1,2259
11104,5548,873,1,10823
11105,5548,922,2,3809
11106,5548,731,2,7255
11107,5549,276,2,12599
11108,5549,641,2,8849
11109,5550,155,1,23369
11110,5551,909,2,21992
11111,5552,70,2,2165
11112,5552,935,2,3881
11113,5552,807,1,14185
11114,5553,719,1,15098
11115,5553,472,1,10879
11116,5553,307,1,3453
11117,5554,315,2,7416
11118,5554,341,1,24664
11119,5554,968,1,10049
11120,5555,430,1,14583
11121,5556,9,2,15969
11122,5556,358,2,22989
11123,5556,253,1,21513
11124,5557,740,1,14088
11125,5557,599,1,20210
11126,5557,767,2,18587
11127,5558,174,2,17634
11128,5559,36,2,20444
11129,5559,693,2,2871
11130,5559,582,2,23944
11131,5560,706,1,13406
11132,5560,317,2,5337
11133,5560,710,2,2767
11134,5561,639,1,20321
11135,5561,892,1,3707
11136,5561,301,2,17185
11137,5562,475,1,11259
11138,5563,814,1,10058
11139,5563,774,1,10225
11140,5564,330,2,2634
11141,5564,737,2,7083
11142,5565,626,1,17245
11143,5566,479,2,1567
11144,5566,220,1,4699
11145,5567,590,2,6562
11146,5567,428,1,5718
11147,5568,268,1,5919
11148,5568,893,1,14254
11149,5569,879,2,6784
11150,5569,659,1,8154
11151,5569,405,1,10974
11152,5570,44,2,22123
11153,5570,510,1,8977
11154,5571,821,1,14691
11155,5571,61,1,8633
11156,5571,666,2,19624
11157,5572,258,2,21579
11158,5572,53,2,6878
11159,5572,70,1,9209
11160,5573,471,1,19285
11161,5573,168,2,11554
11162,5574,415,2,11804
11163,5574,966,1,22289
11164,5575,414,1,17225
11165,5575,856,2,17287
11166,5576,116,2,19832
11167,5576,452,1,16352
11168,5576,407,2,18114
11169,5577,888,2,18834
11170,5577,622,1,912
11171,5577,57,1,16923
11172,5578,768,2,13676
11173,5578,426,1,19071
11174,5579,501,2,22622
11175,5579,944,1,12998
11176,5579,537,1,24368
11177,5580,209,2,16777
11178,5581,23,2,18030
11179,5581,782,2,16459
11180,5582,365,2,3194
11181,5583,6,1,17305
11182,5583,687,2,10972
11183,5583,496,1,14518
11184,5584,15,1,14148
11185,5584,423,2,18613
11186,5585,935,2,15183
11187,5585,141,1,18641
11188,5585,746,1,11354
11189,5586,174,1,3233
11190,5586,188,1,23049
11191,5587,1000,1,5855
11192,5587,890,1,880
11193,5587,860,1,7336
11194,5588,686,1,19411
11195,5588,680,1,7350
11196,5589,655,1,13808
11197,5589,357,1,23843
11198,5590,933,1,19689
11199,5591,792,2,4267
11200,5592,763,1,15681
11201,5592,175,2,1535
11202,5592,975,1,10155
11203,5593,642,1,21860
11204,5593,28,1,19702
11205,5594,436,1,24342
11206,5594,783,2,18810
11207,5595,498,1,21595
11208,5596,419,1,15432
11209,5596,171,2,18985
11210,5596,113,1,2951
11211,5597,178,1,21707
11212,5597,322,1,19791
11213,5598,374,2,24668
11214,5598,6,2,16910
11215,5599,834,2,15791
11216,5599,881,2,13531
11217,5600,491,1,13270
11218,5600,38,1,24648
11219,5600,639,2,11530
11220,5601,95,1,10916
11221,5602,840,2,20255
11222,5603,847,2,20539
11223,5603,626,2,17091
11224,5603,756,1,19703
11225,5604,226,1,16139
11226,5604,911,1,22601
11227,5604,33,2,23181
11228,5605,284,1,24204
11229,5605,251,1,874
11230,5605,675,2,4224
11231,5606,802,1,8711
11232,5607,154,2,10639
11233,5608,332,2,23862
11234,5608,826,2,1438
11235,5608,285,2,5802
11236,5609,524,1,11627
11237,5609,881,2,14199
11238,5609,186,2,14914
11239,5610,278,1,14382
11240,5610,843,2,2272
11241,5611,657,1,13727
11242,5612,63,2,19534
11243,5613,157,1,17613
11244,5613,520,1,22326
11245,5613,620,1,15953
11246,5614,589,1,16201
11247,5614,197,2,1279
11248,5615,114,1,11770
11249,5615,441,1,4717
11250,5616,661,2,2345
11251,5616,443,1,19156
11252,5616,283,1,23805
11253,5617,380,2,7652
11254,5617,503,2,7389
11255,5618,718,1,4981
11256,5618,89,2,12452
11257,5618,237,1,16063
11258,5619,27,1,5007
11259,5619,994,2,17358
11260,5620,185,2,975
11261,5620,207,2,16989
11262,5620,723,1,23328
11263,5621,278,2,17702
11264,5622,835,1,2994
11265,5622,697,1,11572
11266,5623,801,2,17685
11267,5623,943,2,15171
11268,5623,44,1,22772
11269,5624,591,1,16013
11270,5624,191,1,24300
11271,5625,725,1,4869
11272,5625,742,2,10848
11273,5626,95,2,24162
11274,5626,357,2,1396
11275,5626,68,2,4101
11276,5627,215,2,11657
11277,5627,561,2,7165
11278,5627,427,2,6219
11279,5628,143,1,19503
11280,5629,922,2,18139
11281,5629,287,1,16435
11282,5630,900,2,21958
11283,5630,773,2,19621
11284,5630,298,1,8549
11285,5631,58,2,14612
11286,5631,380,1,19169
11287,5632,248,1,20912
11288,5632,965,1,19602
11289,5633,956,1,20825
11290,5634,113,2,21009
11291,5634,172,2,12582
11292,5634,929,1,23032
11293,5635,929,1,13124
11294,5635,311,1,5382
11295,5635,424,2,11585
11296,5636,336,2,17779
11297,5636,854,1,14917
11298,5636,270,2,20838
11299,5637,6,1,3821
11300,5637,586,1,18618
11301,5638,250,2,10973
11302,5638,444,2,10615
11303,5639,512,1,5084
11304,5639,570,2,20693
11305,5640,822,1,6538
11306,5641,955,2,15287
11307,5641,753,2,9438
11308,5641,155,1,7978
11309,5642,355,1,13057
11310,5642,922,1,6769
11311,5643,452,2,13066
11312,5644,309,2,12837
11313,5644,475,1,3394
11314,5644,44,2,5698
11315,5645,622,2,2850
11316,5645,589,2,17108
11317,5646,684,2,24187
11318,5646,513,2,7625
11319,5647,746,2,7360
11320,5647,602,1,1125
11321,5648,287,1,2844
11322,5648,730,1,8058
11323,5648,499,1,23457
11324,5649,225,1,7520
11325,5649,677,2,6839
11326,5650,148,2,19617
11327,5650,822,2,2078
11328,5650,207,2,20157
11329,5651,168,2,8872
11330,5652,621,1,13958
11331,5653,627,2,21229
11332,5653,421,2,6469
11333,5653,884,1,4553
11334,5654,621,2,18096
11335,5654,237,1,14419
11336,5654,436,2,24504
11337,5655,811,2,21658
11338,5656,153,2,8457
11339,5656,980,1,1623
11340,5657,327,2,12457
11341,5657,726,2,7788
11342,5657,176,1,24958
11343,5658,965,2,4785
11344,5659,665,1,19105
11345,5659,937,1,9588
11346,5660,447,2,5687
11347,5661,808,2,10283
11348,5661,337,1,1012
11349,5662,106,2,21458
11350,5662,387,1,15292
11351,5663,205,1,23276
11352,5663,144,2,21133
11353,5663,464,1,4411
11354,5664,886,1,18383
11355,5664,974,1,12795
11356,5664,763,1,22751
11357,5665,976,2,1814
11358,5665,444,1,13529
11359,5666,215,1,24981
11360,5666,11,1,21451
11361,5667,632,1,6772
11362,5667,364,2,13081
11363,5667,775,2,1110
11364,5668,46,1,8220
11365,5668,712,2,19696
11366,5668,396,1,14801
11367,5669,95,1,6707
11368,5670,346,1,23398
11369,5670,381,2,13926
11370,5671,292,1,4695
11371,5671,452,1,6540
11372,5672,412,2,10676
11373,5673,343,2,17206
11374,5674,380,1,17882
11375,5675,878,2,12074
11376,5675,379,2,24877
11377,5676,304,1,21489
11378,5676,719,1,21132
11379,5676,532,1,5860
11380,5677,838,1,4594
11381,5677,495,2,17838
11382,5678,577,1,6747
11383,5678,227,2,1052
11384,5678,794,2,22028
11385,5679,73,2,6549
11386,5679,83,1,3783
11387,5679,522,1,4655
11388,5680,514,1,15353
11389,5680,187,1,18011
11390,5681,609,1,2152
11391,5682,980,2,10347
11392,5682,841,2,9340
11393,5682,846,2,22060
11394,5683,302,2,17782
11395,5684,40,1,11536
11396,5685,688,1,8309
11397,5686,498,2,21534
11398,5686,660,1,15541
11399,5687,491,1,808
11400,5688,682,2,4551
11401,5689,959,2,15977
11402,5689,498,1,7077
11403,5690,522,1,24503
11404,5690,983,1,23331
11405,5690,565,2,9172
11406,5691,28,2,4560
11407,5692,405,2,6390
11408,5692,485,1,23747
11409,5692,320,1,14318
11410,5693,769,1,6592
11411,5693,337,1,8833
11412,5694,126,1,14052
11413,5694,915,1,14752
11414,5694,126,1,5015
11415,5695,448,1,18159
11416,5695,886,2,21986
11417,5696,997,1,6545
11418,5696,765,1,2747
11419,5697,912,2,13676
11420,5698,465,2,16021
11421,5698,659,2,2637
11422,5698,303,2,24999
11423,5699,246,1,14961
11424,5699,143,1,11631
11425,5699,736,2,7640
11426,5700,101,2,876
11427,5700,273,1,2883
11428,5701,9,1,24150
11429,5701,907,1,11140
11430,5701,808,2,22634
11431,5702,559,2,21367
11432,5703,28,2,16634
11433,5704,452,1,20483
11434,5705,945,2,19200
11435,5706,547,2,17756
11436,5706,799,1,9130
11437,5706,110,1,12926
11438,5707,476,1,15126
11439,5707,452,1,4850
11440,5707,162,2,21404
11441,5708,881,2,14075
11442,5709,4,2,12801
11443,5710,545,2,4773
11444,5710,984,2,23227
11445,5711,562,2,15659
11446,5711,502,2,14844
11447,5711,997,2,10466
11448,5712,598,1,10807
11449,5712,114,2,10784
11450,5713,153,1,10013
11451,5713,294,1,20216
11452,5714,640,2,15290
11453,5715,433,2,1964
11454,5716,702,2,10027
11455,5716,420,2,10754
11456,5717,236,1,7534
11457,5717,816,1,2924
11458,5718,152,2,18207
11459,5719,408,1,1437
11460,5720,337,1,1426
11461,5720,297,2,24399
11462,5720,336,1,8401
11463,5721,248,1,17812
11464,5722,359,2,11011
11465,5722,126,2,16786
11466,5722,927,1,20105
11467,5723,127,1,2456
11468,5724,851,1,6159
11469,5724,390,2,7094
11470,5724,255,2,20102
11471,5725,923,1,12618
11472,5725,260,1,23607
11473,5726,20,1,19040
11474,5727,599,2,18221
11475,5728,581,1,23174
11476,5728,523,2,12549
11477,5729,978,2,8881
11478,5729,486,1,24613
11479,5729,839,2,7575
11480,5730,813,1,3686
11481,5731,360,1,15105
11482,5731,643,1,19070
11483,5732,481,1,880
11484,5732,632,1,20643
11485,5733,196,1,19318
11486,5733,364,1,16913
11487,5733,141,1,24779
11488,5734,432,1,4904
11489,5734,556,2,3556
11490,5735,263,2,3656
11491,5735,931,1,12895
11492,5735,383,1,3317
11493,5736,927,1,7702
11494,5737,318,2,21473
11495,5737,794,2,19093
11496,5738,700,1,15779
11497,5739,636,1,7078
11498,5740,261,2,6296
11499,5740,246,2,14417
11500,5740,628,1,12918
11501,5741,572,1,6372
11502,5741,154,2,13188
11503,5741,306,2,17013
11504,5742,132,2,21828
11505,5742,362,1,20097
11506,5742,373,1,11701
11507,5743,411,1,15069
11508,5743,229,2,6526
11509,5743,435,1,13818
11510,5744,880,1,20985
11511,5745,558,2,904
11512,5745,274,1,17584
11513,5746,7,2,10159
11514,5746,990,1,14388
11515,5747,174,2,9914
11516,5748,459,2,23321
11517,5748,87,1,12343
11518,5748,533,2,5553
11519,5749,234,2,6670
11520,5750,113,1,14641
11521,5751,261,2,5686
11522,5752,156,1,23886
11523,5753,628,1,2599
11524,5753,886,2,13390
11525,5753,199,2,14298
11526,5754,672,2,24650
11527,5755,963,1,7801
11528,5756,565,2,3224
11529,5756,154,1,8757
11530,5757,123,1,6340
11531,5758,583,2,23160
11532,5758,271,1,8144
11533,5759,128,1,6109
11534,5760,845,2,3570
11535,5761,937,1,5299
11536,5761,229,1,22931
11537,5761,645,1,20312
11538,5762,816,1,1982
11539,5762,80,1,19479
11540,5763,404,1,13596
11541,5763,846,2,16777
11542,5763,871,2,15933
11543,5764,143,1,15400
11544,5764,244,1,16952
11545,5765,168,2,18580
11546,5766,623,1,24485
11547,5766,545,1,7327
11548,5766,233,1,8538
11549,5767,914,1,22125
11550,5768,130,2,11833
11551,5769,266,1,19861
11552,5769,658,1,5188
11553,5770,295,2,22313
11554,5770,286,1,2496
11555,5771,795,1,7178
11556,5771,648,1,18003
11557,5771,720,1,4853
11558,5772,253,2,2759
11559,5772,260,1,8908
11560,5772,344,2,6216
11561,5773,476,1,4534
11562,5774,104,1,12451
11563,5775,748,2,4336
11564,5775,644,2,13671
11565,5776,105,2,6851
11566,5777,472,2,16790
11567,5778,996,2,23093
11568,5779,233,2,1135
11569,5779,697,2,5306
11570,5779,89,2,7191
11571,5780,308,1,2232
11572,5780,17,2,22672
11573,5780,150,1,4342
11574,5781,529,1,7857
11575,5781,476,1,20892
11576,5782,766,1,17537
11577,5782,183,2,18815
11578,5783,893,1,16389
11579,5783,783,1,1298
11580,5783,938,1,13255
11581,5784,564,1,14452
11582,5785,354,2,7874
11583,5786,92,1,6752
11584,5787,667,1,18331
11585,5788,137,1,11976
11586,5788,242,1,18371
11587,5789,490,2,15755
11588,5789,223,2,18903
11589,5789,973,1,9330
11590,5790,953,2,5117
11591,5790,955,1,10811
11592,5790,181,2,17441
11593,5791,908,2,18347
11594,5792,27,1,21848
11595,5792,373,1,18209
11596,5793,74,1,8612
11597,5794,628,1,21588
11598,5795,25,1,19903
11599,5795,733,1,22651
11600,5795,552,2,1153
11601,5796,585,1,8336
11602,5797,806,1,17812
11603,5797,508,2,11275
11604,5798,944,2,17408
11605,5798,178,2,5401
11606,5798,674,2,6598
11607,5799,371,2,2401
11608,5799,377,1,18507
11609,5800,43,2,15567
11610,5800,649,1,12325
11611,5800,219,2,865
11612,5801,580,2,17413
11613,5801,415,2,8225
11614,5802,448,1,15410
11615,5803,103,1,21208
11616,5803,875,2,22772
11617,5804,972,1,15683
11618,5805,564,1,7475
11619,5805,184,2,3622
11620,5805,618,1,22925
11621,5806,752,2,7804
11622,5807,712,2,3747
11623,5808,810,1,19790
11624,5808,483,2,13730
11625,5808,648,1,20319
11626,5809,950,2,10617
11627,5810,319,1,23523
11628,5810,392,1,2810
11629,5811,333,1,23598
11630,5812,600,2,8008
11631,5813,672,2,17826
11632,5814,91,1,8112
11633,5815,502,1,3709
11634,5815,760,2,10451
11635,5816,154,2,21149
11636,5817,121,1,5751
11637,5817,827,1,2641
11638,5818,863,1,17722
11639,5818,104,1,8834
11640,5818,14,2,22038
11641,5819,988,1,10868
11642,5819,691,2,4555
11643,5819,531,1,17029
11644,5820,940,2,11258
11645,5820,276,2,7399
11646,5820,551,1,17922
11647,5821,62,1,3487
11648,5821,79,2,7596
11649,5821,151,2,24703
11650,5822,523,2,15088
11651,5822,347,2,3641
11652,5823,78,1,12931
11653,5823,685,1,21581
11654,5823,205,2,9704
11655,5824,938,1,17183
11656,5824,955,1,14578
11657,5824,952,1,3012
11658,5825,315,2,21991
11659,5825,568,1,2569
11660,5825,278,1,22825
11661,5826,434,2,8545
11662,5826,372,1,20892
11663,5827,959,1,2832
11664,5828,414,2,1729
11665,5829,320,2,17839
11666,5829,748,2,8247
11667,5829,488,1,8795
11668,5830,189,2,5392
11669,5831,496,2,7594
11670,5831,818,2,20048
11671,5832,21,2,2012
11672,5833,790,2,18671
11673,5833,433,1,5854
11674,5834,544,1,2570
11675,5835,716,1,5561
11676,5836,272,1,17561
11677,5837,644,1,15390
11678,5838,582,1,17358
11679,5838,16,2,18734
11680,5838,88,2,2550
11681,5839,506,1,807
11682,5839,317,2,19183
11683,5840,896,1,17525
11684,5841,577,1,11341
11685,5841,171,1,3374
11686,5841,549,1,5633
11687,5842,849,2,10418
11688,5843,833,2,8278
11689,5843,572,2,17461
11690,5843,109,2,20355
11691,5844,371,1,12543
11692,5844,237,2,23131
11693,5844,441,2,5805
11694,5845,893,1,11427
11695,5845,522,1,23428
11696,5845,699,2,22036
11697,5846,721,2,24740
11698,5846,583,2,14857
11699,5847,323,1,24872
11700,5848,513,2,6883
11701,5848,977,1,21577
11702,5848,883,2,9701
11703,5849,784,1,13452
11704,5849,907,2,9043
11705,5849,932,2,5529
11706,5850,631,1,17195
11707,5851,686,2,16609
11708,5851,87,1,10643
11709,5851,764,1,22890
11710,5852,664,2,8715
11711,5853,751,2,20444
11712,5853,632,1,24954
11713,5854,647,1,15514
11714,5854,882,2,11686
11715,5855,4,1,18992
11716,5856,880,2,21218
11717,5856,726,2,8209
11718,5857,541,2,22156
11719,5858,652,2,17146
11720,5858,10,1,22258
11721,5858,507,2,9325
11722,5859,467,1,16008
11723,5859,186,1,5511
11724,5860,946,1,8120
11725,5860,197,2,8602
11726,5860,775,2,20038
11727,5861,700,2,10821
11728,5862,324,2,4686
11729,5862,956,1,2591
11730,5863,553,1,21019
11731,5863,72,2,14302
11732,5864,397,2,8522
11733,5864,164,2,24776
11734,5865,723,1,2191
11735,5866,643,1,15161
11736,5867,772,2,5052
11737,5867,543,2,4700
11738,5867,594,1,6962
11739,5868,97,2,11204
11740,5869,669,2,22015
11741,5869,21,2,20725
11742,5869,10,1,22476
11743,5870,840,1,3460
11744,5871,475,1,2909
11745,5872,349,2,5204
11746,5872,106,1,6390
11747,5872,858,2,19926
11748,5873,928,1,20046
11749,5874,730,2,16171
11750,5874,842,1,11803
11751,5874,694,2,19527
11752,5875,85,2,3112
11753,5875,232,1,17649
11754,5876,453,2,7867
11755,5876,977,2,24439
11756,5877,825,2,21761
11757,5878,352,2,4551
11758,5879,107,1,19527
11759,5879,908,2,901
11760,5879,960,1,17866
11761,5880,857,1,18766
11762,5880,320,2,9772
11763,5880,377,2,867
11764,5881,473,2,19746
11765,5882,390,1,22457
11766,5882,743,1,19430
11767,5882,605,2,10405
11768,5883,148,1,21533
11769,5883,915,2,20086
11770,5884,906,1,3233
11771,5885,603,1,19066
11772,5885,873,1,20100
11773,5886,338,1,2634
11774,5886,543,1,24969
11775,5886,912,1,10726
11776,5887,672,2,10855
11777,5887,111,2,6267
11778,5888,962,1,9520
11779,5889,61,1,9679
11780,5889,414,1,4544
11781,5890,124,1,14581
11782,5891,907,1,8141
11783,5891,380,1,16002
11784,5891,466,1,23316
11785,5892,656,2,6720
11786,5892,5,1,6346
11787,5892,569,2,10079
11788,5893,875,1,3023
11789,5893,205,1,1018
11790,5893,915,2,3097
11791,5894,432,1,8839
11792,5895,273,1,5703
11793,5895,763,2,4339
11794,5896,660,2,14512
11795,5896,596,2,22793
11796,5896,863,2,9370
11797,5897,309,1,21803
11798,5897,844,1,10427
11799,5898,883,1,4670
11800,5899,462,1,19520
11801,5900,170,2,16514
11802,5900,949,2,1155
11803,5900,814,1,16461
11804,5901,724,1,23076
11805,5901,428,1,6873
11806,5902,57,2,10184
11807,5903,62,2,2950
11808,5903,131,1,9458
11809,5903,963,1,10634
11810,5904,266,2,14860
11811,5904,860,2,11833
11812,5905,241,2,4879
11813,5906,467,1,9227
11814,5907,934,1,1468
11815,5908,957,2,22448
11816,5908,384,2,2408
11817,5909,882,2,7688
11818,5909,507,1,1050
11819,5909,939,1,4398
11820,5910,800,1,11382
11821,5910,443,1,16254
11822,5910,554,1,8209
11823,5911,765,2,20454
11824,5911,609,2,17421
11825,5911,321,1,2858
11826,5912,80,2,2115
11827,5912,482,2,18832
11828,5912,111,2,17864
11829,5913,54,2,16278
11830,5913,664,2,4004
11831,5913,761,2,18314
11832,5914,737,1,17266
11833,5914,415,1,4812
11834,5914,547,1,13640
11835,5915,809,2,4627
11836,5916,981,2,5405
11837,5917,919,1,8259
11838,5917,22,2,15366
11839,5918,886,1,8864
11840,5918,937,1,9309
11841,5918,452,2,9914
11842,5919,494,1,16472
11843,5919,978,1,13390
11844,5920,661,1,8940
11845,5920,100,1,23586
11846,5921,930,2,16017
11847,5922,659,1,11146
11848,5923,704,1,22660
11849,5923,815,2,20976
11850,5924,339,2,5149
11851,5925,359,2,4476
11852,5925,595,1,19338
11853,5925,174,1,10039
11854,5926,329,1,23902
11855,5926,877,2,6310
11856,5927,742,2,21978
11857,5927,21,1,22341
11858,5928,678,1,6776
11859,5928,489,2,7592
11860,5928,925,2,13526
11861,5929,109,1,20872
11862,5930,672,1,17871
11863,5930,387,1,6331
11864,5930,400,1,2461
11865,5931,301,2,5358
11866,5931,957,1,7713
11867,5932,638,2,23646
11868,5932,962,2,17833
11869,5932,308,1,23178
11870,5933,771,1,13058
11871,5933,983,2,13317
11872,5933,632,2,12914
11873,5934,724,1,12147
11874,5934,135,1,24995
11875,5935,784,2,8561
11876,5935,17,1,1116
11877,5935,32,1,6744
11878,5936,518,1,8632
11879,5936,855,1,24062
11880,5936,962,1,4168
11881,5937,665,1,20125
11882,5937,121,1,2952
11883,5937,409,2,20404
11884,5938,138,2,6451
11885,5938,633,1,11407
11886,5938,843,2,9200
11887,5939,521,1,7440
11888,5939,880,1,4629
11889,5939,198,1,4821
11890,5940,689,1,1139
11891,5940,898,1,1675
11892,5940,816,1,8681
11893,5941,34,1,13504
11894,5942,919,2,23053
11895,5943,960,1,3190
11896,5943,464,1,22617
11897,5943,80,2,10020
11898,5944,549,1,13635
11899,5944,911,1,6775
11900,5944,501,1,21823
11901,5945,394,1,10371
11902,5945,422,2,13462
11903,5946,386,1,14268
11904,5946,221,2,10167
11905,5946,601,2,19046
11906,5947,905,2,6264
11907,5947,164,2,20562
11908,5947,388,1,7037
11909,5948,815,1,17491
11910,5949,195,1,7659
11911,5949,580,1,4754
11912,5950,191,1,19589
11913,5950,512,2,18476
11914,5951,649,2,7517
11915,5951,183,2,4437
11916,5952,789,1,20350
11917,5952,441,2,8773
11918,5953,328,1,20261
11919,5953,197,2,12204
11920,5954,491,1,8137
11921,5955,632,1,5636
11922,5956,73,2,5750
11923,5957,663,1,13656
11924,5957,915,1,1559
11925,5958,361,2,3510
11926,5958,53,2,2606
11927,5959,429,1,19412
11928,5959,983,1,3974
11929,5959,889,1,2654
11930,5960,287,1,6544
11931,5961,565,1,1876
11932,5961,898,1,24480
11933,5961,384,1,2799
11934,5962,208,2,19076
11935,5963,789,2,21788
11936,5963,478,1,7127
11937,5963,902,1,9367
11938,5964,177,1,11372
11939,5964,340,1,17862
11940,5965,504,1,18313
11941,5965,677,2,18677
11942,5965,856,2,5923
11943,5966,774,1,5981
11944,5966,528,1,2822
11945,5966,161,2,999
11946,5967,978,2,20000
11947,5967,485,2,8106
11948,5967,268,1,9749
11949,5968,382,1,7483
11950,5969,143,1,19495
11951,5970,138,1,9862
11952,5970,815,1,6483
11953,5971,494,1,1379
11954,5972,108,1,23036
11955,5972,141,1,1580
11956,5973,923,1,4600
11957,5973,898,2,9163
11958,5974,918,1,21360
11959,5975,543,2,21049
11960,5975,6,2,21576
11961,5975,12,1,11601
11962,5976,365,2,9192
11963,5977,673,2,24474
11964,5977,639,1,21001
11965,5978,25,1,23340
11966,5979,630,1,11237
11967,5979,149,1,22071
11968,5979,292,2,13410
11969,5980,785,1,16794
11970,5980,982,1,11433
11971,5981,916,1,21081
11972,5982,417,1,12127
11973,5983,348,2,2753
11974,5983,937,1,17597
11975,5983,618,2,18794
11976,5984,32,1,21033
11977,5984,204,1,17898
11978,5984,492,2,7577
11979,5985,972,1,1369
11980,5985,890,2,12352
11981,5986,494,1,5900
11982,5986,852,2,11942
11983,5986,319,1,17402
11984,5987,481,1,14337
11985,5987,734,2,21366
11986,5987,482,2,14774
11987,5988,391,2,20499
11988,5989,505,1,2529
11989,5989,100,1,23191
11990,5989,399,1,15496
11991,5990,623,2,13351
11992,5991,864,1,7627
11993,5991,857,2,4143
11994,5991,198,2,13136
11995,5992,13,2,8952
11996,5992,896,2,9683
11997,5993,7,2,23689
11998,5993,836,1,11124
11999,5993,777,2,13873
12000,5994,666,1,7124
12001,5994,948,2,22994
12002,5994,481,1,4456
12003,5995,161,1,10790
12004,5996,501,2,13622
12005,5997,164,1,3148
12006,5997,203,2,20906
12007,5998,613,1,9032
12008,5998,333,2,9379
12009,5999,462,1,6560
12010,6000,900,2,22218
12011,6000,295,2,7927
12012,6001,995,1,16455
12013,6001,358,2,14245
12014,6001,917,1,4249
12015,6002,568,1,20954
12016,6002,924,2,24988
12017,6002,267,1,1535
12018,6003,214,2,17396
12019,6003,873,1,22401
12020,6004,43,2,15770
12021,6005,165,1,24964
12022,6005,45,2,6494
12023,6006,135,2,16125
12024,6006,606,2,20123
12025,6006,168,1,17404
12026,6007,814,2,13601
12027,6008,414,1,15178
12028,6009,703,1,19335
12029,6010,932,1,13877
12030,6011,229,2,10660
12031,6011,165,2,10153
12032,6012,943,2,16840
12033,6013,979,2,24498
12034,6013,554,2,21347
12035,6014,350,1,5540
12036,6014,528,2,10168
12037,6015,920,1,5597
12038,6015,638,2,13422
12039,6015,620,1,23098
12040,6016,341,1,4967
12041,6016,685,1,18060
12042,6016,851,2,16701
12043,6017,965,2,7034
12044,6018,230,2,970
12045,6018,648,1,2100
12046,6018,580,2,12007
12047,6019,760,1,9484
12048,6020,63,1,10786
12049,6020,673,1,2120
12050,6020,458,2,16678
12051,6021,242,1,5293
12052,6022,461,1,23464
12053,6023,524,1,5352
12054,6024,676,1,11206
12055,6024,283,1,2608
12056,6024,281,1,18805
12057,6025,636,1,16265
12058,6025,374,2,20256
12059,6026,719,2,13398
12060,6027,25,2,22930
12061,6027,877,2,15769
12062,6027,819,1,6336
12063,6028,155,1,15376
12064,6029,498,1,9208
12065,6029,778,1,14823
12066,6030,691,2,19019
12067,6030,405,1,10974
12068,6031,856,1,16318
12069,6031,31,2,2921
12070,6032,853,2,15773
12071,6032,612,1,18825
12072,6033,781,2,18715
12073,6033,446,2,11078
12074,6033,261,2,18068
12075,6034,861,1,23712
12076,6034,338,2,23901
12077,6034,671,2,20842
12078,6035,334,2,22055
12079,6035,428,2,18310
12080,6036,855,2,12727
12081,6037,250,2,19357
12082,6037,710,2,12607
12083,6037,202,2,20929
12084,6038,542,1,2638
12085,6038,690,1,7263
12086,6039,405,1,1881
12087,6039,242,2,13315
12088,6039,533,2,22934
12089,6040,860,2,17113
12090,6040,11,1,3712
12091,6041,117,2,18117
12092,6041,343,2,15586
12093,6041,658,1,3379
12094,6042,367,2,19805
12095,6043,171,2,19669
12096,6043,964,1,11782
12097,6044,607,2,8400
12098,6044,605,1,24734
12099,6045,390,2,18255
12100,6045,974,1,24223
12101,6045,143,1,11291
12102,6046,457,1,22280
12103,6046,914,1,1176
12104,6047,650,2,16147
12105,6047,357,2,3264
12106,6048,637,2,16543
12107,6049,544,2,3791
12108,6049,784,2,7000
12109,6050,27,2,6986
12110,6051,939,1,22772
12111,6052,573,1,15198
12112,6052,192,1,22293
12113,6052,410,1,22483
12114,6053,771,1,2211
12115,6053,368,2,24078
12116,6054,966,1,14681
12117,6054,711,1,12401
12118,6054,881,2,21079
12119,6055,402,2,4608
12120,6056,187,1,11286
12121,6056,905,2,10248
12122,6056,520,2,7696
12123,6057,856,1,23207
12124,6057,149,2,1755
12125,6057,122,2,4235
12126,6058,997,1,2662
12127,6059,266,2,7841
12128,6060,857,1,9758
12129,6061,487,1,22814
12130,6062,98,1,23907
12131,6062,147,2,7793
12132,6063,473,1,17426
12133,6064,750,1,1512
12134,6065,969,2,21299
12135,6066,133,2,22090
12136,6067,2,2,13402
12137,6067,516,2,5707
12138,6067,229,2,3365
12139,6068,419,1,3576
12140,6068,102,1,18676
12141,6069,805,1,20558
12142,6069,173,2,14841
12143,6070,834,2,7907
12144,6071,633,2,948
12145,6071,933,1,20700
12146,6072,612,1,18029
12147,6072,989,1,10803
12148,6072,697,2,22037
12149,6073,949,2,13217
12150,6073,671,1,2389
12151,6074,90,1,8660
12152,6075,752,1,15999
12153,6076,890,2,20573
12154,6076,107,1,23736
12155,6076,198,1,12696
12156,6077,101,1,5623
12157,6078,504,2,20553
12158,6078,923,1,17616
12159,6078,723,2,13058
12160,6079,690,2,1112
12161,6080,634,1,22712
12162,6080,456,2,2361
12163,6080,478,2,20665
12164,6081,678,1,5038
12165,6081,255,2,4466
12166,6082,797,1,18200
12167,6082,537,1,23870
12168,6083,328,2,6918
12169,6083,670,1,8973
12170,6083,923,2,11574
12171,6084,741,2,1743
12172,6085,121,2,1866
12173,6085,624,1,11210
12174,6085,606,2,23138
12175,6086,268,1,14503
12176,6086,548,2,12155
12177,6087,457,2,18860
12178,6087,136,1,9576
12179,6087,698,1,24696
12180,6088,272,2,18416
12181,6088,985,1,1468
12182,6089,202,1,1531
12183,6089,188,2,15468
12184,6090,823,1,4724
12185,6091,986,2,3792
12186,6091,13,1,8567
12187,6092,455,1,7914
12188,6092,970,2,16687
12189,6092,693,1,3894
12190,6093,997,2,10516
12191,6094,163,1,15887
12192,6094,969,1,21780
12193,6095,670,2,23808
12194,6095,359,1,15549
12195,6096,117,2,4682
12196,6096,187,2,24492
12197,6096,709,2,24540
12198,6097,479,2,2479
12199,6097,787,1,4696
12200,6097,192,1,8778
12201,6098,811,2,11798
12202,6099,497,1,20570
12203,6100,150,2,14483
12204,6100,410,2,7899
12205,6101,555,2,23111
12206,6101,480,1,9865
12207,6102,324,2,9784
12208,6103,449,2,5591
12209,6103,619,1,14684
12210,6104,5,2,1964
12211,6104,383,1,14772
12212,6104,210,1,14191
12213,6105,733,1,7976
12214,6105,822,2,17712
12215,6106,547,1,4905
12216,6106,259,2,5697
12217,6106,81,2,18047
12218,6107,964,1,7132
12219,6107,490,1,22272
12220,6108,900,1,20088
12221,6108,674,1,13170
12222,6108,890,2,17701
12223,6109,663,2,12415
12224,6109,753,1,24971
12225,6110,119,2,13767
12226,6111,455,1,9307
12227,6111,60,2,20471
12228,6111,347,1,18426
12229,6112,354,1,16895
12230,6113,670,1,13423
12231,6113,357,1,10159
12232,6114,399,2,6567
12233,6114,794,1,12371
12234,6114,319,1,6164
12235,6115,904,2,9132
12236,6115,36,2,11759
12237,6116,911,1,5858
12238,6116,330,1,9943
12239,6117,429,1,7937
12240,6117,370,2,16369
12241,6118,104,1,7583
12242,6118,134,1,13110
12243,6119,492,2,9881
12244,6119,772,2,975
12245,6119,74,2,17773
12246,6120,931,1,7808
12247,6121,791,2,17871
12248,6121,318,1,2636
12249,6121,784,1,8491
12250,6122,442,1,12174
12251,6122,505,2,20521
12252,6123,878,2,22214
12253,6123,508,2,20753
12254,6124,173,2,16025
12255,6124,755,1,9803
12256,6124,773,1,17396
12257,6125,580,1,17182
12258,6125,514,2,19173
12259,6126,860,2,12674
12260,6126,194,1,15291
12261,6127,70,2,10319
12262,6128,487,2,6303
12263,6129,933,1,17503
12264,6129,775,2,3968
12265,6129,768,2,24341
12266,6130,908,1,22747
12267,6130,336,1,4136
12268,6130,199,2,5791
12269,6131,117,1,14680
12270,6131,409,1,22293
12271,6132,298,2,12811
12272,6133,943,2,21505
12273,6134,440,1,5417
12274,6135,244,2,16123
12275,6135,181,2,3093
12276,6136,114,2,12016
12277,6136,348,1,18241
12278,6137,581,2,24864
12279,6137,814,1,8386
12280,6138,419,1,6040
12281,6139,273,2,18229
12282,6139,210,1,20370
12283,6140,707,2,18913
12284,6141,923,1,20786
12285,6141,898,2,23046
12286,6141,65,2,14343
12287,6142,353,2,22442
12288,6142,552,2,18529
12289,6143,448,2,22765
12290,6144,775,1,15761
12291,6145,646,2,9395
12292,6145,391,2,964
12293,6146,621,2,11954
12294,6147,892,2,21587
12295,6147,827,2,10271
12296,6147,286,1,18765
12297,6148,42,2,12573
12298,6148,609,1,12664
12299,6149,649,2,22809
12300,6149,985,2,24695
12301,6150,616,2,10588
12302,6150,303,1,23321
12303,6150,759,1,16154
12304,6151,50,1,10384
12305,6152,500,1,16466
12306,6153,801,1,15805
12307,6153,524,1,19931
12308,6153,527,1,15294
12309,6154,387,1,4692
12310,6155,914,2,24102
12311,6155,745,1,2939
12312,6155,546,1,16057
12313,6156,598,2,15045
12314,6157,778,2,18611
12315,6158,985,2,4715
12316,6158,668,2,10241
12317,6158,219,1,12212
12318,6159,122,2,20813
12319,6159,835,2,3410
12320,6160,230,2,14730
12321,6161,270,2,11263
12322,6162,1000,2,23854
12323,6163,211,2,21147
12324,6163,523,2,24863
12325,6164,111,2,22578
12326,6165,244,2,7828
12327,6166,832,2,24761
12328,6166,792,1,24982
12329,6167,212,2,22891
12330,6167,421,2,17978
12331,6167,382,2,7981
12332,6168,172,2,14287
12333,6169,258,2,8995
12334,6170,858,2,20787
12335,6171,678,2,16450
12336,6172,389,2,20596
12337,6172,148,2,3073
12338,6173,931,2,12784
12339,6173,875,2,16455
12340,6174,25,2,4822
12341,6174,921,1,2846
12342,6175,100,1,9288
12343,6175,806,1,6903
12344,6175,197,2,21577
12345,6176,704,2,24370
12346,6177,586,2,22075
12347,6177,452,1,21226
12348,6177,281,1,1039
12349,6178,41,1,7390
12350,6179,636,2,14150
12351,6179,214,2,14590
12352,6179,60,1,16697
12353,6180,320,1,1269
12354,6180,989,1,5540
12355,6180,321,1,16105
12356,6181,331,1,1193
12357,6181,393,2,23525
12358,6182,235,1,15608
12359,6182,249,1,1354
12360,6183,138,1,16354
12361,6183,749,1,10996
12362,6184,954,2,16170
12363,6184,349,2,6624
12364,6185,162,2,5895
12365,6185,669,2,10450
12366,6185,314,2,8352
12367,6186,522,1,19808
12368,6186,523,2,18286
12369,6186,408,1,2039
12370,6187,431,1,20895
12371,6187,603,2,851
12372,6188,304,1,6807
12373,6189,105,1,11880
12374,6190,874,2,7154
12375,6190,365,2,2223
12376,6190,341,2,7856
12377,6191,94,2,20801
12378,6191,798,1,14806
12379,6191,602,1,16981
12380,6192,386,2,6235
12381,6192,131,1,10726
12382,6193,353,2,5205
12383,6193,405,1,3512
12384,6194,22,2,16570
12385,6195,49,2,14681
12386,6195,940,1,22197
12387,6196,994,2,20464
12388,6196,914,2,4651
12389,6197,808,1,4297
12390,6198,394,2,23673
12391,6198,196,1,16557
12392,6198,801,1,20869
12393,6199,5,1,19089
12394,6199,550,2,12081
12395,6199,437,1,10868
12396,6200,974,1,1221
12397,6200,844,1,22311
12398,6201,860,1,6615
12399,6201,127,1,9258
12400,6202,749,1,12599
12401,6202,731,2,11368
12402,6202,347,1,886
12403,6203,640,2,12689
12404,6203,590,2,16882
12405,6203,169,1,20435
12406,6204,463,1,21686
12407,6204,333,2,7867
12408,6204,589,2,16778
12409,6205,27,1,20955
12410,6206,588,2,17988
12411,6206,294,1,8036
12412,6207,755,2,11098
12413,6207,183,2,5755
12414,6207,339,2,13283
12415,6208,365,1,5256
12416,6209,165,2,22119
12417,6209,283,2,10086
12418,6210,440,1,15902
12419,6210,325,2,19076
12420,6211,876,1,14815
12421,6211,264,2,7073
12422,6211,201,2,23857
12423,6212,231,2,12033
12424,6213,354,1,6065
12425,6214,862,2,23714
12426,6215,258,2,13789
12427,6215,565,1,21769
12428,6215,34,2,2439
12429,6216,328,1,9867
12430,6217,197,1,16929
12431,6218,104,2,8823
12432,6218,96,1,11977
12433,6219,445,2,16154
12434,6220,889,1,16201
12435,6221,416,1,2516
12436,6221,747,2,17681
12437,6222,265,1,23396
12438,6222,548,1,9527
12439,6222,214,1,866
12440,6223,560,1,3935
12441,6224,643,2,3632
12442,6224,912,2,3914
12443,6224,665,2,24085
12444,6225,430,1,20178
12445,6225,580,2,24841
12446,6226,557,1,13814
12447,6227,722,2,19273
12448,6227,235,2,2389
12449,6228,454,1,6291
12450,6228,928,1,24687
12451,6228,851,1,18488
12452,6229,893,2,10609
12453,6229,466,2,7891
12454,6230,12,1,16170
12455,6231,246,1,4232
12456,6232,645,1,3374
12457,6232,390,2,7946
12458,6233,25,2,12412
12459,6234,452,2,21562
12460,6234,490,1,3926
12461,6235,812,2,6992
12462,6235,613,1,21970
12463,6235,312,1,6243
12464,6236,684,1,2886
12465,6236,433,2,18216
12466,6237,347,2,18605
12467,6238,104,2,1688
12468,6238,880,2,13628
12469,6238,91,2,8059
12470,6239,731,2,3003
12471,6239,87,1,12731
12472,6239,741,2,13183
12473,6240,966,1,19172
12474,6241,169,1,18149
12475,6241,176,2,920
12476,6242,756,2,20600
12477,6242,877,1,24499
12478,6243,86,1,3249
12479,6244,969,1,22555
12480,6244,915,1,20545
12481,6245,3,1,17864
12482,6245,532,1,13754
12483,6245,568,2,17418
12484,6246,669,1,13307
12485,6247,671,1,23575
12486,6248,750,1,11968
12487,6248,11,2,6626
12488,6248,330,1,6017
12489,6249,300,1,11052
12490,6249,308,1,23075
12491,6249,181,1,9504
12492,6250,261,1,22572
12493,6250,914,2,3917
12494,6251,795,2,10958
12495,6251,240,2,14790
12496,6252,444,1,3173
12497,6253,7,2,9108
12498,6253,128,1,14757
12499,6254,789,2,10447
12500,6255,820,2,19349
12501,6255,146,2,24680
12502,6255,650,1,11739
12503,6256,629,1,18499
12504,6256,457,1,19889
12505,6256,696,1,5442
12506,6257,736,1,6738
12507,6257,521,1,5303
12508,6257,7,2,12484
12509,6258,765,1,1641
12510,6259,345,2,3192
12511,6259,943,2,20617
12512,6260,613,2,21609
12513,6260,604,2,17960
12514,6260,701,1,9462
12515,6261,696,1,14270
12516,6262,761,1,8139
12517,6262,876,1,1379
12518,6263,868,1,9583
12519,6264,612,2,24776
12520,6265,453,1,5316
12521,6265,401,1,2239
12522,6266,864,2,960
12523,6266,544,1,17986
12524,6267,703,2,1621
12525,6267,607,1,19784
12526,6267,207,2,3430
12527,6268,695,1,16643
12528,6268,175,1,21022
12529,6268,999,2,1073
12530,6269,446,2,17921
12531,6269,939,2,2762
12532,6270,365,2,9556
12533,6271,889,2,15626
12534,6271,716,1,13584
12535,6272,125,2,10203
12536,6273,340,2,22147
12537,6273,994,2,9534
12538,6273,477,2,3873
12539,6274,773,1,11461
12540,6274,19,2,1471
12541,6274,893,1,5503
12542,6275,565,2,18466
12543,6275,496,2,13066
12544,6275,120,2,2681
12545,6276,660,1,23787
12546,6276,241,2,17715
12547,6277,790,1,1982
12548,6277,138,2,12726
12549,6277,421,1,13373
12550,6278,981,1,12518
12551,6279,273,1,5114
12552,6279,503,2,12596
12553,6280,726,1,23366
12554,6280,215,1,1114
12555,6280,687,2,1613
12556,6281,664,2,4917
12557,6282,20,2,7940
12558,6283,97,2,23236
12559,6284,610,2,2492
12560,6284,518,2,9501
12561,6285,103,1,13122
12562,6286,6,1,2227
12563,6286,84,1,8390
12564,6287,130,2,21989
12565,6288,404,1,10530
12566,6289,23,1,8662
12567,6289,106,1,21439
12568,6289,499,1,8229
12569,6290,196,1,16162
12570,6290,775,1,16544
12571,6291,208,1,15973
12572,6292,556,2,16683
12573,6292,894,1,15574
12574,6293,933,2,20871
12575,6293,435,1,10323
12576,6293,966,1,2147
12577,6294,26,2,14559
12578,6294,777,1,16801
12579,6295,321,2,18776
12580,6295,538,2,20665
12581,6295,142,2,12152
12582,6296,546,1,2982
12583,6297,567,2,9794
12584,6297,975,1,16766
12585,6298,600,1,3714
12586,6299,191,2,23600
12587,6299,597,2,13323
12588,6299,640,1,17990
12589,6300,807,1,8084
12590,6300,616,2,1550
12591,6301,203,1,16643
12592,6302,556,2,17448
12593,6303,725,1,7583
12594,6304,326,2,21839
12595,6305,6,2,3526
12596,6305,505,2,10182
12597,6306,714,1,21171
12598,6306,399,1,7675
12599,6306,274,1,1295
12600,6307,794,2,24996
12601,6307,230,2,4943
12602,6307,293,2,15247
12603,6308,103,2,15334
12604,6309,967,1,17461
12605,6310,204,1,9573
12606,6310,988,1,23139
12607,6310,661,2,3147
12608,6311,619,1,22298
12609,6311,173,2,6688
12610,6312,248,2,14348
12611,6312,532,1,7145
12612,6313,318,2,20587
12613,6314,98,1,11804
12614,6315,220,1,14825
12615,6315,952,1,17666
12616,6315,192,1,24566
12617,6316,680,1,1860
12618,6317,1000,1,20743
12619,6317,181,2,17598
12620,6317,695,2,16058
12621,6318,668,1,13029
12622,6318,606,1,20943
12623,6318,660,1,12210
12624,6319,59,2,7914
12625,6319,192,1,5850
12626,6319,419,1,8305
12627,6320,912,1,16378
12628,6321,58,2,6467
12629,6321,479,1,11219
12630,6321,57,2,20886
12631,6322,672,1,3658
12632,6323,648,2,19810
12633,6323,497,2,8834
12634,6323,185,1,20279
12635,6324,697,2,2999
12636,6325,289,2,15295
12637,6326,723,2,12283
12638,6326,380,1,8396
12639,6326,367,2,18235
12640,6327,535,1,15615
12641,6327,196,2,8578
12642,6327,333,2,19873
12643,6328,937,1,6769
12644,6328,134,1,24878
12645,6328,132,1,20517
12646,6329,905,2,4570
12647,6329,990,2,24925
12648,6329,66,2,5925
12649,6330,8,1,10563
12650,6331,225,2,17245
12651,6332,402,2,10089
12652,6332,801,2,4227
12653,6332,193,2,11380
12654,6333,331,1,16978
12655,6334,465,2,4880
12656,6335,949,2,10537
12657,6335,667,2,22894
12658,6335,395,1,24925
12659,6336,251,1,9590
12660,6336,161,1,13434
12661,6337,711,1,9154
12662,6338,2,2,13112
12663,6339,762,2,5667
12664,6340,442,2,6863
12665,6340,841,1,1653
12666,6341,834,1,20996
12667,6341,884,1,9583
12668,6342,909,1,6921
12669,6343,671,1,19283
12670,6343,321,1,16573
12671,6344,923,2,21963
12672,6345,165,1,14958
12673,6345,863,2,20334
12674,6346,50,1,16138
12675,6346,68,2,2854
12676,6346,773,2,5068
12677,6347,487,1,3178
12678,6347,6,1,3648
12679,6347,698,1,19464
12680,6348,719,2,11207
12681,6349,32,2,4105
12682,6349,308,1,9222
12683,6350,57,2,907
12684,6350,493,2,9073
12685,6351,889,1,13313
12686,6351,338,1,3740
12687,6352,358,2,5756
12688,6352,199,1,5989
12689,6352,255,1,18139
12690,6353,184,1,20492
12691,6354,222,1,3539
12692,6355,156,1,4081
12693,6355,874,2,21128
12694,6356,105,2,11100
12695,6356,194,1,970
12696,6357,358,1,24875
12697,6357,861,2,8525
12698,6357,6,2,11759
12699,6358,79,2,10711
12700,6358,811,2,17963
12701,6358,706,1,5449
12702,6359,591,2,11142
12703,6359,346,2,5641
12704,6359,430,1,8975
12705,6360,777,1,4186
12706,6361,577,1,1979
12707,6361,194,1,15274
12708,6362,239,2,23331
12709,6362,518,2,4149
12710,6363,978,1,10290
12711,6363,974,2,12305
12712,6364,279,2,3131
12713,6365,257,2,16407
12714,6365,928,2,10282
12715,6365,785,2,17440
12716,6366,794,1,11888
12717,6366,987,1,19911
12718,6367,674,1,15479
12719,6368,865,1,23855
12720,6368,819,2,24236
12721,6369,461,1,22872
12722,6370,917,1,7615
12723,6371,266,2,8281
12724,6371,468,2,11412
12725,6372,709,2,5348
12726,6372,49,1,13020
12727,6373,911,2,2509
12728,6373,528,1,6894
12729,6374,189,1,22719
12730,6375,97,2,14289
12731,6375,607,2,11359
12732,6375,637,2,20833
12733,6376,434,1,6573
12734,6376,128,2,7972
12735,6377,787,2,7521
12736,6378,570,2,14484
12737,6379,544,2,18989
12738,6379,802,2,3048
12739,6380,300,2,23477
12740,6380,609,1,2923
12741,6380,280,2,9090
12742,6381,476,2,16848
12743,6381,767,1,7026
12744,6381,205,1,15969
12745,6382,244,2,7934
12746,6382,671,1,1350
12747,6383,183,1,15032
12748,6383,665,2,12482
12749,6384,19,1,5888
12750,6384,348,1,20755
12751,6384,188,1,11968
12752,6385,446,2,3418
12753,6386,70,2,3900
12754,6386,439,1,12635
12755,6386,588,2,13035
12756,6387,39,2,9065
12757,6388,539,2,4199
12758,6389,993,1,9365
12759,6390,237,2,21046
12760,6390,501,1,8837
12761,6391,763,2,21625
12762,6391,987,2,20219
12763,6391,625,1,11267
12764,6392,509,1,18641
12765,6392,930,1,5142
12766,6392,409,2,7543
12767,6393,157,2,3350
12768,6393,790,1,7201
12769,6393,780,1,23259
12770,6394,244,2,4940
12771,6394,586,2,2962
12772,6395,229,1,1075
12773,6395,946,1,990
12774,6396,281,2,13897
12775,6397,51,1,12423
12776,6398,482,2,12089
12777,6399,17,1,4348
12778,6399,184,2,17827
12779,6400,292,2,18152
12780,6400,955,2,16698
12781,6400,728,1,11898
12782,6401,855,2,12936
12783,6402,514,2,11942
12784,6402,314,1,1703
12785,6403,762,2,10375
12786,6404,896,1,10854
12787,6405,76,2,13702
12788,6405,539,2,22612
12789,6405,926,2,16371
12790,6406,973,1,14814
12791,6407,781,2,10589
12792,6407,633,2,5313
12793,6407,190,2,24718
12794,6408,859,1,1077
12795,6408,946,1,7180
12796,6408,957,2,14641
12797,6409,105,2,5998
12798,6409,944,1,4694
12799,6409,438,1,8248
12800,6410,764,1,2068
12801,6410,416,2,20183
12802,6411,911,2,20034
12803,6411,515,1,16613
12804,6412,194,1,4087
12805,6412,663,1,11698
12806,6412,577,1,19609
12807,6413,969,1,14751
12808,6413,283,1,2619
12809,6414,103,1,15529
12810,6414,335,1,22392
12811,6414,570,2,8779
12812,6415,323,1,17681
12813,6415,124,2,23692
12814,6416,645,2,18274
12815,6416,516,2,22430
12816,6417,81,1,7216
12817,6418,375,1,14056
12818,6419,148,2,22502
12819,6419,88,2,22113
12820,6419,88,1,4237
12821,6420,742,2,20239
12822,6420,945,1,3623
12823,6421,30,2,11193
12824,6422,166,2,21011
12825,6422,593,2,17072
12826,6423,723,1,4647
12827,6424,339,1,23583
12828,6424,216,1,17915
12829,6424,575,2,6135
12830,6425,506,1,19033
12831,6426,310,2,24475
12832,6426,452,2,7606
12833,6427,891,2,9129
12834,6427,365,2,20111
12835,6427,941,1,3347
12836,6428,655,2,14914
12837,6428,719,2,10655
12838,6428,158,2,15700
12839,6429,304,2,14028
12840,6429,612,2,9620
12841,6429,726,2,4621
12842,6430,203,1,1095
12843,6430,993,2,15698
12844,6430,81,2,19577
12845,6431,766,1,11862
12846,6431,151,1,23111
12847,6432,726,2,8614
12848,6432,635,1,17758
12849,6433,916,2,21087
12850,6433,36,1,13460
12851,6434,772,2,24640
12852,6434,198,2,10708
12853,6435,74,1,16000
12854,6436,574,2,837
12855,6436,527,1,9242
12856,6437,623,2,19043
12857,6437,496,2,4814
12858,6438,768,1,2032
12859,6438,67,2,11717
12860,6438,791,1,4631
12861,6439,108,2,18048
12862,6439,356,1,17405
12863,6440,84,2,16014
12864,6440,885,2,5062
12865,6440,638,1,20694
12866,6441,328,2,5442
12867,6442,798,1,21757
12868,6442,595,2,7568
12869,6442,799,2,15277
12870,6443,365,1,18964
12871,6444,584,1,3221
12872,6444,504,2,7556
12873,6444,614,2,7505
12874,6445,125,2,17056
12875,6446,36,2,10092
12876,6447,843,1,2907
12877,6448,587,1,8138
12878,6448,137,2,5365
12879,6449,546,1,19826
12880,6450,32,1,2646
12881,6450,351,1,16983
12882,6450,400,2,13286
12883,6451,490,1,14552
12884,6451,391,2,17774
12885,6452,139,1,22651
12886,6452,631,1,17040
12887,6452,927,2,983
12888,6453,967,1,20716
12889,6454,852,2,22971
12890,6455,843,2,5003
12891,6455,916,2,16740
12892,6456,39,1,5386
12893,6456,504,2,1244
12894,6457,368,1,20468
12895,6457,955,1,22244
12896,6457,695,2,15137
12897,6458,17,2,20374
12898,6458,21,1,23269
12899,6459,543,2,956
12900,6459,385,2,9114
12901,6460,146,1,9957
12902,6460,884,2,15940
12903,6460,579,2,5254
12904,6461,205,1,11280
12905,6461,213,2,16838
12906,6462,738,1,22224
12907,6462,547,2,4367
12908,6463,142,2,19005
12909,6464,7,2,1659
12910,6465,860,1,19764
12911,6465,652,2,24780
12912,6465,935,2,18323
12913,6466,452,2,7206
12914,6467,499,1,16596
12915,6467,719,2,20535
12916,6467,524,2,24205
12917,6468,979,2,5019
12918,6469,769,2,22596
12919,6469,709,1,4145
12920,6469,466,1,1538
12921,6470,192,1,17156
12922,6470,875,1,21011
12923,6471,959,1,16137
12924,6472,529,1,21662
12925,6472,99,2,9057
12926,6472,651,1,6784
12927,6473,533,2,12328
12928,6474,159,2,3112
12929,6474,655,1,13070
12930,6475,251,1,4975
12931,6476,964,2,9033
12932,6476,991,2,9237
12933,6476,823,1,1082
12934,6477,890,2,6163
12935,6478,281,2,3987
12936,6478,121,2,17569
12937,6479,157,1,11054
12938,6479,674,2,16550
12939,6480,707,2,19618
12940,6480,380,1,18983
12941,6480,692,1,21300
12942,6481,58,2,18983
12943,6482,704,2,5853
12944,6482,948,1,19932
12945,6483,41,1,23345
12946,6483,827,2,8747
12947,6483,279,1,11616
12948,6484,241,1,21100
12949,6484,55,1,4950
12950,6484,596,1,18964
12951,6485,87,2,19951
12952,6486,459,1,8231
12953,6486,616,1,14168
12954,6486,38,1,4462
12955,6487,897,2,21193
12956,6488,655,2,4225
12957,6488,533,2,6379
12958,6488,743,2,14204
12959,6489,724,2,842
12960,6489,643,1,6493
12961,6490,819,2,3620
12962,6490,152,1,1361
12963,6490,865,2,7371
12964,6491,527,1,23412
12965,6492,917,2,5451
12966,6493,153,2,20123
12967,6493,815,1,11985
12968,6493,462,2,16795
12969,6494,613,2,14439
12970,6494,734,2,20625
12971,6494,327,2,23883
12972,6495,619,1,6562
12973,6496,582,2,5225
12974,6496,252,2,23524
12975,6496,815,2,11992
12976,6497,581,2,3039
12977,6497,120,1,847
12978,6498,401,1,960
12979,6498,809,2,22341
12980,6498,740,1,5396
12981,6499,575,1,1519
12982,6499,856,2,20449
12983,6500,11,2,19010
12984,6500,376,1,15431
12985,6501,767,2,3925
12986,6501,968,2,7082
12987,6502,449,1,16392
12988,6502,561,1,8653
12989,6503,675,1,2690
12990,6504,32,1,2621
12991,6505,676,2,12359
12992,6506,403,2,3989
12993,6507,450,1,3745
12994,6507,98,1,23870
12995,6507,946,1,19474
12996,6508,246,1,23936
12997,6508,502,1,23277
12998,6509,450,2,8270
12999,6509,356,2,22944
13000,6510,936,1,1515
13001,6510,894,1,1775
13002,6511,199,2,10187
13003,6512,420,2,4134
13004,6513,475,1,10006
13005,6514,576,1,6762
13006,6514,526,1,12729
13007,6515,202,1,7168
13008,6515,363,1,17461
13009,6516,599,2,23453
13010,6516,73,1,13495
13011,6517,390,2,15661
13012,6517,592,1,12792
13013,6518,281,1,2795
13014,6519,725,2,23063
13015,6520,182,1,17754
13016,6520,928,2,7759
13017,6521,470,2,13120
13018,6521,188,2,20791
13019,6522,700,2,21604
13020,6522,119,1,8059
13021,6523,357,2,9979
13022,6524,492,2,7572
13023,6524,575,2,981
13024,6524,834,2,23068
13025,6525,820,2,9317
13026,6525,983,2,21696
13027,6525,31,1,13819
13028,6526,86,1,2383
13029,6526,408,2,7631
13030,6526,659,2,18612
13031,6527,481,2,16793
13032,6528,337,2,3161
13033,6528,599,1,21699
13034,6529,311,2,24301
13035,6529,68,2,22917
13036,6530,286,1,11137
13037,6530,961,2,2208
13038,6531,80,1,20792
13039,6531,960,2,14517
13040,6532,84,2,13077
13041,6532,473,2,22271
13042,6532,603,1,20503
13043,6533,717,1,23915
13044,6534,585,1,9155
13045,6534,275,2,22986
13046,6534,415,2,1008
13047,6535,212,1,3780
13048,6535,818,1,13972
13049,6536,57,2,9918
13050,6537,459,1,4960
13051,6538,359,2,12689
13052,6538,222,2,14781
13053,6539,239,2,10702
13054,6540,167,1,1978
13055,6540,934,2,8050
13056,6540,232,2,10673
13057,6541,487,2,16917
13058,6541,194,1,24503
13059,6541,623,2,3390
13060,6542,751,1,17086
13061,6542,695,1,19365
13062,6543,537,2,10780
13063,6544,711,2,14676
13064,6544,288,2,17562
13065,6544,167,2,18904
13066,6545,436,2,21425
13067,6546,210,1,23403
13068,6546,387,2,4823
13069,6547,517,2,13917
13070,6547,45,2,894
13071,6548,781,2,7932
13072,6548,346,1,1498
13073,6549,734,1,3545
13074,6549,289,1,23546
13075,6550,384,1,24875
13076,6550,676,2,10016
13077,6550,896,1,2792
13078,6551,72,2,24312
13079,6552,762,1,22384
13080,6552,702,1,15312
13081,6553,790,1,9940
13082,6553,208,1,3542
13083,6554,114,1,10416
13084,6554,749,1,17472
13085,6554,632,2,18339
13086,6555,471,1,24994
13087,6556,431,1,7775
13088,6557,821,2,14498
13089,6557,515,1,14110
13090,6558,49,1,5391
13091,6558,54,2,24175
13092,6559,477,1,12514
13093,6559,611,2,13582
13094,6560,85,1,5022
13095,6560,788,2,2190
13096,6560,912,2,5147
13097,6561,515,1,11174
13098,6561,125,1,18224
13099,6561,693,2,11310
13100,6562,66,2,15469
13101,6562,892,2,7693
13102,6563,322,2,4600
13103,6563,768,2,13419
13104,6564,949,1,2503
13105,6564,804,2,18549
13106,6564,326,2,21642
13107,6565,567,2,18638
13108,6565,915,2,9746
13109,6565,631,1,22390
13110,6566,127,2,24468
13111,6566,668,2,13176
13112,6566,928,2,18262
13113,6567,745,1,1960
13114,6567,493,1,19021
13115,6567,923,2,4188
13116,6568,93,2,13355
13117,6569,392,2,12476
13118,6570,28,1,23441
13119,6570,390,2,1923
13120,6571,692,1,1829
13121,6571,724,1,11159
13122,6571,659,1,5406
13123,6572,274,1,20041
13124,6572,450,2,7367
13125,6573,761,2,4079
13126,6573,117,2,22636
13127,6574,2,1,15677
13128,6574,651,1,18692
13129,6574,562,2,22210
13130,6575,902,1,8839
13131,6575,196,2,21245
13132,6576,978,2,7088
13133,6576,900,1,23324
13134,6576,641,2,14639
13135,6577,638,2,21553
13136,6577,481,2,21287
13137,6578,482,1,11774
13138,6578,632,1,3127
13139,6578,78,1,15009
13140,6579,922,1,12415
13141,6580,360,1,11977
13142,6580,446,2,13022
13143,6580,565,2,9299
13144,6581,654,1,22615
13145,6581,333,2,10147
13146,6581,536,1,6604
13147,6582,545,1,15741
13148,6582,559,1,5293
13149,6582,794,2,8153
13150,6583,47,2,21750
13151,6584,941,2,8823
13152,6584,447,1,13544
13153,6585,529,2,20102
13154,6585,650,2,24657
13155,6585,695,1,20649
13156,6586,887,1,3933
13157,6586,385,1,4408
13158,6586,494,2,9983
13159,6587,490,2,1240
13160,6588,964,2,23507
13161,6588,514,2,13987
13162,6588,241,2,22971
13163,6589,883,2,2772
13164,6590,860,1,14221
13165,6591,828,1,14312
13166,6591,721,1,7590
13167,6592,889,1,6786
13168,6592,71,1,19098
13169,6593,473,1,23785
13170,6593,348,2,16727
13171,6594,999,2,3172
13172,6594,285,2,20652
13173,6595,110,2,5963
13174,6595,707,1,13034
13175,6595,195,1,21716
13176,6596,531,1,10278
13177,6596,834,1,19175
13178,6597,676,1,2342
13179,6597,425,1,4558
13180,6598,959,1,12635
13181,6599,964,1,3914
13182,6599,836,1,9256
13183,6599,199,2,16474
13184,6600,824,2,3503
13185,6600,183,2,18919
13186,6600,60,1,24592
13187,6601,449,1,22851
13188,6601,504,2,20405
13189,6601,69,2,1749
13190,6602,458,2,16639
13191,6602,700,1,4017
13192,6602,349,2,14476
13193,6603,843,2,21951
13194,6604,542,1,18702
13195,6604,742,2,14313
13196,6605,218,1,14929
13197,6605,318,1,15731
13198,6605,647,1,15657
13199,6606,434,1,3363
13200,6607,438,1,24404
13201,6607,88,1,7420
13202,6608,531,2,19028
13203,6609,782,1,19138
13204,6609,791,2,14812
13205,6609,174,2,7924
13206,6610,732,1,10142
13207,6611,108,1,11766
13208,6611,442,1,1208
13209,6611,687,2,13959
13210,6612,285,1,11198
13211,6613,845,2,20519
13212,6613,587,1,3517
13213,6613,886,2,1515
13214,6614,304,2,5002
13215,6614,624,1,12464
13216,6614,514,2,20113
13217,6615,341,2,3156
13218,6616,290,1,10715
13219,6616,191,1,19725
13220,6616,360,2,8362
13221,6617,205,2,8985
13222,6618,671,2,4258
13223,6618,80,2,19051
13224,6619,53,1,11593
13225,6619,804,2,3381
13226,6620,283,2,13648
13227,6620,892,2,10553
13228,6620,47,2,22664
13229,6621,357,2,7609
13230,6622,788,1,1181
13231,6623,392,1,20561
13232,6623,871,1,18917
13233,6623,474,1,24891
13234,6624,243,2,23256
13235,6624,142,2,7737
13236,6624,668,1,15323
13237,6625,746,1,8048
13238,6626,367,2,10111
13239,6626,611,2,8291
13240,6627,564,2,14515
13241,6627,662,2,16433
13242,6628,205,1,23105
13243,6629,450,2,1524
13244,6630,575,2,14606
13245,6631,853,2,7904
13246,6631,447,2,5693
13247,6631,523,1,9577
13248,6632,116,1,21958
13249,6633,336,2,4702
13250,6634,468,2,6924
13251,6634,932,1,9293
13252,6635,674,1,17594
13253,6636,899,1,2509
13254,6636,451,1,915
13255,6636,612,1,1696
13256,6637,634,1,22827
13257,6637,325,2,16933
13258,6637,917,1,3059
13259,6638,32,2,21044
13260,6638,390,2,7240
13261,6639,289,1,17876
13262,6639,228,1,16626
13263,6640,256,1,23169
13264,6640,754,1,1664
13265,6640,101,1,24724
13266,6641,324,2,11868
13267,6641,431,1,10163
13268,6642,424,1,15873
13269,6642,810,1,12165
13270,6642,884,2,11464
13271,6643,404,1,18349
13272,6643,679,1,14672
13273,6643,975,2,18577
13274,6644,105,1,6478
13275,6644,92,1,23078
13276,6645,918,1,2322
13277,6646,346,1,8913
13278,6646,568,2,10925
13279,6646,540,2,18828
13280,6647,642,1,24781
13281,6647,289,1,7430
13282,6647,229,1,16539
13283,6648,233,2,21162
13284,6648,227,2,17826
13285,6648,510,1,11244
13286,6649,22,2,8819
13287,6650,558,2,7650
13288,6651,229,2,13709
13289,6651,746,2,5125
13290,6652,917,1,1239
13291,6652,155,2,10862
13292,6653,900,1,9609
13293,6653,487,1,2520
13294,6654,254,1,15150
13295,6655,928,1,9091
13296,6655,269,2,24019
13297,6655,754,2,21752
13298,6656,243,1,24635
13299,6656,854,1,13503
13300,6656,853,2,15161
13301,6657,21,1,6047
13302,6657,417,2,4118
13303,6657,60,2,1206
13304,6658,733,2,19465
13305,6658,178,2,4507
13306,6658,906,2,18316
13307,6659,703,1,24951
13308,6660,859,2,17787
13309,6661,889,1,21797
13310,6661,945,2,19458
13311,6661,418,2,11714
13312,6662,176,1,7167
13313,6663,435,1,2259
13314,6664,715,1,3656
13315,6664,756,1,4360
13316,6665,446,2,24015
13317,6666,773,1,17522
13318,6667,544,1,17771
13319,6668,340,2,17437
13320,6668,746,2,2107
13321,6668,377,1,10002
13322,6669,778,1,15860
13323,6669,756,1,23582
13324,6669,903,1,22080
13325,6670,161,2,7797
13326,6670,728,2,8361
13327,6671,780,1,19938
13328,6671,660,2,20388
13329,6672,705,1,10935
13330,6673,369,1,8232
13331,6673,393,1,8650
13332,6673,791,1,2548
13333,6674,898,1,13632
13334,6675,106,1,21880
13335,6675,683,1,3841
13336,6675,331,1,19793
13337,6676,517,1,8398
13338,6676,72,1,9368
13339,6676,658,1,18335
13340,6677,96,2,5695
13341,6678,882,1,9898
13342,6678,46,1,4822
13343,6678,135,1,18485
13344,6679,137,1,5220
13345,6680,522,1,19346
13346,6680,40,1,15768
13347,6680,970,1,24522
13348,6681,617,2,9244
13349,6682,804,2,9809
13350,6683,325,2,22094
13351,6683,506,1,13273
13352,6684,576,2,21515
13353,6684,616,2,3279
13354,6684,497,2,20320
13355,6685,306,1,7334
13356,6685,991,2,22163
13357,6686,287,1,15101
13358,6686,973,1,1825
13359,6687,895,1,3732
13360,6687,287,1,24560
13361,6687,186,2,6018
13362,6688,289,2,7957
13363,6689,420,1,17696
13364,6690,773,1,9728
13365,6690,460,2,20720
13366,6691,412,1,6433
13367,6691,328,1,11287
13368,6692,53,1,15509
13369,6692,575,2,5165
13370,6692,652,1,3710
13371,6693,849,1,3222
13372,6693,821,1,10597
13373,6693,638,1,20436
13374,6694,105,1,7766
13375,6695,649,2,19209
13376,6695,83,1,23577
13377,6695,625,2,4569
13378,6696,312,1,7588
13379,6697,56,1,24508
13380,6698,408,2,18047
13381,6698,439,2,18209
13382,6698,456,1,1380
13383,6699,769,2,1708
13384,6699,817,2,20600
13385,6700,444,2,5822
13386,6700,243,2,13369
13387,6701,94,1,23010
13388,6701,301,1,9173
13389,6702,807,1,2476
13390,6703,613,1,7123
13391,6703,764,2,6309
13392,6704,573,2,8348
13393,6704,860,2,4730
13394,6705,365,1,14750
13395,6705,645,2,16163
13396,6705,188,1,10857
13397,6706,38,1,4470
13398,6706,590,1,5113
13399,6707,263,2,16071
13400,6707,345,1,9599
13401,6708,480,1,9935
13402,6708,974,1,13032
13403,6708,438,2,20942
13404,6709,46,2,20037
13405,6709,824,2,20493
13406,6709,610,1,9628
13407,6710,584,2,5115
13408,6710,796,2,15343
13409,6710,975,1,17102
13410,6711,248,1,1978
13411,6711,851,1,20466
13412,6712,549,2,23772
13413,6713,927,1,17435
13414,6713,705,1,11158
13415,6713,758,1,10535
13416,6714,375,1,19870
13417,6715,622,1,11819
13418,6715,274,1,10878
13419,6716,15,2,3890
13420,6716,37,1,24228
13421,6717,323,2,6778
13422,6717,657,2,1311
13423,6717,67,2,21379
13424,6718,592,2,22238
13425,6719,576,1,12103
13426,6719,189,2,18608
13427,6720,882,2,6510
13428,6720,217,2,13265
13429,6720,490,1,2625
13430,6721,31,2,15791
13431,6721,752,1,12185
13432,6722,804,1,15757
13433,6723,504,2,24920
13434,6723,555,1,8530
13435,6724,314,2,2752
13436,6724,102,1,13930
13437,6724,465,1,3473
13438,6725,315,2,6770
13439,6725,864,1,4845
13440,6726,981,1,5416
13441,6726,744,1,16317
13442,6726,173,2,19620
13443,6727,149,1,21624
13444,6728,456,2,14782
13445,6729,609,2,4664
13446,6730,556,1,8607
13447,6731,551,2,3806
13448,6731,487,1,4845
13449,6732,103,2,23420
13450,6733,523,1,18742
13451,6733,222,1,7858
13452,6733,177,1,15636
13453,6734,402,1,14032
13454,6734,326,2,1783
13455,6734,332,1,18109
13456,6735,336,1,6803
13457,6736,555,1,21668
13458,6736,640,2,1784
13459,6737,922,1,24765
13460,6738,673,2,23476
13461,6738,111,2,11598
13462,6738,269,1,20980
13463,6739,264,2,14721
13464,6739,722,1,1771
13465,6739,816,1,23261
13466,6740,191,1,24233
13467,6740,686,2,16857
13468,6740,202,1,21589
13469,6741,878,1,12140
13470,6742,800,2,8025
13471,6742,73,1,5733
13472,6743,96,2,18950
13473,6744,458,2,24239
13474,6744,306,1,22168
13475,6744,219,2,12160
13476,6745,723,2,6319
13477,6746,950,2,6511
13478,6746,101,2,13601
13479,6747,862,2,24184
13480,6747,375,1,13359
13481,6748,262,2,3293
13482,6749,402,1,23857
13483,6750,36,2,22812
13484,6751,750,2,22184
13485,6751,62,2,23879
13486,6752,448,2,7988
13487,6752,881,2,2123
13488,6752,221,1,11588
13489,6753,675,2,20605
13490,6753,618,2,15581
13491,6753,738,2,8078
13492,6754,96,1,5784
13493,6754,651,1,2672
13494,6754,441,2,17261
13495,6755,301,1,22287
13496,6755,807,1,2819
13497,6755,97,1,23821
13498,6756,4,1,16943
13499,6756,754,2,16738
13500,6756,1000,1,1831
13501,6757,413,1,5971
13502,6758,199,1,19248
13503,6759,202,1,21445
13504,6759,130,2,17759
13505,6759,148,2,16883
13506,6760,488,1,22609
13507,6761,792,1,21412
13508,6761,112,2,10279
13509,6761,886,2,17086
13510,6762,293,2,21449
13511,6762,310,1,16225
13512,6763,973,1,22688
13513,6764,210,2,10762
13514,6764,68,1,16480
13515,6765,321,1,2109
13516,6766,193,2,14596
13517,6766,236,1,14847
13518,6767,430,2,13086
13519,6767,621,2,2540
13520,6768,435,2,23271
13521,6769,552,1,9798
13522,6769,566,1,6418
13523,6770,169,1,3077
13524,6770,765,2,18102
13525,6771,594,2,11935
13526,6772,647,1,4717
13527,6772,588,2,22310
13528,6772,367,1,17449
13529,6773,338,1,11342
13530,6773,459,2,23534
13531,6773,548,1,1852
13532,6774,501,2,4345
13533,6775,533,2,9172
13534,6775,185,1,22020
13535,6776,478,1,5572
13536,6777,714,1,13869
13537,6778,79,2,22813
13538,6778,175,2,12721
13539,6779,600,1,9638
13540,6780,339,2,12762
13541,6780,702,1,11727
13542,6780,743,2,16483
13543,6781,561,2,21794
13544,6781,326,1,20140
13545,6782,198,1,5643
13546,6782,718,2,17879
13547,6783,181,1,3808
13548,6783,253,1,12400
13549,6784,234,2,19402
13550,6784,305,2,13626
13551,6784,543,2,11450
13552,6785,186,2,16286
13553,6786,466,2,18627
13554,6786,484,1,9530
13555,6787,997,1,19990
13556,6787,916,2,23394
13557,6787,997,2,21279
13558,6788,581,2,16479
13559,6788,116,2,16619
13560,6788,456,2,6617
13561,6789,464,2,4219
13562,6789,867,2,7948
13563,6789,605,2,20652
13564,6790,275,1,4766
13565,6790,1,1,17085
13566,6791,34,2,2746
13567,6792,277,2,6589
13568,6792,322,2,8637
13569,6793,186,2,2117
13570,6793,912,2,5194
13571,6794,496,1,3361
13572,6794,923,2,20501
13573,6795,221,2,5576
13574,6796,502,1,21720
13575,6797,155,2,2950
13576,6797,470,2,12347
13577,6797,567,2,6174
13578,6798,232,2,24160
13579,6798,492,1,16335
13580,6799,404,1,3517
13581,6800,424,2,10221
13582,6800,50,1,12767
13583,6801,670,1,11392
13584,6801,775,2,12908
13585,6801,20,1,15012
13586,6802,789,2,1126
13587,6803,297,2,23630
13588,6804,427,1,20701
13589,6804,167,2,5299
13590,6804,135,1,16567
13591,6805,814,2,23261
13592,6805,959,2,18363
13593,6806,957,1,5688
13594,6807,518,2,11091
13595,6808,870,2,8102
13596,6808,603,1,20895
13597,6809,810,1,7913
13598,6810,826,2,8297
13599,6810,658,1,13660
13600,6811,237,2,22821
13601,6811,145,1,20003
13602,6812,325,1,8169
13603,6812,886,1,5970
13604,6813,968,2,5756
13605,6813,480,1,2243
13606,6813,809,1,11587
13607,6814,491,1,14895
13608,6814,627,1,7290
13609,6815,238,1,5211
13610,6816,14,1,21670
13611,6817,167,2,21425
13612,6818,855,1,6862
13613,6818,43,1,12638
13614,6818,82,1,16701
13615,6819,388,2,8719
13616,6819,14,1,14193
13617,6820,436,1,5017
13618,6821,49,2,19723
13619,6821,408,1,2482
13620,6821,188,2,16196
13621,6822,222,2,14791
13622,6823,99,1,19148
13623,6823,885,1,9547
13624,6823,367,1,21328
13625,6824,472,2,15205
13626,6824,743,2,7923
13627,6825,580,2,3297
13628,6825,432,2,14551
13629,6825,614,1,15551
13630,6826,888,2,12751
13631,6827,490,1,14258
13632,6828,340,2,12880
13633,6828,505,2,3459
13634,6828,856,1,20644
13635,6829,84,1,16334
13636,6829,310,2,20308
13637,6830,295,1,21501
13638,6831,18,2,11584
13639,6832,335,2,7759
13640,6832,808,1,19856
13641,6833,399,2,3778
13642,6834,556,1,2347
13643,6835,592,2,3904
13644,6835,990,1,10008
13645,6835,720,2,9516
13646,6836,279,2,22723
13647,6837,146,2,5003
13648,6838,103,2,19696
13649,6839,543,2,10938
13650,6839,952,1,19553
13651,6840,137,2,14201
13652,6841,98,2,1353
13653,6841,354,1,17686
13654,6841,353,2,9882
13655,6842,604,2,6926
13656,6842,4,1,16325
13657,6843,473,1,17728
13658,6843,754,2,6376
13659,6844,839,1,3109
13660,6844,84,2,10477
13661,6845,513,2,4466
13662,6846,660,2,7183
13663,6847,729,2,7158
13664,6847,567,1,2621
13665,6847,33,2,14693
13666,6848,647,2,21940
13667,6848,886,1,8385
13668,6849,325,2,14345
13669,6850,505,2,1440
13670,6851,554,1,18384
13671,6851,916,2,13019
13672,6851,607,2,6975
13673,6852,233,2,13764
13674,6852,497,1,9127
13675,6853,746,2,2168
13676,6854,478,1,5838
13677,6854,960,1,5347
13678,6854,455,2,12578
13679,6855,441,2,10327
13680,6856,581,2,22195
13681,6856,684,2,18900
13682,6857,508,2,17073
13683,6858,99,1,9040
13684,6859,507,1,15503
13685,6859,663,2,22271
13686,6859,601,2,4876
13687,6860,42,1,19590
13688,6861,406,1,4177
13689,6861,234,1,20899
13690,6861,908,2,11695
13691,6862,865,1,16179
13692,6863,308,2,9631
13693,6863,630,2,22519
13694,6864,129,2,16009
13695,6864,126,2,15310
13696,6865,426,2,1089
13697,6865,981,1,17620
13698,6865,436,1,17789
13699,6866,122,1,23023
13700,6866,30,1,4130
13701,6866,829,1,11896
13702,6867,337,1,14410
13703,6867,801,2,9170
13704,6868,928,2,13335
13705,6868,812,2,22784
13706,6869,708,2,18010
13707,6869,951,1,6770
13708,6869,764,1,10871
13709,6870,91,1,18809
13710,6871,291,2,11300
13711,6872,605,2,3654
13712,6873,680,1,15115
13713,6873,341,1,17861
13714,6874,218,1,17449
13715,6874,906,1,23750
13716,6875,363,1,22333
13717,6875,590,2,1526
13718,6876,112,1,21348
13719,6876,437,2,24545
13720,6876,808,1,17988
13721,6877,139,1,15695
13722,6877,2,1,14143
13723,6878,839,2,20695
13724,6879,100,1,8336
13725,6879,896,2,20882
13726,6880,470,2,12622
13727,6880,329,2,4597
13728,6881,447,2,10094
13729,6882,127,2,4057
13730,6882,540,2,24811
13731,6882,450,2,10328
13732,6883,411,1,16188
13733,6883,631,1,19320
13734,6884,243,1,14235
13735,6884,415,2,20736
13736,6884,822,2,12291
13737,6885,403,2,17506
13738,6885,442,2,17203
13739,6886,163,2,21218
13740,6887,922,1,21134
13741,6887,282,2,20335
13742,6888,146,2,15525
13743,6888,948,2,23836
13744,6888,51,1,17286
13745,6889,671,2,2569
13746,6890,263,1,17949
13747,6890,338,1,18236
13748,6891,882,1,17180
13749,6891,208,1,20303
13750,6891,780,1,18476
13751,6892,186,2,3867
13752,6892,678,1,10885
13753,6893,24,1,22666
13754,6893,512,2,10002
13755,6894,16,1,11868
13756,6894,652,2,18389
13757,6895,982,2,13731
13758,6895,695,1,16826
13759,6895,721,1,21509
13760,6896,54,1,5270
13761,6896,796,2,4472
13762,6896,162,1,12418
13763,6897,371,2,1195
13764,6897,901,2,12332
13765,6897,589,2,7379
13766,6898,171,1,1225
13767,6898,130,2,4311
13768,6898,53,2,9776
13769,6899,880,2,8659
13770,6899,138,2,1375
13771,6900,614,1,1881
13772,6900,566,1,20418
13773,6901,437,2,14702
13774,6901,264,1,8490
13775,6902,362,1,23152
13776,6902,838,1,18717
13777,6902,338,1,14271
13778,6903,163,1,16393
13779,6903,660,1,11970
13780,6903,218,2,4797
13781,6904,28,1,5036
13782,6905,647,1,21629
13783,6906,544,1,7830
13784,6906,336,2,22038
13785,6907,62,2,18595
13786,6907,873,1,3111
13787,6907,523,2,15307
13788,6908,933,1,18669
13789,6908,533,2,19070
13790,6908,492,1,16850
13791,6909,148,1,24296
13792,6909,692,2,3124
13793,6909,520,1,6593
13794,6910,805,1,12020
13795,6910,361,2,5263
13796,6911,627,2,8928
13797,6912,868,1,1718
13798,6912,373,1,15819
13799,6912,286,1,19908
13800,6913,857,1,5947
13801,6913,461,1,3744
13802,6914,546,2,14485
13803,6914,369,1,16968
13804,6914,695,2,19029
13805,6915,265,2,21121
13806,6916,840,1,23435
13807,6916,132,1,11980
13808,6917,861,1,1061
13809,6918,923,1,7705
13810,6918,599,2,16052
13811,6919,936,2,7918
13812,6919,122,2,7286
13813,6920,765,2,21658
13814,6920,697,1,15592
13815,6921,635,1,15668
13816,6921,519,1,5887
13817,6921,333,2,20082
13818,6922,184,1,9625
13819,6922,125,2,23505
13820,6922,186,1,4080
13821,6923,611,2,4150
13822,6923,365,1,15049
13823,6923,640,2,6783
13824,6924,326,2,21328
13825,6924,287,2,15858
13826,6925,425,1,22370
13827,6925,290,1,11972
13828,6925,20,2,18285
13829,6926,488,1,23780
13830,6926,171,1,14791
13831,6927,252,2,14794
13832,6927,119,2,24699
13833,6928,235,2,11414
13834,6928,514,1,13369
13835,6928,662,1,15183
13836,6929,694,2,14086
13837,6929,169,1,16137
13838,6930,605,2,23468
13839,6930,944,1,8907
13840,6931,468,1,15945
13841,6931,783,2,2664
13842,6932,389,2,20440
13843,6932,542,2,15414
13844,6933,791,2,4279
13845,6933,34,1,4400
13846,6934,317,1,2043
13847,6934,600,1,13329
13848,6934,872,2,3703
13849,6935,396,1,24129
13850,6935,183,2,7740
13851,6935,163,1,7715
13852,6936,396,1,15316
13853,6937,187,1,2590
13854,6937,389,2,13918
13855,6938,448,1,17088
13856,6939,545,1,8508
13857,6939,132,2,10189
13858,6939,939,1,18309
13859,6940,274,1,4214
13860,6940,827,2,18171
13861,6941,815,2,23597
13862,6941,229,1,1780
13863,6941,450,1,11001
13864,6942,96,1,5923
13865,6942,942,1,12103
13866,6943,80,2,9445
13867,6943,71,1,12785
13868,6944,637,1,23496
13869,6944,602,2,17549
13870,6945,792,2,10008
13871,6945,681,2,17798
13872,6946,594,2,11709
13873,6946,533,2,11547
13874,6947,766,1,21331
13875,6947,702,2,18198
13876,6948,244,2,11287
13877,6949,766,1,6645
13878,6949,754,1,4078
13879,6949,124,1,12684
13880,6950,576,2,13988
13881,6951,820,1,5637
13882,6951,655,1,11914
13883,6951,794,2,1669
13884,6952,451,1,24302
13885,6953,443,2,2232
13886,6953,322,2,6749
13887,6953,902,2,5530
13888,6954,947,1,14509
13889,6955,728,1,24609
13890,6955,362,2,14859
13891,6955,231,2,8090
13892,6956,189,1,1245
13893,6956,75,1,11020
13894,6956,421,2,8339
13895,6957,900,2,15681
13896,6957,798,1,6905
13897,6957,676,2,5912
13898,6958,4,1,2053
13899,6958,248,2,9887
13900,6958,140,2,8786
13901,6959,195,2,23457
13902,6960,272,1,24121
13903,6960,521,1,12284
13904,6961,462,2,2621
13905,6961,525,2,19864
13906,6962,702,1,16648
13907,6962,388,2,6110
13908,6962,522,1,10426
13909,6963,757,2,9223
13910,6964,763,1,14267
13911,6964,985,1,3115
13912,6964,712,2,11562
13913,6965,809,2,3537
13914,6965,928,2,16407
13915,6965,797,2,18209
13916,6966,580,2,23990
13917,6967,22,2,2925
13918,6968,805,2,12784
13919,6968,581,2,3296
13920,6968,617,2,5647
13921,6969,483,2,12047
13922,6970,579,1,7769
13923,6970,524,2,15065
13924,6971,531,1,18202
13925,6971,350,2,8711
13926,6971,293,2,12850
13927,6972,172,1,6871
13928,6972,417,1,19841
13929,6973,681,2,9279
13930,6973,230,2,8917
13931,6974,370,1,8543
13932,6975,829,2,16551
13933,6976,828,1,16571
13934,6976,1,2,19748
13935,6977,650,2,16753
13936,6977,586,1,11077
13937,6977,579,2,5561
13938,6978,99,2,19132
13939,6979,344,2,1097
13940,6980,440,1,22712
13941,6980,962,2,5992
13942,6981,334,2,6970
13943,6981,285,1,15925
13944,6982,169,1,18524
13945,6983,833,1,3807
13946,6983,853,2,3488
13947,6983,907,1,21879
13948,6984,996,2,16207
13949,6985,786,2,17013
13950,6986,334,1,1565
13951,6986,718,2,2856
13952,6986,168,2,10661
13953,6987,702,2,16175
13954,6988,961,1,20446
13955,6989,327,1,13714
13956,6989,276,2,8111
13957,6989,475,2,24912
13958,6990,743,2,800
13959,6991,61,1,13006
13960,6992,752,2,20976
13961,6992,186,1,18313
13962,6992,190,1,14637
13963,6993,466,1,18822
13964,6994,78,2,15242
13965,6994,556,1,17488
13966,6995,909,1,24497
13967,6995,713,2,10581
13968,6995,22,2,5658
13969,6996,48,1,985
13970,6996,650,2,22425
13971,6996,67,1,24738
13972,6997,997,1,19170
13973,6997,553,2,9167
13974,6998,640,2,24411
13975,6998,873,2,14685
13976,6999,79,2,19614
13977,7000,708,2,10284
13978,7000,333,1,13362
13979,7000,659,1,15799
13980,7001,501,2,7171
13981,7001,5,2,17242
13982,7001,405,1,24863
13983,7002,370,2,19745
13984,7003,304,2,11532
13985,7003,648,1,18690
13986,7004,540,1,4217
13987,7004,29,2,10012
13988,7005,650,2,10566
13989,7005,989,1,5755
13990,7006,503,2,21901
13991,7006,428,2,15046
13992,7006,547,2,10091
13993,7007,60,1,22956
13994,7008,613,1,7936
13995,7009,683,1,23045
13996,7010,515,1,2060
13997,7010,914,1,13695
13998,7010,859,1,10497
13999,7011,791,2,18322
14000,7012,817,2,14446
14001,7012,216,1,18935
14002,7013,187,1,21922
14003,7013,400,1,9669
14004,7013,22,1,13768
14005,7014,858,1,2197
14006,7014,130,2,5940
14007,7015,489,1,9672
14008,7015,206,1,22707
14009,7016,556,2,11679
14010,7017,420,2,2070
14011,7017,984,1,5066
14012,7017,779,1,17994
14013,7018,649,1,17454
14014,7018,716,2,1905
14015,7019,781,2,21791
14016,7020,885,1,13858
14017,7021,881,2,21669
14018,7022,202,1,23901
14019,7022,965,2,6105
14020,7022,997,1,21317
14021,7023,449,1,11230
14022,7023,594,1,24174
14023,7024,281,1,6457
14024,7024,792,1,6824
14025,7025,215,1,6897
14026,7026,630,2,21787
14027,7026,657,1,14262
14028,7026,105,1,6966
14029,7027,114,1,24543
14030,7027,669,1,9532
14031,7028,983,1,23439
14032,7028,469,1,12195
14033,7028,790,1,14149
14034,7029,458,1,21560
14035,7030,898,2,1439
14036,7031,301,1,15801
14037,7031,972,1,21560
14038,7031,996,2,21327
14039,7032,119,2,14446
14040,7033,109,2,13161
14041,7033,12,2,7652
14042,7033,485,1,21153
14043,7034,385,1,23410
14044,7034,601,2,11148
14045,7034,47,2,10707
14046,7035,230,1,14871
14047,7035,720,2,3880
14048,7036,756,2,23610
14049,7036,660,2,8998
14050,7036,895,1,7702
14051,7037,429,1,19381
14052,7038,334,1,16480
14053,7039,943,2,6071
14054,7040,964,1,8629
14055,7041,120,2,20178
14056,7041,295,2,7091
14057,7041,169,2,6095
14058,7042,944,2,12471
14059,7042,44,1,8920
14060,7043,824,2,20521
14061,7044,283,1,18659
14062,7044,910,1,12815
14063,7045,98,1,16192
14064,7046,440,1,21002
14065,7046,741,1,9146
14066,7046,15,2,11317
14067,7047,294,1,20402
14068,7047,397,2,20439
14069,7047,370,1,16931
14070,7048,138,2,8211
14071,7048,612,2,19535
14072,7048,86,1,23718
14073,7049,281,1,18889
14074,7049,101,1,3229
14075,7050,912,2,11861
14076,7051,248,2,22235
14077,7051,393,2,24389
14078,7052,7,1,7777
14079,7053,70,1,19523
14080,7053,768,2,3603
14081,7054,935,1,17857
14082,7055,803,2,10790
14083,7055,122,1,15904
14084,7055,57,1,12779
14085,7056,54,1,14732
14086,7057,805,1,7799
14087,7057,56,1,20485
14088,7057,10,2,16786
14089,7058,895,2,18218
14090,7058,857,2,22907
14091,7059,371,1,8926
14092,7059,742,2,20419
14093,7059,101,1,7049
14094,7060,582,2,4254
14095,7060,923,1,22565
14096,7060,836,1,14256
14097,7061,129,1,24612
14098,7061,337,2,12152
14099,7062,408,2,18532
14100,7063,656,2,6053
14101,7063,307,2,17109
14102,7064,151,2,1750
14103,7065,234,1,19303
14104,7065,237,1,21610
14105,7066,337,1,10067
14106,7066,847,2,9592
14107,7067,59,1,11649
14108,7068,62,2,9365
14109,7068,649,2,9604
14110,7068,556,2,12376
14111,7069,401,2,6623
14112,7070,511,1,14863
14113,7071,966,1,18314
14114,7072,452,1,12393
14115,7072,263,2,6455
14116,7072,907,1,13621
14117,7073,642,1,878
14118,7073,999,2,19501
14119,7073,360,1,9249
14120,7074,384,1,2445
14121,7075,739,2,4514
14122,7076,549,2,24232
14123,7077,661,1,11681
14124,7077,141,2,11529
14125,7078,312,1,6289
14126,7078,989,1,6059
14127,7079,680,2,23435
14128,7080,520,2,15539
14129,7080,193,2,15126
14130,7081,471,1,21485
14131,7081,715,1,8796
14132,7082,819,2,5242
14133,7082,751,1,1596
14134,7083,545,2,11367
14135,7084,312,2,2252
14136,7084,434,2,5304
14137,7085,500,1,23082
14138,7085,811,2,6517
14139,7085,383,2,8632
14140,7086,981,2,6827
14141,7087,817,1,22494
14142,7087,664,2,23728
14143,7088,332,2,9713
14144,7089,531,1,18792
14145,7090,869,1,19633
14146,7091,647,1,21528
14147,7091,775,1,19413
14148,7091,409,2,13932
14149,7092,854,1,23635
14150,7092,377,1,4563
14151,7092,882,1,11879
14152,7093,343,2,1836
14153,7093,325,2,11990
14154,7093,401,1,23797
14155,7094,972,1,15994
14156,7094,260,1,11136
14157,7095,569,2,13490
14158,7096,834,1,3334
14159,7096,199,1,23152
14160,7096,735,1,3167
14161,7097,834,2,10918
14162,7098,481,1,7215
14163,7098,75,2,15009
14164,7099,476,2,8962
14165,7099,967,2,22380
14166,7099,53,2,20538
14167,7100,920,1,8199
14168,7100,507,1,20133
14169,7101,95,1,14145
14170,7101,592,2,13755
14171,7102,360,1,19612
14172,7103,157,1,13990
14173,7103,274,1,21053
14174,7104,934,2,6334
14175,7104,544,1,6335
14176,7104,637,1,18036
14177,7105,688,2,3084
14178,7105,821,2,10113
14179,7105,568,1,7704
14180,7106,918,2,18619
14181,7106,844,1,1931
14182,7107,665,1,21643
14183,7108,119,1,21094
14184,7108,116,2,17314
14185,7108,788,2,18555
14186,7109,712,2,5564
14187,7109,577,1,1106
14188,7110,317,2,21181
14189,7110,260,2,16790
14190,7111,516,1,22726
14191,7111,932,1,23956
14192,7111,556,2,20194
14193,7112,107,1,3709
14194,7113,893,1,19593
14195,7114,341,2,14051
14196,7114,822,1,20475
14197,7114,995,2,5312
14198,7115,827,1,21770
14199,7116,413,2,2161
14200,7117,253,2,10185
14201,7118,39,2,18874
14202,7118,139,1,1271
14203,7118,384,1,13766
14204,7119,1,1,1135
14205,7120,43,2,2151
14206,7120,476,1,7847
14207,7120,263,2,24722
14208,7121,998,1,19086
14209,7121,335,1,17529
14210,7122,515,2,2927
14211,7122,744,2,11692
14212,7122,151,2,17764
14213,7123,740,2,2292
14214,7124,752,1,18941
14215,7125,638,2,10642
14216,7125,643,1,10488
14217,7125,308,1,15336
14218,7126,135,1,4052
14219,7127,154,2,12763
14220,7127,401,2,1060
14221,7127,624,2,24245
14222,7128,789,2,21533
14223,7128,48,1,6463
14224,7129,883,1,1499
14225,7129,177,1,3459
14226,7129,237,1,19408
14227,7130,570,2,22262
14228,7131,805,1,9403
14229,7131,876,1,7710
14230,7131,141,2,6046
14231,7132,857,1,9128
14232,7133,859,1,1354
14233,7133,711,2,11553
14234,7133,716,2,8357
14235,7134,271,1,12597
14236,7134,566,2,3887
14237,7134,402,1,19224
14238,7135,586,1,2988
14239,7136,286,1,1850
14240,7137,470,1,5939
14241,7138,789,2,8999
14242,7139,942,1,2376
14243,7140,637,2,4607
14244,7140,772,2,12235
14245,7141,296,2,4639
14246,7141,952,1,16647
14247,7142,810,1,4071
14248,7142,676,2,15149
14249,7142,305,2,10277
14250,7143,59,2,3780
14251,7143,183,2,10612
14252,7143,686,2,4879
14253,7144,544,2,9784
14254,7145,799,1,7637
14255,7146,411,2,24767
14256,7147,382,1,22002
14257,7148,124,1,24592
14258,7148,517,2,3163
14259,7148,911,2,19882
14260,7149,573,2,17683
14261,7149,579,2,15755
14262,7149,712,2,11078
14263,7150,856,1,16409
14264,7150,69,2,3413
14265,7151,921,2,9555
14266,7151,485,1,19609
14267,7151,289,2,14197
14268,7152,976,2,9323
14269,7152,40,2,5426
14270,7152,931,2,2825
14271,7153,509,2,9988
14272,7153,95,1,9611
14273,7153,149,2,6675
14274,7154,686,2,1609
14275,7154,979,2,23753
14276,7154,877,2,1655
14277,7155,191,2,7716
14278,7156,73,2,17142
14279,7156,504,2,5789
14280,7156,40,2,12498
14281,7157,249,1,24121
14282,7157,189,2,6751
14283,7157,440,1,16004
14284,7158,541,1,21969
14285,7158,838,2,22613
14286,7158,758,1,23712
14287,7159,990,1,20224
14288,7159,886,1,11520
14289,7159,39,1,21266
14290,7160,973,1,15839
14291,7160,786,1,21182
14292,7160,870,1,18860
14293,7161,180,1,18502
14294,7162,864,2,23690
14295,7162,603,1,13735
14296,7162,388,1,22072
14297,7163,397,1,9986
14298,7163,859,2,12023
14299,7163,278,1,9957
14300,7164,599,2,2100
14301,7165,301,2,24836
14302,7165,319,1,14178
14303,7165,723,1,16873
14304,7166,93,2,24610
14305,7167,869,1,17347
14306,7168,727,1,22418
14307,7168,682,1,21660
14308,7169,760,2,24125
14309,7170,580,2,4624
14310,7170,344,1,19260
14311,7171,888,1,3264
14312,7171,560,2,16477
14313,7172,688,1,2486
14314,7172,902,1,5002
14315,7173,271,1,8448
14316,7173,37,1,11438
14317,7173,621,1,24776
14318,7174,608,2,14284
14319,7174,868,1,3010
14320,7174,249,2,13701
14321,7175,261,1,17903
14322,7175,55,1,11670
14323,7175,935,2,12037
14324,7176,270,2,21627
14325,7177,23,1,18854
14326,7178,829,1,12245
14327,7178,847,1,21842
14328,7179,481,2,22147
14329,7180,619,2,3956
14330,7180,1000,1,6776
14331,7180,251,1,20072
14332,7181,205,2,20509
14333,7181,859,1,8836
14334,7182,716,1,16031
14335,7182,783,1,20303
14336,7182,576,1,7264
14337,7183,931,1,24905
14338,7183,22,1,14518
14339,7183,191,2,13700
14340,7184,353,2,24931
14341,7184,690,1,20620
14342,7184,189,1,19880
14343,7185,93,2,18272
14344,7186,150,2,24533
14345,7186,447,2,816
14346,7186,281,1,7795
14347,7187,952,2,7416
14348,7187,205,1,21701
14349,7188,293,2,14864
14350,7188,667,2,7665
14351,7189,91,2,23618
14352,7189,816,2,1319
14353,7190,77,1,5176
14354,7190,207,2,17767
14355,7191,154,2,1669
14356,7191,167,2,17682
14357,7191,688,2,12080
14358,7192,36,2,12050
14359,7192,628,1,14037
14360,7192,785,2,13722
14361,7193,560,1,16419
14362,7193,398,1,13115
14363,7194,121,1,23609
14364,7194,659,1,19820
14365,7195,36,1,4307
14366,7196,942,1,14509
14367,7196,836,2,3660
14368,7197,652,1,18948
14369,7197,619,2,17971
14370,7198,239,1,8927
14371,7198,813,2,22875
14372,7198,414,1,16085
14373,7199,354,2,3712
14374,7199,43,1,13663
14375,7200,988,1,19274
14376,7201,911,2,9398
14377,7201,799,2,16059
14378,7201,927,1,13140
14379,7202,62,2,6638
14380,7202,458,1,5318
14381,7203,228,2,20167
14382,7203,450,2,15499
14383,7203,953,1,1320
14384,7204,685,1,18129
14385,7205,839,1,5343
14386,7205,831,2,8528
14387,7206,287,2,4874
14388,7206,490,1,11823
14389,7206,520,1,11057
14390,7207,731,1,1430
14391,7208,320,2,19964
14392,7208,471,1,20323
14393,7208,799,1,16205
14394,7209,74,1,10986
14395,7209,62,2,1900
14396,7210,298,2,16028
14397,7211,873,1,10580
14398,7211,271,1,16032
14399,7211,629,2,17485
14400,7212,197,2,11893
14401,7212,941,1,17987
14402,7212,362,1,16530
14403,7213,346,2,7922
14404,7213,208,2,2547
14405,7214,933,2,21644
14406,7214,428,1,18324
14407,7214,982,2,6648
14408,7215,454,1,6580
14409,7216,883,1,19547
14410,7217,720,2,9014
14411,7218,429,1,4448
14412,7219,602,2,8648
14413,7220,10,1,5656
14414,7220,14,1,20048
14415,7221,189,1,7663
14416,7222,887,2,12448
14417,7222,423,2,16198
14418,7223,500,1,5492
14419,7224,359,1,1878
14420,7224,985,2,800
14421,7225,646,1,24534
14422,7225,505,2,2131
14423,7225,454,2,19029
14424,7226,673,2,14958
14425,7226,337,1,4615
14426,7226,919,1,4782
14427,7227,484,2,6405
14428,7227,183,2,22623
14429,7228,536,1,13920
14430,7229,941,2,24625
14431,7229,695,1,4596
14432,7229,774,1,3838
14433,7230,35,2,9323
14434,7231,787,1,8248
14435,7231,351,1,19111
14436,7232,6,1,21854
14437,7232,855,1,20792
14438,7233,37,1,17738
14439,7233,945,2,5707
14440,7233,136,2,2454
14441,7234,644,2,22051
14442,7235,26,2,17014
14443,7236,774,2,15587
14444,7236,698,1,2830
14445,7237,133,1,5274
14446,7237,722,2,9566
14447,7238,703,2,19651
14448,7238,741,1,23669
14449,7239,215,2,1187
14450,7239,194,1,17845
14451,7240,765,1,20632
14452,7241,20,1,14911
14453,7241,23,1,4751
14454,7242,324,1,9071
14455,7243,533,1,12026
14456,7243,855,2,2445
14457,7244,633,1,14220
14458,7244,38,2,18864
14459,7244,557,2,3613
14460,7245,252,2,17345
14461,7246,932,2,7447
14462,7246,68,1,10693
14463,7246,750,1,20052
14464,7247,916,1,23802
14465,7248,652,1,17799
14466,7248,989,2,2559
14467,7248,192,2,13599
14468,7249,113,1,19718
14469,7249,534,2,4026
14470,7249,95,1,20472
14471,7250,979,2,16158
14472,7250,750,2,2755
14473,7250,358,2,3556
14474,7251,709,1,21293
14475,7252,639,2,6101
14476,7253,627,2,12738
14477,7254,852,1,9882
14478,7255,863,2,24647
14479,7256,546,1,19257
14480,7256,264,2,23204
14481,7257,568,1,8905
14482,7258,973,2,3596
14483,7259,801,2,24589
14484,7260,642,2,10019
14485,7260,666,2,6595
14486,7260,746,1,4749
14487,7261,520,1,7229
14488,7262,981,2,11410
14489,7262,773,1,16371
14490,7263,122,2,3911
14491,7263,451,2,12308
14492,7263,974,2,22049
14493,7264,363,2,5839
14494,7264,425,2,17572
14495,7265,647,1,19780
14496,7265,305,2,3268
14497,7266,994,2,3824
14498,7266,883,1,15603
14499,7267,334,1,18577
14500,7268,903,1,19535
14501,7268,863,2,8952
14502,7268,728,2,12642
14503,7269,967,1,19541
14504,7269,961,1,15428
14505,7269,752,1,15862
14506,7270,258,2,18218
14507,7270,162,1,4393
14508,7270,337,1,12195
14509,7271,46,1,4304
14510,7271,723,2,11762
14511,7271,913,1,20552
14512,7272,859,2,24002
14513,7272,633,1,11699
14514,7273,981,2,9914
14515,7274,784,1,13078
14516,7274,265,1,10411
14517,7275,161,1,4347
14518,7275,596,1,5664
14519,7275,700,1,18068
14520,7276,119,2,6877
14521,7276,632,1,11813
14522,7277,304,1,6371
14523,7278,196,2,23468
14524,7278,275,1,3976
14525,7279,39,1,19180
14526,7279,192,2,2904
14527,7280,15,2,21107
14528,7280,390,1,19794
14529,7280,189,2,18896
14530,7281,632,1,3669
14531,7282,42,2,5159
14532,7282,176,1,5894
14533,7282,339,2,11533
14534,7283,253,2,11798
14535,7283,43,2,12782
14536,7283,290,2,17171
14537,7284,754,2,17300
14538,7285,217,2,2978
14539,7285,990,1,19246
14540,7285,754,1,9444
14541,7286,248,1,4882
14542,7286,385,2,14062
14543,7287,612,2,16638
14544,7287,593,2,14868
14545,7287,652,2,12979
14546,7288,95,2,2197
14547,7289,783,1,8777
14548,7289,868,2,15651
14549,7290,381,2,6803
14550,7291,487,2,1270
14551,7291,469,1,19034
14552,7291,521,1,23350
14553,7292,449,2,21373
14554,7292,776,2,7109
14555,7293,809,1,10268
14556,7293,630,1,24891
14557,7294,359,1,2027
14558,7295,102,2,17202
14559,7296,93,2,13610
14560,7296,572,2,11348
14561,7297,792,2,10824
14562,7298,94,1,21433
14563,7299,617,1,14480
14564,7299,835,2,1561
14565,7300,945,1,18880
14566,7300,156,1,7454
14567,7301,501,2,23513
14568,7301,797,1,20655
14569,7302,664,2,19796
14570,7303,230,1,18299
14571,7303,175,1,21907
14572,7304,31,1,12452
14573,7304,500,2,21724
14574,7304,285,1,22897
14575,7305,758,1,9278
14576,7306,676,1,7426
14577,7306,769,2,4519
14578,7306,97,2,13829
14579,7307,539,1,23214
14580,7308,443,1,22297
14581,7308,546,1,12405
14582,7308,369,2,12917
14583,7309,516,2,9810
14584,7309,493,1,12374
14585,7309,873,2,13593
14586,7310,475,1,14214
14587,7311,45,1,3370
14588,7311,55,2,22523
14589,7312,62,2,3408
14590,7313,952,2,1965
14591,7313,940,1,15429
14592,7313,19,2,18510
14593,7314,529,1,5441
14594,7315,864,1,20186
14595,7315,826,2,13938
14596,7315,845,1,13875
14597,7316,856,2,21202
14598,7316,881,1,1787
14599,7316,711,1,23025
14600,7317,118,1,5195
14601,7317,739,1,24134
14602,7318,7,2,14355
14603,7319,829,2,17333
14604,7319,426,2,21642
14605,7320,453,1,13353
14606,7321,853,1,9415
14607,7321,12,1,11770
14608,7322,653,2,1208
14609,7322,258,1,11393
14610,7323,535,1,19893
14611,7324,226,2,24891
14612,7325,118,1,17094
14613,7325,872,1,12495
14614,7325,887,2,19058
14615,7326,631,2,19914
14616,7326,691,2,7203
14617,7326,939,2,13023
14618,7327,86,2,7267
14619,7327,831,2,10938
14620,7327,618,2,828
14621,7328,63,1,5382
14622,7328,845,2,22520
14623,7329,692,2,18773
14624,7329,131,2,16896
14625,7330,172,1,20657
14626,7330,946,1,18406
14627,7331,72,2,6014
14628,7331,304,2,14829
14629,7332,582,1,19246
14630,7333,856,2,11097
14631,7334,384,1,13881
14632,7335,544,2,17922
14633,7336,613,1,6052
14634,7336,64,1,23559
14635,7336,253,2,22512
14636,7337,364,1,14269
14637,7337,252,1,11296
14638,7337,2,2,16663
14639,7338,228,2,12513
14640,7338,218,2,14948
14641,7338,274,2,12448
14642,7339,964,1,15303
14643,7339,828,1,5831
14644,7340,25,1,2242
14645,7341,819,1,7523
14646,7341,688,2,22605
14647,7342,847,1,2719
14648,7342,940,1,19454
14649,7342,671,2,24558
14650,7343,228,2,9898
14651,7343,842,1,21048
14652,7344,232,2,12797
14653,7344,364,1,16797
14654,7345,100,1,14170
14655,7346,641,2,3485
14656,7347,35,1,2088
14657,7348,396,1,3850
14658,7348,450,2,14929
14659,7349,355,1,14022
14660,7349,385,2,20636
14661,7350,499,2,21295
14662,7350,900,2,20502
14663,7350,396,1,13308
14664,7351,536,1,23839
14665,7352,313,1,10533
14666,7352,701,2,20115
14667,7353,412,2,20959
14668,7354,105,2,2012
14669,7355,97,1,15008
14670,7356,139,2,21068
14671,7357,395,2,11467
14672,7358,67,2,19593
14673,7359,482,1,14167
14674,7359,816,2,5116
14675,7360,40,2,6237
14676,7361,413,2,17054
14677,7362,907,2,9221
14678,7362,549,1,12445
14679,7362,552,1,19042
14680,7363,283,1,8766
14681,7363,198,1,2888
14682,7364,399,2,20527
14683,7364,576,1,2953
14684,7364,120,2,23313
14685,7365,400,2,4179
14686,7366,991,1,21152
14687,7366,901,1,14035
14688,7366,709,2,13043
14689,7367,798,1,3195
14690,7368,481,2,4562
14691,7368,366,1,21960
14692,7369,841,2,1492
14693,7370,915,2,23816
14694,7370,445,2,16962
14695,7371,91,2,3205
14696,7371,924,2,13833
14697,7372,988,2,17227
14698,7373,67,2,24624
14699,7373,766,2,3122
14700,7373,988,2,5370
14701,7374,267,1,7402
14702,7374,658,2,14844
14703,7374,495,2,21966
14704,7375,528,2,1067
14705,7375,129,1,15336
14706,7375,418,2,4440
14707,7376,544,2,20580
14708,7376,635,2,5089
14709,7377,796,2,15227
14710,7377,640,1,8782
14711,7378,219,2,7537
14712,7378,924,2,22937
14713,7379,97,2,15130
14714,7380,89,2,15988
14715,7380,496,1,4441
14716,7380,873,2,24150
14717,7381,723,1,23293
14718,7381,706,1,15559
14719,7381,11,2,6008
14720,7382,59,2,5036
14721,7383,260,2,3412
14722,7383,103,1,18351
14723,7384,1,1,24008
14724,7384,575,2,14335
14725,7384,689,1,1579
14726,7385,445,1,13789
14727,7385,804,2,2767
14728,7386,119,2,12824
14729,7386,669,1,9402
14730,7387,967,1,9163
14731,7387,20,1,13175
14732,7388,213,2,5506
14733,7388,495,2,22817
14734,7389,871,1,21854
14735,7389,715,1,4844
14736,7389,727,2,16737
14737,7390,677,1,7527
14738,7390,771,2,15460
14739,7391,75,2,19604
14740,7391,928,2,24880
14741,7391,34,2,7902
14742,7392,483,2,15475
14743,7392,112,2,23644
14744,7393,843,2,17084
14745,7393,4,2,1053
14746,7393,647,1,5667
14747,7394,743,2,22559
14748,7395,77,2,22914
14749,7396,204,1,16386
14750,7396,173,1,1812
14751,7396,274,2,18304
14752,7397,24,2,20736
14753,7397,56,2,1575
14754,7397,88,2,22906
14755,7398,424,1,11973
14756,7398,490,1,18393
14757,7399,699,1,24982
14758,7399,468,1,20780
14759,7400,872,1,8555
14760,7401,687,1,18899
14761,7401,432,2,14670
14762,7401,777,2,22214
14763,7402,751,2,16492
14764,7403,370,2,8487
14765,7404,453,1,17793
14766,7404,593,1,13878
14767,7404,793,2,14503
14768,7405,243,2,4892
14769,7405,817,2,14242
14770,7406,132,2,6241
14771,7407,106,1,8239
14772,7407,205,2,2501
14773,7408,163,2,9527
14774,7408,930,2,15872
14775,7409,349,2,22559
14776,7410,801,2,20068
14777,7410,935,1,24043
14778,7410,13,1,14015
14779,7411,116,1,6533
14780,7411,138,2,3485
14781,7412,776,2,6663
14782,7412,63,2,18615
14783,7412,642,1,3466
14784,7413,951,1,15283
14785,7413,216,2,13030
14786,7414,889,1,22534
14787,7414,607,1,7240
14788,7414,411,1,14420
14789,7415,460,1,15475
14790,7415,545,1,7736
14791,7415,723,1,16649
14792,7416,684,2,9476
14793,7416,625,1,20462
14794,7417,223,1,22828
14795,7418,721,2,14049
14796,7418,867,2,12763
14797,7418,475,2,20674
14798,7419,919,1,20177
14799,7420,890,1,5068
14800,7421,108,1,17553
14801,7421,519,1,13298
14802,7422,629,2,4566
14803,7423,669,2,21631
14804,7423,74,1,21445
14805,7423,431,2,22447
14806,7424,698,1,22904
14807,7424,599,1,12624
14808,7425,568,2,3890
14809,7426,420,1,23203
14810,7427,277,2,6982
14811,7427,182,2,13623
14812,7427,425,2,9736
14813,7428,894,1,22056
14814,7428,446,1,1595
14815,7428,379,2,1458
14816,7429,50,1,17650
14817,7429,379,2,2952
14818,7429,331,2,2702
14819,7430,657,2,1815
14820,7430,94,1,15089
14821,7431,572,1,11807
14822,7432,892,1,1646
14823,7432,262,1,4578
14824,7432,452,1,1131
14825,7433,623,1,14795
14826,7433,851,1,6641
14827,7433,876,1,4336
14828,7434,334,1,5901
14829,7435,201,2,14790
14830,7435,434,1,19624
14831,7435,752,1,22797
14832,7436,350,2,19039
14833,7436,919,1,7364
14834,7437,444,2,12977
14835,7437,30,2,7231
14836,7437,111,1,15934
14837,7438,47,2,10304
14838,7438,629,1,15803
14839,7438,179,2,7106
14840,7439,200,2,17179
14841,7439,329,1,23356
14842,7439,334,2,7972
14843,7440,785,2,21871
14844,7441,484,2,5103
14845,7441,816,1,3102
14846,7441,939,2,20398
14847,7442,602,1,13000
14848,7442,333,2,15563
14849,7443,511,2,11776
14850,7444,473,1,12843
14851,7444,128,1,23574
14852,7444,735,2,14547
14853,7445,877,1,22579
14854,7446,837,2,23254
14855,7446,395,2,4305
14856,7447,396,1,9032
14857,7448,514,1,11813
14858,7449,162,2,16087
14859,7449,18,2,14421
14860,7449,846,2,17379
14861,7450,358,2,20547
14862,7450,149,1,7132
14863,7450,510,1,18560
14864,7451,917,2,12437
14865,7451,68,1,22247
14866,7452,662,1,11827
14867,7453,46,1,10546
14868,7454,825,2,4154
14869,7455,525,2,17958
14870,7455,564,2,8637
14871,7456,286,2,8604
14872,7456,489,1,12078
14873,7457,876,1,23758
14874,7457,82,1,2191
14875,7457,369,2,8780
14876,7458,94,1,18173
14877,7459,950,1,13240
14878,7460,121,2,20945
14879,7460,407,1,11628
14880,7460,802,2,24691
14881,7461,119,1,14598
14882,7462,693,2,23203
14883,7462,888,1,7398
14884,7463,655,1,19182
14885,7464,845,1,22826
14886,7465,143,1,10188
14887,7465,800,1,10011
14888,7466,323,2,8553
14889,7466,360,2,8328
14890,7467,857,1,11863
14891,7467,879,1,7809
14892,7468,61,1,1175
14893,7469,61,2,23157
14894,7469,140,2,7654
14895,7470,486,1,11212
14896,7471,494,1,4142
14897,7471,195,2,5918
14898,7471,767,2,18496
14899,7472,907,1,12377
14900,7473,73,1,20123
14901,7473,141,2,9933
14902,7473,979,2,5972
14903,7474,684,2,8802
14904,7474,130,2,6114
14905,7474,160,1,15933
14906,7475,504,2,18221
14907,7476,827,1,1524
14908,7477,429,1,19020
14909,7477,618,1,11299
14910,7477,385,1,20194
14911,7478,806,2,11827
14912,7478,240,1,17499
14913,7478,503,2,16802
14914,7479,839,2,5502
14915,7479,333,1,24311
14916,7479,568,1,24833
14917,7480,74,2,21788
14918,7481,72,1,9026
14919,7481,873,1,16454
14920,7482,726,2,10757
14921,7482,987,1,15282
14922,7483,887,2,13874
14923,7484,844,2,11635
14924,7484,506,1,10538
14925,7485,802,2,8786
14926,7486,334,1,10250
14927,7486,959,1,12700
14928,7486,386,2,2984
14929,7487,757,2,10574
14930,7487,3,2,11185
14931,7487,736,1,22816
14932,7488,590,2,10636
14933,7489,501,1,2469
14934,7489,688,2,24396
14935,7490,693,1,12670
14936,7490,687,2,24382
14937,7490,73,2,9387
14938,7491,320,1,1059
14939,7491,727,2,19503
14940,7491,384,2,2709
14941,7492,734,1,6544
14942,7492,704,1,19109
14943,7493,66,1,22672
14944,7493,215,1,4161
14945,7493,729,1,10862
14946,7494,507,2,19970
14947,7494,835,1,5623
14948,7495,418,2,11166
14949,7495,25,1,11679
14950,7495,932,1,4853
14951,7496,609,2,11903
14952,7496,184,2,21841
14953,7497,732,2,10266
14954,7498,727,1,1583
14955,7498,33,2,1623
14956,7499,751,1,6519
14957,7499,622,1,20891
14958,7499,957,2,17543
14959,7500,851,2,13604
14960,7500,235,1,10005
14961,7500,237,1,10642
14962,7501,506,2,3522
14963,7502,801,2,1143
14964,7502,561,2,19281
14965,7502,806,2,1417
14966,7503,197,2,10976
14967,7503,352,1,15278
14968,7504,341,1,12790
14969,7504,354,2,24772
14970,7504,516,1,6609
14971,7505,239,1,2848
14972,7505,95,2,19366
14973,7505,359,1,2369
14974,7506,848,1,7674
14975,7506,530,1,4493
14976,7506,890,2,21534
14977,7507,731,1,22361
14978,7508,133,2,20222
14979,7509,423,1,7871
14980,7509,269,2,18084
14981,7510,215,1,869
14982,7510,660,2,8296
14983,7511,916,1,23840
14984,7512,228,1,21490
14985,7512,96,2,10525
14986,7512,133,2,15875
14987,7513,476,2,4887
14988,7513,251,1,24575
14989,7514,13,2,6529
14990,7514,114,1,13824
14991,7515,208,1,8975
14992,7515,611,1,23668
14993,7516,857,2,13890
14994,7517,874,1,2102
14995,7517,686,1,6175
14996,7517,936,2,7535
14997,7518,257,2,23889
14998,7518,656,2,9646
14999,7518,558,1,5785
15000,7519,144,2,11184
15001,7519,250,1,6728
15002,7520,574,1,10127
15003,7520,481,2,8753
15004,7521,213,2,11244
15005,7522,307,2,7837
15006,7522,346,2,7272
15007,7522,261,1,16021
15008,7523,398,1,9866
15009,7523,390,1,16810
15010,7523,887,1,22968
15011,7524,320,1,12711
15012,7525,753,2,17651
15013,7526,267,2,17944
15014,7526,791,2,21900
15015,7527,526,2,19908
15016,7527,219,2,8355
15017,7527,288,2,2191
15018,7528,942,1,24348
15019,7528,384,2,15458
15020,7529,146,2,21009
15021,7530,190,2,3796
15022,7530,680,1,12160
15023,7531,715,2,2836
15024,7531,944,2,11338
15025,7531,138,1,19548
15026,7532,422,2,9631
15027,7532,340,2,13919
15028,7533,60,2,24785
15029,7533,79,2,16830
15030,7534,67,2,21953
15031,7534,835,2,18122
15032,7534,355,2,23259
15033,7535,80,1,12869
15034,7536,3,2,17263
15035,7536,717,1,3221
15036,7536,711,1,9823
15037,7537,90,2,8558
15038,7537,900,2,11316
15039,7537,804,1,4464
15040,7538,406,1,22157
15041,7538,891,2,15570
15042,7538,146,1,21222
15043,7539,597,2,17434
15044,7539,894,2,8062
15045,7540,459,2,14610
15046,7540,842,1,2304
15047,7541,304,2,11652
15048,7541,346,1,15736
15049,7541,406,1,2920
15050,7542,945,1,15953
15051,7542,349,1,18208
15052,7542,354,2,18552
15053,7543,744,2,18730
15054,7544,474,1,22943
15055,7544,192,2,21647
15056,7545,462,2,8249
15057,7545,236,1,2314
15058,7545,812,1,17291
15059,7546,452,2,21437
15060,7546,829,1,8243
15061,7547,146,1,12552
15062,7547,349,2,2198
15063,7548,704,1,19951
15064,7548,775,2,4563
15065,7549,372,2,8794
15066,7549,834,2,12123
15067,7549,3,1,23600
15068,7550,417,1,21808
15069,7551,469,1,21335
15070,7552,644,1,14256
15071,7553,610,1,2334
15072,7553,466,1,889
15073,7554,98,1,1357
15074,7554,676,2,16120
15075,7554,542,2,4838
15076,7555,823,2,23274
15077,7555,309,1,19256
15078,7556,718,1,13395
15079,7556,90,2,16386
15080,7556,117,1,19858
15081,7557,623,1,12633
15082,7557,184,2,6265
15083,7557,627,1,3811
15084,7558,895,1,5384
15085,7558,757,2,12295
15086,7559,471,1,14220
15087,7559,205,1,10660
15088,7559,908,1,3697
15089,7560,925,1,13185
15090,7560,676,2,16376
15091,7561,78,1,8220
15092,7561,582,2,18111
15093,7561,320,2,17297
15094,7562,538,1,3479
15095,7562,558,2,20249
15096,7563,663,1,8767
15097,7563,516,1,15672
15098,7564,523,1,5951
15099,7564,583,1,20681
15100,7564,95,1,10778
15101,7565,708,1,2678
15102,7566,886,1,12118
15103,7566,841,1,23039
15104,7566,722,1,7533
15105,7567,21,2,11634
15106,7567,60,1,14166
15107,7568,767,2,15934
15108,7568,623,1,19222
15109,7568,200,2,13063
15110,7569,243,1,7321
15111,7569,806,2,24005
15112,7569,396,2,8025
15113,7570,389,1,20695
15114,7571,159,1,7837
15115,7571,550,1,8918
15116,7571,713,2,15664
15117,7572,77,1,10054
15118,7572,418,2,21674
15119,7573,359,1,1736
15120,7573,946,2,11925
15121,7574,245,2,20933
15122,7574,807,2,19245
15123,7574,274,2,2702
15124,7575,137,1,5376
15125,7575,192,1,20800
15126,7576,656,2,13780
15127,7576,589,1,2471
15128,7577,812,1,10661
15129,7577,165,2,15809
15130,7578,428,1,21209
15131,7579,67,2,4443
15132,7579,120,2,13406
15133,7579,456,2,18669
15134,7580,861,1,3850
15135,7581,909,2,12366
15136,7581,651,1,10639
15137,7582,674,2,13319
15138,7582,419,2,6012
15139,7582,251,2,12588
15140,7583,792,2,5299
15141,7583,174,1,24678
15142,7583,819,1,24766
15143,7584,518,2,22330
15144,7584,297,2,8446
15145,7585,911,1,21308
15146,7586,871,1,13631
15147,7586,430,2,11108
15148,7587,2,1,5202
15149,7587,815,1,15854
15150,7587,638,2,19725
15151,7588,255,1,7059
15152,7588,258,1,15985
15153,7589,196,1,15563
15154,7589,678,2,3864
15155,7589,204,1,18084
15156,7590,999,1,16646
15157,7590,598,1,2272
15158,7590,868,2,24236
15159,7591,542,2,11601
15160,7591,907,2,21365
15161,7592,121,1,14002
15162,7593,813,2,11401
15163,7594,536,1,18001
15164,7595,424,1,800
15165,7595,157,1,3161
15166,7596,294,2,7498
15167,7597,705,2,14246
15168,7598,972,2,20080
15169,7598,233,1,21362
15170,7598,431,2,20573
15171,7599,950,1,22151
15172,7599,176,1,3026
15173,7600,834,1,2158
15174,7601,267,2,11909
15175,7602,808,1,13907
15176,7602,127,1,21746
15177,7602,667,2,8506
15178,7603,686,1,7064
15179,7603,45,1,19194
15180,7604,66,1,21578
15181,7605,669,1,8573
15182,7605,57,2,22430
15183,7605,524,1,17289
15184,7606,309,2,13676
15185,7606,499,1,9820
15186,7607,307,2,9491
15187,7607,933,2,22543
15188,7607,937,2,8279
15189,7608,32,1,12624
15190,7608,914,1,19949
15191,7608,515,1,15667
15192,7609,67,2,2190
15193,7609,192,1,23456
15194,7610,727,1,23673
15195,7611,636,1,10670
15196,7612,180,1,9142
15197,7612,156,1,8233
15198,7613,228,1,19131
15199,7613,323,2,2830
15200,7614,174,2,14780
15201,7614,677,2,23576
15202,7614,979,2,17071
15203,7615,236,2,13463
15204,7616,642,2,15362
15205,7617,121,1,17331
15206,7617,20,2,22143
15207,7617,915,2,3558
15208,7618,697,1,14819
15209,7618,300,2,9451
15210,7618,80,2,4661
15211,7619,317,1,18577
15212,7619,798,1,17138
15213,7620,900,1,21650
15214,7620,672,2,24099
15215,7621,921,2,18955
15216,7621,694,2,5506
15217,7621,362,1,6300
15218,7622,841,2,17102
15219,7622,599,2,18127
15220,7623,601,1,10293
15221,7623,542,1,16629
15222,7623,81,1,3819
15223,7624,680,1,9425
15224,7624,275,2,18970
15225,7624,807,2,5131
15226,7625,6,1,21350
15227,7626,704,2,14292
15228,7627,460,1,22371
15229,7627,608,1,8019
15230,7628,610,1,24658
15231,7629,697,2,23712
15232,7629,321,1,9760
15233,7629,783,2,21079
15234,7630,61,1,22285
15235,7631,352,2,22767
15236,7631,615,1,16190
15237,7631,740,1,7359
15238,7632,993,1,11012
15239,7632,388,1,11503
15240,7633,563,2,1386
15241,7634,984,1,4859
15242,7634,377,2,4730
15243,7635,270,1,24346
15244,7636,786,2,1965
15245,7636,27,1,1045
15246,7637,331,1,3846
15247,7637,972,2,18835
15248,7637,274,2,7737
15249,7638,267,2,24438
15250,7638,905,1,12984
15251,7638,796,1,9674
15252,7639,589,2,13158
15253,7639,950,1,24264
15254,7640,797,1,15559
15255,7640,551,2,1383
15256,7641,718,2,1468
15257,7641,939,1,15799
15258,7641,251,2,15772
15259,7642,872,2,14775
15260,7642,678,1,13390
15261,7643,822,1,11226
15262,7643,842,2,24558
15263,7643,945,2,9886
15264,7644,493,2,8197
15265,7644,942,1,7373
15266,7645,599,1,6845
15267,7646,348,2,3307
15268,7646,826,2,5037
15269,7647,89,1,18221
15270,7648,789,1,3159
15271,7648,720,1,21692
15272,7649,637,2,8139
15273,7649,901,2,10993
15274,7649,210,2,16991
15275,7650,640,1,23647
15276,7650,286,1,10218
15277,7650,265,1,23660
15278,7651,891,1,2471
15279,7651,50,2,8494
15280,7652,157,2,4696
15281,7653,377,2,9556
15282,7653,103,1,18967
15283,7653,698,2,18619
15284,7654,223,2,3948
15285,7655,408,1,13684
15286,7656,603,2,14156
15287,7657,848,2,2520
15288,7657,775,2,1521
15289,7657,455,1,12889
15290,7658,879,2,16410
15291,7658,563,1,17420
15292,7659,902,2,7826
15293,7660,581,1,19233
15294,7661,361,1,24242
15295,7661,582,1,1539
15296,7661,377,2,21828
15297,7662,837,1,14440
15298,7662,741,1,1032
15299,7662,814,2,16573
15300,7663,311,2,12510
15301,7664,173,2,1224
15302,7665,502,1,15255
15303,7666,179,1,23533
15304,7667,379,1,5300
15305,7667,319,2,21609
15306,7667,486,1,20843
15307,7668,129,1,6794
15308,7669,229,2,14830
15309,7669,283,1,22473
15310,7669,592,2,11321
15311,7670,343,1,4806
15312,7670,24,2,1467
15313,7671,107,2,23650
15314,7671,650,2,6985
15315,7671,271,2,20341
15316,7672,88,1,22984
15317,7672,777,1,9532
15318,7673,872,2,21014
15319,7674,514,2,15268
15320,7675,564,1,16741
15321,7676,141,2,1891
15322,7676,294,2,17257
15323,7677,196,2,9564
15324,7677,247,2,21488
15325,7677,659,1,13587
15326,7678,496,1,20424
15327,7678,115,1,23775
15328,7678,875,2,8910
15329,7679,876,1,9387
15330,7680,231,2,24373
15331,7680,161,1,7553
15332,7681,270,2,5670
15333,7682,707,2,12176
15334,7682,461,1,18806
15335,7682,34,2,10014
15336,7683,375,2,2764
15337,7683,805,1,23377
15338,7683,866,1,1745
15339,7684,454,1,5698
15340,7684,59,2,22368
15341,7685,780,2,8360
15342,7685,654,2,8678
15343,7686,558,2,23211
15344,7686,98,1,19222
15345,7687,614,1,6509
15346,7687,660,1,9515
15347,7687,427,1,1974
15348,7688,141,1,8666
15349,7689,984,1,19262
15350,7689,805,2,2476
15351,7689,473,1,15557
15352,7690,555,1,13701
15353,7690,129,2,18273
15354,7690,301,1,1607
15355,7691,352,1,16251
15356,7691,324,2,21226
15357,7692,463,1,13466
15358,7693,373,1,3562
15359,7693,478,1,5184
15360,7694,280,2,21062
15361,7695,39,2,3583
15362,7695,982,2,8828
15363,7695,602,2,4311
15364,7696,757,2,23256
15365,7696,503,2,19100
15366,7697,533,1,16080
15367,7698,603,2,1329
15368,7699,140,1,21816
15369,7700,125,1,16176
15370,7700,802,2,18761
15371,7701,454,2,5797
15372,7702,719,1,19695
15373,7702,137,2,1607
15374,7703,532,1,5977
15375,7703,135,1,4861
15376,7703,48,1,12861
15377,7704,584,2,7507
15378,7705,361,2,23451
15379,7705,222,1,4138
15380,7706,419,2,17676
15381,7707,721,2,13090
15382,7707,8,2,17504
15383,7707,327,2,9796
15384,7708,409,2,1698
15385,7709,530,1,20918
15386,7709,277,1,14842
15387,7710,476,2,16938
15388,7710,377,1,21397
15389,7710,575,1,3074
15390,7711,922,1,4921
15391,7711,568,1,22546
15392,7711,567,1,16692
15393,7712,777,2,10017
15394,7712,496,1,21881
15395,7712,136,2,23938
15396,7713,436,1,21519
15397,7714,719,2,2483
15398,7714,696,1,1808
15399,7714,661,1,8599
15400,7715,318,1,21284
15401,7715,819,2,23167
15402,7715,900,1,4566
15403,7716,763,1,12191
15404,7717,798,1,2979
15405,7717,947,2,24210
15406,7717,592,2,2199
15407,7718,588,1,7258
15408,7718,831,2,16862
15409,7718,976,1,20909
15410,7719,391,2,14642
15411,7720,146,2,20822
15412,7721,244,1,10890
15413,7721,688,1,18368
15414,7721,109,1,19391
15415,7722,588,2,2004
15416,7722,47,1,15485
15417,7723,799,1,4083
15418,7723,755,2,19052
15419,7723,592,1,10505
15420,7724,68,2,1824
15421,7724,521,1,16622
15422,7725,40,1,7570
15423,7725,374,2,24834
15424,7726,74,1,24021
15425,7727,971,2,18723
15426,7727,743,2,18110
15427,7727,322,2,2702
15428,7728,59,1,20034
15429,7728,36,2,20045
15430,7728,500,1,21268
15431,7729,926,2,21398
15432,7729,907,2,1734
15433,7729,71,2,9831
15434,7730,467,1,10168
15435,7730,109,2,17908
15436,7730,87,2,15459
15437,7731,529,1,14331
15438,7732,387,2,4399
15439,7732,222,1,3914
15440,7732,300,1,15779
15441,7733,509,2,6546
15442,7733,840,2,24018
15443,7733,420,2,19285
15444,7734,445,1,20262
15445,7734,465,2,24785
15446,7735,39,1,17418
15447,7735,845,1,20965
15448,7735,217,1,17938
15449,7736,24,1,13225
15450,7736,582,2,11090
15451,7736,521,1,12376
15452,7737,506,1,15954
15453,7737,687,1,5118
15454,7737,275,2,7336
15455,7738,489,1,12170
15456,7738,102,1,24233
15457,7739,984,2,12518
15458,7740,957,2,13064
15459,7740,413,1,16278
15460,7741,560,2,24475
15461,7741,110,1,19663
15462,7741,819,2,23772
15463,7742,155,2,2479
15464,7742,94,1,1288
15465,7742,647,1,22832
15466,7743,1000,1,2281
15467,7743,592,2,12033
15468,7743,218,1,17940
15469,7744,52,1,6136
15470,7744,727,2,23999
15471,7745,120,1,6208
15472,7745,583,2,9261
15473,7745,339,2,23623
15474,7746,107,1,7224
15475,7747,562,1,16652
15476,7747,371,1,7249
15477,7747,623,1,6420
15478,7748,76,2,15276
15479,7749,155,2,13811
15480,7749,445,2,2850
15481,7750,428,1,13362
15482,7750,294,2,13000
15483,7750,641,1,13182
15484,7751,263,2,7798
15485,7751,847,1,4144
15486,7752,938,1,20687
15487,7752,641,2,6605
15488,7753,643,2,13998
15489,7754,5,2,7999
15490,7755,352,1,7499
15491,7755,491,1,10579
15492,7756,264,1,12215
15493,7757,67,1,5286
15494,7758,744,1,1497
15495,7759,701,1,23241
15496,7759,161,2,1810
15497,7760,685,1,20960
15498,7761,700,2,17339
15499,7762,678,1,3126
15500,7762,441,1,1533
15501,7762,799,1,1632
15502,7763,140,1,21014
15503,7763,328,1,7976
15504,7764,372,2,14479
15505,7764,742,2,21575
15506,7764,699,2,2882
15507,7765,862,2,17490
15508,7765,271,1,9704
15509,7765,539,1,14973
15510,7766,506,2,6103
15511,7766,902,2,20692
15512,7767,150,2,2011
15513,7768,561,1,17096
15514,7768,686,2,5949
15515,7769,16,2,1805
15516,7770,927,1,13921
15517,7771,812,2,12871
15518,7772,657,2,8423
15519,7772,701,2,13506
15520,7773,930,1,2811
15521,7773,917,1,15880
15522,7774,973,2,11999
15523,7775,662,1,1157
15524,7775,238,1,19237
15525,7775,211,1,1403
15526,7776,145,1,5112
15527,7776,499,1,13757
15528,7776,460,1,10986
15529,7777,315,2,9591
15530,7777,186,2,14173
15531,7777,67,2,1505
15532,7778,822,2,21237
15533,7778,269,1,16706
15534,7778,994,1,6858
15535,7779,528,2,22209
15536,7779,192,2,6997
15537,7779,659,2,4426
15538,7780,447,2,16908
15539,7780,953,1,3934
15540,7780,957,1,20485
15541,7781,78,2,5524
15542,7781,696,1,9527
15543,7781,713,1,5034
15544,7782,623,1,23040
15545,7782,868,1,24535
15546,7782,591,1,17032
15547,7783,429,2,14708
15548,7784,181,1,15695
15549,7785,322,2,22557
15550,7785,255,1,17512
15551,7786,54,2,13641
15552,7786,318,1,21542
15553,7787,519,1,2581
15554,7788,582,1,5754
15555,7788,188,1,14071
15556,7788,692,1,8509
15557,7789,367,1,8847
15558,7789,192,2,16288
15559,7789,193,2,6177
15560,7790,578,1,22003
15561,7791,332,2,1821
15562,7791,18,1,20959
15563,7791,650,1,12084
15564,7792,717,2,9793
15565,7792,797,2,10538
15566,7793,977,2,10340
15567,7793,886,1,22549
15568,7794,267,2,18848
15569,7795,545,2,5183
15570,7796,991,1,8033
15571,7797,132,1,13439
15572,7797,653,1,7230
15573,7798,713,1,24599
15574,7799,90,2,17855
15575,7799,991,1,12988
15576,7800,855,1,18493
15577,7800,524,2,11613
15578,7801,91,2,4531
15579,7801,161,2,11974
15580,7802,263,1,21680
15581,7802,902,1,1711
15582,7802,516,2,22677
15583,7803,435,1,16167
15584,7804,940,1,2151
15585,7804,724,1,9943
15586,7804,777,1,21184
15587,7805,698,2,17838
15588,7805,422,2,5020
15589,7805,655,2,18829
15590,7806,719,2,13105
15591,7807,419,1,18795
15592,7808,60,2,9617
15593,7809,471,2,13047
15594,7809,387,2,23268
15595,7809,580,2,24747
15596,7810,946,2,20905
15597,7810,108,2,15365
15598,7810,249,1,13411
15599,7811,531,1,11219
15600,7812,664,2,1416
15601,7813,489,2,23992
15602,7813,628,1,22889
15603,7814,292,2,9436
15604,7814,441,2,10234
15605,7815,766,2,21002
15606,7815,12,2,15511
15607,7816,811,2,9326
15608,7816,777,1,3819
15609,7817,320,2,16376
15610,7818,254,2,14952
15611,7818,530,1,7890
15612,7818,972,2,19892
15613,7819,8,2,24953
15614,7819,207,1,6431
15615,7819,491,2,8926
15616,7820,516,2,7215
15617,7820,443,2,15994
15618,7820,234,2,8779
15619,7821,116,2,21719
15620,7821,125,1,17672
15621,7822,686,1,23710
15622,7822,72,1,6142
15623,7822,127,1,7883
15624,7823,502,1,23803
15625,7823,915,2,17640
15626,7823,424,1,6910
15627,7824,269,1,3414
15628,7824,316,2,19234
15629,7824,144,2,9155
15630,7825,468,2,5941
15631,7826,907,2,16078
15632,7826,120,2,20353
15633,7826,122,1,7285
15634,7827,738,2,1338
15635,7827,471,2,8783
15636,7828,197,1,16944
15637,7828,147,1,22553
15638,7828,403,1,13687
15639,7829,214,1,6029
15640,7830,408,2,17291
15641,7830,548,1,19700
15642,7830,228,1,10149
15643,7831,425,1,18299
15644,7831,835,2,17766
15645,7832,517,1,5971
15646,7832,914,1,14408
15647,7832,705,1,10679
15648,7833,777,1,22875
15649,7833,316,2,24425
15650,7833,968,1,12742
15651,7834,302,2,21053
15652,7835,77,1,10198
15653,7835,581,2,24137
15654,7835,160,1,949
15655,7836,794,2,8949
15656,7837,296,1,15181
15657,7837,371,2,1478
15658,7837,930,2,11689
15659,7838,595,1,7386
15660,7838,986,2,18864
15661,7838,739,2,12433
15662,7839,84,1,15738
15663,7839,932,1,8910
15664,7840,73,2,6666
15665,7841,885,1,20938
15666,7841,661,1,20847
15667,7842,939,2,13634
15668,7843,236,1,7703
15669,7844,714,1,19138
15670,7845,747,1,5837
15671,7846,966,2,12480
15672,7846,146,1,5243
15673,7847,230,1,9629
15674,7847,424,2,8746
15675,7847,26,1,6053
15676,7848,655,2,3922
15677,7849,386,2,19759
15678,7849,902,1,23398
15679,7850,773,1,12735
15680,7850,705,2,5488
15681,7851,844,2,18139
15682,7851,136,2,14632
15683,7851,234,2,2843
15684,7852,731,2,3349
15685,7852,884,2,1184
15686,7852,871,2,11093
15687,7853,999,1,13012
15688,7853,213,1,8304
15689,7854,928,2,18433
15690,7854,205,1,4230
15691,7855,38,2,1145
15692,7856,822,2,5497
15693,7856,940,1,24333
15694,7856,499,1,8644
15695,7857,292,1,3932
15696,7857,681,1,7753
15697,7857,555,2,11155
15698,7858,353,1,13442
15699,7858,75,1,24382
15700,7859,894,2,17881
15701,7859,593,1,24229
15702,7860,846,2,22528
15703,7860,531,1,10182
15704,7861,588,2,1848
15705,7861,436,2,14427
15706,7861,640,1,19894
15707,7862,673,2,14071
15708,7862,266,2,6385
15709,7863,93,1,10771
15710,7863,673,1,8372
15711,7863,52,1,22748
15712,7864,997,2,20804
15713,7865,977,2,22705
15714,7866,792,1,9987
15715,7866,295,1,3862
15716,7866,152,2,6054
15717,7867,820,1,2500
15718,7867,191,2,5240
15719,7867,109,2,16059
15720,7868,412,2,4994
15721,7868,447,1,15850
15722,7869,176,2,15813
15723,7870,171,1,19719
15724,7871,774,1,14739
15725,7872,16,2,8016
15726,7872,607,2,7945
15727,7872,331,1,18048
15728,7873,876,2,9141
15729,7873,206,2,9748
15730,7874,657,2,17953
15731,7875,349,1,14054
15732,7875,838,2,6279
15733,7875,745,2,15104
15734,7876,140,1,23622
15735,7877,874,2,11830
15736,7877,222,2,8545
15737,7877,508,2,5089
15738,7878,94,2,8051
15739,7878,401,2,4160
15740,7878,654,2,3407
15741,7879,155,1,10656
15742,7879,693,1,23439
15743,7879,65,1,22989
15744,7880,608,2,15004
15745,7881,967,1,21330
15746,7881,508,2,14904
15747,7881,611,1,24856
15748,7882,594,1,12954
15749,7882,628,1,23786
15750,7882,719,2,19219
15751,7883,985,1,18706
15752,7884,476,2,21262
15753,7884,461,2,21207
15754,7884,990,1,11014
15755,7885,425,2,802
15756,7885,485,1,10138
15757,7885,797,1,3978
15758,7886,933,2,12690
15759,7887,158,2,2113
15760,7888,145,2,10837
15761,7889,510,1,17654
15762,7890,126,2,23563
15763,7890,208,2,16535
15764,7891,89,1,11654
15765,7891,871,2,5365
15766,7891,361,1,9538
15767,7892,97,2,13754
15768,7892,785,2,17728
15769,7893,667,1,2603
15770,7893,694,1,24061
15771,7894,647,1,10048
15772,7894,884,2,14234
15773,7894,760,1,13080
15774,7895,506,1,7827
15775,7895,326,1,17177
15776,7896,106,2,15676
15777,7896,5,1,6496
15778,7896,365,2,21208
15779,7897,703,2,10768
15780,7897,822,2,12821
15781,7897,41,2,1232
15782,7898,652,1,9555
15783,7898,180,2,23444
15784,7898,992,2,3865
15785,7899,322,1,18817
15786,7899,212,1,17283
15787,7899,494,1,23464
15788,7900,892,1,5439
15789,7900,690,1,16568
15790,7901,515,1,10936
15791,7901,796,2,11329
15792,7901,992,1,14086
15793,7902,527,1,3491
15794,7903,666,2,7228
15795,7903,49,2,16897
15796,7903,818,2,5470
15797,7904,988,2,15722
15798,7904,811,1,3764
15799,7904,352,2,21277
15800,7905,776,1,11598
15801,7905,366,2,3241
15802,7906,456,1,15239
15803,7906,28,1,2929
15804,7906,755,1,22528
15805,7907,664,1,1244
15806,7907,614,2,21202
15807,7908,8,2,3051
15808,7908,626,2,11660
15809,7909,94,1,12920
15810,7909,797,2,21878
15811,7909,541,1,4389
15812,7910,79,2,18750
15813,7910,289,2,10721
15814,7911,930,1,5325
15815,7911,17,2,16328
15816,7912,20,2,17569
15817,7912,147,1,23971
15818,7912,877,2,16218
15819,7913,321,2,16990
15820,7913,188,1,4852
15821,7914,113,2,17020
15822,7914,451,1,21507
15823,7914,867,2,19670
15824,7915,518,1,2130
15825,7915,872,1,10559
15826,7916,104,1,18851
15827,7917,742,2,10462
15828,7917,588,1,21547
15829,7918,937,1,16267
15830,7919,264,2,23279
15831,7919,26,1,3930
15832,7920,746,1,4560
15833,7920,427,1,21370
15834,7920,40,1,9887
15835,7921,367,2,1239
15836,7921,356,1,17311
15837,7921,698,2,9833
15838,7922,241,2,6668
15839,7922,380,2,20567
15840,7922,662,2,1961
15841,7923,517,2,17243
15842,7923,51,1,11440
15843,7924,233,1,6725
15844,7924,943,1,7397
15845,7924,173,2,10562
15846,7925,606,1,15935
15847,7925,338,2,19992
15848,7926,848,1,9761
15849,7926,18,1,10647
15850,7927,490,1,20155
15851,7927,284,2,13532
15852,7928,524,1,22665
15853,7928,2,1,16848
15854,7928,306,1,10668
15855,7929,818,1,11334
15856,7929,910,1,15380
15857,7930,537,2,22909
15858,7931,313,1,11009
15859,7931,161,2,11909
15860,7932,659,1,12945
15861,7932,750,1,10717
15862,7932,921,2,22112
15863,7933,620,2,10714
15864,7933,348,2,926
15865,7934,738,1,5966
15866,7934,820,2,23014
15867,7934,628,1,7325
15868,7935,529,1,22943
15869,7935,658,1,3472
15870,7936,440,1,12167
15871,7937,942,1,13177
15872,7937,47,2,4032
15873,7937,113,1,10520
15874,7938,439,2,11514
15875,7938,686,2,13963
15876,7938,214,2,13825
15877,7939,241,1,12055
15878,7940,959,2,10624
15879,7941,389,2,15795
15880,7942,427,1,7090
15881,7942,380,2,8891
15882,7943,363,2,6712
15883,7943,243,1,19354
15884,7944,379,2,19684
15885,7944,512,2,15456
15886,7944,618,2,2142
15887,7945,360,1,17007
15888,7945,889,1,12693
15889,7946,29,1,8931
15890,7946,950,2,18089
15891,7947,563,2,9918
15892,7947,105,1,16673
15893,7947,474,2,6310
15894,7948,389,1,23169
15895,7948,625,1,8421
15896,7948,254,1,3796
15897,7949,470,2,16119
15898,7949,204,1,18686
15899,7949,331,2,18632
15900,7950,364,1,17240
15901,7950,206,2,12065
15902,7950,538,2,16587
15903,7951,506,2,8468
15904,7951,91,1,8480
15905,7951,495,2,14214
15906,7952,783,1,17229
15907,7953,151,1,18134
15908,7954,107,1,12658
15909,7954,801,1,13805
15910,7954,231,2,4154
15911,7955,715,1,13169
15912,7955,333,2,18997
15913,7955,702,2,16334
15914,7956,627,1,4237
15915,7956,353,2,18893
15916,7956,178,1,8056
15917,7957,456,2,16488
15918,7957,67,2,10792
15919,7957,294,1,23379
15920,7958,166,1,22043
15921,7958,626,1,5382
15922,7959,414,1,13206
15923,7959,810,2,10644
15924,7960,849,2,1426
15925,7960,549,1,19411
15926,7960,523,2,1462
15927,7961,552,1,9952
15928,7961,481,2,5487
15929,7961,293,1,9711
15930,7962,836,1,4817
15931,7963,407,2,24580
15932,7963,46,1,8682
15933,7964,760,1,14464
15934,7965,518,2,22752
15935,7965,374,1,1039
15936,7965,658,2,17051
15937,7966,518,1,9185
15938,7967,407,2,9401
15939,7968,402,2,8523
15940,7969,10,2,14903
15941,7970,575,2,24815
15942,7970,522,1,8683
15943,7971,38,1,19671
15944,7972,131,2,19654
15945,7972,592,1,21614
15946,7973,471,1,3928
15947,7973,527,2,2587
15948,7973,549,2,24758
15949,7974,172,1,24402
15950,7975,439,2,23473
15951,7975,7,2,12426
15952,7976,537,1,22969
15953,7976,93,1,18398
15954,7976,407,1,13795
15955,7977,814,1,14837
15956,7977,703,2,18268
15957,7977,622,1,14087
15958,7978,434,1,13336
15959,7978,969,2,14679
15960,7978,406,2,20440
15961,7979,317,2,14324
15962,7980,405,2,8986
15963,7980,984,2,22730
15964,7981,877,1,15191
15965,7981,448,1,24484
15966,7981,327,1,8930
15967,7982,437,1,9094
15968,7982,759,2,21957
15969,7982,383,1,5295
15970,7983,859,2,12934
15971,7983,145,2,24747
15972,7983,549,2,19535
15973,7984,269,1,8889
15974,7984,964,2,17721
15975,7984,752,1,22475
15976,7985,223,2,8065
15977,7985,787,2,9726
15978,7985,84,1,11767
15979,7986,593,2,16507
15980,7986,921,2,9783
15981,7986,992,2,4739
15982,7987,660,1,12552
15983,7987,413,1,4778
15984,7987,136,1,2068
15985,7988,367,1,1305
15986,7989,219,1,6757
15987,7989,267,1,20630
15988,7989,671,1,8206
15989,7990,809,1,20813
15990,7990,857,2,817
15991,7990,512,1,6039
15992,7991,376,2,21900
15993,7991,606,2,1184
15994,7991,188,1,17302
15995,7992,194,2,15585
15996,7992,24,2,13185
15997,7992,882,2,7963
15998,7993,548,1,16236
15999,7993,26,2,7563
16000,7993,805,2,19537
16001,7994,210,2,24250
16002,7994,809,2,17074
16003,7994,286,2,22824
16004,7995,170,2,7863
16005,7996,410,2,24483
16006,7996,609,1,13313
16007,7996,708,1,16187
16008,7997,413,1,22551
16009,7997,610,2,12158
16010,7997,771,1,11556
16011,7998,177,2,16833
16012,7998,672,1,8915
16013,7998,794,2,6875
16014,7999,985,2,8140
16015,8000,65,1,24461
