OrderID,CustomerID,OrderDate,Status,TotalAmount
1,2354,2025-01-04,Processing,61148
2,2230,2025-07-28,Delivered,44111
3,2028,2025-03-08,Shipped,82748
4,225,2026-01-06,Delivered,38870
5,1288,2026-01-18,Processing,21035
6,796,2026-04-14,Delivered,47988
7,346,2025-06-26,Delivered,10065
8,1122,2025-11-13,Processing,51621
9,1866,2026-05-11,Processing,18268
10,1570,2025-08-23,Processing,99843
11,1720,2025-12-06,Shipped,37769
12,1774,2026-02-05,Shipped,17020
13,1419,2025-03-02,Shipped,30794
14,1981,2026-04-18,Delivered,63608
15,405,2026-04-23,Shipped,31362
16,683,2026-03-04,Shipped,2574
17,2487,2025-12-19,Delivered,4945
18,67,2026-06-13,Shipped,5953
19,2978,2025-10-27,Shipped,46457
20,557,2025-06-26,Shipped,35720
21,2329,2026-04-18,Shipped,27741
22,2953,2025-07-31,Delivered,23342
23,1321,2025-03-22,Shipped,17050
24,1254,2025-11-26,Shipped,61384
25,854,2026-06-10,Delivered,68393
26,2754,2026-02-23,Processing,31678
27,918,2026-01-20,Delivered,18796
28,2227,2025-11-18,Processing,33046
29,2253,2025-03-01,Processing,66954
30,1713,2025-10-07,Processing,27384
31,2912,2025-12-14,Processing,47530
32,146,2025-08-23,Shipped,27212
33,2057,2025-03-11,Delivered,65245
34,2540,2026-01-26,Processing,30571
35,416,2025-09-09,Processing,41072
36,136,2025-01-05,Shipped,36778
37,634,2025-11-16,Processing,48882
38,547,2026-01-21,Shipped,62240
39,1193,2026-03-27,Delivered,13354
40,2311,2026-04-16,Shipped,45352
41,842,2025-10-22,Processing,17040
42,2647,2025-10-20,Processing,18042
43,40,2026-04-23,Processing,40951
44,2979,2026-05-26,Shipped,75806
45,2824,2026-04-22,Shipped,61148
46,2180,2026-04-09,Shipped,4920
47,303,2026-04-01,Delivered,10564
48,239,2025-01-14,Shipped,24219
49,206,2025-09-02,Processing,47501
50,2071,2025-01-16,Shipped,24377
51,1355,2026-06-05,Shipped,40678
52,2287,2025-10-19,Delivered,38220
53,1212,2026-02-02,Processing,94779
54,1687,2025-04-04,Shipped,82033
55,997,2026-05-01,Delivered,77585
56,1598,2026-03-30,Processing,40080
57,2282,2025-06-30,Processing,19132
58,2400,2026-03-26,Processing,49352
59,1873,2026-01-29,Processing,51571
60,614,2026-05-09,Delivered,4757
61,2668,2026-06-28,Shipped,12046
62,510,2025-08-18,Delivered,47226
63,2972,2025-10-26,Shipped,14166
64,426,2025-04-25,Processing,31575
65,2583,2025-03-24,Shipped,44199
66,2174,2025-10-30,Delivered,51680
67,1674,2025-08-20,Delivered,26740
68,2196,2025-12-20,Shipped,42178
69,2768,2026-06-13,Processing,7589
70,939,2026-02-12,Delivered,70235
71,1328,2026-05-01,Processing,32394
72,1507,2026-02-08,Processing,49837
73,2541,2026-02-16,Shipped,61541
74,348,2026-05-23,Shipped,74390
75,1444,2026-05-10,Shipped,31244
76,811,2025-01-17,Delivered,55426
77,452,2026-06-06,Delivered,87443
78,475,2025-09-03,Delivered,21869
79,1982,2025-04-26,Processing,31975
80,2799,2025-07-29,Delivered,76420
81,1046,2026-03-05,Delivered,47390
82,458,2026-01-30,Delivered,68657
83,481,2026-03-31,Shipped,50654
84,2232,2025-12-31,Delivered,11000
85,1570,2025-06-27,Delivered,58819
86,2522,2025-02-13,Delivered,34580
87,53,2025-04-22,Processing,35992
88,2013,2025-06-05,Delivered,33729
89,88,2026-02-18,Shipped,17533
90,538,2025-05-05,Processing,83716
91,2980,2025-12-29,Delivered,41183
92,273,2025-12-31,Shipped,8372
93,273,2026-06-19,Shipped,37640
94,1592,2025-03-01,Delivered,10286
95,1362,2026-06-01,Processing,50978
96,247,2026-04-01,Processing,38885
97,774,2025-01-14,Processing,78955
98,692,2025-08-01,Shipped,43182
99,1573,2025-06-26,Shipped,13576
100,1736,2026-06-27,Shipped,27556
101,2822,2025-08-08,Shipped,92924
102,2839,2025-02-05,Processing,17732
103,2875,2025-11-30,Processing,74552
104,1780,2026-01-24,Shipped,35010
105,2816,2025-08-05,Shipped,47452
106,1182,2025-08-31,Shipped,35670
107,1220,2025-05-03,Delivered,82312
108,256,2026-03-17,Shipped,32711
109,1661,2026-01-27,Processing,2270
110,2260,2025-03-09,Shipped,33864
111,315,2025-07-02,Delivered,3510
112,248,2025-03-10,Shipped,43962
113,2044,2025-07-09,Delivered,45727
114,2603,2025-04-15,Shipped,42397
115,1715,2026-06-15,Processing,38139
116,156,2025-06-19,Delivered,22738
117,152,2025-04-21,Processing,4643
118,2351,2025-09-12,Delivered,37153
119,1163,2025-01-11,Shipped,52163
120,637,2026-02-22,Processing,53968
121,541,2026-04-17,Delivered,7096
122,2895,2025-01-18,Processing,97254
123,2540,2025-04-01,Processing,14366
124,1084,2025-09-13,Shipped,15882
125,2367,2025-05-30,Shipped,14958
126,1545,2026-05-21,Delivered,63238
127,2777,2025-06-01,Processing,14427
128,2170,2025-11-15,Delivered,24073
129,345,2025-10-22,Shipped,6425
130,2911,2025-06-14,Processing,3988
131,893,2026-01-22,Processing,10339
132,2977,2026-06-07,Processing,18838
133,2358,2025-06-20,Delivered,71685
134,185,2025-07-08,Processing,36886
135,1250,2025-08-13,Shipped,61876
136,1172,2026-01-25,Delivered,16588
137,2308,2025-04-12,Shipped,53834
138,2156,2026-01-25,Delivered,3068
139,1650,2025-03-30,Shipped,19574
140,3000,2026-01-21,Processing,115513
141,1389,2025-11-05,Delivered,94634
142,638,2025-10-04,Delivered,65071
143,1423,2025-12-16,Processing,12422
144,2499,2025-10-17,Delivered,24029
145,529,2025-04-09,Shipped,12127
146,2083,2026-03-22,Shipped,22087
147,2228,2025-11-22,Processing,34419
148,2136,2025-03-25,Shipped,16536
149,11,2025-05-28,Shipped,28515
150,713,2026-05-20,Delivered,44336
151,1833,2025-03-01,Delivered,16454
152,734,2025-12-31,Processing,34364
153,777,2025-01-07,Processing,10982
154,2257,2025-10-09,Processing,35448
155,1386,2025-05-22,Shipped,49096
156,2884,2025-01-22,Processing,22741
157,2351,2025-11-28,Processing,38777
158,2691,2025-10-02,Delivered,66898
159,2499,2025-02-07,Processing,21963
160,1890,2025-04-12,Processing,40653
161,625,2026-06-30,Processing,49744
162,23,2025-03-27,Processing,36087
163,1536,2025-06-06,Delivered,4347
164,1849,2026-03-17,Processing,10563
165,1613,2025-04-14,Processing,23744
166,2222,2025-11-26,Processing,68354
167,2790,2025-04-05,Processing,68301
168,2113,2025-06-25,Delivered,59446
169,438,2025-09-18,Delivered,17826
170,2910,2025-07-20,Shipped,30451
171,147,2025-04-03,Processing,77879
172,1647,2025-05-22,Delivered,60026
173,2770,2025-01-08,Delivered,82832
174,1133,2026-03-27,Shipped,54858
175,1961,2026-05-09,Processing,22803
176,1885,2026-06-10,Processing,24201
177,323,2025-12-06,Shipped,42818
178,466,2025-07-31,Delivered,41347
179,1533,2025-03-16,Shipped,37892
180,2616,2025-02-20,Shipped,45840
181,392,2026-02-18,Shipped,84224
182,2901,2026-03-11,Delivered,57332
183,457,2026-04-01,Delivered,97200
184,2993,2025-06-10,Delivered,23174
185,1767,2025-10-27,Delivered,38624
186,2256,2025-06-04,Shipped,22888
187,77,2026-05-25,Delivered,4216
188,1662,2025-09-21,Shipped,47542
189,113,2026-06-05,Delivered,77692
190,2549,2025-03-05,Processing,10007
191,547,2025-10-22,Processing,51420
192,2803,2026-05-03,Shipped,23270
193,2785,2025-09-21,Shipped,26846
194,2844,2026-04-06,Delivered,12578
195,2798,2026-06-08,Processing,39896
196,2484,2025-03-14,Shipped,84553
197,1701,2025-05-19,Shipped,75768
198,152,2025-08-19,Delivered,83353
199,2545,2026-07-02,Processing,14257
200,1360,2026-03-16,Shipped,59362
201,1499,2025-04-02,Shipped,23630
202,861,2026-07-04,Processing,5793
203,2487,2025-08-02,Processing,18419
204,2436,2025-06-10,Processing,28679
205,1254,2026-05-24,Shipped,37922
206,2857,2025-08-21,Shipped,9573
207,1474,2025-08-26,Shipped,29668
208,1889,2025-12-17,Processing,36519
209,1164,2025-06-06,Processing,45342
210,973,2025-04-24,Delivered,4453
211,2614,2025-02-01,Processing,11964
212,1039,2026-02-08,Delivered,19949
213,509,2026-05-18,Delivered,7266
214,778,2025-07-17,Processing,29244
215,2816,2025-08-14,Shipped,24815
216,486,2025-09-04,Shipped,28246
217,1831,2026-01-27,Delivered,15385
218,2873,2025-03-01,Shipped,64156
219,756,2025-07-19,Delivered,35855
220,2243,2026-04-10,Delivered,17802
221,1843,2025-02-12,Processing,35554
222,1032,2025-05-27,Shipped,96626
223,2983,2025-04-11,Processing,47456
224,430,2025-03-17,Delivered,62305
225,1465,2025-09-09,Processing,26065
226,1655,2025-08-03,Shipped,68006
227,2832,2025-02-24,Delivered,5059
228,1848,2025-03-15,Shipped,50351
229,76,2025-07-29,Processing,6264
230,1174,2025-03-04,Processing,72967
231,2069,2025-01-20,Delivered,22422
232,369,2025-01-17,Shipped,21997
233,730,2026-04-30,Processing,52053
234,1671,2025-02-03,Delivered,2958
235,2145,2025-09-18,Delivered,35959
236,2386,2025-12-02,Processing,9685
237,915,2026-03-16,Processing,16946
238,2488,2026-01-01,Processing,12992
239,2523,2025-07-26,Delivered,64176
240,1703,2026-06-19,Shipped,46318
241,364,2026-04-04,Delivered,30142
242,327,2025-01-22,Processing,36494
243,1415,2026-04-28,Processing,44269
244,3000,2025-12-18,Processing,32957
245,729,2025-02-24,Shipped,59755
246,2906,2025-08-15,Shipped,43375
247,996,2025-08-21,Shipped,12992
248,2005,2026-05-10,Shipped,12694
249,2121,2026-06-08,Delivered,67863
250,2013,2025-09-27,Processing,1456
251,2563,2025-08-10,Processing,45899
252,400,2025-04-29,Processing,10786
253,1877,2025-05-06,Delivered,68452
254,2581,2025-12-23,Shipped,28315
255,99,2025-05-26,Processing,49069
256,1035,2025-01-05,Shipped,67558
257,1733,2025-03-06,Shipped,90962
258,1340,2025-12-01,Processing,66074
259,2595,2026-06-27,Shipped,25001
260,1871,2025-01-23,Delivered,105775
261,735,2025-03-25,Delivered,70147
262,43,2026-02-23,Shipped,66480
263,929,2025-01-12,Delivered,43356
264,1850,2026-05-03,Delivered,12402
265,911,2025-02-12,Processing,42825
266,303,2026-04-17,Delivered,70585
267,1165,2025-10-15,Shipped,47940
268,2799,2026-03-02,Processing,14118
269,2246,2025-10-28,Shipped,6714
270,340,2025-07-28,Delivered,58436
271,1577,2025-06-22,Shipped,67989
272,1447,2025-03-19,Shipped,6334
273,1533,2026-01-10,Processing,97032
274,2735,2026-05-03,Shipped,7136
275,838,2025-12-29,Shipped,65488
276,1807,2025-08-18,Processing,39646
277,2936,2025-01-24,Shipped,41332
278,245,2026-05-14,Processing,23628
279,1968,2026-05-01,Shipped,10020
280,563,2025-10-19,Shipped,31024
281,2441,2025-03-24,Processing,42958
282,1610,2026-06-25,Shipped,68957
283,1003,2026-03-21,Processing,23257
284,433,2025-12-28,Processing,68282
285,683,2026-04-08,Delivered,13183
286,2677,2025-11-16,Shipped,34465
287,1725,2026-01-29,Shipped,53641
288,511,2026-06-05,Shipped,74704
289,1647,2025-05-25,Delivered,30814
290,1775,2025-08-01,Shipped,12013
291,1560,2026-05-09,Delivered,11468
292,596,2025-03-26,Processing,5650
293,1133,2025-07-09,Shipped,47734
294,2151,2025-05-01,Shipped,75820
295,1380,2025-02-26,Delivered,64486
296,2056,2025-04-30,Processing,7378
297,2844,2026-04-03,Shipped,82246
298,1305,2026-06-07,Delivered,36040
299,2595,2026-01-30,Shipped,46652
300,2165,2025-06-09,Delivered,49726
301,4,2025-11-11,Shipped,64510
302,1916,2025-07-10,Delivered,48074
303,2210,2025-01-09,Processing,5664
304,1249,2025-07-19,Processing,20770
305,526,2025-09-18,Shipped,35110
306,375,2025-03-27,Shipped,6264
307,1512,2025-02-09,Shipped,36484
308,1374,2025-04-16,Delivered,43490
309,1098,2025-05-06,Processing,13598
310,1851,2025-10-09,Delivered,47853
311,901,2025-05-29,Processing,1767
312,1712,2025-10-30,Shipped,29882
313,2423,2025-04-08,Shipped,54664
314,1934,2026-05-21,Processing,57527
315,1734,2025-07-02,Delivered,31464
316,2111,2025-08-06,Processing,37613
317,627,2026-04-17,Delivered,56884
318,2877,2026-06-13,Processing,40468
319,2322,2025-06-29,Processing,29678
320,2611,2025-09-24,Shipped,97548
321,2718,2026-02-28,Delivered,15340
322,17,2025-01-15,Shipped,35012
323,2463,2025-03-22,Delivered,12930
324,872,2025-06-04,Processing,18714
325,589,2025-07-28,Processing,21154
326,1501,2026-03-05,Processing,41881
327,333,2025-11-16,Shipped,37715
328,161,2025-07-24,Shipped,22930
329,1540,2025-09-13,Delivered,23314
330,1001,2025-08-10,Processing,21978
331,2518,2025-10-05,Delivered,38884
332,298,2025-02-28,Delivered,46359
333,2714,2025-03-14,Delivered,34372
334,2204,2026-04-11,Delivered,84930
335,1557,2025-03-23,Processing,61258
336,1953,2025-09-23,Delivered,64386
337,2925,2026-02-13,Shipped,12535
338,1405,2025-06-07,Processing,58066
339,2380,2026-04-18,Delivered,15640
340,1569,2025-10-17,Processing,41370
341,202,2026-02-15,Delivered,33706
342,908,2025-04-29,Delivered,9398
343,2524,2026-01-02,Processing,17292
344,2757,2025-08-28,Processing,86025
345,715,2025-08-21,Processing,10814
346,2657,2025-11-19,Delivered,18056
347,2705,2026-07-04,Processing,42206
348,2610,2026-05-16,Delivered,12780
349,524,2025-09-21,Processing,17656
350,2466,2025-11-27,Delivered,26039
351,934,2025-04-02,Processing,18705
352,138,2025-03-11,Shipped,2359
353,2030,2025-11-27,Delivered,39971
354,1746,2025-02-04,Delivered,48786
355,128,2026-01-14,Shipped,54889
356,2470,2026-03-20,Processing,44377
357,2560,2025-10-23,Delivered,3544
358,2047,2026-03-16,Shipped,55196
359,1178,2025-11-15,Shipped,34744
360,2447,2026-03-16,Shipped,47794
361,35,2025-03-02,Delivered,57520
362,539,2025-03-04,Shipped,34442
363,2409,2025-03-07,Processing,4962
364,1535,2025-02-08,Delivered,64109
365,1369,2025-02-06,Shipped,49164
366,476,2026-01-04,Shipped,87028
367,1142,2026-03-10,Processing,31221
368,11,2025-10-06,Processing,46586
369,1623,2026-05-31,Shipped,34353
370,197,2025-12-20,Delivered,49871
371,2085,2026-05-21,Shipped,70843
372,1727,2026-07-02,Shipped,22449
373,416,2026-03-28,Delivered,66043
374,2043,2025-07-26,Delivered,26664
375,1974,2025-05-16,Delivered,50744
376,1692,2025-12-13,Processing,27006
377,2612,2025-05-02,Processing,60173
378,223,2025-11-03,Delivered,26987
379,2740,2025-04-09,Delivered,95085
380,1282,2026-03-19,Delivered,1451
381,1141,2025-09-16,Shipped,53003
382,356,2025-11-25,Shipped,40807
383,93,2026-04-22,Delivered,13367
384,2623,2025-01-01,Delivered,50868
385,1547,2026-01-18,Delivered,26498
386,2716,2025-06-08,Delivered,45972
387,2224,2026-02-25,Delivered,19827
388,2047,2025-09-17,Shipped,43567
389,1192,2025-11-17,Delivered,25402
390,692,2025-07-24,Shipped,24030
391,1907,2026-01-02,Delivered,46106
392,1256,2026-04-07,Shipped,14128
393,57,2025-11-01,Shipped,45061
394,922,2025-09-26,Delivered,18699
395,1498,2026-06-04,Shipped,24706
396,2153,2025-06-25,Delivered,71601
397,665,2025-10-29,Shipped,61782
398,2932,2026-03-16,Shipped,61254
399,2281,2025-09-09,Processing,5552
400,1686,2025-11-25,Delivered,35318
401,2084,2025-03-27,Processing,36707
402,2439,2025-07-14,Delivered,76314
403,2330,2025-08-07,Processing,16694
404,2761,2026-03-20,Processing,3038
405,1732,2025-04-05,Shipped,24496
406,2559,2025-05-06,Delivered,58300
407,1887,2026-01-05,Processing,89532
408,2162,2025-09-03,Shipped,56534
409,227,2025-01-13,Delivered,30288
410,1497,2026-01-05,Processing,41267
411,2371,2025-07-01,Delivered,93812
412,1499,2026-03-28,Shipped,74872
413,494,2025-05-09,Processing,26929
414,1175,2025-11-04,Shipped,4049
415,2324,2025-06-29,Shipped,36284
416,1391,2025-05-26,Processing,22066
417,1319,2025-02-26,Shipped,12774
418,2358,2026-04-20,Processing,49835
419,392,2025-02-01,Delivered,3153
420,2515,2025-07-15,Processing,28562
421,261,2025-12-23,Processing,75884
422,2185,2025-08-10,Processing,22138
423,2603,2025-04-27,Shipped,5109
424,86,2025-02-27,Delivered,21310
425,171,2026-01-27,Delivered,31948
426,635,2025-02-17,Delivered,108025
427,364,2026-06-19,Processing,42234
428,840,2025-10-30,Processing,62280
429,696,2026-06-16,Processing,69458
430,2356,2026-01-14,Delivered,16946
431,1429,2025-08-10,Shipped,60985
432,2643,2026-03-29,Delivered,63574
433,2570,2025-09-12,Processing,60540
434,1121,2025-01-16,Processing,2801
435,698,2025-08-23,Shipped,42658
436,1168,2025-01-31,Processing,62847
437,2714,2025-02-07,Delivered,63160
438,2878,2026-05-18,Shipped,22796
439,2762,2026-03-17,Delivered,46546
440,2755,2025-04-10,Delivered,44755
441,311,2025-07-21,Delivered,90020
442,1083,2025-09-15,Delivered,6650
443,2646,2026-03-06,Processing,6235
444,477,2025-02-10,Delivered,23484
445,919,2025-06-25,Delivered,29379
446,1134,2026-06-17,Shipped,24590
447,1241,2025-03-11,Processing,4729
448,1904,2025-11-09,Delivered,105247
449,2451,2026-02-02,Processing,11365
450,2756,2026-06-28,Processing,28163
451,1560,2025-01-24,Processing,37759
452,711,2026-03-27,Processing,37102
453,2598,2025-10-12,Delivered,65174
454,109,2025-10-09,Shipped,13324
455,2627,2025-08-24,Delivered,37726
456,770,2026-01-13,Shipped,52861
457,1337,2026-05-15,Shipped,27860
458,1551,2025-10-31,Shipped,18130
459,21,2025-05-02,Delivered,35469
460,1362,2025-05-03,Processing,58879
461,2264,2025-10-20,Shipped,35272
462,52,2025-02-20,Shipped,12288
463,1629,2026-05-05,Delivered,70886
464,888,2026-03-30,Processing,24631
465,1571,2025-10-04,Delivered,42886
466,287,2025-09-30,Processing,24505
467,1681,2026-05-02,Shipped,24857
468,2440,2026-05-29,Delivered,33350
469,2706,2025-07-05,Delivered,38680
470,2258,2025-09-08,Delivered,20698
471,2385,2025-05-08,Delivered,44566
472,2913,2025-08-31,Delivered,42063
473,2947,2025-02-04,Processing,18098
474,53,2025-07-12,Processing,4306
475,1745,2025-03-29,Delivered,47938
476,350,2025-04-14,Shipped,9271
477,2044,2025-11-28,Delivered,58878
478,1750,2026-06-14,Delivered,92721
479,442,2025-01-05,Processing,27914
480,698,2026-03-15,Processing,35440
481,562,2026-02-23,Processing,25314
482,375,2025-06-22,Processing,49312
483,878,2025-10-11,Processing,15528
484,438,2025-06-15,Delivered,42746
485,2332,2026-04-27,Delivered,64990
486,2397,2026-02-12,Shipped,65626
487,1944,2025-05-11,Shipped,9722
488,2515,2026-06-18,Delivered,67464
489,2062,2026-05-15,Processing,53517
490,844,2025-01-21,Processing,83294
491,2968,2025-03-07,Processing,14195
492,627,2026-06-10,Delivered,46560
493,1247,2026-02-08,Delivered,3614
494,1228,2025-03-02,Processing,35438
495,2572,2026-03-13,Delivered,27179
496,2009,2025-07-27,Processing,65674
497,1272,2026-06-22,Delivered,4010
498,2194,2026-04-04,Processing,89424
499,1049,2025-11-07,Delivered,53016
500,942,2025-07-05,Delivered,30388
501,179,2025-01-08,Shipped,33858
502,509,2025-02-12,Delivered,37309
503,1323,2025-05-13,Shipped,5533
504,575,2025-02-03,Delivered,45474
505,1894,2025-07-04,Shipped,70159
506,2277,2025-04-29,Delivered,53307
507,2083,2025-10-18,Delivered,26042
508,2311,2025-04-10,Delivered,11930
509,1566,2025-04-20,Delivered,22985
510,812,2025-01-28,Delivered,18555
511,1670,2025-06-01,Processing,44894
512,1852,2025-08-25,Delivered,14049
513,2711,2025-11-10,Processing,81011
514,216,2025-01-17,Delivered,33301
515,1886,2025-03-18,Processing,36186
516,544,2025-06-21,Processing,7245
517,1170,2026-03-30,Shipped,40172
518,648,2026-02-25,Processing,58890
519,467,2025-04-18,Shipped,47714
520,2367,2025-08-09,Delivered,47659
521,1902,2026-05-14,Shipped,41295
522,360,2025-06-11,Delivered,68777
523,957,2025-12-12,Delivered,17609
524,2698,2025-04-03,Shipped,32556
525,2213,2025-11-22,Processing,18378
526,1516,2025-06-17,Delivered,71106
527,41,2025-06-20,Delivered,29996
528,2274,2025-03-02,Processing,46456
529,142,2026-03-03,Delivered,50659
530,1348,2025-03-20,Shipped,9282
531,1927,2025-07-17,Shipped,46122
532,809,2025-12-22,Delivered,53160
533,1442,2025-10-21,Shipped,22127
534,1268,2026-01-14,Processing,35689
535,2080,2025-08-29,Shipped,54767
536,377,2025-05-06,Processing,15388
537,1064,2025-10-19,Processing,54746
538,2509,2025-08-01,Shipped,36199
539,2889,2026-02-07,Shipped,36018
540,1385,2026-03-10,Processing,108428
541,429,2025-08-26,Shipped,26057
542,2992,2025-09-24,Delivered,25825
543,16,2025-11-19,Processing,32538
544,708,2026-05-24,Delivered,42302
545,2421,2026-01-21,Shipped,62491
546,2174,2025-08-05,Delivered,4725
547,2827,2026-03-29,Shipped,33106
548,2188,2026-06-01,Delivered,13916
549,1861,2025-03-28,Delivered,41474
550,1366,2025-09-11,Shipped,8968
551,169,2026-06-30,Shipped,10318
552,2802,2025-11-07,Processing,58202
553,2826,2026-03-03,Shipped,49294
554,2480,2025-08-29,Delivered,16226
555,468,2026-05-16,Shipped,44581
556,2449,2025-04-30,Delivered,20884
557,530,2025-03-04,Delivered,23572
558,2748,2025-10-05,Processing,81652
559,2294,2025-04-18,Shipped,55863
560,2829,2025-12-23,Processing,74423
561,2659,2025-06-30,Shipped,8579
562,2849,2025-11-02,Processing,3080
563,2283,2025-11-12,Shipped,50519
564,1738,2026-04-26,Delivered,87437
565,2511,2025-08-17,Processing,23608
566,2752,2026-01-12,Processing,24628
567,983,2025-06-29,Delivered,26526
568,335,2025-08-26,Delivered,22480
569,1775,2025-07-29,Delivered,72509
570,999,2026-02-28,Delivered,20272
571,1464,2025-03-06,Processing,1342
572,2692,2026-06-06,Delivered,35177
573,2891,2025-03-09,Delivered,31324
574,1725,2025-11-04,Shipped,11442
575,2991,2025-10-30,Processing,40904
576,2281,2025-06-22,Shipped,21885
577,2329,2025-01-03,Shipped,58605
578,2381,2025-01-20,Shipped,39774
579,584,2026-03-27,Processing,26986
580,1369,2025-12-31,Processing,35488
581,2667,2026-02-22,Delivered,17200
582,117,2025-07-14,Delivered,43696
583,2618,2025-10-24,Processing,101998
584,2732,2026-03-30,Shipped,44714
585,201,2025-03-14,Shipped,56378
586,2756,2025-01-31,Shipped,25914
587,2653,2026-03-29,Delivered,25378
588,396,2025-12-08,Shipped,64490
589,911,2025-12-06,Processing,56248
590,855,2025-02-17,Processing,43493
591,117,2025-06-17,Delivered,35302
592,1622,2025-07-12,Processing,8783
593,2319,2025-04-30,Shipped,9440
594,826,2025-11-09,Processing,22267
595,1544,2025-09-06,Processing,19953
596,852,2025-08-14,Processing,23115
597,2242,2026-06-30,Shipped,35718
598,212,2026-02-21,Processing,9410
599,1176,2025-06-27,Processing,20506
600,2534,2025-10-15,Delivered,30478
601,2203,2025-09-28,Delivered,27533
602,2940,2025-07-30,Processing,72285
603,1221,2025-08-22,Delivered,37484
604,1539,2025-07-31,Delivered,17240
605,1715,2026-04-01,Delivered,71045
606,532,2025-02-04,Processing,14472
607,1542,2025-02-10,Shipped,26254
608,2135,2025-02-21,Shipped,28782
609,2117,2025-08-12,Processing,58598
610,601,2026-01-12,Delivered,71836
611,2781,2025-11-16,Delivered,7683
612,2710,2026-06-04,Shipped,59437
613,923,2025-11-18,Delivered,4103
614,336,2026-03-13,Processing,32896
615,1577,2026-05-25,Delivered,16229
616,2069,2026-05-17,Shipped,12903
617,2569,2025-04-07,Delivered,67948
618,720,2025-08-15,Shipped,6529
619,2505,2025-07-04,Processing,29626
620,2495,2025-11-05,Shipped,81873
621,2786,2025-07-18,Processing,40663
622,1287,2025-03-11,Shipped,30958
623,2798,2026-02-23,Delivered,57786
624,1827,2026-05-26,Delivered,18954
625,165,2026-06-25,Delivered,97564
626,1723,2025-12-27,Shipped,81061
627,1421,2025-01-02,Shipped,19112
628,368,2025-05-08,Processing,21937
629,316,2026-04-02,Delivered,24845
630,2021,2025-11-03,Shipped,25306
631,762,2025-02-05,Processing,19718
632,1102,2025-04-15,Shipped,24640
633,2688,2026-03-08,Processing,24832
634,2541,2025-06-08,Delivered,31406
635,2093,2025-11-17,Delivered,46800
636,1320,2025-06-15,Processing,44950
637,2755,2025-01-06,Shipped,38826
638,1625,2025-07-01,Processing,39381
639,770,2025-10-10,Delivered,27802
640,2575,2025-02-12,Shipped,18612
641,2216,2026-06-14,Shipped,53118
642,1590,2025-11-29,Processing,87348
643,2818,2025-01-13,Delivered,91320
644,259,2025-08-28,Shipped,62397
645,1776,2025-07-24,Shipped,5807
646,287,2025-04-12,Processing,73195
647,1268,2025-05-31,Delivered,10965
648,700,2025-11-22,Shipped,22706
649,294,2025-08-01,Delivered,12778
650,695,2025-12-05,Processing,84419
651,1256,2025-07-01,Shipped,46864
652,2779,2025-02-07,Processing,11557
653,2194,2026-01-24,Processing,12071
654,2774,2025-04-03,Delivered,19270
655,1933,2026-05-05,Shipped,44449
656,2657,2025-12-05,Processing,64216
657,1402,2026-04-05,Processing,41342
658,2390,2025-12-09,Shipped,12621
659,1539,2026-05-09,Processing,82092
660,1349,2026-05-09,Processing,52898
661,94,2026-05-04,Shipped,31605
662,1803,2025-08-22,Shipped,15398
663,1539,2025-06-19,Processing,3060
664,1660,2025-07-08,Processing,66866
665,730,2026-06-07,Delivered,37216
666,1604,2025-04-16,Processing,48187
667,423,2025-11-30,Processing,49900
668,79,2026-03-10,Delivered,12307
669,659,2026-03-25,Shipped,41122
670,1079,2025-02-09,Processing,49144
671,1065,2026-04-13,Processing,10882
672,1465,2026-04-18,Processing,27590
673,1357,2026-03-25,Shipped,6442
674,291,2025-11-14,Shipped,35110
675,2903,2025-07-17,Shipped,16939
676,1861,2025-07-09,Delivered,13407
677,222,2025-03-20,Delivered,19528
678,1412,2025-04-01,Delivered,60858
679,2581,2025-11-13,Shipped,30008
680,391,2025-05-04,Shipped,39852
681,1713,2025-10-28,Shipped,9941
682,2718,2025-11-15,Processing,52453
683,2241,2026-02-05,Shipped,53288
684,1008,2026-02-28,Delivered,7241
685,426,2025-09-06,Delivered,35260
686,2109,2026-04-15,Processing,78966
687,403,2026-04-26,Processing,61466
688,1010,2025-11-28,Processing,17120
689,944,2026-06-23,Delivered,38028
690,128,2026-05-29,Shipped,17740
691,2438,2025-11-22,Processing,62071
692,2152,2026-02-19,Delivered,17540
693,2939,2026-05-30,Delivered,6315
694,1776,2025-08-15,Delivered,21900
695,380,2026-05-18,Delivered,25320
696,2557,2025-07-19,Shipped,22637
697,1011,2025-10-18,Processing,50790
698,107,2026-02-28,Processing,75538
699,1522,2025-02-21,Processing,74678
700,2598,2025-05-13,Delivered,19848
701,675,2026-05-29,Shipped,67506
702,2172,2025-08-20,Delivered,31548
703,2098,2025-09-02,Processing,13097
704,1429,2025-07-26,Shipped,7874
705,1184,2025-01-24,Shipped,24339
706,2810,2025-02-11,Shipped,25015
707,15,2026-01-29,Shipped,44084
708,2602,2025-12-03,Delivered,89907
709,2392,2026-01-24,Delivered,45360
710,1151,2026-02-28,Delivered,30568
711,859,2025-07-07,Shipped,52768
712,367,2026-02-25,Shipped,86069
713,2885,2025-07-15,Delivered,52324
714,348,2026-06-05,Processing,76827
715,2324,2025-01-07,Delivered,64166
716,572,2026-05-06,Processing,20973
717,2752,2025-09-07,Processing,8828
718,781,2025-07-09,Processing,15279
719,2299,2025-10-21,Shipped,51766
720,1136,2025-01-18,Shipped,60368
721,1153,2026-03-14,Processing,13182
722,2648,2025-08-13,Shipped,36142
723,1240,2025-02-22,Processing,80227
724,205,2025-05-10,Delivered,60346
725,2078,2026-04-15,Shipped,35791
726,2135,2025-01-21,Shipped,22473
727,1762,2025-11-28,Processing,1168
728,4,2025-12-11,Delivered,76321
729,1919,2026-06-01,Shipped,15727
730,2957,2025-10-12,Processing,18002
731,900,2025-01-20,Processing,13928
732,1247,2026-06-04,Shipped,42762
733,1578,2026-04-01,Shipped,5159
734,910,2025-01-28,Delivered,36796
735,2891,2025-05-21,Processing,19127
736,16,2026-03-07,Shipped,23100
737,1885,2025-03-08,Delivered,73860
738,2966,2026-04-04,Delivered,14377
739,1614,2025-08-18,Processing,58409
740,564,2025-03-10,Processing,45702
741,1740,2026-02-06,Processing,50524
742,648,2025-04-13,Delivered,52389
743,389,2025-08-05,Delivered,68908
744,194,2025-06-22,Delivered,47492
745,1937,2025-06-30,Shipped,80097
746,2227,2025-12-08,Processing,30813
747,2638,2026-06-23,Processing,17107
748,1872,2025-01-09,Delivered,6986
749,267,2025-11-23,Processing,45012
750,402,2025-07-25,Processing,64788
751,1888,2025-05-11,Shipped,37953
752,2623,2026-03-15,Delivered,45845
753,1211,2025-04-13,Shipped,37701
754,2141,2025-02-28,Delivered,18348
755,2092,2025-02-23,Shipped,22472
756,2537,2025-05-15,Shipped,3738
757,2577,2026-05-14,Processing,52474
758,2903,2025-04-07,Shipped,16090
759,2396,2025-10-26,Delivered,43022
760,47,2026-02-09,Shipped,43354
761,1323,2026-05-13,Delivered,25258
762,842,2025-04-19,Delivered,31489
763,1936,2026-01-08,Processing,24590
764,2917,2026-05-25,Delivered,71761
765,2949,2025-06-22,Processing,12510
766,1788,2026-06-25,Shipped,18360
767,2208,2025-03-24,Processing,19000
768,1360,2026-02-24,Shipped,25040
769,2232,2025-02-20,Processing,65017
770,1957,2025-07-08,Processing,18146
771,2127,2025-01-01,Processing,29480
772,1780,2025-07-02,Delivered,20282
773,873,2026-02-23,Processing,63606
774,2348,2025-11-21,Processing,31452
775,950,2025-12-10,Shipped,51394
776,2936,2025-10-08,Delivered,43191
777,177,2026-04-26,Shipped,51013
778,2932,2026-04-07,Processing,57771
779,715,2026-04-15,Delivered,92144
780,1646,2026-03-07,Processing,26508
781,2046,2025-08-10,Processing,22284
782,1039,2025-09-07,Delivered,19882
783,2441,2026-05-09,Delivered,2129
784,2331,2026-05-25,Shipped,11142
785,2480,2025-01-13,Processing,19806
786,315,2026-05-29,Delivered,11341
787,634,2025-05-12,Shipped,15964
788,1326,2025-09-24,Delivered,38831
789,2362,2026-06-23,Shipped,71718
790,2323,2025-01-25,Delivered,12876
791,2817,2026-07-03,Processing,19369
792,2882,2026-03-15,Shipped,76750
793,1141,2025-06-11,Shipped,38390
794,2263,2025-01-17,Delivered,59611
795,1000,2026-02-25,Processing,78945
796,1702,2025-02-17,Shipped,9125
797,2621,2025-05-04,Delivered,11681
798,2236,2026-01-07,Processing,60862
799,1669,2025-07-07,Delivered,90442
800,1764,2025-03-20,Processing,59856
801,2610,2026-06-16,Shipped,31586
802,1977,2025-09-18,Shipped,6636
803,2053,2025-07-09,Delivered,38185
804,1752,2025-11-27,Processing,29987
805,866,2026-04-18,Shipped,40779
806,2611,2025-03-04,Shipped,52057
807,2389,2026-07-01,Shipped,43229
808,1917,2025-04-29,Shipped,50176
809,172,2025-03-16,Delivered,54740
810,728,2026-04-06,Delivered,30264
811,726,2025-07-12,Delivered,55654
812,1899,2025-05-30,Delivered,3748
813,2696,2025-07-12,Processing,27357
814,990,2025-10-22,Processing,61858
815,1495,2026-01-12,Processing,25431
816,1148,2025-06-08,Delivered,75451
817,1948,2025-09-25,Processing,23566
818,722,2026-04-20,Delivered,23650
819,592,2025-05-21,Delivered,33554
820,1738,2026-01-18,Processing,42854
821,2679,2025-10-04,Processing,7922
822,2331,2026-06-06,Processing,2828
823,98,2026-06-11,Processing,21059
824,347,2025-09-06,Shipped,9753
825,1162,2026-02-02,Shipped,72162
826,714,2025-12-20,Delivered,21850
827,2120,2026-03-11,Processing,58810
828,1697,2025-05-24,Delivered,52341
829,1818,2026-04-14,Delivered,34684
830,2552,2026-04-23,Shipped,12159
831,2109,2025-06-20,Processing,60318
832,228,2025-09-07,Processing,14194
833,2289,2025-12-08,Delivered,97675
834,2273,2025-06-28,Delivered,60513
835,1915,2025-01-26,Delivered,26436
836,2275,2026-03-13,Processing,34546
837,2172,2025-02-01,Delivered,69740
838,2779,2026-02-22,Processing,43295
839,1595,2025-11-25,Delivered,88257
840,1825,2026-01-02,Shipped,15097
841,2259,2026-03-24,Processing,38801
842,721,2026-03-04,Delivered,9091
843,2298,2025-08-11,Shipped,49214
844,1978,2026-04-09,Shipped,26359
845,2222,2025-12-25,Processing,43035
846,1540,2025-12-27,Processing,16515
847,527,2026-03-16,Processing,40692
848,809,2025-11-30,Shipped,22649
849,2742,2025-02-22,Delivered,35991
850,614,2025-06-19,Delivered,22375
851,950,2025-11-08,Shipped,81610
852,295,2025-01-15,Processing,26900
853,1280,2025-03-09,Shipped,22526
854,665,2025-09-23,Processing,65161
855,527,2025-08-31,Shipped,57259
856,2871,2025-12-12,Shipped,43834
857,424,2025-02-28,Processing,17005
858,1181,2026-01-23,Processing,24789
859,2324,2026-02-22,Shipped,29330
860,2769,2025-10-02,Processing,30998
861,1153,2026-04-25,Shipped,23659
862,443,2025-05-28,Delivered,41210
863,432,2025-01-14,Shipped,11637
864,2136,2025-06-20,Processing,44714
865,2961,2025-02-03,Processing,41262
866,435,2025-02-20,Processing,32606
867,1220,2025-06-10,Delivered,6446
868,1526,2025-03-11,Delivered,30533
869,1861,2025-07-09,Shipped,77648
870,2592,2025-10-31,Processing,22082
871,2527,2025-08-01,Delivered,2185
872,237,2026-03-20,Shipped,80450
873,2163,2025-12-19,Processing,3646
874,386,2026-02-13,Delivered,55136
875,1940,2026-01-21,Delivered,15776
876,2968,2026-04-14,Processing,23235
877,465,2025-11-29,Delivered,22207
878,2200,2025-01-11,Processing,6742
879,175,2025-08-28,Processing,17733
880,682,2025-12-25,Delivered,45158
881,820,2025-10-21,Shipped,42442
882,1518,2025-12-24,Delivered,67753
883,1633,2026-07-01,Processing,31139
884,1770,2025-01-12,Delivered,27686
885,955,2025-08-07,Shipped,15190
886,616,2025-10-17,Processing,32773
887,554,2025-03-22,Delivered,32743
888,199,2025-02-08,Delivered,52894
889,2587,2026-05-07,Delivered,7797
890,1090,2025-08-21,Delivered,61485
891,1280,2026-06-09,Shipped,45881
892,50,2025-09-18,Processing,48404
893,2310,2025-07-15,Delivered,20140
894,363,2026-03-17,Processing,1215
895,2337,2026-01-23,Processing,41682
896,2718,2025-08-24,Shipped,58733
897,1998,2025-02-05,Delivered,23418
898,1787,2026-05-09,Shipped,34040
899,2130,2025-03-06,Processing,6291
900,1088,2026-04-20,Processing,60831
901,1796,2026-05-31,Delivered,64870
902,2395,2025-05-20,Delivered,66628
903,2935,2025-01-16,Processing,21922
904,1057,2026-05-27,Delivered,60297
905,2421,2025-06-23,Delivered,22442
906,730,2026-02-27,Shipped,79361
907,2756,2025-06-23,Shipped,10151
908,1060,2026-04-13,Processing,26961
909,2977,2026-03-04,Shipped,72379
910,1627,2025-05-30,Shipped,49177
911,1956,2025-08-18,Shipped,32079
912,1055,2025-03-25,Processing,46172
913,2916,2026-06-17,Delivered,54069
914,650,2025-02-28,Processing,73810
915,2536,2025-07-10,Processing,74510
916,1565,2025-08-05,Delivered,73126
917,2969,2026-05-18,Processing,38248
918,648,2025-12-05,Delivered,49106
919,898,2025-08-19,Processing,32044
920,2424,2025-05-28,Processing,43210
921,2395,2025-06-01,Processing,76370
922,232,2026-06-22,Shipped,36388
923,2682,2025-07-30,Shipped,42115
924,1149,2026-05-11,Shipped,21301
925,1127,2026-02-17,Shipped,38189
926,127,2025-08-08,Processing,68827
927,963,2026-01-12,Delivered,67650
928,397,2025-04-14,Processing,35068
929,384,2026-02-23,Shipped,64534
930,2132,2025-12-15,Processing,45402
931,745,2026-02-04,Shipped,77967
932,1848,2025-10-01,Processing,29036
933,2509,2025-10-23,Delivered,59047
934,2471,2026-06-04,Delivered,21402
935,2242,2025-11-15,Shipped,19476
936,749,2026-01-29,Shipped,8685
937,2838,2025-11-06,Shipped,19270
938,430,2025-05-23,Processing,49148
939,795,2025-10-17,Delivered,41953
940,1349,2025-12-27,Shipped,2995
941,2762,2025-02-16,Shipped,18210
942,1913,2025-09-08,Delivered,16178
943,664,2026-05-17,Processing,8633
944,847,2025-12-09,Delivered,5428
945,612,2026-03-01,Delivered,10986
946,2971,2025-01-13,Shipped,55234
947,506,2026-02-28,Shipped,61796
948,1730,2025-10-12,Delivered,5386
949,1375,2026-01-13,Processing,18615
950,2621,2026-05-12,Shipped,66030
951,2967,2026-04-25,Shipped,5400
952,2619,2025-04-14,Delivered,61800
953,1045,2025-03-12,Processing,8090
954,1828,2026-05-04,Delivered,27720
955,1958,2025-08-28,Delivered,9084
956,1919,2026-02-20,Shipped,33136
957,1853,2025-03-16,Shipped,39882
958,2709,2025-03-21,Delivered,29896
959,1068,2025-06-21,Delivered,50534
960,667,2026-05-23,Processing,30315
961,414,2025-01-19,Processing,6713
962,396,2025-09-29,Delivered,18034
963,1175,2025-02-22,Processing,62342
964,1301,2025-02-23,Delivered,56374
965,616,2025-11-14,Delivered,36779
966,2485,2026-04-01,Processing,29796
967,83,2025-08-06,Shipped,30319
968,258,2026-07-05,Delivered,43508
969,2680,2025-08-31,Processing,35598
970,2095,2025-09-07,Shipped,52013
971,289,2025-02-01,Shipped,58606
972,2474,2025-11-14,Processing,54344
973,946,2025-05-17,Shipped,22576
974,502,2025-10-26,Shipped,66434
975,1695,2025-10-10,Delivered,78396
976,231,2025-05-31,Shipped,27357
977,686,2025-01-09,Processing,7600
978,441,2025-05-05,Delivered,55898
979,2279,2025-07-31,Processing,44732
980,1567,2025-02-12,Delivered,38877
981,2559,2025-01-19,Shipped,10053
982,646,2025-03-11,Shipped,17358
983,1170,2025-02-14,Processing,38445
984,966,2025-06-07,Shipped,35235
985,1481,2025-07-06,Processing,68874
986,616,2025-06-17,Delivered,19875
987,185,2025-08-08,Shipped,55828
988,2795,2025-03-18,Shipped,13802
989,1177,2025-01-11,Processing,12986
990,1052,2025-08-22,Shipped,26218
991,1355,2025-12-04,Delivered,24926
992,1934,2025-02-01,Shipped,84798
993,1776,2026-05-08,Shipped,20286
994,631,2025-03-11,Shipped,62333
995,1305,2026-04-01,Shipped,6648
996,2009,2025-01-20,Processing,27338
997,817,2025-10-18,Delivered,40005
998,2247,2025-07-19,Processing,65789
999,1579,2025-08-17,Shipped,58309
1000,2848,2026-01-12,Shipped,31675
1001,1247,2026-01-05,Delivered,13588
1002,2099,2026-03-01,Processing,16150
1003,1314,2026-02-22,Shipped,26456
1004,1599,2025-10-07,Delivered,62463
1005,809,2025-05-12,Delivered,36213
1006,436,2025-11-11,Delivered,15611
1007,1008,2025-09-12,Delivered,36932
1008,2520,2025-04-22,Delivered,51240
1009,1526,2026-06-11,Shipped,42384
1010,2272,2026-07-05,Processing,42352
1011,1493,2025-05-30,Shipped,46801
1012,217,2026-03-11,Delivered,37034
1013,1436,2026-01-06,Processing,68524
1014,118,2025-12-20,Shipped,37501
1015,336,2025-10-25,Shipped,38607
1016,2492,2025-04-25,Delivered,17408
1017,64,2026-02-24,Delivered,33262
1018,170,2025-12-01,Processing,5268
1019,2488,2025-01-06,Shipped,46124
1020,7,2026-04-05,Delivered,58621
1021,1170,2025-02-25,Delivered,24971
1022,1252,2025-11-16,Delivered,69983
1023,1837,2025-04-27,Shipped,32308
1024,948,2026-02-06,Shipped,10340
1025,257,2025-03-16,Processing,18349
1026,2053,2026-02-24,Processing,51511
1027,2120,2025-07-21,Shipped,32993
1028,606,2026-02-01,Delivered,38924
1029,567,2025-12-18,Delivered,28330
1030,476,2025-05-29,Delivered,51050
1031,2703,2025-01-07,Shipped,64855
1032,1572,2025-02-10,Shipped,24130
1033,2856,2026-02-21,Processing,27384
1034,912,2025-12-10,Delivered,22541
1035,415,2026-02-14,Shipped,72727
1036,650,2025-02-11,Delivered,24180
1037,2551,2026-02-18,Shipped,24978
1038,1337,2026-01-30,Processing,30251
1039,2681,2025-05-25,Processing,48122
1040,1114,2026-05-23,Shipped,60320
1041,2515,2025-03-24,Shipped,18305
1042,1925,2025-08-16,Processing,9306
1043,236,2025-05-16,Processing,46876
1044,1544,2025-10-14,Processing,88552
1045,1012,2026-04-02,Shipped,46403
1046,807,2025-03-14,Shipped,59694
1047,1581,2025-10-09,Processing,8956
1048,2064,2025-10-07,Delivered,71822
1049,635,2025-10-19,Shipped,52064
1050,1174,2025-12-05,Delivered,39202
1051,2729,2025-08-31,Delivered,18056
1052,2764,2026-06-05,Processing,27296
1053,984,2025-05-06,Processing,47693
1054,751,2025-07-29,Processing,46657
1055,2485,2025-04-23,Processing,56286
1056,1237,2025-07-01,Delivered,76913
1057,2094,2026-02-12,Shipped,3977
1058,717,2025-01-07,Delivered,40000
1059,2514,2026-02-26,Processing,6307
1060,809,2026-06-16,Delivered,19121
1061,2810,2026-05-03,Processing,17478
1062,1737,2026-02-20,Processing,40650
1063,289,2025-01-23,Shipped,920
1064,2342,2026-04-17,Delivered,35128
1065,1156,2025-05-14,Shipped,41155
1066,2406,2025-05-16,Processing,45857
1067,916,2025-01-28,Shipped,33970
1068,1055,2025-03-28,Shipped,32784
1069,988,2026-06-04,Processing,33703
1070,1864,2025-05-23,Delivered,89108
1071,525,2026-03-27,Processing,66706
1072,2529,2025-09-10,Processing,19684
1073,1495,2025-05-22,Processing,22945
1074,1048,2025-07-21,Processing,56429
1075,49,2025-03-30,Shipped,45550
1076,1919,2025-05-17,Delivered,72562
1077,2884,2025-09-14,Shipped,24651
1078,2783,2026-06-12,Shipped,32967
1079,433,2026-03-11,Shipped,35026
1080,2941,2026-04-05,Processing,26647
1081,641,2026-04-25,Delivered,7750
1082,1291,2026-03-22,Delivered,39090
1083,1094,2025-02-28,Processing,61319
1084,1091,2025-02-09,Shipped,55300
1085,150,2025-01-22,Shipped,49128
1086,1024,2025-08-24,Shipped,73233
1087,2749,2025-02-19,Delivered,34705
1088,361,2026-01-17,Delivered,24236
1089,703,2026-05-09,Shipped,26242
1090,2499,2025-09-07,Delivered,42478
1091,1598,2025-10-12,Processing,47469
1092,534,2025-09-28,Delivered,17973
1093,1939,2025-03-16,Delivered,30612
1094,1402,2025-08-25,Shipped,104144
1095,560,2025-05-30,Processing,36776
1096,439,2025-01-18,Shipped,31100
1097,1082,2025-12-31,Processing,59589
1098,926,2025-02-14,Delivered,14910
1099,1744,2025-03-15,Shipped,69067
1100,1164,2025-11-30,Delivered,20460
1101,1315,2026-03-15,Delivered,88564
1102,2164,2026-05-09,Processing,17911
1103,789,2026-02-20,Shipped,3457
1104,170,2025-06-23,Delivered,8827
1105,893,2026-04-02,Processing,43714
1106,2148,2025-05-20,Processing,39286
1107,594,2026-04-30,Delivered,66110
1108,386,2026-06-28,Processing,67637
1109,2527,2025-06-12,Shipped,21083
1110,1813,2025-07-17,Delivered,5973
1111,1794,2025-08-20,Processing,78267
1112,2086,2025-10-31,Shipped,76141
1113,2534,2025-02-04,Delivered,60758
1114,2061,2025-09-19,Processing,60923
1115,1654,2025-11-13,Delivered,14892
1116,983,2025-10-24,Processing,25804
1117,2062,2025-04-07,Delivered,74619
1118,2936,2025-03-23,Shipped,36200
1119,1811,2025-10-11,Shipped,31614
1120,430,2026-05-13,Delivered,36707
1121,2851,2026-04-05,Shipped,67401
1122,2887,2025-02-16,Shipped,22555
1123,2939,2025-07-20,Delivered,31279
1124,557,2026-03-26,Shipped,59382
1125,1726,2025-06-30,Delivered,34109
1126,1191,2026-04-06,Processing,74480
1127,2257,2026-06-16,Processing,12117
1128,1157,2025-08-30,Shipped,64340
1129,1867,2026-03-21,Shipped,65357
1130,1818,2025-01-15,Delivered,27678
1131,2478,2025-04-02,Processing,60670
1132,2273,2026-02-13,Delivered,77064
1133,555,2026-02-23,Delivered,18810
1134,2546,2025-10-19,Delivered,18728
1135,34,2025-05-19,Delivered,36712
1136,283,2025-10-07,Shipped,45605
1137,593,2025-08-26,Delivered,13752
1138,1875,2025-03-11,Shipped,10334
1139,1407,2025-06-30,Processing,45134
1140,14,2025-01-28,Delivered,3666
1141,2678,2025-03-07,Processing,51132
1142,2895,2025-04-19,Shipped,16815
1143,1664,2026-02-05,Delivered,1560
1144,1627,2025-05-07,Shipped,100541
1145,503,2025-03-15,Processing,10158
1146,380,2025-08-02,Shipped,28890
1147,2815,2026-06-23,Delivered,72872
1148,2630,2025-07-19,Processing,66672
1149,2222,2025-11-03,Delivered,67487
1150,1868,2025-12-31,Delivered,17583
1151,1629,2026-06-02,Processing,40954
1152,923,2025-12-22,Processing,87036
1153,2747,2026-06-11,Delivered,17276
1154,546,2025-06-11,Shipped,57113
1155,2470,2025-08-08,Processing,23942
1156,2472,2025-03-05,Processing,34216
1157,2483,2025-01-19,Processing,57176
1158,346,2026-04-11,Shipped,91454
1159,1264,2025-08-03,Processing,61117
1160,2277,2025-06-15,Processing,31154
1161,2990,2025-06-22,Delivered,24416
1162,1865,2026-06-29,Processing,72689
1163,1775,2025-03-08,Processing,4522
1164,753,2025-02-28,Shipped,44259
1165,2328,2026-05-22,Processing,55579
1166,1595,2025-01-23,Delivered,9079
1167,1772,2025-04-04,Shipped,13050
1168,1558,2025-03-31,Delivered,47585
1169,1135,2026-05-28,Processing,37060
1170,1270,2026-02-19,Shipped,62971
1171,1189,2025-10-30,Delivered,76185
1172,346,2025-04-07,Shipped,39476
1173,1501,2025-01-15,Shipped,75525
1174,203,2025-10-20,Processing,49084
1175,865,2025-06-22,Processing,9496
1176,160,2025-09-22,Processing,51448
1177,171,2025-03-23,Shipped,41274
1178,2425,2026-05-06,Shipped,31086
1179,1851,2025-09-06,Shipped,15469
1180,576,2025-08-25,Processing,65330
1181,1790,2025-11-20,Processing,34906
1182,1275,2025-10-14,Delivered,33952
1183,1985,2025-06-03,Shipped,20622
1184,556,2025-07-12,Processing,45630
1185,1610,2025-09-16,Delivered,18162
1186,1131,2025-08-17,Delivered,15236
1187,2246,2025-03-14,Shipped,45288
1188,1702,2025-09-09,Shipped,15892
1189,2197,2026-04-18,Shipped,59008
1190,1994,2025-10-15,Shipped,52648
1191,2598,2026-02-03,Shipped,10050
1192,1100,2025-12-25,Processing,62840
1193,2461,2025-06-08,Shipped,32438
1194,2434,2025-09-26,Shipped,66112
1195,674,2025-03-20,Processing,38566
1196,947,2025-03-13,Delivered,31420
1197,1047,2025-06-08,Delivered,33097
1198,1019,2026-04-16,Shipped,19012
1199,929,2026-03-21,Delivered,16036
1200,2209,2025-05-25,Shipped,54101
1201,17,2026-06-08,Shipped,34506
1202,1449,2025-10-03,Processing,51156
1203,2309,2026-05-07,Shipped,31081
1204,2618,2025-12-19,Delivered,66802
1205,2785,2025-10-30,Processing,50380
1206,2923,2026-03-19,Delivered,17645
1207,858,2026-02-28,Delivered,26056
1208,2500,2026-05-21,Delivered,42670
1209,91,2026-05-14,Delivered,44712
1210,2407,2025-07-16,Delivered,18117
1211,879,2025-04-17,Delivered,7627
1212,2764,2026-02-09,Shipped,3234
1213,2916,2025-11-28,Processing,47057
1214,2921,2025-10-12,Processing,22362
1215,1391,2025-10-19,Delivered,40135
1216,1505,2025-04-02,Delivered,13796
1217,946,2025-11-14,Shipped,10389
1218,2616,2026-02-01,Delivered,11684
1219,2665,2026-03-08,Delivered,45362
1220,2970,2025-01-30,Shipped,12643
1221,2275,2025-10-10,Delivered,8904
1222,1165,2025-09-19,Shipped,14716
1223,58,2025-05-15,Shipped,15784
1224,1867,2025-04-25,Processing,1908
1225,2772,2025-08-12,Processing,20520
1226,94,2026-06-12,Delivered,56336
1227,2320,2025-01-30,Processing,6822
1228,2840,2025-03-25,Delivered,63318
1229,1576,2025-06-30,Processing,84928
1230,500,2025-10-05,Delivered,58602
1231,393,2025-11-19,Processing,95306
1232,544,2026-04-25,Delivered,75768
1233,1297,2026-03-28,Processing,13940
1234,1161,2025-01-22,Delivered,12319
1235,2659,2025-12-16,Processing,51621
1236,1581,2026-06-11,Processing,8944
1237,2686,2025-06-19,Processing,52124
1238,762,2025-06-23,Processing,37928
1239,2209,2025-08-20,Delivered,70542
1240,689,2025-12-24,Processing,26268
1241,1312,2025-08-13,Processing,61598
1242,2403,2026-07-03,Shipped,119570
1243,2322,2025-08-02,Shipped,5232
1244,2466,2025-01-10,Shipped,37901
1245,1631,2025-01-01,Delivered,43170
1246,767,2025-11-14,Delivered,13987
1247,322,2025-07-07,Delivered,69578
1248,999,2025-08-28,Shipped,72783
1249,1008,2026-01-09,Processing,41933
1250,15,2025-01-23,Processing,66556
1251,2328,2025-08-03,Shipped,99243
1252,2385,2025-01-13,Delivered,28992
1253,2336,2026-01-16,Processing,37239
1254,1283,2025-04-15,Shipped,36688
1255,2720,2026-02-21,Delivered,35492
1256,1751,2025-08-04,Processing,2042
1257,1394,2025-08-19,Shipped,63746
1258,2610,2026-06-29,Shipped,22930
1259,2832,2025-08-09,Delivered,40472
1260,2681,2026-04-22,Delivered,33825
1261,757,2026-05-26,Processing,30687
1262,451,2026-04-05,Delivered,5757
1263,81,2025-03-05,Shipped,63208
1264,2368,2025-11-17,Processing,39523
1265,1519,2025-07-05,Shipped,17495
1266,2730,2026-01-20,Processing,14135
1267,1989,2026-07-02,Processing,46116
1268,2039,2026-01-28,Shipped,53755
1269,726,2026-06-14,Processing,80844
1270,2234,2026-01-02,Shipped,48889
1271,332,2026-04-17,Processing,25190
1272,916,2025-03-06,Delivered,5905
1273,2648,2026-06-09,Processing,50100
1274,486,2025-09-29,Shipped,47630
1275,990,2026-02-08,Shipped,8530
1276,14,2026-05-23,Processing,15921
1277,2042,2025-11-25,Delivered,33552
1278,1885,2025-05-05,Shipped,37457
1279,1253,2026-03-12,Shipped,63167
1280,87,2025-08-26,Shipped,33005
1281,1913,2025-07-04,Delivered,61352
1282,1653,2026-05-05,Processing,17924
1283,363,2025-10-29,Shipped,49211
1284,1237,2025-04-04,Shipped,26314
1285,793,2026-03-20,Delivered,72030
1286,2687,2026-04-11,Shipped,45919
1287,1846,2025-05-24,Processing,16820
1288,1737,2026-04-05,Processing,72132
1289,2205,2025-02-13,Shipped,87968
1290,836,2025-09-03,Processing,39213
1291,2570,2025-04-09,Delivered,24585
1292,1494,2025-01-28,Shipped,14215
1293,2310,2025-01-02,Processing,63507
1294,718,2026-03-27,Processing,24417
1295,1732,2026-06-09,Delivered,50615
1296,1355,2026-03-14,Delivered,31990
1297,528,2025-01-04,Delivered,34223
1298,1130,2025-12-06,Delivered,35210
1299,138,2026-03-31,Processing,3108
1300,1369,2025-10-12,Processing,63838
1301,461,2025-03-30,Processing,40028
1302,253,2025-08-20,Processing,27968
1303,1999,2025-04-01,Processing,19682
1304,447,2026-05-31,Processing,49942
1305,262,2025-04-12,Shipped,34259
1306,379,2025-08-16,Shipped,82302
1307,978,2025-01-22,Delivered,43156
1308,2031,2026-02-20,Shipped,8022
1309,2539,2025-09-18,Processing,26200
1310,2207,2025-10-10,Shipped,16777
1311,824,2025-10-05,Processing,45834
1312,298,2025-04-12,Delivered,3890
1313,2208,2025-12-21,Processing,54774
1314,428,2026-02-07,Shipped,12855
1315,2929,2026-01-18,Shipped,63021
1316,2885,2025-03-13,Delivered,3264
1317,511,2026-05-04,Delivered,83872
1318,524,2026-05-27,Delivered,5121
1319,733,2026-06-03,Shipped,29714
1320,2506,2025-09-14,Processing,46892
1321,1339,2026-06-27,Delivered,58176
1322,2997,2026-04-20,Processing,22327
1323,1999,2025-01-18,Shipped,5939
1324,19,2025-01-14,Delivered,17821
1325,532,2025-11-01,Shipped,1116
1326,2048,2025-12-15,Shipped,24179
1327,1073,2025-06-03,Processing,1188
1328,968,2025-10-28,Shipped,39280
1329,2431,2025-09-14,Shipped,16884
1330,2693,2026-02-04,Processing,9741
1331,1516,2025-04-12,Processing,58186
1332,1151,2025-07-13,Shipped,69806
1333,1396,2025-10-17,Processing,16590
1334,598,2026-01-21,Delivered,54399
1335,1218,2025-12-01,Delivered,27864
1336,1500,2025-09-19,Delivered,33039
1337,634,2026-03-14,Delivered,12449
1338,2294,2025-10-21,Processing,77401
1339,2830,2026-05-01,Processing,39778
1340,2515,2025-08-27,Shipped,25314
1341,398,2026-01-03,Shipped,83010
1342,1655,2025-02-04,Processing,12023
1343,705,2026-03-19,Delivered,55068
1344,2603,2025-06-19,Processing,35109
1345,2109,2025-10-11,Shipped,16040
1346,465,2025-05-14,Processing,1746
1347,2277,2025-09-15,Shipped,90508
1348,2342,2026-01-16,Delivered,79664
1349,2679,2026-06-28,Processing,57022
1350,1672,2026-03-15,Delivered,27926
1351,420,2025-08-09,Shipped,47768
1352,1213,2026-01-18,Shipped,79526
1353,989,2025-03-05,Shipped,47924
1354,338,2026-02-19,Shipped,29898
1355,2466,2025-01-08,Delivered,66874
1356,245,2026-03-08,Delivered,4974
1357,1201,2026-01-20,Shipped,14374
1358,1331,2026-04-01,Processing,13284
1359,1578,2026-01-11,Shipped,94350
1360,2471,2025-12-25,Delivered,12668
1361,2273,2026-03-08,Shipped,49909
1362,106,2026-05-11,Shipped,52253
1363,1446,2026-04-24,Processing,20668
1364,1929,2025-01-28,Shipped,2275
1365,2112,2025-02-13,Shipped,13847
1366,2596,2026-02-03,Shipped,22884
1367,1329,2025-04-14,Delivered,19041
1368,222,2025-04-27,Delivered,55465
1369,141,2025-02-21,Shipped,46902
1370,2302,2025-01-10,Processing,36436
1371,2687,2025-02-21,Delivered,54446
1372,511,2026-06-22,Processing,78159
1373,1046,2025-06-08,Delivered,36092
1374,2794,2025-07-04,Shipped,13701
1375,2680,2025-05-07,Shipped,1711
1376,2301,2026-05-10,Delivered,25446
1377,2738,2026-04-03,Shipped,58834
1378,1381,2025-12-15,Delivered,54791
1379,1134,2025-09-05,Delivered,9575
1380,657,2026-01-29,Processing,63436
1381,193,2025-08-26,Delivered,47774
1382,649,2025-10-13,Shipped,35000
1383,746,2025-11-04,Processing,44628
1384,1990,2025-11-03,Processing,25620
1385,2527,2025-03-01,Shipped,46237
1386,2779,2025-04-03,Shipped,57875
1387,2357,2026-03-16,Processing,2944
1388,951,2025-01-15,Processing,22706
1389,396,2025-06-28,Delivered,7618
1390,610,2026-03-19,Shipped,22391
1391,1918,2025-03-20,Processing,32695
1392,2386,2025-01-20,Delivered,4772
1393,2019,2025-03-06,Delivered,23066
1394,440,2025-10-31,Processing,55593
1395,67,2026-04-30,Processing,15464
1396,1842,2026-04-12,Processing,48929
1397,2239,2025-01-08,Processing,8605
1398,291,2025-03-26,Delivered,39961
1399,1517,2026-03-05,Delivered,12098
1400,1163,2025-01-19,Processing,41936
1401,2409,2026-02-17,Shipped,62680
1402,844,2025-10-16,Processing,53716
1403,555,2026-02-10,Shipped,73942
1404,2708,2025-12-06,Shipped,18266
1405,2073,2025-03-27,Delivered,63129
1406,2456,2025-11-17,Shipped,62416
1407,493,2025-06-04,Shipped,22478
1408,226,2025-03-12,Delivered,71561
1409,1734,2025-06-17,Delivered,40724
1410,84,2025-05-08,Processing,5767
1411,572,2026-06-23,Processing,53648
1412,419,2025-09-28,Delivered,32855
1413,1400,2026-04-27,Processing,23268
1414,1603,2026-06-14,Delivered,58211
1415,1468,2026-05-29,Delivered,22212
1416,102,2025-10-07,Delivered,57264
1417,1114,2025-08-03,Processing,87597
1418,476,2026-06-02,Shipped,27246
1419,1897,2026-04-02,Processing,74802
1420,1626,2026-06-23,Delivered,6564
1421,2572,2026-06-26,Delivered,16385
1422,1653,2025-12-17,Shipped,28654
1423,21,2026-03-13,Shipped,35164
1424,2146,2025-01-18,Delivered,27502
1425,377,2025-12-19,Shipped,66024
1426,2209,2025-04-09,Processing,71084
1427,2599,2025-12-26,Delivered,70528
1428,1879,2026-01-07,Delivered,24571
1429,827,2026-05-06,Delivered,93489
1430,840,2025-01-14,Delivered,31549
1431,1326,2025-03-18,Shipped,53432
1432,817,2025-06-11,Processing,73072
1433,32,2025-09-01,Shipped,10566
1434,424,2025-05-26,Shipped,47772
1435,1038,2025-08-07,Processing,73088
1436,1171,2025-09-13,Delivered,22096
1437,542,2025-04-13,Processing,15968
1438,289,2026-03-11,Delivered,52612
1439,2754,2025-10-22,Shipped,21882
1440,2562,2025-03-19,Processing,24113
1441,1588,2025-09-08,Processing,38026
1442,2156,2025-01-08,Delivered,88696
1443,164,2025-09-30,Delivered,9386
1444,1307,2025-12-29,Delivered,54743
1445,486,2025-11-03,Shipped,10353
1446,98,2026-05-15,Shipped,84230
1447,1966,2026-04-17,Processing,21142
1448,1103,2025-03-01,Processing,34474
1449,807,2025-10-02,Shipped,84882
1450,1747,2026-01-19,Delivered,24573
1451,504,2025-01-27,Delivered,45724
1452,790,2025-10-16,Delivered,51636
1453,79,2025-12-01,Delivered,10174
1454,2507,2025-11-03,Processing,45306
1455,2979,2026-01-06,Delivered,112992
1456,225,2025-06-04,Delivered,45138
1457,2789,2025-02-07,Delivered,3006
1458,28,2025-10-15,Shipped,44668
1459,1536,2025-03-21,Delivered,85015
1460,2423,2026-05-23,Shipped,28948
1461,1197,2026-06-11,Shipped,15694
1462,2896,2026-04-08,Processing,16873
1463,1269,2025-02-05,Processing,60645
1464,466,2026-06-30,Shipped,53830
1465,2499,2025-03-22,Shipped,14616
1466,1286,2025-07-12,Delivered,32294
1467,850,2025-07-07,Shipped,14540
1468,428,2025-03-11,Shipped,36884
1469,2703,2025-11-11,Processing,11607
1470,1180,2025-12-28,Shipped,47770
1471,2975,2026-05-24,Shipped,27462
1472,1420,2025-07-22,Processing,1213
1473,2006,2025-11-14,Processing,11938
1474,2229,2026-06-11,Shipped,40440
1475,805,2026-04-09,Processing,20426
1476,2401,2026-01-11,Processing,47691
1477,1536,2025-02-20,Delivered,99062
1478,2137,2026-01-17,Processing,59555
1479,1570,2025-10-03,Delivered,73468
1480,752,2025-05-19,Delivered,15065
1481,308,2026-03-12,Shipped,58565
1482,1988,2025-10-04,Processing,26462
1483,1542,2025-11-06,Delivered,22434
1484,1343,2026-03-03,Shipped,19287
1485,144,2025-02-05,Shipped,14590
1486,2,2025-09-10,Processing,52330
1487,2903,2025-11-02,Shipped,16620
1488,1142,2025-11-07,Shipped,5418
1489,2864,2025-08-17,Delivered,12913
1490,225,2025-12-02,Delivered,13134
1491,1765,2025-08-15,Processing,86729
1492,673,2025-02-20,Delivered,69332
1493,34,2025-02-15,Delivered,18581
1494,2864,2025-07-31,Delivered,6655
1495,660,2026-05-21,Delivered,9506
1496,1152,2025-06-29,Delivered,10029
1497,2970,2026-01-01,Processing,65749
1498,2556,2025-03-10,Processing,63389
1499,2109,2026-03-16,Processing,13932
1500,2580,2025-07-19,Shipped,66833
1501,780,2025-03-21,Processing,4862
1502,1481,2025-12-27,Processing,28974
1503,1899,2025-02-14,Shipped,62928
1504,38,2025-06-09,Delivered,34160
1505,61,2026-05-14,Delivered,66287
1506,600,2025-08-14,Delivered,43861
1507,1082,2025-09-26,Processing,44975
1508,1116,2026-06-16,Delivered,29653
1509,860,2025-03-20,Delivered,10032
1510,2486,2026-03-16,Processing,19175
1511,1175,2026-02-01,Shipped,36261
1512,765,2026-05-01,Delivered,19586
1513,1819,2025-10-13,Shipped,63515
1514,513,2026-03-06,Processing,65116
1515,234,2025-02-05,Delivered,34380
1516,1678,2025-04-01,Shipped,103446
1517,853,2025-05-29,Processing,10094
1518,1624,2026-02-09,Shipped,53926
1519,2626,2025-05-29,Processing,43714
1520,796,2026-05-22,Processing,48627
1521,2049,2025-01-07,Processing,47253
1522,2417,2025-02-03,Delivered,61338
1523,108,2025-02-13,Delivered,52348
1524,499,2025-10-23,Shipped,30068
1525,2076,2025-11-25,Delivered,8738
1526,2428,2025-05-22,Shipped,22332
1527,273,2026-06-09,Delivered,7796
1528,963,2025-07-17,Delivered,41874
1529,2901,2025-02-21,Processing,6622
1530,2893,2025-10-23,Delivered,51511
1531,944,2025-06-24,Delivered,20959
1532,1531,2025-05-11,Shipped,7274
1533,656,2025-11-12,Delivered,9466
1534,1729,2025-08-04,Delivered,26739
1535,2387,2025-09-08,Shipped,46209
1536,1359,2025-11-10,Delivered,22542
1537,2490,2025-05-18,Delivered,41164
1538,543,2025-01-07,Delivered,110744
1539,107,2025-07-19,Shipped,49190
1540,2994,2025-10-05,Processing,87796
1541,2637,2025-07-02,Shipped,68876
1542,1317,2026-01-08,Processing,55084
1543,1051,2025-06-02,Processing,5949
1544,1153,2026-01-15,Processing,24683
1545,715,2025-01-29,Shipped,56240
1546,2389,2025-06-11,Shipped,11856
1547,538,2025-07-22,Delivered,45524
1548,2312,2026-03-12,Delivered,56413
1549,812,2026-03-07,Shipped,44444
1550,1804,2025-03-17,Shipped,38554
1551,1680,2026-01-01,Processing,23990
1552,219,2025-08-15,Delivered,77484
1553,1937,2025-05-04,Shipped,58348
1554,2620,2025-10-02,Processing,17040
1555,2305,2025-04-13,Shipped,52004
1556,2618,2025-08-08,Shipped,70662
1557,1413,2026-03-02,Shipped,52398
1558,607,2026-01-27,Processing,59907
1559,2375,2025-11-08,Shipped,2976
1560,2436,2025-07-30,Shipped,55792
1561,2794,2025-10-26,Delivered,86384
1562,344,2025-10-09,Delivered,27565
1563,2330,2025-06-05,Processing,53250
1564,2671,2025-03-16,Delivered,18551
1565,188,2026-06-09,Processing,21449
1566,2921,2025-04-12,Shipped,59000
1567,126,2026-06-02,Delivered,30466
1568,2957,2026-03-30,Delivered,68230
1569,1872,2026-02-19,Processing,42086
1570,2367,2026-04-03,Processing,43650
1571,319,2025-02-20,Shipped,78421
1572,964,2026-04-14,Delivered,31331
1573,1115,2025-04-19,Processing,54758
1574,525,2025-10-20,Processing,53348
1575,362,2026-03-13,Shipped,50835
1576,1226,2025-08-22,Shipped,49176
1577,397,2025-12-06,Delivered,43712
1578,2411,2026-03-08,Shipped,35316
1579,1966,2025-07-15,Shipped,36004
1580,2554,2025-05-22,Processing,4598
1581,1635,2026-03-29,Delivered,12978
1582,2309,2025-07-30,Delivered,56452
1583,434,2025-01-17,Processing,10761
1584,35,2025-05-22,Shipped,47191
1585,2385,2025-08-30,Delivered,28396
1586,1969,2026-05-20,Processing,73757
1587,485,2026-04-19,Processing,73986
1588,455,2025-12-31,Shipped,64860
1589,1375,2025-10-06,Shipped,48843
1590,2925,2026-03-15,Processing,109922
1591,2940,2025-08-08,Processing,64694
1592,728,2025-09-11,Shipped,91144
1593,2717,2025-05-03,Processing,39393
1594,566,2025-03-28,Shipped,50619
1595,959,2025-03-22,Delivered,54790
1596,601,2025-06-30,Shipped,17561
1597,268,2025-09-20,Shipped,47356
1598,2095,2025-04-07,Processing,5420
1599,1386,2026-03-04,Shipped,53471
1600,964,2025-04-29,Shipped,30154
1601,2775,2026-04-06,Delivered,43011
1602,2269,2025-05-28,Delivered,32604
1603,2496,2025-04-08,Shipped,15263
1604,1125,2025-04-28,Processing,55898
1605,2026,2026-01-15,Delivered,10134
1606,1689,2025-01-11,Delivered,55430
1607,2296,2025-06-28,Processing,18464
1608,2334,2026-04-22,Processing,63288
1609,1439,2025-12-16,Shipped,109328
1610,1005,2026-04-21,Delivered,26676
1611,1287,2025-03-04,Processing,25101
1612,1883,2026-02-26,Processing,1831
1613,764,2026-02-25,Shipped,50711
1614,173,2026-06-04,Processing,30634
1615,2311,2025-04-21,Processing,61011
1616,820,2025-07-13,Delivered,75210
1617,938,2026-06-24,Shipped,23542
1618,1090,2025-04-15,Delivered,77645
1619,2669,2025-06-13,Shipped,34465
1620,477,2025-06-27,Processing,28593
1621,2967,2026-03-31,Shipped,1884
1622,1372,2025-06-11,Shipped,55556
1623,412,2026-03-05,Delivered,4736
1624,2284,2026-03-21,Delivered,91886
1625,1958,2026-03-19,Delivered,57617
1626,1075,2026-03-06,Shipped,28918
1627,1716,2025-11-24,Shipped,25508
1628,797,2025-05-06,Delivered,36744
1629,11,2025-02-05,Delivered,67376
1630,1537,2025-04-15,Shipped,18477
1631,1120,2025-08-09,Processing,43756
1632,1568,2026-04-05,Processing,11659
1633,85,2025-10-13,Delivered,16806
1634,1697,2025-02-24,Shipped,9654
1635,1576,2026-01-08,Processing,6844
1636,828,2026-04-27,Processing,25772
1637,2843,2026-01-09,Delivered,48826
1638,2015,2026-05-06,Delivered,25470
1639,2847,2025-06-30,Delivered,2184
1640,768,2025-01-07,Processing,53212
1641,102,2025-06-29,Processing,45818
1642,1916,2025-09-30,Shipped,37492
1643,1245,2025-07-01,Shipped,49844
1644,2047,2026-06-17,Processing,9626
1645,1613,2025-06-28,Delivered,75324
1646,2901,2026-04-16,Processing,20801
1647,1344,2026-03-01,Shipped,37145
1648,529,2026-02-22,Delivered,75021
1649,1978,2025-03-11,Delivered,15216
1650,2935,2025-07-18,Delivered,75986
1651,609,2025-02-26,Processing,9750
1652,2821,2025-12-06,Shipped,28130
1653,1008,2026-06-24,Shipped,10973
1654,904,2026-02-17,Shipped,30358
1655,1188,2026-06-11,Delivered,36058
1656,1306,2026-06-15,Shipped,43996
1657,1161,2025-09-21,Processing,23899
1658,830,2025-03-21,Shipped,7002
1659,1255,2025-04-23,Delivered,31094
1660,2895,2025-10-29,Shipped,20049
1661,2795,2025-03-04,Processing,104658
1662,279,2025-02-11,Processing,960
1663,2469,2025-02-26,Processing,22773
1664,1228,2026-02-25,Shipped,16385
1665,1656,2026-04-17,Processing,49748
1666,2755,2026-06-21,Processing,24473
1667,2953,2026-05-13,Shipped,33544
1668,946,2025-09-30,Processing,34554
1669,2751,2026-06-10,Shipped,27670
1670,2937,2026-04-15,Delivered,61067
1671,2674,2025-10-11,Delivered,8790
1672,1830,2026-04-06,Processing,67056
1673,719,2026-03-28,Shipped,33459
1674,1154,2025-03-20,Shipped,64166
1675,202,2026-02-07,Delivered,88395
1676,1658,2025-11-27,Processing,47642
1677,1998,2026-05-29,Shipped,32280
1678,2252,2025-04-05,Delivered,16134
1679,1305,2026-05-07,Delivered,4106
1680,2584,2026-06-04,Shipped,47158
1681,1350,2025-11-05,Shipped,66881
1682,742,2025-07-31,Shipped,17669
1683,1353,2026-03-21,Shipped,92387
1684,1565,2026-01-22,Processing,42888
1685,590,2026-04-05,Shipped,21711
1686,2545,2025-11-18,Processing,62458
1687,1808,2025-05-25,Processing,8520
1688,1043,2025-08-22,Delivered,45610
1689,2951,2026-01-15,Processing,65668
1690,8,2026-02-21,Delivered,5898
1691,1697,2025-12-07,Processing,16044
1692,2858,2025-09-08,Processing,38902
1693,149,2026-06-07,Shipped,27437
1694,2506,2026-03-08,Delivered,25032
1695,2779,2026-01-07,Shipped,38364
1696,1161,2026-04-14,Shipped,50518
1697,2922,2025-12-23,Delivered,36199
1698,591,2025-01-13,Shipped,11122
1699,1557,2026-03-28,Delivered,10814
1700,1149,2026-01-19,Delivered,8453
1701,1043,2025-04-09,Delivered,32116
1702,1049,2025-02-26,Delivered,43352
1703,1907,2026-03-16,Shipped,31692
1704,2219,2026-06-12,Shipped,39611
1705,1752,2026-04-14,Processing,60374
1706,311,2026-02-09,Processing,26982
1707,2703,2026-06-17,Processing,44517
1708,575,2026-02-25,Delivered,32342
1709,1923,2025-12-11,Processing,84571
1710,1434,2025-01-14,Shipped,48908
1711,2976,2025-02-16,Delivered,87067
1712,259,2025-05-16,Delivered,49085
1713,2420,2025-12-15,Delivered,44830
1714,2257,2026-01-24,Processing,70640
1715,1060,2025-08-04,Processing,37567
1716,2215,2026-03-19,Shipped,38208
1717,2463,2026-06-29,Shipped,33152
1718,831,2025-06-13,Processing,17228
1719,500,2025-08-05,Delivered,36537
1720,2648,2025-05-30,Shipped,12910
1721,814,2026-03-30,Processing,8636
1722,1496,2026-06-24,Shipped,50862
1723,1226,2025-01-07,Shipped,30360
1724,2539,2025-03-09,Delivered,32836
1725,880,2026-05-28,Processing,52035
1726,1527,2026-05-05,Shipped,28554
1727,1251,2025-11-05,Delivered,13468
1728,1214,2026-05-09,Delivered,10215
1729,2236,2026-02-04,Delivered,53558
1730,704,2025-01-07,Delivered,7996
1731,2798,2025-04-07,Delivered,38443
1732,1930,2025-12-28,Delivered,44794
1733,918,2025-12-13,Processing,27696
1734,1547,2026-06-29,Processing,54187
1735,2670,2025-06-02,Shipped,21146
1736,990,2026-01-31,Delivered,60627
1737,1131,2026-06-17,Delivered,49242
1738,559,2025-10-22,Delivered,59623
1739,823,2025-08-02,Shipped,53781
1740,2738,2025-12-13,Processing,22227
1741,2774,2025-09-28,Delivered,16172
1742,842,2025-07-02,Processing,56310
1743,2335,2025-04-12,Shipped,58559
1744,2199,2025-05-12,Shipped,14190
1745,1192,2026-02-05,Shipped,32158
1746,2090,2025-08-23,Delivered,19874
1747,975,2025-04-18,Delivered,51071
1748,2170,2025-03-13,Delivered,23129
1749,2782,2026-03-24,Shipped,33910
1750,2110,2025-09-21,Shipped,32332
1751,917,2025-06-28,Shipped,41230
1752,1385,2025-03-10,Delivered,77190
1753,36,2025-08-17,Processing,54868
1754,1898,2026-06-04,Processing,123786
1755,1192,2025-11-11,Delivered,52180
1756,1032,2025-09-25,Shipped,58610
1757,86,2025-07-20,Shipped,37098
1758,2034,2026-02-09,Processing,27363
1759,466,2025-03-20,Processing,39624
1760,1131,2025-12-01,Delivered,38782
1761,906,2026-05-01,Processing,3934
1762,1093,2025-02-01,Shipped,29322
1763,2402,2025-12-19,Processing,11725
1764,104,2026-03-17,Shipped,6072
1765,1746,2025-01-01,Shipped,49042
1766,945,2026-04-15,Shipped,29564
1767,1338,2026-04-11,Delivered,50182
1768,2112,2025-08-23,Processing,63220
1769,2827,2026-03-12,Shipped,22326
1770,1315,2025-01-31,Delivered,31156
1771,2481,2025-08-29,Delivered,58434
1772,129,2025-04-28,Processing,72205
1773,993,2025-01-29,Shipped,58977
1774,1968,2025-10-19,Processing,52356
1775,1313,2025-04-05,Shipped,37258
1776,398,2025-12-14,Shipped,39656
1777,2397,2026-04-14,Shipped,31957
1778,2566,2026-04-27,Delivered,4400
1779,243,2025-12-18,Processing,52276
1780,921,2026-06-04,Processing,42382
1781,2309,2025-06-27,Delivered,26358
1782,2055,2026-04-10,Delivered,58307
1783,273,2026-01-29,Processing,28983
1784,1075,2025-12-08,Processing,84862
1785,1875,2025-01-12,Delivered,112276
1786,1664,2026-04-13,Processing,38951
1787,2028,2025-02-23,Shipped,81679
1788,1384,2026-02-24,Shipped,44564
1789,2370,2025-05-11,Shipped,58535
1790,2567,2025-05-17,Shipped,38849
1791,1666,2026-07-02,Delivered,33196
1792,692,2025-07-10,Processing,3270
1793,1081,2025-10-13,Processing,79393
1794,1979,2025-06-22,Shipped,14886
1795,557,2026-02-05,Shipped,43910
1796,462,2026-06-10,Delivered,46235
1797,103,2025-10-04,Delivered,15267
1798,2475,2025-08-07,Delivered,88990
1799,1775,2025-07-12,Processing,51578
1800,1811,2025-06-25,Processing,80226
1801,498,2025-07-23,Processing,52274
1802,350,2025-07-04,Delivered,69180
1803,2769,2026-07-01,Delivered,62116
1804,1177,2025-02-19,Delivered,41173
1805,1270,2026-06-04,Shipped,56205
1806,2825,2026-02-26,Processing,33664
1807,396,2025-07-26,Shipped,2585
1808,2490,2025-01-15,Shipped,24293
1809,307,2026-05-11,Delivered,57698
1810,836,2026-05-09,Shipped,12538
1811,2579,2025-10-17,Delivered,39345
1812,1894,2025-08-07,Processing,81420
1813,2243,2025-02-10,Shipped,16887
1814,2015,2025-09-10,Processing,59972
1815,1075,2025-11-19,Processing,37789
1816,2334,2026-03-15,Shipped,44761
1817,1875,2025-08-17,Delivered,60006
1818,1408,2025-06-20,Processing,35309
1819,2211,2025-10-28,Shipped,78842
1820,1244,2025-10-14,Delivered,14954
1821,1040,2026-04-10,Shipped,62550
1822,1076,2025-02-03,Shipped,65871
1823,2984,2026-06-22,Delivered,11043
1824,2095,2026-06-21,Delivered,32873
1825,1770,2026-02-25,Shipped,9988
1826,35,2025-10-28,Processing,52948
1827,2874,2025-04-18,Processing,16258
1828,1299,2026-01-24,Processing,73542
1829,2994,2025-01-13,Shipped,36713
1830,233,2025-03-03,Processing,6925
1831,2266,2025-03-20,Processing,60392
1832,108,2026-06-20,Shipped,49372
1833,1324,2025-01-28,Shipped,40780
1834,2964,2025-10-08,Delivered,77164
1835,827,2025-09-13,Shipped,30136
1836,1114,2025-06-27,Processing,53292
1837,802,2025-02-16,Shipped,43833
1838,2184,2025-12-06,Processing,27342
1839,2614,2026-04-15,Processing,77831
1840,2113,2025-06-04,Processing,18817
1841,2690,2025-06-26,Shipped,32261
1842,2034,2026-06-15,Shipped,48368
1843,1328,2025-03-12,Delivered,44534
1844,2964,2026-04-06,Shipped,65381
1845,764,2025-11-03,Delivered,39855
1846,2052,2025-08-04,Delivered,20664
1847,299,2026-06-07,Processing,30734
1848,1352,2025-01-07,Shipped,32541
1849,1855,2025-04-14,Shipped,92098
1850,1416,2026-05-27,Shipped,13356
1851,2763,2025-10-30,Shipped,15562
1852,1148,2026-03-28,Processing,2634
1853,220,2026-06-18,Processing,15407
1854,2014,2025-07-07,Processing,71266
1855,81,2025-04-30,Processing,13493
1856,1712,2025-08-11,Delivered,39728
1857,130,2025-09-01,Delivered,13079
1858,2646,2025-10-06,Delivered,70350
1859,179,2025-09-11,Processing,27842
1860,1998,2025-05-24,Processing,33478
1861,350,2026-01-03,Delivered,83712
1862,172,2025-06-12,Shipped,88868
1863,1123,2025-03-04,Shipped,25160
1864,1380,2026-06-14,Processing,37214
1865,1347,2026-05-23,Delivered,27478
1866,2739,2026-03-02,Processing,53560
1867,809,2025-12-19,Shipped,49949
1868,2199,2025-09-26,Delivered,4338
1869,2766,2026-06-21,Processing,48602
1870,1034,2025-12-28,Shipped,68921
1871,1603,2025-06-20,Shipped,46524
1872,739,2026-06-21,Processing,55638
1873,1595,2025-04-23,Processing,57600
1874,2545,2025-11-09,Delivered,29975
1875,1648,2025-12-22,Processing,68454
1876,1465,2026-03-16,Delivered,38606
1877,2993,2025-05-14,Delivered,68124
1878,404,2026-05-01,Delivered,49176
1879,1076,2026-03-03,Processing,22006
1880,1658,2025-12-15,Delivered,41574
1881,852,2025-02-27,Shipped,49273
1882,1872,2025-04-24,Shipped,63708
1883,2620,2025-09-02,Processing,12864
1884,1383,2026-04-27,Delivered,14578
1885,1506,2026-01-16,Delivered,41618
1886,32,2026-01-10,Shipped,12700
1887,905,2026-04-18,Processing,15949
1888,1547,2025-05-24,Processing,16285
1889,1389,2026-03-02,Delivered,78140
1890,2060,2026-06-17,Delivered,34206
1891,6,2025-06-02,Shipped,31410
1892,2460,2025-09-04,Shipped,55532
1893,2894,2026-05-01,Delivered,27324
1894,2124,2025-01-19,Shipped,52479
1895,581,2026-03-23,Delivered,90560
1896,553,2026-01-30,Shipped,45498
1897,1286,2025-09-11,Shipped,40020
1898,1153,2025-12-27,Delivered,20732
1899,1057,2025-03-18,Processing,69484
1900,806,2026-01-17,Processing,21994
1901,1981,2025-12-22,Shipped,24274
1902,2178,2025-06-07,Shipped,6394
1903,2696,2026-02-22,Shipped,15109
1904,2712,2025-08-01,Delivered,49222
1905,2181,2026-04-27,Delivered,38405
1906,628,2025-02-24,Delivered,36664
1907,1073,2025-09-16,Processing,44122
1908,2508,2025-04-20,Shipped,20043
1909,2786,2025-11-04,Shipped,45066
1910,1895,2025-01-03,Shipped,69780
1911,1351,2025-11-27,Shipped,47833
1912,360,2025-03-10,Processing,14602
1913,2155,2026-02-01,Shipped,75425
1914,2062,2025-03-12,Processing,74832
1915,1940,2025-10-07,Processing,44045
1916,166,2025-03-14,Delivered,2823
1917,2433,2025-03-09,Shipped,55781
1918,634,2026-06-24,Processing,66097
1919,92,2025-12-08,Processing,39780
1920,2907,2025-07-13,Shipped,52552
1921,2506,2025-11-30,Shipped,33820
1922,2762,2026-05-27,Shipped,62432
1923,2099,2025-09-24,Shipped,49470
1924,626,2026-06-11,Processing,14850
1925,1688,2025-08-31,Processing,9213
1926,642,2026-06-11,Processing,73540
1927,1807,2025-12-18,Shipped,17347
1928,1116,2026-03-23,Delivered,112950
1929,750,2025-05-28,Delivered,16203
1930,1262,2026-02-27,Processing,15270
1931,2248,2026-01-16,Delivered,32834
1932,500,2026-05-27,Delivered,50327
1933,187,2026-01-18,Shipped,63227
1934,1808,2025-08-26,Processing,24110
1935,1089,2025-03-06,Processing,85760
1936,935,2025-03-03,Processing,53487
1937,2100,2025-07-19,Processing,4683
1938,2965,2026-01-01,Shipped,16773
1939,2672,2025-08-28,Shipped,48722
1940,1254,2025-08-16,Shipped,79278
1941,2817,2025-12-15,Shipped,68424
1942,2489,2025-10-08,Processing,73646
1943,1760,2026-05-28,Processing,81646
1944,1251,2025-07-17,Shipped,18411
1945,1065,2025-05-31,Shipped,71852
1946,794,2026-06-06,Processing,79721
1947,34,2025-04-19,Shipped,31780
1948,1386,2025-12-06,Delivered,21064
1949,1595,2025-10-24,Shipped,73153
1950,2169,2025-09-27,Processing,47625
1951,2800,2025-09-16,Processing,34987
1952,1053,2026-01-24,Shipped,77489
1953,2566,2025-09-25,Shipped,4788
1954,1387,2025-05-06,Delivered,79433
1955,626,2025-01-16,Shipped,90998
1956,2706,2026-04-26,Delivered,24077
1957,2155,2025-02-03,Delivered,2699
1958,1597,2025-10-25,Processing,28372
1959,905,2025-02-24,Delivered,57235
1960,2202,2025-03-07,Delivered,90621
1961,279,2026-04-26,Processing,62040
1962,41,2025-10-25,Processing,16134
1963,1259,2026-05-13,Processing,39790
1964,985,2026-04-13,Delivered,39580
1965,2478,2025-03-04,Delivered,25886
1966,1232,2026-05-08,Shipped,43242
1967,2575,2025-03-12,Delivered,27171
1968,2670,2025-10-30,Shipped,63240
1969,2916,2025-08-30,Processing,40124
1970,2555,2025-08-01,Processing,53946
1971,1551,2025-12-17,Processing,71444
1972,2235,2026-06-22,Delivered,37528
1973,1307,2026-04-26,Shipped,64444
1974,1053,2026-03-05,Processing,16416
1975,819,2025-03-23,Processing,51138
1976,1691,2025-08-13,Processing,12489
1977,1578,2025-11-20,Shipped,59314
1978,1703,2025-02-28,Processing,44970
1979,836,2025-09-09,Shipped,46805
1980,2671,2025-06-26,Processing,27614
1981,1248,2025-04-13,Processing,6359
1982,2162,2026-06-01,Delivered,43264
1983,1597,2025-05-28,Delivered,67262
1984,1790,2025-03-06,Delivered,18190
1985,2826,2025-06-02,Processing,57936
1986,2394,2026-07-03,Shipped,12040
1987,1919,2025-03-15,Delivered,48859
1988,1441,2025-05-02,Processing,26545
1989,857,2026-07-02,Processing,5890
1990,1156,2025-01-03,Processing,48246
1991,1645,2026-03-11,Shipped,29424
1992,661,2026-06-15,Processing,60882
1993,572,2025-09-02,Shipped,22828
1994,1111,2025-06-07,Processing,78652
1995,352,2026-01-28,Processing,8201
1996,624,2025-08-01,Shipped,66929
1997,516,2025-01-04,Delivered,48676
1998,244,2025-04-29,Processing,18788
1999,2427,2026-01-28,Delivered,2277
2000,267,2025-02-07,Delivered,8155
2001,2051,2026-02-12,Shipped,19987
2002,1428,2025-09-19,Delivered,18792
2003,2922,2026-02-18,Shipped,42854
2004,2385,2025-05-08,Delivered,10126
2005,1869,2026-02-07,Processing,29914
2006,1933,2026-01-11,Shipped,27339
2007,2361,2025-10-21,Delivered,14284
2008,1810,2025-12-04,Processing,41227
2009,58,2026-05-20,Delivered,27332
2010,599,2025-11-03,Processing,5331
2011,2347,2026-02-11,Delivered,62016
2012,2022,2025-04-24,Shipped,12725
2013,1330,2026-02-04,Delivered,62552
2014,2156,2025-02-23,Delivered,60510
2015,1906,2025-03-21,Processing,18017
2016,1414,2026-01-20,Delivered,29218
2017,793,2025-11-10,Processing,26121
2018,1164,2025-09-12,Delivered,79883
2019,843,2025-11-15,Delivered,38858
2020,128,2025-07-21,Processing,45287
2021,2654,2025-05-29,Processing,48460
2022,1408,2025-12-15,Shipped,882
2023,2247,2025-04-19,Delivered,26547
2024,2028,2025-02-28,Shipped,57934
2025,2765,2025-04-21,Delivered,48944
2026,2251,2025-12-09,Shipped,22957
2027,1492,2025-03-06,Processing,61240
2028,424,2025-08-30,Delivered,43680
2029,1349,2025-10-08,Delivered,49933
2030,467,2025-08-28,Processing,23576
2031,2165,2026-05-19,Processing,25954
2032,2634,2025-12-13,Delivered,47694
2033,954,2025-02-17,Delivered,35772
2034,1130,2026-07-01,Shipped,11612
2035,2452,2025-07-30,Processing,67447
2036,2065,2025-05-27,Delivered,27566
2037,1962,2026-04-22,Shipped,10670
2038,1143,2026-04-21,Delivered,10148
2039,2919,2025-10-18,Shipped,9665
2040,540,2025-08-16,Delivered,3449
2041,2257,2025-05-13,Shipped,72805
2042,1979,2025-02-07,Processing,5669
2043,340,2026-01-10,Shipped,58722
2044,2255,2026-03-01,Delivered,82782
2045,1870,2026-03-26,Shipped,26119
2046,2030,2025-05-24,Processing,12948
2047,836,2025-12-05,Processing,30259
2048,535,2026-01-24,Shipped,83284
2049,821,2026-01-26,Shipped,56796
2050,1197,2025-12-09,Processing,21312
2051,2534,2025-03-21,Shipped,51203
2052,514,2026-06-13,Processing,36098
2053,603,2025-04-24,Processing,6202
2054,2150,2025-12-05,Delivered,110617
2055,1080,2025-03-14,Processing,55954
2056,2609,2025-01-25,Shipped,11123
2057,43,2025-12-31,Processing,73502
2058,2758,2025-07-05,Shipped,85513
2059,1881,2025-02-02,Shipped,45639
2060,1157,2026-05-05,Shipped,49109
2061,398,2025-06-23,Delivered,11946
2062,1648,2025-07-10,Delivered,24798
2063,1061,2025-07-26,Shipped,56074
2064,99,2025-12-27,Shipped,32006
2065,1388,2026-06-11,Shipped,57132
2066,2414,2025-03-08,Shipped,67116
2067,885,2026-06-13,Shipped,25136
2068,1414,2025-05-16,Delivered,33658
2069,195,2025-06-18,Delivered,77444
2070,2102,2026-01-17,Delivered,30438
2071,1583,2025-11-08,Processing,27899
2072,1897,2025-09-07,Processing,70951
2073,1976,2026-01-19,Processing,6088
2074,1237,2025-01-19,Processing,48584
2075,404,2025-01-30,Shipped,48858
2076,193,2026-07-03,Processing,33696
2077,1160,2026-05-09,Shipped,18890
2078,2458,2025-10-29,Delivered,45066
2079,2007,2025-10-14,Delivered,22651
2080,2797,2025-07-24,Processing,71752
2081,924,2026-01-15,Shipped,31628
2082,207,2025-12-16,Delivered,77858
2083,2886,2025-02-12,Delivered,12994
2084,781,2025-06-02,Shipped,40058
2085,1440,2025-11-02,Shipped,48012
2086,2209,2025-03-17,Processing,24681
2087,2302,2026-05-25,Shipped,32056
2088,923,2025-11-30,Delivered,59218
2089,152,2025-09-10,Delivered,30497
2090,1808,2025-11-20,Shipped,14293
2091,2209,2025-10-09,Processing,58539
2092,2973,2025-08-25,Processing,34004
2093,2740,2026-02-12,Processing,95518
2094,1781,2026-04-05,Delivered,33186
2095,812,2026-01-25,Shipped,67674
2096,2356,2025-11-15,Shipped,35656
2097,1839,2025-07-01,Processing,77834
2098,1224,2025-06-14,Processing,23904
2099,2976,2025-11-06,Delivered,71042
2100,1480,2026-04-21,Shipped,15880
2101,2575,2025-02-06,Shipped,6496
2102,1849,2025-02-25,Processing,85690
2103,500,2025-09-13,Delivered,24772
2104,1110,2025-10-28,Processing,37435
2105,650,2025-05-17,Delivered,15358
2106,915,2025-05-04,Delivered,16190
2107,1400,2025-07-07,Shipped,31658
2108,332,2025-04-06,Processing,58000
2109,2295,2025-08-07,Processing,81184
2110,2128,2025-02-11,Processing,74280
2111,1056,2026-06-16,Delivered,63707
2112,166,2025-03-20,Delivered,8418
2113,623,2025-08-27,Processing,34841
2114,301,2026-06-28,Processing,3611
2115,1590,2025-02-22,Shipped,38316
2116,324,2025-03-15,Processing,21040
2117,901,2025-01-27,Delivered,53936
2118,1914,2025-03-11,Delivered,33862
2119,1364,2025-12-11,Delivered,31932
2120,1381,2025-09-02,Delivered,54659
2121,2997,2025-07-04,Processing,28635
2122,177,2026-06-06,Processing,16740
2123,1449,2025-04-24,Delivered,33618
2124,1615,2025-05-05,Delivered,43796
2125,2594,2025-11-04,Delivered,74508
2126,711,2025-08-02,Delivered,10832
2127,445,2025-08-08,Shipped,68228
2128,448,2025-07-30,Shipped,17825
2129,1458,2025-04-23,Delivered,65474
2130,288,2025-09-24,Shipped,25538
2131,1976,2025-11-30,Shipped,51566
2132,1189,2025-07-30,Processing,38662
2133,2619,2026-04-15,Processing,85058
2134,691,2025-07-10,Processing,36894
2135,2109,2025-09-22,Processing,38711
2136,352,2025-02-16,Shipped,47290
2137,1898,2025-09-23,Shipped,34815
2138,769,2025-07-18,Delivered,86588
2139,1172,2025-06-06,Processing,47961
2140,715,2026-06-20,Shipped,47091
2141,2164,2025-01-21,Processing,37295
2142,2229,2026-03-20,Processing,82355
2143,2921,2025-01-14,Shipped,11463
2144,1243,2025-08-06,Processing,16091
2145,955,2025-09-29,Processing,67912
2146,998,2026-06-19,Processing,18692
2147,905,2026-01-06,Processing,20640
2148,1285,2025-05-01,Delivered,2358
2149,984,2025-08-08,Delivered,56674
2150,119,2025-06-22,Processing,38158
2151,2181,2026-04-05,Processing,15560
2152,937,2025-02-23,Shipped,5692
2153,2997,2026-03-09,Shipped,23660
2154,368,2026-05-14,Shipped,98602
2155,2395,2025-05-12,Shipped,15724
2156,289,2026-07-02,Delivered,21563
2157,1912,2025-07-06,Delivered,31565
2158,1977,2025-12-25,Processing,31812
2159,1518,2026-06-08,Processing,24560
2160,873,2025-07-24,Processing,16090
2161,664,2025-05-23,Delivered,15877
2162,839,2026-05-18,Delivered,48340
2163,88,2025-04-23,Processing,65514
2164,250,2025-06-15,Shipped,90532
2165,459,2025-01-03,Shipped,33372
2166,1423,2025-07-19,Shipped,6000
2167,423,2026-04-14,Shipped,19014
2168,1672,2025-08-15,Delivered,68514
2169,206,2025-02-19,Shipped,32692
2170,1934,2026-01-22,Processing,56020
2171,2615,2025-07-29,Delivered,18608
2172,1829,2025-10-14,Shipped,53546
2173,26,2025-02-20,Delivered,26774
2174,585,2025-06-15,Processing,50066
2175,2030,2025-04-04,Delivered,46200
2176,1120,2025-04-23,Processing,43900
2177,1499,2026-01-29,Shipped,35310
2178,1727,2025-08-15,Delivered,66461
2179,1324,2025-09-04,Processing,19866
2180,1480,2026-03-21,Shipped,1942
2181,2534,2025-01-06,Shipped,67248
2182,816,2025-04-14,Delivered,27758
2183,2676,2025-05-06,Processing,16521
2184,716,2026-05-19,Processing,63802
2185,2068,2026-01-07,Delivered,15131
2186,2810,2025-11-11,Processing,42916
2187,2440,2025-01-16,Shipped,26730
2188,2684,2026-03-27,Shipped,96450
2189,541,2025-12-06,Delivered,23282
2190,39,2026-04-07,Processing,63764
2191,2445,2025-03-16,Shipped,21476
2192,2893,2025-01-22,Shipped,23070
2193,499,2026-03-19,Processing,46706
2194,2912,2025-10-28,Shipped,48677
2195,2880,2025-01-14,Delivered,44363
2196,1244,2025-02-09,Shipped,43803
2197,1660,2025-02-06,Delivered,76712
2198,1366,2025-11-04,Delivered,47266
2199,329,2025-08-03,Shipped,55226
2200,1059,2025-12-23,Delivered,44398
2201,1849,2025-10-22,Shipped,63527
2202,1817,2026-04-24,Processing,19016
2203,1208,2025-04-24,Processing,32950
2204,2288,2025-05-14,Shipped,25363
2205,1314,2025-06-24,Delivered,47849
2206,2604,2025-09-11,Processing,48279
2207,1972,2026-04-28,Delivered,25582
2208,2199,2025-10-28,Processing,23644
2209,567,2025-03-30,Shipped,58582
2210,312,2025-12-26,Delivered,11047
2211,139,2025-01-17,Processing,38329
2212,2305,2025-03-24,Processing,62742
2213,2572,2025-09-01,Processing,78397
2214,1242,2025-03-07,Delivered,45135
2215,842,2026-01-07,Processing,22851
2216,1300,2025-10-19,Shipped,62123
2217,2920,2025-10-19,Processing,23303
2218,214,2025-06-29,Processing,14656
2219,1323,2025-02-22,Shipped,80859
2220,585,2025-01-15,Shipped,115790
2221,10,2025-07-18,Processing,7847
2222,1717,2026-05-18,Shipped,57729
2223,1373,2026-02-10,Delivered,17827
2224,1524,2026-02-21,Shipped,10194
2225,143,2026-03-24,Delivered,16156
2226,753,2025-09-18,Delivered,15848
2227,2239,2025-06-24,Delivered,22503
2228,690,2025-11-19,Delivered,69348
2229,2027,2026-06-19,Processing,59525
2230,2736,2026-03-21,Processing,3406
2231,721,2025-08-22,Shipped,81762
2232,1616,2025-09-27,Processing,52833
2233,2914,2025-04-23,Processing,5248
2234,2683,2026-02-27,Delivered,81977
2235,515,2025-12-20,Shipped,27985
2236,2328,2026-01-16,Shipped,15103
2237,1363,2025-07-03,Shipped,42706
2238,1688,2025-12-09,Delivered,45128
2239,219,2026-05-24,Processing,20150
2240,2234,2026-06-29,Shipped,24894
2241,2912,2025-07-01,Shipped,5910
2242,2139,2026-03-23,Processing,36262
2243,1539,2025-10-01,Delivered,58951
2244,1030,2026-03-01,Processing,23926
2245,77,2026-06-24,Processing,28114
2246,2964,2025-01-21,Shipped,48552
2247,2345,2026-03-29,Delivered,34642
2248,129,2026-05-30,Delivered,61022
2249,183,2025-06-04,Shipped,62095
2250,687,2025-11-18,Processing,18134
2251,1610,2025-02-27,Shipped,26592
2252,1221,2025-09-08,Processing,46225
2253,1651,2025-04-08,Processing,61357
2254,2558,2025-04-18,Processing,37722
2255,2743,2025-03-01,Processing,24339
2256,2064,2025-06-18,Shipped,61637
2257,1871,2025-03-23,Shipped,30748
2258,39,2025-06-24,Delivered,9342
2259,590,2025-01-14,Delivered,31322
2260,2624,2025-01-06,Processing,17500
2261,1963,2025-08-27,Delivered,31926
2262,713,2025-09-29,Processing,52334
2263,2222,2026-04-25,Delivered,49243
2264,2100,2025-06-25,Delivered,70180
2265,787,2025-10-06,Delivered,26382
2266,2484,2025-02-01,Processing,18329
2267,1125,2026-05-08,Processing,54892
2268,637,2025-02-17,Delivered,19479
2269,675,2025-12-01,Delivered,20608
2270,2254,2025-07-02,Delivered,38276
2271,695,2025-08-25,Processing,34154
2272,1465,2026-06-06,Shipped,43562
2273,953,2025-06-28,Delivered,71677
2274,2661,2025-03-09,Delivered,44694
2275,807,2026-01-15,Processing,9958
2276,2603,2026-05-15,Processing,84135
2277,2789,2025-09-25,Delivered,4256
2278,171,2025-08-12,Shipped,48370
2279,918,2025-06-21,Processing,38610
2280,55,2025-01-27,Processing,78539
2281,502,2026-04-18,Shipped,39905
2282,564,2025-10-15,Shipped,14147
2283,2885,2025-05-07,Processing,50362
2284,2340,2025-12-12,Processing,10485
2285,2051,2025-04-10,Shipped,35529
2286,314,2026-02-25,Delivered,34445
2287,293,2026-01-22,Shipped,41492
2288,2487,2025-08-12,Shipped,8884
2289,1660,2025-04-06,Processing,24428
2290,1826,2026-05-10,Delivered,71110
2291,891,2025-10-28,Shipped,14030
2292,918,2025-01-15,Shipped,6040
2293,731,2026-05-09,Shipped,2004
2294,2716,2025-11-15,Processing,17838
2295,2143,2026-02-21,Processing,45805
2296,2667,2026-04-02,Delivered,13936
2297,1305,2026-03-10,Processing,88496
2298,607,2025-01-27,Processing,11423
2299,108,2026-01-24,Delivered,53881
2300,2512,2026-02-21,Processing,16172
2301,1373,2025-04-07,Shipped,54422
2302,2310,2025-07-26,Processing,47483
2303,2304,2025-09-02,Delivered,17865
2304,132,2026-05-11,Shipped,20334
2305,1443,2026-06-19,Delivered,32104
2306,2312,2025-05-25,Delivered,82243
2307,358,2025-05-19,Delivered,12396
2308,2303,2025-03-24,Processing,52239
2309,2168,2025-03-08,Shipped,21678
2310,1645,2026-03-29,Delivered,29763
2311,540,2025-11-06,Processing,35430
2312,287,2025-03-10,Processing,58832
2313,2800,2026-06-14,Delivered,44764
2314,684,2025-08-12,Processing,38146
2315,1715,2026-01-25,Processing,2933
2316,2858,2025-02-22,Delivered,63609
2317,2347,2026-06-18,Delivered,55190
2318,2259,2026-05-10,Delivered,23470
2319,1727,2025-01-03,Delivered,11616
2320,897,2026-04-08,Delivered,12358
2321,2859,2026-02-07,Processing,25545
2322,2420,2026-04-18,Delivered,46807
2323,1431,2025-05-03,Delivered,36625
2324,2530,2026-07-04,Shipped,1796
2325,2123,2025-09-16,Delivered,36346
2326,238,2025-05-05,Processing,38749
2327,1381,2025-07-21,Shipped,54544
2328,345,2026-05-21,Shipped,23169
2329,1450,2025-09-13,Shipped,8034
2330,2941,2025-03-28,Delivered,20859
2331,379,2025-07-09,Shipped,48156
2332,2290,2025-11-19,Delivered,49485
2333,1021,2025-05-14,Delivered,99204
2334,1782,2026-06-22,Processing,81110
2335,629,2025-10-23,Delivered,31373
2336,2088,2025-12-17,Processing,49256
2337,2237,2025-04-23,Shipped,28006
2338,1534,2026-02-17,Processing,44488
2339,2705,2025-10-24,Processing,9450
2340,1624,2026-06-25,Delivered,7173
2341,2608,2025-01-31,Shipped,78888
2342,598,2026-05-11,Processing,65402
2343,1637,2026-03-15,Delivered,74846
2344,2552,2025-04-15,Delivered,32704
2345,262,2026-06-29,Delivered,7323
2346,2290,2025-08-31,Shipped,23883
2347,1481,2025-12-06,Processing,60092
2348,2248,2026-06-02,Delivered,5986
2349,1031,2025-09-08,Delivered,48297
2350,532,2025-12-21,Delivered,26114
2351,2690,2025-08-05,Shipped,22438
2352,2099,2025-11-05,Delivered,1130
2353,1525,2026-06-01,Shipped,58913
2354,1057,2025-08-19,Shipped,91076
2355,2457,2025-09-15,Delivered,38846
2356,1832,2025-08-10,Processing,59710
2357,2907,2025-10-13,Delivered,19566
2358,1009,2025-10-16,Delivered,3174
2359,793,2025-01-26,Shipped,64278
2360,981,2026-03-28,Processing,1326
2361,2795,2025-09-27,Delivered,31284
2362,1735,2025-04-17,Shipped,66454
2363,1541,2025-05-17,Processing,69981
2364,894,2026-06-14,Shipped,61478
2365,2586,2025-07-20,Processing,38282
2366,2101,2026-05-04,Delivered,7228
2367,1684,2025-11-02,Shipped,37345
2368,1727,2025-06-11,Delivered,18009
2369,1898,2025-05-19,Shipped,9277
2370,2715,2025-01-17,Delivered,13922
2371,957,2026-05-10,Processing,37625
2372,2681,2025-06-14,Delivered,4384
2373,2061,2025-06-26,Processing,18069
2374,1073,2026-06-09,Shipped,73103
2375,276,2025-11-23,Processing,18114
2376,1186,2025-10-29,Delivered,24613
2377,2617,2026-02-27,Delivered,18004
2378,851,2026-03-28,Processing,43163
2379,501,2025-05-27,Delivered,67238
2380,1881,2025-03-16,Delivered,64484
2381,541,2025-11-02,Processing,70797
2382,2399,2025-12-31,Delivered,14993
2383,887,2025-05-31,Processing,52568
2384,2429,2026-06-23,Shipped,60007
2385,1113,2026-02-09,Processing,13965
2386,14,2025-07-28,Delivered,40680
2387,1696,2026-06-14,Processing,24709
2388,732,2026-04-20,Delivered,22460
2389,1747,2026-03-11,Delivered,49096
2390,2517,2025-08-22,Shipped,10984
2391,2721,2025-08-23,Shipped,11244
2392,1549,2025-01-18,Processing,83783
2393,40,2026-04-01,Shipped,16345
2394,1349,2025-06-10,Delivered,59992
2395,2863,2025-04-20,Processing,27029
2396,125,2025-10-09,Shipped,115491
2397,14,2025-05-12,Delivered,8494
2398,943,2025-09-10,Processing,65232
2399,2640,2025-06-30,Delivered,29774
2400,1017,2025-08-06,Processing,59438
2401,2213,2026-06-30,Delivered,38036
2402,1462,2026-04-20,Shipped,20489
2403,2726,2026-04-25,Delivered,18578
2404,1549,2026-03-15,Delivered,94232
2405,1630,2025-01-01,Delivered,28849
2406,1905,2025-05-09,Processing,79038
2407,2624,2025-03-21,Delivered,44504
2408,221,2025-09-14,Delivered,27529
2409,334,2025-05-25,Delivered,17308
2410,1439,2025-01-28,Shipped,93652
2411,2477,2026-04-25,Processing,31302
2412,1517,2025-07-06,Shipped,10854
2413,348,2026-07-03,Delivered,52161
2414,964,2025-09-02,Delivered,33938
2415,463,2025-09-24,Processing,63117
2416,1539,2025-10-25,Delivered,57058
2417,1734,2025-02-28,Shipped,9268
2418,1146,2026-03-31,Processing,9170
2419,814,2026-04-21,Shipped,62373
2420,2015,2025-08-11,Shipped,29405
2421,2114,2025-07-27,Shipped,36342
2422,2410,2025-06-04,Delivered,2586
2423,626,2026-03-25,Delivered,17914
2424,318,2025-11-19,Shipped,31780
2425,2519,2025-03-05,Delivered,55166
2426,1135,2026-02-24,Shipped,40496
2427,1786,2025-06-21,Processing,45954
2428,361,2025-11-06,Processing,58852
2429,217,2025-08-16,Shipped,873
2430,1764,2025-06-24,Delivered,15540
2431,1635,2025-12-18,Shipped,48489
2432,980,2025-12-08,Delivered,28317
2433,495,2025-11-10,Processing,34915
2434,868,2025-08-12,Processing,62888
2435,152,2025-03-06,Shipped,56254
2436,453,2025-11-26,Processing,17964
2437,663,2026-01-13,Delivered,28392
2438,1367,2025-02-15,Delivered,74424
2439,1723,2026-05-13,Shipped,27105
2440,2873,2026-01-24,Processing,34014
2441,2123,2025-01-16,Delivered,22956
2442,796,2025-11-12,Processing,23837
2443,2603,2025-11-26,Shipped,66242
2444,1264,2026-05-25,Processing,48314
2445,2590,2025-12-20,Processing,19716
2446,1283,2026-05-11,Processing,30580
2447,2196,2025-11-22,Shipped,46960
2448,2579,2026-03-06,Processing,53151
2449,2947,2025-01-03,Processing,29009
2450,2972,2026-04-10,Processing,34644
2451,2582,2026-06-16,Delivered,53091
2452,1638,2026-06-19,Delivered,34807
2453,1089,2025-12-09,Delivered,45538
2454,2824,2026-02-28,Processing,64610
2455,551,2025-12-26,Delivered,81230
2456,2294,2025-02-02,Delivered,28124
2457,2777,2026-01-24,Processing,51259
2458,1514,2025-05-11,Processing,37913
2459,2225,2026-04-12,Shipped,71361
2460,2634,2025-01-05,Delivered,15816
2461,2791,2025-01-10,Processing,49185
2462,1546,2026-03-07,Delivered,73092
2463,830,2025-05-14,Shipped,65224
2464,1092,2025-07-26,Delivered,21351
2465,1456,2025-05-14,Processing,42840
2466,1696,2025-01-13,Shipped,35950
2467,97,2025-07-21,Delivered,9929
2468,2419,2025-12-28,Processing,29777
2469,642,2025-03-20,Processing,22140
2470,1612,2026-04-11,Shipped,76822
2471,226,2026-01-03,Shipped,55913
2472,1746,2026-01-22,Delivered,16809
2473,1468,2025-03-02,Processing,18112
2474,1427,2026-01-26,Delivered,52865
2475,145,2025-05-16,Delivered,43222
2476,504,2026-02-14,Shipped,21146
2477,2880,2025-08-23,Processing,3916
2478,920,2025-05-04,Processing,26817
2479,444,2025-05-08,Shipped,9938
2480,2162,2025-10-26,Processing,52684
2481,2289,2025-01-07,Shipped,6351
2482,1882,2026-04-08,Delivered,20191
2483,1411,2025-06-29,Processing,44860
2484,70,2025-08-17,Shipped,23066
2485,788,2025-04-15,Delivered,67916
2486,131,2025-08-19,Shipped,63923
2487,1617,2025-12-18,Processing,24244
2488,1043,2026-03-10,Processing,49698
2489,1589,2025-02-03,Processing,71248
2490,1812,2025-05-07,Delivered,43343
2491,2814,2026-05-03,Processing,10556
2492,2452,2025-12-09,Delivered,84573
2493,494,2025-01-17,Shipped,48111
2494,2756,2025-01-05,Processing,46756
2495,16,2025-05-27,Processing,67945
2496,645,2026-03-21,Shipped,18548
2497,1209,2025-11-15,Delivered,11257
2498,2545,2025-04-24,Processing,56538
2499,710,2025-01-07,Shipped,44337
2500,1996,2025-05-14,Processing,39040
2501,2478,2025-11-06,Shipped,38630
2502,180,2025-12-27,Delivered,1286
2503,2544,2025-06-11,Shipped,92216
2504,382,2026-04-25,Delivered,24851
2505,264,2026-04-15,Shipped,17060
2506,1965,2025-11-26,Shipped,2186
2507,708,2026-01-01,Processing,12335
2508,1693,2025-01-19,Processing,4416
2509,1889,2026-04-17,Shipped,16940
2510,1111,2026-06-15,Processing,31126
2511,473,2026-03-18,Processing,36872
2512,2759,2025-03-05,Processing,64586
2513,1766,2026-02-02,Shipped,7182
2514,112,2026-01-18,Delivered,13570
2515,2569,2025-08-23,Processing,78770
2516,2757,2025-01-26,Delivered,35282
2517,146,2025-07-28,Shipped,44418
2518,329,2025-10-08,Processing,64787
2519,2099,2025-05-14,Delivered,19452
2520,945,2025-03-08,Shipped,39863
2521,1664,2025-02-11,Delivered,63047
2522,2765,2025-12-26,Shipped,20917
2523,219,2025-03-16,Delivered,42016
2524,123,2025-11-16,Processing,41983
2525,2044,2025-01-25,Shipped,24276
2526,1129,2025-03-31,Processing,12472
2527,1227,2025-08-22,Processing,77279
2528,2729,2026-02-25,Shipped,2478
2529,810,2026-01-03,Delivered,26655
2530,1016,2025-07-30,Delivered,35374
2531,2233,2025-05-19,Shipped,6566
2532,1190,2026-06-29,Shipped,31927
2533,2814,2025-10-15,Shipped,38620
2534,2184,2026-04-02,Delivered,44486
2535,2576,2025-10-25,Delivered,18658
2536,1755,2025-09-22,Shipped,72424
2537,2850,2025-10-26,Shipped,27604
2538,47,2025-09-05,Delivered,4467
2539,1764,2026-02-14,Processing,52369
2540,2851,2026-06-01,Delivered,28230
2541,329,2025-06-04,Delivered,22964
2542,1863,2026-06-06,Shipped,16349
2543,2621,2025-03-07,Delivered,24743
2544,972,2025-02-28,Processing,55249
2545,2243,2026-06-24,Processing,4992
2546,949,2025-12-23,Delivered,36510
2547,2798,2026-03-29,Delivered,7096
2548,2223,2026-03-19,Delivered,20245
2549,1019,2026-05-10,Delivered,42738
2550,1307,2025-02-15,Shipped,29346
2551,591,2025-07-25,Shipped,26222
2552,663,2026-02-26,Delivered,11003
2553,833,2025-08-07,Processing,33468
2554,2003,2025-04-30,Shipped,61907
2555,943,2025-10-08,Shipped,8121
2556,379,2025-08-15,Processing,22722
2557,2698,2026-04-03,Processing,29376
2558,2273,2025-05-06,Processing,36648
2559,1144,2025-08-03,Delivered,30142
2560,2458,2025-12-20,Processing,23390
2561,1953,2026-01-17,Shipped,37901
2562,1111,2025-09-09,Processing,46652
2563,2297,2025-10-25,Processing,2569
2564,892,2025-05-28,Delivered,62880
2565,2177,2026-01-10,Processing,28029
2566,1200,2025-12-01,Processing,39105
2567,1390,2026-01-17,Processing,17544
2568,1631,2025-06-04,Delivered,6089
2569,1162,2026-04-25,Shipped,18846
2570,2929,2026-01-21,Processing,26330
2571,2574,2026-01-02,Processing,101566
2572,399,2025-09-28,Processing,24812
2573,2211,2025-07-07,Shipped,87270
2574,731,2025-03-17,Shipped,65810
2575,1309,2025-01-19,Shipped,90680
2576,1978,2025-09-08,Shipped,28038
2577,1520,2026-02-11,Shipped,28036
2578,491,2025-11-29,Processing,40660
2579,1397,2025-08-20,Processing,15882
2580,954,2026-02-24,Processing,24542
2581,2860,2025-02-12,Delivered,43540
2582,2471,2026-01-20,Shipped,40572
2583,701,2025-12-28,Shipped,35238
2584,2218,2026-01-20,Shipped,10368
2585,2663,2026-06-15,Processing,50097
2586,2085,2025-04-18,Processing,99947
2587,862,2026-05-30,Processing,26413
2588,644,2025-03-24,Shipped,54248
2589,325,2025-04-18,Shipped,7674
2590,2726,2025-07-12,Delivered,29714
2591,1646,2026-02-23,Shipped,20492
2592,2854,2025-04-18,Processing,30726
2593,977,2025-11-03,Processing,38818
2594,2494,2025-06-23,Shipped,84918
2595,1839,2025-08-22,Delivered,46816
2596,376,2026-05-03,Shipped,46923
2597,1891,2026-05-23,Shipped,41041
2598,1181,2025-02-27,Delivered,46769
2599,2500,2025-03-24,Shipped,4639
2600,2983,2025-01-13,Processing,73010
2601,525,2026-05-03,Processing,34826
2602,1891,2026-02-02,Delivered,27129
2603,995,2025-02-19,Shipped,62808
2604,2359,2025-11-26,Processing,36436
2605,1161,2025-06-01,Shipped,28246
2606,2757,2025-02-25,Delivered,6990
2607,2441,2025-12-17,Shipped,16227
2608,2610,2025-07-20,Shipped,57036
2609,1517,2025-05-11,Processing,49257
2610,259,2025-01-12,Shipped,26606
2611,1438,2026-02-18,Processing,20418
2612,2364,2025-05-14,Delivered,64948
2613,16,2025-07-05,Delivered,99078
2614,2033,2026-03-01,Processing,69534
2615,1502,2025-11-08,Shipped,6970
2616,846,2025-09-12,Shipped,32373
2617,607,2026-07-03,Processing,48936
2618,2372,2026-01-16,Processing,41370
2619,1766,2025-09-29,Shipped,2527
2620,1007,2026-06-03,Delivered,8715
2621,1216,2025-03-17,Processing,32647
2622,467,2026-05-18,Delivered,5844
2623,1839,2026-03-29,Processing,11419
2624,1716,2025-06-06,Delivered,1986
2625,120,2026-06-05,Processing,64331
2626,238,2025-10-28,Delivered,21952
2627,1640,2025-02-22,Shipped,50309
2628,1402,2025-02-01,Shipped,48734
2629,944,2026-02-22,Shipped,40806
2630,391,2026-01-26,Processing,7264
2631,2530,2026-03-21,Shipped,37458
2632,678,2025-03-31,Delivered,48258
2633,76,2025-06-19,Shipped,2234
2634,905,2025-06-02,Shipped,17032
2635,390,2025-09-25,Processing,95766
2636,1587,2026-03-27,Shipped,40564
2637,1235,2025-01-18,Delivered,74491
2638,1245,2025-03-21,Shipped,52916
2639,166,2026-07-05,Processing,91169
2640,182,2025-04-07,Processing,26038
2641,1596,2026-02-11,Processing,64685
2642,1931,2025-03-14,Processing,58830
2643,2443,2025-01-06,Shipped,4339
2644,1683,2026-06-19,Delivered,37780
2645,1659,2025-04-25,Shipped,29709
2646,952,2025-10-07,Shipped,17095
2647,882,2025-02-21,Delivered,35328
2648,1067,2026-01-04,Shipped,46428
2649,1581,2025-09-09,Processing,39201
2650,122,2025-01-07,Delivered,28220
2651,2587,2025-01-11,Processing,14405
2652,18,2025-05-23,Delivered,27383
2653,1675,2026-02-17,Delivered,3597
2654,2028,2026-02-03,Delivered,20419
2655,1293,2025-03-05,Shipped,69508
2656,1004,2026-04-22,Delivered,42724
2657,2194,2026-05-26,Delivered,25818
2658,917,2025-05-21,Shipped,42388
2659,740,2026-03-30,Delivered,44042
2660,2117,2025-02-15,Shipped,36199
2661,798,2025-12-20,Processing,48100
2662,2558,2026-03-01,Processing,47134
2663,2463,2026-04-08,Processing,38897
2664,1877,2026-02-06,Processing,17884
2665,2365,2025-03-28,Delivered,1178
2666,1086,2025-10-20,Shipped,64174
2667,2609,2025-05-07,Shipped,9044
2668,2567,2026-01-15,Delivered,103242
2669,2996,2025-11-13,Shipped,76004
2670,136,2025-08-13,Processing,18539
2671,2145,2025-12-07,Shipped,56051
2672,1184,2025-08-08,Delivered,73236
2673,2176,2026-07-01,Processing,14373
2674,1024,2025-03-08,Delivered,28878
2675,1714,2025-05-28,Processing,16566
2676,1675,2026-03-20,Shipped,108412
2677,2636,2025-06-07,Processing,60189
2678,2146,2026-05-09,Delivered,13302
2679,1708,2025-06-16,Processing,6053
2680,1353,2025-11-16,Shipped,40798
2681,2363,2025-05-06,Delivered,40089
2682,2091,2025-06-25,Shipped,49212
2683,2002,2025-01-18,Shipped,50277
2684,2088,2025-07-21,Processing,9087
2685,969,2025-06-29,Delivered,24382
2686,1782,2025-10-26,Processing,35303
2687,472,2025-09-01,Shipped,40240
2688,734,2026-03-22,Delivered,24800
2689,1771,2026-06-04,Processing,62746
2690,1176,2026-02-13,Delivered,70458
2691,2298,2025-12-03,Processing,16522
2692,1242,2025-08-05,Delivered,36087
2693,2231,2025-06-29,Delivered,46344
2694,1024,2025-03-31,Delivered,36834
2695,1234,2026-03-30,Delivered,39543
2696,210,2025-09-12,Delivered,1155
2697,174,2026-05-15,Processing,21212
2698,1061,2025-11-14,Delivered,23059
2699,420,2025-02-28,Delivered,40690
2700,401,2026-05-29,Shipped,62081
2701,214,2025-05-19,Processing,41464
2702,978,2025-01-11,Shipped,65258
2703,490,2025-10-20,Shipped,68978
2704,245,2026-04-20,Processing,54827
2705,2679,2025-12-13,Delivered,10974
2706,2348,2025-09-19,Delivered,43076
2707,559,2025-08-01,Delivered,8147
2708,2855,2026-05-23,Shipped,70302
2709,763,2025-11-23,Shipped,56994
2710,1584,2025-12-22,Shipped,48866
2711,2666,2025-10-07,Delivered,44684
2712,2426,2025-04-30,Processing,31018
2713,316,2025-03-04,Shipped,29882
2714,776,2025-04-16,Processing,42971
2715,443,2025-03-20,Delivered,36728
2716,977,2026-02-18,Delivered,26938
2717,430,2025-10-31,Shipped,67746
2718,689,2025-09-13,Delivered,2803
2719,1408,2025-09-27,Shipped,12917
2720,2694,2025-02-03,Shipped,46160
2721,84,2025-12-30,Processing,8294
2722,2883,2026-03-19,Processing,17099
2723,2254,2026-03-13,Shipped,23381
2724,1054,2026-06-28,Processing,95976
2725,567,2026-03-17,Processing,66472
2726,1777,2025-12-25,Shipped,35287
2727,387,2026-05-14,Processing,66593
2728,2439,2025-07-26,Processing,18590
2729,1909,2025-11-24,Processing,87472
2730,859,2026-01-31,Delivered,8032
2731,1139,2026-05-05,Processing,61531
2732,1834,2026-03-08,Shipped,21213
2733,2014,2025-09-19,Processing,71125
2734,792,2026-04-01,Processing,43179
2735,995,2025-07-24,Shipped,52947
2736,2115,2026-06-14,Processing,25472
2737,2576,2025-06-15,Delivered,83450
2738,2267,2026-04-26,Delivered,29736
2739,1194,2026-05-21,Shipped,20329
2740,2678,2026-04-26,Processing,4155
2741,2138,2025-03-26,Delivered,19739
2742,2005,2026-04-11,Delivered,11724
2743,1804,2025-01-02,Processing,45349
2744,2339,2026-03-02,Shipped,80537
2745,1939,2025-09-10,Shipped,17369
2746,867,2025-10-02,Processing,24238
2747,254,2025-06-04,Shipped,6802
2748,2619,2025-05-15,Delivered,92410
2749,2917,2025-11-12,Delivered,3976
2750,1552,2025-08-17,Processing,18985
2751,2302,2025-12-06,Shipped,40208
2752,1490,2025-05-20,Shipped,7726
2753,79,2025-10-12,Processing,8358
2754,6,2025-07-15,Delivered,6184
2755,426,2025-06-16,Delivered,42858
2756,118,2026-01-16,Delivered,71358
2757,1977,2026-06-15,Delivered,24852
2758,1610,2025-10-18,Processing,92878
2759,1803,2026-02-14,Processing,36554
2760,776,2025-11-01,Shipped,13510
2761,2318,2026-04-29,Delivered,20683
2762,986,2026-06-28,Delivered,72746
2763,1523,2025-04-09,Delivered,59166
2764,2661,2025-11-04,Shipped,2298
2765,321,2026-03-16,Delivered,21381
2766,1771,2025-05-19,Delivered,43291
2767,83,2026-05-05,Delivered,61781
2768,2478,2025-12-13,Delivered,45192
2769,616,2026-05-03,Delivered,6095
2770,2651,2026-01-06,Processing,19047
2771,1863,2025-04-11,Delivered,24064
2772,614,2026-02-18,Delivered,25282
2773,329,2025-02-19,Processing,19914
2774,1297,2025-02-13,Processing,63500
2775,2604,2026-03-18,Delivered,59218
2776,2627,2026-01-13,Processing,1718
2777,2967,2025-08-26,Delivered,43556
2778,1126,2025-01-18,Shipped,22791
2779,1705,2026-06-16,Processing,32268
2780,2299,2025-01-24,Shipped,16194
2781,2726,2025-10-30,Delivered,65770
2782,1816,2025-02-02,Delivered,67918
2783,271,2025-06-25,Delivered,65832
2784,302,2025-11-04,Processing,9477
2785,390,2025-04-13,Delivered,61420
2786,1385,2025-02-07,Processing,29328
2787,2775,2025-05-16,Delivered,21287
2788,1736,2025-06-28,Shipped,1367
2789,1010,2026-02-10,Delivered,48132
2790,2216,2025-01-11,Shipped,76649
2791,2590,2026-03-19,Shipped,56062
2792,1995,2025-01-13,Processing,64045
2793,925,2025-05-04,Delivered,14446
2794,1237,2025-11-01,Delivered,55966
2795,241,2025-02-05,Shipped,43068
2796,1810,2026-02-05,Shipped,64755
2797,1053,2025-09-07,Delivered,3612
2798,1171,2025-10-27,Shipped,49558
2799,121,2025-11-20,Processing,66948
2800,1822,2026-06-13,Delivered,52813
2801,2198,2025-01-18,Delivered,31596
2802,2007,2025-01-25,Processing,18685
2803,45,2025-03-25,Delivered,62730
2804,202,2025-07-13,Processing,23912
2805,681,2025-04-22,Shipped,14467
2806,1181,2026-05-14,Delivered,5096
2807,2902,2026-01-24,Processing,28680
2808,595,2026-06-24,Delivered,24351
2809,1922,2025-12-27,Delivered,19352
2810,1583,2025-12-17,Shipped,23261
2811,2413,2026-04-03,Processing,110416
2812,614,2025-03-16,Delivered,24060
2813,333,2025-12-24,Processing,37625
2814,1946,2025-01-11,Delivered,47018
2815,1554,2025-03-02,Processing,38668
2816,2712,2026-04-23,Processing,10120
2817,935,2025-09-20,Delivered,27984
2818,790,2025-02-22,Delivered,24492
2819,2948,2025-07-19,Processing,19217
2820,1060,2025-05-17,Delivered,34113
2821,637,2026-03-06,Delivered,25125
2822,235,2025-11-11,Delivered,32510
2823,293,2025-04-25,Processing,35556
2824,1252,2025-01-16,Delivered,9376
2825,431,2026-06-13,Delivered,46979
2826,2351,2025-07-23,Shipped,33775
2827,881,2025-09-01,Shipped,34038
2828,763,2026-06-01,Processing,27816
2829,1873,2025-07-17,Delivered,36574
2830,1702,2026-06-21,Delivered,82017
2831,743,2025-06-13,Delivered,63807
2832,1957,2026-02-23,Shipped,33970
2833,677,2025-07-28,Delivered,65497
2834,2239,2025-10-02,Shipped,84225
2835,148,2025-02-14,Shipped,24052
2836,1451,2025-07-03,Delivered,24241
2837,1233,2025-05-08,Processing,54870
2838,726,2025-03-19,Shipped,12790
2839,1314,2025-07-17,Shipped,42688
2840,987,2026-01-03,Processing,3799
2841,2586,2025-08-06,Processing,11413
2842,1942,2025-02-19,Delivered,47329
2843,1589,2025-01-27,Delivered,42312
2844,698,2026-01-13,Shipped,76286
2845,685,2025-08-03,Shipped,48470
2846,2782,2026-03-06,Processing,5310
2847,732,2025-02-15,Processing,52076
2848,1671,2025-07-17,Shipped,55922
2849,2254,2026-07-02,Shipped,7950
2850,252,2025-03-09,Processing,25821
2851,183,2026-02-15,Processing,50251
2852,871,2026-01-18,Shipped,28607
2853,200,2025-10-05,Processing,5147
2854,2322,2025-12-28,Delivered,4680
2855,2819,2025-10-06,Processing,9459
2856,2849,2025-10-24,Delivered,15552
2857,2728,2025-08-24,Shipped,37868
2858,1236,2026-01-19,Processing,34749
2859,2184,2025-01-26,Processing,33094
2860,2924,2025-03-01,Shipped,59725
2861,2221,2025-01-09,Shipped,28428
2862,179,2025-02-04,Processing,38256
2863,2634,2026-01-03,Shipped,23706
2864,1954,2025-06-12,Delivered,135532
2865,1865,2025-07-11,Delivered,86586
2866,592,2025-12-18,Processing,74467
2867,1414,2025-10-31,Delivered,24047
2868,1898,2025-04-07,Shipped,8809
2869,71,2026-05-11,Shipped,54158
2870,1201,2025-09-30,Processing,30210
2871,578,2026-02-14,Shipped,57313
2872,1352,2025-05-09,Delivered,70725
2873,617,2025-07-21,Processing,86612
2874,2837,2025-05-05,Delivered,61281
2875,1743,2025-07-07,Processing,15414
2876,35,2026-03-19,Processing,53055
2877,2551,2025-08-09,Delivered,39476
2878,1940,2025-06-24,Processing,8064
2879,523,2026-02-06,Processing,47235
2880,167,2025-02-05,Shipped,23606
2881,1837,2025-07-05,Processing,1786
2882,2706,2025-03-29,Delivered,56684
2883,2318,2025-11-17,Delivered,101618
2884,1919,2025-11-03,Delivered,68283
2885,2814,2026-03-14,Delivered,40315
2886,1864,2026-04-07,Delivered,50441
2887,1988,2025-03-19,Delivered,43860
2888,1775,2025-04-15,Processing,40152
2889,887,2025-12-31,Delivered,31962
2890,650,2025-11-12,Processing,62095
2891,2076,2025-11-07,Processing,84036
2892,277,2026-01-14,Shipped,32443
2893,2941,2025-02-08,Processing,47112
2894,2769,2026-01-28,Processing,39082
2895,1448,2025-09-20,Processing,73352
2896,1064,2026-05-28,Shipped,98394
2897,1482,2025-05-31,Shipped,39844
2898,853,2025-10-27,Processing,59130
2899,2277,2025-09-06,Processing,18648
2900,1647,2025-05-20,Shipped,125344
2901,2865,2025-05-13,Delivered,3902
2902,832,2026-04-07,Shipped,39934
2903,440,2025-02-22,Processing,22276
2904,1014,2025-09-27,Delivered,73587
2905,2285,2025-08-05,Processing,17874
2906,1141,2025-09-08,Shipped,3736
2907,2423,2025-03-26,Processing,42402
2908,1626,2025-05-28,Processing,29711
2909,1650,2025-08-24,Processing,19818
2910,161,2025-07-29,Delivered,20961
2911,48,2026-02-19,Shipped,46884
2912,2632,2026-03-25,Processing,44834
2913,904,2025-06-19,Delivered,63079
2914,626,2026-02-19,Processing,20183
2915,695,2025-07-19,Processing,36759
2916,1697,2026-01-20,Delivered,37299
2917,785,2026-07-01,Delivered,70540
2918,1380,2025-12-26,Shipped,59258
2919,2088,2025-04-12,Processing,17603
2920,2333,2025-06-05,Processing,42012
2921,1712,2025-05-29,Shipped,17483
2922,1543,2026-05-22,Processing,72864
2923,764,2025-06-09,Shipped,17338
2924,2544,2025-10-12,Delivered,53378
2925,2968,2025-05-05,Processing,8589
2926,1155,2025-03-21,Shipped,14587
2927,779,2025-01-19,Processing,47722
2928,1386,2025-04-19,Processing,24458
2929,1605,2026-01-19,Processing,60942
2930,1603,2025-03-22,Delivered,36497
2931,1509,2026-03-12,Processing,70659
2932,107,2025-05-30,Shipped,63886
2933,2187,2025-06-29,Shipped,56160
2934,2391,2025-12-30,Delivered,28510
2935,2728,2026-03-29,Shipped,10370
2936,1410,2025-12-16,Delivered,3497
2937,353,2026-03-27,Delivered,19766
2938,1309,2025-08-21,Processing,37244
2939,153,2026-05-26,Delivered,28662
2940,1604,2025-11-14,Shipped,105320
2941,1621,2026-05-12,Shipped,36326
2942,352,2026-01-21,Shipped,17726
2943,508,2026-02-23,Shipped,38318
2944,2991,2025-11-05,Delivered,100023
2945,1196,2025-08-20,Shipped,48358
2946,447,2025-01-06,Processing,35882
2947,2842,2025-06-16,Shipped,51333
2948,1201,2025-06-18,Delivered,48057
2949,1515,2025-02-08,Processing,23994
2950,46,2025-02-13,Shipped,50372
2951,2911,2026-06-29,Processing,2576
2952,526,2025-01-09,Shipped,70132
2953,925,2025-05-27,Delivered,81164
2954,2058,2025-02-13,Shipped,12700
2955,71,2025-12-18,Shipped,48276
2956,2882,2025-04-15,Shipped,29494
2957,546,2026-06-21,Delivered,52027
2958,1173,2026-06-04,Delivered,41110
2959,1295,2026-06-18,Delivered,52867
2960,952,2025-12-29,Processing,11826
2961,744,2025-03-28,Shipped,18620
2962,294,2025-02-16,Delivered,38724
2963,1804,2025-06-08,Shipped,4211
2964,1546,2025-06-24,Delivered,28408
2965,1539,2025-12-16,Shipped,23943
2966,1113,2025-01-19,Delivered,46160
2967,2643,2025-06-16,Processing,16618
2968,961,2025-03-16,Shipped,42370
2969,1153,2026-04-26,Delivered,23128
2970,26,2026-02-17,Shipped,78608
2971,60,2025-10-09,Delivered,24168
2972,649,2025-06-19,Delivered,9281
2973,1554,2025-12-28,Processing,2170
2974,2929,2025-07-08,Shipped,47100
2975,1463,2025-10-17,Processing,76592
2976,963,2026-04-20,Processing,24066
2977,1016,2026-04-25,Processing,33087
2978,623,2026-03-30,Delivered,29030
2979,1727,2025-11-29,Processing,52118
2980,89,2026-02-06,Delivered,14648
2981,100,2026-02-23,Processing,29310
2982,825,2025-11-15,Processing,29679
2983,2709,2026-02-04,Processing,51531
2984,1610,2025-11-24,Shipped,60801
2985,13,2026-02-05,Delivered,61818
2986,2603,2026-05-10,Delivered,18254
2987,1211,2026-02-16,Delivered,54272
2988,869,2026-02-13,Shipped,74164
2989,2253,2025-10-10,Processing,44328
2990,862,2025-02-13,Shipped,69826
2991,1223,2026-05-14,Shipped,82526
2992,1719,2025-11-06,Shipped,47706
2993,1918,2025-09-13,Shipped,13366
2994,719,2025-11-30,Delivered,31526
2995,583,2026-06-28,Processing,6792
2996,2528,2025-09-15,Processing,40964
2997,2600,2025-07-12,Shipped,63592
2998,697,2025-10-23,Shipped,66210
2999,2619,2025-11-19,Delivered,15564
3000,1607,2026-02-19,Processing,47459
3001,421,2026-01-30,Processing,18322
3002,2369,2025-02-26,Shipped,25114
3003,2739,2026-01-08,Processing,18106
3004,505,2025-10-06,Delivered,37122
3005,1328,2025-05-31,Processing,5828
3006,680,2026-05-01,Processing,49626
3007,1981,2026-06-20,Shipped,60753
3008,1647,2025-02-13,Shipped,47098
3009,1190,2025-12-27,Shipped,37846
3010,647,2026-01-20,Processing,54649
3011,2342,2025-01-09,Delivered,3103
3012,1493,2026-04-20,Delivered,21730
3013,2457,2025-01-15,Processing,32886
3014,2782,2025-01-06,Delivered,27275
3015,2574,2025-12-18,Processing,86887
3016,864,2026-04-24,Shipped,62313
3017,1712,2026-04-02,Processing,24922
3018,2154,2026-02-10,Processing,12256
3019,2884,2025-08-23,Delivered,42531
3020,81,2025-02-22,Shipped,47223
3021,1598,2025-05-28,Shipped,49277
3022,797,2025-05-01,Processing,56235
3023,54,2025-06-23,Processing,8317
3024,2346,2025-02-23,Shipped,46189
3025,1026,2025-03-01,Processing,21172
3026,2917,2026-05-23,Delivered,56277
3027,948,2025-06-07,Processing,26710
3028,750,2025-01-08,Processing,22675
3029,2980,2025-08-20,Processing,34293
3030,700,2026-02-21,Delivered,23110
3031,317,2025-05-21,Shipped,44690
3032,2054,2025-11-11,Processing,15482
3033,1315,2026-03-24,Shipped,35701
3034,1477,2025-02-06,Shipped,38144
3035,2342,2025-07-07,Shipped,26793
3036,1679,2025-07-01,Delivered,35364
3037,840,2025-01-12,Shipped,78798
3038,2706,2025-03-25,Shipped,11560
3039,147,2026-01-04,Processing,73032
3040,1393,2025-12-22,Delivered,24204
3041,1801,2025-07-28,Processing,76607
3042,2678,2025-04-26,Shipped,901
3043,807,2025-10-13,Processing,39576
3044,2280,2025-12-12,Delivered,47499
3045,2475,2026-01-26,Delivered,2620
3046,2792,2025-09-23,Processing,36210
3047,2047,2025-05-01,Processing,7194
3048,2250,2026-04-11,Delivered,59184
3049,917,2025-05-12,Processing,73262
3050,1107,2025-08-07,Delivered,24090
3051,2550,2026-04-13,Processing,21786
3052,653,2026-06-30,Processing,8557
3053,1199,2025-04-27,Shipped,64784
3054,1129,2025-12-07,Shipped,64167
3055,2221,2025-03-15,Processing,28636
3056,933,2025-02-06,Processing,25568
3057,1501,2025-06-17,Shipped,78154
3058,2684,2025-02-10,Shipped,3778
3059,597,2025-01-11,Delivered,70534
3060,2890,2025-03-31,Shipped,13310
3061,258,2025-12-29,Processing,1898
3062,996,2025-08-23,Processing,63976
3063,1109,2025-03-17,Shipped,44855
3064,778,2025-02-08,Shipped,8650
3065,771,2025-12-23,Delivered,8232
3066,2673,2025-09-11,Shipped,51028
3067,1531,2025-11-22,Shipped,35924
3068,2393,2026-03-13,Shipped,21424
3069,2759,2026-04-17,Processing,11240
3070,1301,2026-03-18,Delivered,18640
3071,672,2026-06-23,Shipped,39536
3072,1995,2025-08-25,Shipped,15112
3073,2220,2025-07-16,Shipped,46695
3074,450,2026-06-12,Processing,48120
3075,2993,2025-02-07,Processing,45729
3076,2161,2025-07-05,Shipped,21136
3077,1281,2026-03-06,Processing,55118
3078,207,2025-07-25,Processing,68319
3079,182,2025-01-24,Shipped,8784
3080,1672,2026-05-28,Shipped,21915
3081,631,2026-04-24,Shipped,24407
3082,1635,2025-12-17,Processing,12612
3083,565,2025-01-17,Processing,70830
3084,1226,2025-01-15,Processing,23414
3085,1285,2025-11-14,Processing,22738
3086,2079,2025-07-07,Processing,58454
3087,1706,2025-01-29,Shipped,2108
3088,1530,2025-12-24,Processing,22157
3089,1036,2025-10-05,Delivered,4920
3090,1855,2025-06-11,Processing,14392
3091,353,2025-08-03,Shipped,24234
3092,1677,2026-02-10,Processing,12934
3093,1000,2025-09-19,Shipped,31795
3094,744,2025-05-15,Shipped,6650
3095,618,2025-06-02,Delivered,73097
3096,1435,2026-02-24,Delivered,15746
3097,1756,2026-02-04,Processing,39377
3098,2831,2025-11-12,Delivered,20924
3099,2825,2026-04-29,Shipped,27273
3100,1837,2026-01-24,Shipped,89694
3101,2863,2026-03-05,Delivered,42324
3102,397,2025-04-13,Processing,37440
3103,1113,2025-04-26,Shipped,15360
3104,373,2025-06-13,Delivered,28814
3105,166,2025-04-07,Shipped,36569
3106,1625,2025-11-17,Delivered,39309
3107,520,2025-02-05,Processing,31801
3108,610,2025-08-10,Processing,9564
3109,1560,2026-01-14,Delivered,16814
3110,1807,2025-09-16,Processing,12751
3111,744,2026-04-06,Shipped,41059
3112,2082,2026-02-18,Shipped,59600
3113,716,2025-08-20,Processing,46708
3114,1155,2025-11-29,Delivered,27482
3115,1815,2026-02-26,Processing,86118
3116,774,2025-11-06,Processing,20508
3117,1562,2025-05-29,Processing,36090
3118,1129,2026-01-21,Delivered,29910
3119,1919,2025-02-05,Shipped,66069
3120,2028,2025-01-11,Processing,36248
3121,2528,2025-05-24,Shipped,31212
3122,2171,2026-01-03,Shipped,2862
3123,2905,2025-07-14,Shipped,43322
3124,1207,2025-08-21,Shipped,9407
3125,1636,2026-02-11,Processing,30552
3126,2217,2026-06-23,Processing,43659
3127,745,2026-01-29,Delivered,40744
3128,1955,2025-05-02,Shipped,32446
3129,1238,2026-03-17,Processing,6386
3130,1642,2025-09-06,Processing,54486
3131,2029,2025-06-26,Shipped,25219
3132,144,2025-06-27,Delivered,35932
3133,2647,2026-02-18,Delivered,46305
3134,2944,2025-10-30,Processing,37176
3135,873,2025-05-10,Shipped,93216
3136,1073,2025-08-14,Shipped,12037
3137,2864,2025-10-03,Shipped,35944
3138,1321,2025-01-17,Delivered,10297
3139,653,2025-10-12,Shipped,16344
3140,244,2025-08-09,Shipped,42030
3141,136,2025-08-16,Processing,48440
3142,2374,2025-10-01,Shipped,15138
3143,2530,2025-07-11,Shipped,45322
3144,1928,2025-06-10,Delivered,48986
3145,185,2025-09-12,Processing,51467
3146,2971,2025-11-22,Processing,65321
3147,1556,2026-05-11,Delivered,57599
3148,1798,2025-06-01,Processing,25282
3149,2783,2025-11-03,Processing,13283
3150,614,2025-10-17,Delivered,22164
3151,963,2025-12-17,Delivered,82129
3152,2682,2026-01-03,Processing,12956
3153,2397,2025-07-06,Delivered,49711
3154,2664,2025-06-15,Delivered,38704
3155,651,2025-06-19,Delivered,64814
3156,821,2026-05-06,Delivered,2382
3157,590,2025-08-14,Delivered,19707
3158,534,2026-06-04,Processing,5109
3159,1140,2026-06-28,Shipped,57859
3160,131,2026-01-10,Shipped,29369
3161,1041,2026-03-05,Delivered,40860
3162,1156,2025-08-08,Shipped,23896
3163,956,2025-11-15,Delivered,101604
3164,2104,2025-12-28,Delivered,18571
3165,215,2026-03-06,Shipped,16269
3166,1058,2026-02-21,Delivered,74509
3167,2304,2025-01-05,Shipped,13676
3168,2584,2025-01-15,Processing,3380
3169,1685,2025-03-26,Processing,7566
3170,1985,2026-05-14,Shipped,62306
3171,2661,2025-05-29,Delivered,26632
3172,676,2025-11-26,Shipped,11145
3173,710,2025-10-02,Processing,27857
3174,322,2025-03-06,Delivered,17996
3175,1446,2025-10-17,Processing,9168
3176,1432,2026-03-05,Processing,64274
3177,767,2025-01-07,Shipped,28860
3178,1927,2025-06-02,Processing,41245
3179,685,2025-05-20,Delivered,27141
3180,1058,2025-11-08,Processing,12174
3181,769,2025-10-19,Processing,3799
3182,2314,2025-04-20,Processing,21192
3183,2771,2026-01-26,Shipped,56643
3184,2264,2026-01-23,Shipped,102899
3185,942,2025-11-13,Processing,19515
3186,2956,2025-11-03,Delivered,23736
3187,2519,2025-05-13,Shipped,61608
3188,2410,2025-08-17,Shipped,71829
3189,21,2025-04-30,Delivered,46569
3190,2683,2025-06-25,Shipped,4684
3191,1673,2025-02-07,Shipped,109518
3192,2131,2026-04-21,Delivered,19389
3193,1673,2026-07-03,Delivered,5097
3194,2209,2025-04-09,Shipped,83996
3195,1017,2025-05-20,Shipped,62139
3196,2507,2026-05-27,Delivered,21831
3197,1368,2026-01-03,Processing,73342
3198,2973,2025-12-24,Delivered,44858
3199,1746,2026-06-27,Delivered,76414
3200,2576,2025-10-23,Delivered,81298
3201,329,2025-05-20,Processing,18008
3202,2143,2026-04-27,Processing,48106
3203,2226,2025-04-14,Processing,25311
3204,1302,2025-02-15,Processing,53601
3205,1617,2025-07-28,Processing,39642
3206,1384,2025-12-20,Delivered,65670
3207,110,2026-06-25,Shipped,17509
3208,801,2025-03-06,Delivered,15610
3209,2857,2025-05-30,Processing,41121
3210,420,2026-06-05,Delivered,45052
3211,681,2025-03-21,Delivered,23190
3212,1580,2025-04-30,Processing,32774
3213,1782,2025-02-06,Shipped,57385
3214,2149,2025-10-02,Processing,56150
3215,2309,2025-02-11,Delivered,62799
3216,2526,2025-04-18,Shipped,25804
3217,2723,2026-01-24,Shipped,13526
3218,111,2026-07-01,Shipped,52418
3219,126,2026-01-09,Delivered,8651
3220,2823,2026-01-12,Processing,36291
3221,1677,2026-06-09,Delivered,50201
3222,371,2026-05-28,Processing,14982
3223,1913,2025-02-23,Delivered,43961
3224,57,2025-11-04,Shipped,4813
3225,1570,2025-07-18,Delivered,41766
3226,3000,2026-05-27,Shipped,34275
3227,2669,2026-05-07,Processing,63326
3228,2543,2025-04-09,Shipped,13289
3229,415,2025-04-15,Delivered,35944
3230,21,2025-04-30,Delivered,24236
3231,1566,2026-02-15,Shipped,16117
3232,1238,2025-03-26,Shipped,36166
3233,2621,2025-04-14,Shipped,92082
3234,615,2025-05-26,Delivered,68308
3235,1011,2025-02-16,Processing,39554
3236,627,2025-08-24,Shipped,8707
3237,1726,2025-06-14,Processing,35938
3238,1247,2025-11-30,Processing,13084
3239,541,2025-04-01,Delivered,58005
3240,1322,2026-06-23,Processing,59333
3241,2184,2025-03-23,Delivered,42516
3242,2778,2025-12-13,Processing,28242
3243,61,2025-09-19,Delivered,77038
3244,575,2026-04-05,Processing,18541
3245,419,2026-05-24,Shipped,65312
3246,1022,2025-10-04,Delivered,64020
3247,1159,2025-02-18,Delivered,37186
3248,315,2025-01-08,Shipped,35252
3249,2374,2026-06-21,Processing,31208
3250,1328,2025-12-14,Delivered,65678
3251,951,2026-03-30,Delivered,74807
3252,1243,2025-02-15,Shipped,46626
3253,2558,2026-04-26,Processing,69294
3254,2757,2026-06-05,Shipped,72809
3255,1827,2026-06-22,Processing,66316
3256,1403,2025-12-01,Delivered,34352
3257,1888,2025-09-05,Processing,63815
3258,207,2025-10-19,Delivered,28779
3259,598,2025-12-11,Delivered,65244
3260,2172,2026-03-06,Shipped,60746
3261,397,2025-08-22,Processing,80176
3262,2625,2026-02-04,Processing,29360
3263,1858,2025-03-15,Shipped,11549
3264,961,2026-06-20,Shipped,2542
3265,2360,2025-07-10,Processing,66386
3266,1585,2025-10-02,Processing,13033
3267,137,2026-01-08,Delivered,36900
3268,2876,2025-07-28,Delivered,7685
3269,2947,2026-05-14,Delivered,62517
3270,698,2026-06-19,Delivered,8746
3271,1077,2025-11-27,Processing,84696
3272,2500,2025-06-20,Delivered,15535
3273,2538,2025-12-15,Processing,42242
3274,1632,2025-09-02,Delivered,55358
3275,365,2026-01-30,Delivered,48112
3276,977,2026-02-09,Processing,39772
3277,561,2026-01-28,Delivered,84973
3278,854,2025-06-28,Delivered,17826
3279,2273,2025-12-12,Processing,15910
3280,7,2026-01-18,Shipped,70664
3281,2061,2025-03-24,Processing,44522
3282,1196,2025-10-13,Delivered,8670
3283,401,2025-12-23,Delivered,65010
3284,336,2025-11-29,Delivered,67192
3285,932,2025-01-31,Processing,41182
3286,514,2025-03-30,Shipped,38733
3287,2025,2026-01-08,Delivered,69202
3288,91,2026-03-05,Processing,35448
3289,737,2025-04-11,Delivered,38456
3290,609,2026-03-11,Delivered,64363
3291,2591,2026-01-22,Delivered,51601
3292,1847,2026-01-05,Delivered,45212
3293,2115,2025-12-10,Shipped,18517
3294,2145,2025-05-31,Shipped,20582
3295,2681,2025-10-02,Shipped,27042
3296,474,2025-02-05,Delivered,38793
3297,1417,2025-08-07,Delivered,15826
3298,170,2026-05-01,Processing,104102
3299,2980,2025-12-12,Shipped,18569
3300,279,2025-10-14,Shipped,26458
3301,2232,2026-06-12,Shipped,31573
3302,1075,2025-02-05,Shipped,20423
3303,832,2026-06-27,Processing,122166
3304,509,2025-07-14,Processing,30361
3305,395,2026-02-14,Delivered,33141
3306,248,2025-06-12,Shipped,42684
3307,2008,2025-01-11,Delivered,46574
3308,2391,2025-11-09,Processing,31996
3309,301,2025-10-11,Delivered,61611
3310,1873,2025-12-05,Delivered,48664
3311,782,2026-02-12,Shipped,19374
3312,2021,2026-04-13,Shipped,55040
3313,670,2025-02-01,Shipped,43633
3314,2654,2026-03-19,Processing,41883
3315,2778,2025-12-11,Delivered,44651
3316,2392,2026-04-05,Shipped,22970
3317,1692,2026-02-15,Processing,87184
3318,1310,2025-01-27,Processing,67490
3319,1595,2025-12-18,Processing,20991
3320,1514,2025-08-06,Shipped,7783
3321,1615,2025-08-09,Delivered,21289
3322,1470,2025-04-14,Shipped,43882
3323,2813,2025-04-15,Delivered,45513
3324,125,2025-04-15,Delivered,33507
3325,2464,2025-09-08,Processing,29770
3326,1686,2025-09-25,Processing,30138
3327,2463,2025-02-14,Processing,6340
3328,2423,2025-04-12,Delivered,21550
3329,809,2025-08-01,Delivered,5850
3330,2863,2025-10-13,Shipped,33030
3331,395,2025-07-29,Processing,35289
3332,2398,2025-02-01,Processing,77793
3333,1897,2026-03-28,Delivered,15859
3334,314,2026-06-04,Shipped,21953
3335,2284,2026-03-27,Shipped,4607
3336,2997,2025-09-21,Processing,34438
3337,2378,2026-01-25,Processing,39650
3338,1228,2026-01-28,Delivered,37653
3339,1484,2025-06-28,Processing,31901
3340,1869,2026-02-07,Shipped,57098
3341,86,2025-01-30,Delivered,55217
3342,957,2025-09-13,Shipped,6937
3343,616,2026-02-18,Processing,43810
3344,371,2025-08-14,Shipped,3258
3345,2319,2025-03-03,Delivered,35403
3346,2564,2025-07-16,Delivered,15725
3347,450,2025-09-13,Delivered,35086
3348,935,2025-11-02,Shipped,28526
3349,420,2026-05-02,Delivered,50048
3350,237,2025-08-23,Processing,72631
3351,2072,2026-06-14,Delivered,46318
3352,409,2025-10-10,Shipped,1763
3353,1378,2026-02-15,Processing,71665
3354,2112,2025-10-18,Delivered,63847
3355,2558,2025-10-17,Shipped,30696
3356,1410,2025-09-09,Delivered,22500
3357,1743,2025-12-05,Delivered,2404
3358,42,2026-05-23,Delivered,20602
3359,179,2025-02-25,Processing,30191
3360,579,2026-03-10,Processing,24579
3361,2148,2025-07-28,Processing,11238
3362,2209,2025-12-08,Processing,18381
3363,1653,2025-04-12,Shipped,34180
3364,697,2025-12-18,Shipped,48433
3365,2817,2025-01-24,Delivered,24144
3366,2980,2025-07-05,Shipped,70195
3367,1821,2025-10-15,Processing,65218
3368,2436,2026-04-24,Processing,65910
3369,1468,2025-04-19,Shipped,31220
3370,2840,2026-05-20,Delivered,2178
3371,1778,2026-02-10,Delivered,24703
3372,2715,2025-12-07,Processing,50194
3373,1534,2026-01-31,Processing,3630
3374,1010,2025-07-15,Delivered,20574
3375,95,2025-10-20,Delivered,74238
3376,325,2026-06-04,Delivered,2297
3377,1829,2025-11-05,Processing,35546
3378,1866,2026-02-07,Shipped,23877
3379,2220,2026-01-11,Processing,28890
3380,2826,2025-02-27,Processing,46537
3381,689,2025-10-17,Shipped,38648
3382,1428,2025-03-05,Delivered,18786
3383,581,2025-05-17,Processing,42348
3384,871,2025-12-03,Delivered,20118
3385,2911,2026-05-11,Delivered,31818
3386,2088,2025-08-10,Delivered,63602
3387,999,2025-04-09,Processing,37514
3388,2462,2026-04-13,Delivered,92613
3389,1959,2025-08-31,Shipped,66234
3390,417,2025-03-03,Delivered,65842
3391,2658,2025-07-18,Delivered,75927
3392,2772,2025-08-31,Delivered,31600
3393,1980,2025-09-11,Processing,15406
3394,804,2025-10-24,Processing,27539
3395,2882,2025-03-30,Processing,74136
3396,365,2026-06-16,Shipped,19672
3397,768,2025-06-20,Delivered,55490
3398,2851,2025-08-13,Processing,85746
3399,2844,2025-01-12,Processing,58979
3400,839,2025-09-27,Shipped,96124
3401,1505,2025-08-10,Delivered,14922
3402,2508,2026-04-06,Shipped,40559
3403,386,2026-01-17,Processing,75548
3404,628,2026-04-30,Processing,63737
3405,1573,2025-12-19,Shipped,31169
3406,1094,2025-02-03,Shipped,10072
3407,2650,2025-01-19,Delivered,64015
3408,2553,2026-01-13,Delivered,36579
3409,1786,2026-02-22,Delivered,29201
3410,1433,2025-09-05,Delivered,43470
3411,2561,2025-11-17,Delivered,25802
3412,1566,2026-04-03,Shipped,66194
3413,2507,2025-10-05,Shipped,58731
3414,1516,2025-01-08,Processing,45834
3415,1840,2026-01-20,Delivered,59456
3416,1858,2025-04-26,Delivered,22208
3417,882,2026-06-16,Delivered,47178
3418,74,2025-03-01,Delivered,15408
3419,2016,2025-10-20,Delivered,19506
3420,1725,2025-09-25,Delivered,60546
3421,1618,2025-12-28,Processing,24526
3422,2145,2025-06-21,Delivered,52794
3423,110,2025-05-05,Processing,83608
3424,1620,2025-09-04,Shipped,24000
3425,2553,2025-08-16,Shipped,70490
3426,1823,2026-04-22,Delivered,27710
3427,1369,2025-11-29,Processing,13262
3428,2703,2025-02-21,Delivered,37550
3429,7,2026-01-17,Delivered,2559
3430,1613,2026-05-18,Delivered,35736
3431,2486,2025-04-14,Processing,43767
3432,1796,2026-03-08,Shipped,56035
3433,824,2025-02-10,Processing,2788
3434,731,2026-01-02,Delivered,37726
3435,824,2025-10-28,Processing,60491
3436,718,2026-01-14,Delivered,36726
3437,2747,2026-03-25,Shipped,28412
3438,1965,2025-08-10,Processing,25439
3439,713,2025-12-06,Processing,67434
3440,930,2025-05-27,Shipped,21406
3441,1437,2025-12-17,Delivered,4039
3442,1228,2026-01-31,Processing,73193
3443,1961,2025-11-05,Delivered,29292
3444,165,2025-04-02,Shipped,47954
3445,2880,2025-06-17,Shipped,56102
3446,105,2025-09-12,Delivered,41534
3447,2202,2025-02-18,Delivered,6908
3448,2675,2026-03-30,Processing,11263
3449,667,2026-06-08,Shipped,51565
3450,1620,2025-02-10,Processing,48504
3451,1858,2025-07-31,Delivered,14678
3452,2221,2025-11-03,Delivered,19406
3453,2753,2025-01-15,Delivered,22860
3454,141,2025-01-27,Delivered,17989
3455,606,2025-08-07,Shipped,43254
3456,516,2025-05-09,Delivered,36246
3457,2242,2025-04-09,Processing,10922
3458,1583,2025-08-23,Delivered,12985
3459,743,2025-01-01,Processing,9310
3460,1269,2026-06-16,Shipped,48990
3461,2055,2025-04-24,Shipped,33839
3462,2553,2025-02-01,Processing,24158
3463,595,2026-01-21,Delivered,31794
3464,946,2025-11-17,Processing,58581
3465,862,2025-01-07,Processing,4579
3466,2267,2026-01-12,Shipped,56060
3467,1377,2025-10-26,Delivered,13094
3468,1638,2025-04-15,Shipped,32848
3469,1921,2025-05-27,Shipped,14368
3470,2644,2025-12-10,Processing,32499
3471,270,2026-04-12,Processing,48266
3472,290,2026-02-01,Shipped,22420
3473,1303,2025-02-03,Shipped,49674
3474,101,2026-01-04,Delivered,26960
3475,1001,2026-07-03,Shipped,4003
3476,822,2026-02-09,Processing,69730
3477,1022,2025-11-13,Delivered,31790
3478,2297,2025-05-15,Processing,7821
3479,2479,2025-11-09,Delivered,23450
3480,720,2026-06-19,Delivered,58872
3481,355,2025-01-11,Shipped,24649
3482,466,2025-05-19,Processing,41956
3483,956,2025-06-09,Processing,32696
3484,2892,2025-07-26,Shipped,67756
3485,227,2025-04-08,Delivered,134150
3486,2369,2025-04-03,Shipped,64990
3487,877,2025-05-28,Shipped,7430
3488,2334,2025-01-13,Shipped,23240
3489,2797,2026-04-20,Delivered,59959
3490,844,2025-05-14,Delivered,95872
3491,392,2026-01-11,Shipped,85596
3492,2794,2026-05-20,Processing,31880
3493,1554,2026-01-03,Shipped,16164
3494,833,2025-11-05,Processing,60675
3495,2364,2025-01-04,Delivered,49023
3496,836,2025-02-03,Processing,21071
3497,440,2026-03-20,Delivered,30488
3498,1378,2025-10-18,Processing,1241
3499,814,2026-06-18,Processing,42574
3500,717,2026-03-29,Delivered,11994
3501,2885,2025-09-29,Shipped,23513
3502,2387,2025-12-21,Processing,3563
3503,2800,2025-07-27,Shipped,6616
3504,1751,2026-03-31,Shipped,60225
3505,547,2025-11-15,Shipped,10780
3506,2332,2025-03-18,Shipped,20232
3507,1790,2025-08-15,Processing,36128
3508,1726,2025-03-04,Shipped,40620
3509,1838,2025-06-16,Processing,9122
3510,2912,2026-02-13,Processing,52434
3511,2333,2025-04-25,Processing,4920
3512,1616,2025-04-18,Delivered,78929
3513,1822,2026-05-12,Processing,33022
3514,2480,2025-11-11,Processing,5257
3515,1378,2025-01-22,Delivered,60182
3516,50,2025-01-17,Processing,61800
3517,2065,2026-06-24,Shipped,13884
3518,2662,2025-03-22,Delivered,17887
3519,25,2025-05-10,Processing,17596
3520,1886,2025-08-26,Processing,59950
3521,396,2026-05-26,Processing,14488
3522,751,2025-01-30,Delivered,7918
3523,2823,2025-06-14,Shipped,5162
3524,1197,2025-04-22,Delivered,28192
3525,743,2025-11-16,Processing,16785
3526,922,2025-11-20,Delivered,12258
3527,559,2026-01-17,Shipped,6688
3528,921,2025-11-11,Processing,42946
3529,2070,2025-08-03,Delivered,38586
3530,498,2026-05-14,Delivered,21482
3531,2046,2025-06-05,Processing,26642
3532,378,2026-04-23,Delivered,50236
3533,2640,2026-05-04,Delivered,27332
3534,1188,2025-09-30,Shipped,5922
3535,2078,2025-08-28,Processing,6731
3536,2701,2026-05-01,Delivered,22052
3537,2413,2025-01-29,Processing,21910
3538,552,2025-07-30,Shipped,17083
3539,2532,2025-09-14,Shipped,26814
3540,1446,2025-07-27,Processing,35148
3541,301,2026-06-23,Delivered,16421
3542,1098,2026-04-03,Shipped,11390
3543,962,2025-05-14,Delivered,107622
3544,2872,2025-04-09,Processing,28497
3545,2432,2025-09-10,Delivered,35832
3546,2620,2026-04-13,Processing,22044
3547,2081,2025-01-28,Shipped,15980
3548,341,2025-11-26,Processing,69875
3549,1118,2025-05-14,Delivered,27475
3550,2362,2025-04-02,Processing,33930
3551,2761,2026-06-21,Shipped,49502
3552,590,2025-03-30,Delivered,13115
3553,2480,2025-06-28,Delivered,40010
3554,300,2025-10-07,Delivered,45985
3555,491,2025-02-18,Shipped,95340
3556,2060,2025-08-22,Shipped,23555
3557,2586,2025-05-15,Processing,49987
3558,729,2026-01-09,Shipped,6555
3559,194,2025-06-17,Shipped,8941
3560,607,2026-04-17,Delivered,28380
3561,257,2025-01-19,Delivered,2302
3562,610,2025-03-02,Processing,17304
3563,642,2026-02-05,Delivered,89926
3564,385,2025-01-14,Shipped,79444
3565,2970,2026-03-20,Processing,21301
3566,2926,2025-06-17,Processing,11004
3567,2059,2025-02-12,Shipped,15964
3568,2106,2025-12-14,Processing,50240
3569,140,2025-08-10,Shipped,84741
3570,1647,2026-01-03,Shipped,46358
3571,2416,2026-05-06,Processing,68296
3572,2464,2025-05-15,Processing,32630
3573,1760,2026-05-01,Shipped,65838
3574,548,2025-03-03,Delivered,54534
3575,2545,2025-03-04,Delivered,3022
3576,712,2025-12-02,Shipped,63135
3577,664,2026-04-25,Shipped,41565
3578,166,2025-04-23,Shipped,3579
3579,1161,2026-03-17,Processing,17484
3580,2715,2025-08-28,Processing,10388
3581,355,2026-06-10,Processing,25446
3582,1212,2026-04-03,Shipped,60700
3583,1822,2025-10-10,Shipped,15095
3584,91,2026-06-02,Shipped,24736
3585,2987,2025-01-22,Shipped,45681
3586,331,2026-05-09,Processing,62806
3587,1412,2025-03-09,Delivered,15584
3588,1984,2026-04-19,Delivered,27354
3589,2696,2025-09-14,Processing,32305
3590,864,2026-03-08,Shipped,15701
3591,1172,2025-02-28,Shipped,63558
3592,335,2025-08-26,Processing,42970
3593,2857,2025-11-13,Delivered,37357
3594,1998,2025-10-01,Processing,66424
3595,1188,2026-05-08,Delivered,43478
3596,675,2025-04-16,Processing,4268
3597,1491,2025-07-06,Delivered,47964
3598,221,2025-10-16,Processing,47036
3599,1802,2025-05-06,Processing,71415
3600,1960,2026-01-16,Processing,50131
3601,2668,2025-01-28,Delivered,20759
3602,1230,2025-05-05,Shipped,15323
3603,2919,2025-04-12,Delivered,23147
3604,76,2025-01-08,Processing,31896
3605,1634,2026-04-19,Shipped,7308
3606,234,2025-03-29,Delivered,2250
3607,2152,2025-07-19,Processing,22576
3608,1932,2025-05-13,Processing,2538
3609,772,2026-06-19,Processing,48776
3610,2406,2025-08-04,Processing,44100
3611,2628,2025-12-01,Processing,44977
3612,115,2025-03-07,Shipped,61039
3613,1227,2026-05-12,Processing,29712
3614,2849,2025-07-16,Delivered,34004
3615,1515,2026-04-22,Processing,1277
3616,701,2026-03-29,Delivered,42575
3617,1681,2026-05-31,Delivered,70415
3618,2115,2025-10-06,Delivered,22856
3619,1381,2025-07-24,Processing,21020
3620,1205,2026-05-28,Delivered,32046
3621,1474,2025-03-23,Shipped,63069
3622,447,2026-03-30,Shipped,73759
3623,125,2026-02-05,Delivered,9443
3624,1813,2025-02-19,Shipped,62932
3625,1802,2025-08-04,Shipped,24488
3626,708,2026-01-15,Shipped,42828
3627,2928,2026-05-03,Shipped,60383
3628,1894,2025-01-15,Processing,43272
3629,1529,2025-08-10,Delivered,43824
3630,1141,2025-08-07,Processing,54740
3631,2992,2025-08-30,Shipped,14678
3632,988,2025-10-17,Processing,46756
3633,1490,2026-04-09,Delivered,83708
3634,1740,2025-08-09,Delivered,55802
3635,1036,2026-03-25,Processing,50955
3636,2976,2025-06-22,Shipped,71002
3637,2928,2026-05-01,Processing,17922
3638,781,2026-05-19,Processing,20977
3639,937,2026-04-20,Shipped,36416
3640,742,2026-02-02,Shipped,58540
3641,797,2026-06-05,Shipped,37604
3642,170,2025-08-28,Shipped,30095
3643,1842,2026-05-01,Processing,14445
3644,813,2025-08-07,Delivered,30168
3645,1343,2025-02-24,Delivered,44086
3646,1674,2025-11-27,Shipped,4139
3647,422,2025-06-28,Delivered,14728
3648,1126,2025-08-28,Delivered,10307
3649,1212,2025-05-21,Processing,7212
3650,899,2025-10-20,Shipped,45043
3651,2384,2025-06-25,Delivered,10200
3652,1444,2025-08-27,Delivered,6745
3653,2087,2026-06-08,Delivered,43798
3654,1971,2025-04-25,Delivered,46386
3655,845,2026-03-28,Shipped,16997
3656,1429,2026-03-13,Processing,24333
3657,1348,2026-02-26,Processing,64984
3658,2451,2026-04-21,Shipped,21143
3659,1721,2026-01-03,Delivered,32118
3660,2431,2025-09-24,Delivered,31332
3661,1342,2025-01-15,Processing,42846
3662,107,2025-11-25,Processing,15634
3663,2293,2025-11-26,Shipped,23233
3664,161,2025-02-12,Delivered,15317
3665,1419,2025-06-13,Processing,14125
3666,2205,2025-01-31,Delivered,18151
3667,826,2025-03-09,Shipped,28596
3668,203,2025-01-18,Delivered,6893
3669,2297,2026-03-18,Processing,80170
3670,1034,2025-06-20,Delivered,2775
3671,2366,2026-04-09,Processing,2091
3672,1720,2026-01-10,Delivered,32832
3673,276,2025-07-26,Delivered,15104
3674,1368,2026-05-07,Processing,1054
3675,1102,2025-12-03,Processing,32075
3676,2184,2026-05-09,Delivered,19066
3677,2125,2025-03-04,Delivered,51440
3678,2662,2025-04-04,Delivered,41464
3679,1252,2025-06-02,Delivered,30107
3680,2735,2025-08-15,Delivered,21354
3681,180,2025-03-29,Shipped,84512
3682,2483,2025-08-20,Delivered,38609
3683,2486,2026-06-07,Processing,36986
3684,1482,2026-06-02,Delivered,19668
3685,2987,2025-04-22,Delivered,40988
3686,1742,2026-04-28,Delivered,16636
3687,641,2026-06-24,Processing,84356
3688,2242,2025-04-09,Shipped,15255
3689,263,2025-03-08,Processing,73362
3690,2874,2026-06-03,Processing,13134
3691,632,2025-08-03,Shipped,12454
3692,337,2025-10-12,Delivered,37588
3693,63,2026-05-18,Shipped,41454
3694,2782,2025-07-05,Processing,21265
3695,1978,2025-10-22,Delivered,26696
3696,1639,2026-06-29,Delivered,80002
3697,651,2025-01-07,Delivered,12460
3698,1463,2026-06-26,Delivered,8714
3699,2240,2025-04-23,Processing,12138
3700,474,2025-03-21,Shipped,33614
3701,2176,2025-07-22,Delivered,37276
3702,698,2026-05-18,Delivered,20693
3703,1838,2026-06-29,Shipped,54143
3704,1942,2026-02-06,Processing,10676
3705,2,2025-07-20,Processing,51296
3706,56,2025-12-27,Shipped,41230
3707,2019,2025-09-12,Processing,18500
3708,2725,2025-05-04,Delivered,40726
3709,2387,2025-09-29,Shipped,43911
3710,1180,2025-03-02,Shipped,55714
3711,793,2025-11-16,Delivered,44866
3712,1519,2025-10-18,Delivered,12727
3713,1045,2026-04-08,Delivered,36385
3714,2808,2025-08-20,Shipped,53184
3715,9,2025-05-17,Shipped,54558
3716,1526,2025-11-29,Delivered,34210
3717,1465,2025-08-21,Processing,61795
3718,904,2025-01-25,Delivered,55576
3719,737,2025-10-24,Shipped,20444
3720,1366,2025-12-18,Processing,42581
3721,2596,2025-02-03,Delivered,14804
3722,2121,2025-02-20,Delivered,10034
3723,2547,2025-02-10,Delivered,22518
3724,396,2026-02-17,Delivered,28551
3725,2220,2025-09-06,Processing,37072
3726,2476,2025-03-24,Processing,3090
3727,1913,2026-06-15,Shipped,27946
3728,466,2025-12-26,Delivered,5177
3729,1071,2026-05-06,Shipped,33744
3730,2836,2025-09-07,Delivered,16933
3731,2390,2026-03-02,Shipped,34496
3732,1394,2025-05-22,Shipped,37414
3733,2784,2025-09-22,Processing,44516
3734,2539,2025-11-20,Processing,21415
3735,2980,2025-06-12,Delivered,7960
3736,2687,2025-06-24,Delivered,4866
3737,416,2025-10-18,Processing,49192
3738,2757,2025-09-25,Processing,50828
3739,518,2026-02-08,Shipped,35712
3740,2808,2025-05-12,Delivered,86298
3741,1260,2026-05-04,Processing,28235
3742,1067,2025-11-16,Processing,28520
3743,21,2026-05-14,Shipped,46260
3744,1472,2025-11-02,Processing,32589
3745,2492,2026-06-29,Shipped,24144
3746,920,2026-01-28,Delivered,67199
3747,662,2025-10-06,Shipped,45541
3748,937,2025-07-19,Delivered,26628
3749,2346,2025-09-23,Delivered,16417
3750,2299,2025-10-02,Delivered,68009
3751,648,2025-01-29,Shipped,15890
3752,2023,2026-03-21,Delivered,44453
3753,390,2025-11-25,Delivered,16825
3754,763,2025-01-31,Processing,25682
3755,179,2025-12-04,Processing,43110
3756,1700,2025-02-03,Delivered,50900
3757,272,2025-06-04,Delivered,7119
3758,760,2026-06-11,Delivered,8816
3759,2479,2026-05-15,Processing,21984
3760,420,2026-02-13,Delivered,90815
3761,346,2025-05-11,Processing,55536
3762,1114,2025-08-03,Shipped,73634
3763,412,2025-10-05,Delivered,72816
3764,128,2025-10-27,Delivered,48019
3765,902,2026-04-19,Delivered,16118
3766,1065,2025-11-21,Shipped,51268
3767,1020,2025-02-04,Shipped,71338
3768,1166,2025-12-16,Processing,2614
3769,1261,2025-05-07,Shipped,87456
3770,1559,2026-06-03,Delivered,45952
3771,1441,2025-01-07,Shipped,49524
3772,71,2025-10-27,Shipped,45966
3773,1403,2025-08-01,Shipped,25334
3774,44,2025-06-20,Shipped,44012
3775,677,2025-06-20,Processing,39512
3776,1208,2026-03-07,Processing,49739
3777,1701,2026-05-21,Processing,24720
3778,1514,2025-01-15,Processing,20533
3779,536,2026-03-02,Delivered,13426
3780,1537,2025-07-01,Shipped,23179
3781,2546,2025-01-25,Delivered,32091
3782,2153,2025-11-10,Processing,13186
3783,353,2025-02-16,Delivered,4844
3784,642,2026-02-09,Delivered,83975
3785,893,2026-05-18,Processing,88034
3786,1210,2025-06-12,Shipped,54792
3787,2082,2025-05-01,Processing,50259
3788,2191,2025-03-11,Shipped,53663
3789,307,2026-06-25,Shipped,68695
3790,475,2025-02-27,Processing,56036
3791,556,2026-06-02,Delivered,17952
3792,683,2026-01-17,Shipped,90828
3793,2303,2025-04-30,Processing,55817
3794,1659,2025-10-30,Delivered,46048
3795,2010,2025-04-22,Delivered,37856
3796,1455,2026-04-28,Processing,68803
3797,1198,2025-07-12,Delivered,11913
3798,116,2025-12-01,Shipped,37798
3799,1710,2025-06-01,Processing,91968
3800,857,2025-04-25,Delivered,9028
3801,981,2026-06-30,Delivered,56646
3802,718,2026-01-03,Shipped,28860
3803,1139,2026-03-19,Delivered,16500
3804,2873,2025-02-02,Shipped,11852
3805,1282,2025-10-10,Processing,4294
3806,669,2025-11-11,Processing,36439
3807,87,2025-09-08,Shipped,54653
3808,2264,2026-04-28,Shipped,4241
3809,2774,2025-06-26,Shipped,21319
3810,220,2025-08-10,Processing,18168
3811,581,2026-06-26,Delivered,14872
3812,1955,2025-09-12,Shipped,4448
3813,695,2025-11-11,Shipped,26065
3814,889,2026-05-13,Shipped,57236
3815,978,2025-02-27,Shipped,12977
3816,834,2026-04-09,Shipped,23450
3817,757,2026-06-09,Shipped,77549
3818,1275,2026-02-13,Delivered,28963
3819,1940,2025-10-05,Shipped,30253
3820,2367,2025-05-25,Processing,26855
3821,2693,2025-12-30,Shipped,42054
3822,1345,2026-06-06,Delivered,48672
3823,2098,2025-03-25,Shipped,6948
3824,932,2026-04-01,Delivered,8150
3825,2045,2025-01-01,Shipped,124276
3826,2026,2025-09-01,Delivered,65299
3827,1164,2025-09-20,Shipped,5453
3828,714,2025-06-27,Processing,56521
3829,248,2026-04-25,Shipped,37076
3830,2060,2025-11-05,Processing,22573
3831,2158,2025-01-28,Shipped,27359
3832,2333,2026-05-17,Shipped,43376
3833,1331,2026-05-27,Shipped,16396
3834,2357,2025-12-11,Shipped,40629
3835,1795,2025-03-04,Delivered,17667
3836,1738,2025-08-08,Shipped,41066
3837,1483,2025-03-29,Shipped,37322
3838,560,2025-11-02,Processing,105228
3839,1249,2026-02-01,Processing,40988
3840,1907,2025-12-29,Processing,41417
3841,1673,2025-01-14,Shipped,30562
3842,34,2025-01-02,Shipped,6962
3843,2346,2025-07-28,Delivered,20048
3844,930,2026-05-23,Delivered,70538
3845,23,2026-07-02,Shipped,91926
3846,481,2025-05-26,Shipped,24079
3847,929,2025-11-28,Shipped,12684
3848,245,2025-10-29,Delivered,70165
3849,693,2025-11-08,Delivered,49752
3850,1675,2025-05-24,Processing,8395
3851,1296,2026-06-04,Processing,9187
3852,1111,2026-03-19,Shipped,8210
3853,132,2025-07-03,Delivered,35948
3854,886,2025-11-15,Delivered,4722
3855,2827,2025-01-13,Shipped,70827
3856,2926,2026-01-19,Shipped,7624
3857,2116,2025-12-29,Delivered,17653
3858,1631,2025-04-26,Shipped,32395
3859,1660,2026-07-02,Delivered,36257
3860,2965,2025-07-22,Shipped,59087
3861,2681,2026-01-03,Delivered,42682
3862,1546,2026-03-15,Shipped,63011
3863,2659,2025-06-29,Shipped,13259
3864,954,2026-04-12,Processing,31598
3865,1683,2026-07-02,Processing,48588
3866,82,2026-06-26,Delivered,55009
3867,273,2025-05-16,Delivered,47030
3868,218,2025-04-30,Processing,21222
3869,2504,2026-03-15,Delivered,37236
3870,663,2025-02-12,Shipped,42239
3871,498,2025-10-18,Shipped,11703
3872,2429,2026-01-08,Delivered,64742
3873,1099,2025-08-12,Delivered,7244
3874,1212,2025-12-01,Delivered,14567
3875,589,2025-02-28,Shipped,100215
3876,1972,2026-02-05,Shipped,10932
3877,381,2025-08-25,Delivered,2944
3878,41,2025-07-02,Processing,30664
3879,1094,2025-07-15,Shipped,22180
3880,1573,2025-02-10,Shipped,53278
3881,1137,2025-08-28,Processing,71368
3882,1901,2026-01-22,Processing,63964
3883,566,2026-03-29,Delivered,45476
3884,2854,2025-02-25,Processing,38423
3885,807,2025-07-01,Processing,60682
3886,2698,2025-09-27,Delivered,101388
3887,1456,2025-08-26,Delivered,111928
3888,2794,2025-09-23,Processing,60165
3889,1778,2025-06-03,Delivered,35167
3890,2779,2026-04-16,Delivered,8517
3891,703,2026-04-12,Delivered,78424
3892,64,2026-03-14,Processing,23552
3893,911,2026-02-19,Processing,89757
3894,1241,2025-05-25,Delivered,66285
3895,1193,2025-08-17,Processing,59013
3896,2296,2026-05-27,Shipped,21966
3897,693,2025-04-26,Processing,13616
3898,2988,2025-12-17,Delivered,50250
3899,1328,2026-06-21,Processing,28210
3900,405,2025-12-30,Shipped,61315
3901,1206,2025-11-02,Shipped,26760
3902,306,2026-05-16,Processing,39280
3903,2318,2025-07-21,Delivered,59803
3904,2161,2025-03-27,Processing,39353
3905,2881,2025-06-11,Delivered,31652
3906,2194,2025-03-05,Delivered,70476
3907,1243,2025-07-23,Delivered,73788
3908,2902,2025-01-15,Delivered,70963
3909,306,2025-07-12,Processing,34672
3910,2405,2026-06-27,Shipped,24772
3911,545,2025-04-20,Processing,89296
3912,1609,2026-04-10,Processing,18666
3913,795,2025-07-07,Processing,41560
3914,602,2025-07-14,Processing,55738
3915,294,2025-04-27,Delivered,43182
3916,2841,2025-06-28,Shipped,71391
3917,2920,2026-06-03,Delivered,19795
3918,784,2025-02-28,Shipped,56757
3919,1875,2025-10-11,Delivered,20161
3920,384,2026-01-21,Shipped,36725
3921,66,2026-05-25,Delivered,34833
3922,2202,2025-01-08,Delivered,48230
3923,37,2025-07-30,Shipped,24766
3924,527,2026-02-27,Shipped,46318
3925,1353,2026-06-07,Shipped,40756
3926,2162,2026-05-29,Delivered,38768
3927,1370,2025-09-03,Processing,89100
3928,2413,2026-07-01,Processing,7178
3929,2351,2026-07-05,Shipped,27248
3930,2933,2025-04-07,Processing,18118
3931,1643,2025-08-07,Processing,57353
3932,1452,2025-08-30,Processing,79552
3933,1680,2025-11-24,Shipped,21496
3934,1526,2026-04-23,Processing,35242
3935,55,2025-05-31,Processing,31412
3936,1621,2026-02-05,Shipped,19559
3937,2529,2026-04-08,Delivered,37069
3938,976,2026-06-24,Shipped,7964
3939,2251,2025-08-27,Shipped,33352
3940,18,2025-01-13,Shipped,64504
3941,2433,2025-07-11,Delivered,16157
3942,2150,2026-02-05,Processing,22472
3943,2370,2025-05-08,Shipped,17320
3944,2877,2025-10-09,Delivered,24388
3945,2015,2026-04-23,Processing,21414
3946,765,2025-03-17,Shipped,16106
3947,2411,2026-04-29,Shipped,7610
3948,865,2025-05-26,Processing,39617
3949,1116,2025-05-25,Shipped,7919
3950,986,2025-11-14,Processing,38143
3951,2087,2025-12-01,Processing,68440
3952,1912,2026-04-11,Shipped,33464
3953,2452,2026-04-29,Shipped,51960
3954,433,2025-09-11,Delivered,44174
3955,779,2025-10-25,Delivered,55755
3956,1137,2025-09-05,Processing,91854
3957,1881,2026-03-15,Delivered,16202
3958,976,2026-04-04,Shipped,41592
3959,2553,2025-02-09,Shipped,47546
3960,1841,2026-05-18,Shipped,67416
3961,2814,2026-06-08,Shipped,46476
3962,968,2025-12-11,Shipped,27572
3963,1531,2025-12-26,Delivered,71200
3964,470,2025-09-18,Processing,49964
3965,2374,2025-02-15,Shipped,36945
3966,2435,2025-07-18,Shipped,21674
3967,609,2025-09-21,Shipped,27048
3968,2483,2025-10-08,Delivered,4384
3969,2575,2025-09-29,Shipped,61698
3970,1334,2026-01-27,Delivered,57390
3971,1015,2025-08-17,Processing,40279
3972,17,2026-01-21,Shipped,25102
3973,958,2025-01-20,Processing,46704
3974,1783,2025-06-04,Shipped,79848
3975,660,2025-02-28,Shipped,18295
3976,2560,2025-03-04,Delivered,78219
3977,1918,2026-06-15,Shipped,37348
3978,200,2026-04-24,Shipped,10907
3979,1066,2025-11-22,Processing,34185
3980,775,2025-02-12,Delivered,29602
3981,1357,2025-02-06,Processing,30280
3982,1581,2025-05-17,Delivered,36090
3983,867,2026-03-13,Processing,22738
3984,1640,2026-03-11,Processing,33062
3985,954,2025-04-17,Shipped,33683
3986,476,2025-12-31,Shipped,6372
3987,1427,2025-01-06,Shipped,18346
3988,774,2025-08-13,Delivered,17756
3989,436,2025-06-14,Processing,57914
3990,2047,2025-01-17,Shipped,21918
3991,258,2025-12-06,Processing,82534
3992,340,2025-01-21,Shipped,16524
3993,2163,2026-03-17,Processing,10776
3994,1319,2026-01-03,Delivered,49690
3995,690,2025-02-09,Shipped,49394
3996,1728,2026-03-14,Processing,4991
3997,1131,2026-02-17,Delivered,59706
3998,421,2026-01-17,Delivered,72895
3999,832,2025-06-26,Processing,12056
4000,1367,2025-11-05,Shipped,45580
4001,14,2026-03-20,Delivered,14002
4002,2411,2025-05-31,Processing,50417
4003,1586,2025-10-15,Processing,21145
4004,2620,2026-02-12,Delivered,19366
4005,2928,2025-10-12,Processing,66238
4006,1420,2025-12-23,Processing,9718
4007,1073,2025-02-07,Shipped,56984
4008,519,2025-08-23,Processing,31568
4009,1752,2025-10-25,Shipped,29479
4010,1257,2025-12-31,Processing,15468
4011,9,2026-05-14,Delivered,19613
4012,837,2025-05-18,Shipped,31434
4013,1553,2025-03-11,Shipped,50549
4014,2697,2025-06-03,Delivered,20091
4015,2209,2025-02-23,Processing,61565
4016,1774,2025-10-03,Processing,50153
4017,1865,2026-07-03,Shipped,70528
4018,934,2026-05-26,Processing,81285
4019,1556,2026-02-27,Shipped,25614
4020,2048,2026-06-13,Shipped,87175
4021,267,2025-12-31,Delivered,13465
4022,2640,2025-07-14,Processing,24427
4023,2217,2026-02-21,Shipped,16544
4024,2138,2025-10-28,Processing,9330
4025,65,2026-04-17,Delivered,29271
4026,1590,2026-01-21,Shipped,78226
4027,2958,2025-10-25,Delivered,56383
4028,334,2026-06-23,Processing,11518
4029,1598,2025-04-26,Delivered,59904
4030,2543,2025-08-31,Processing,46418
4031,665,2026-02-22,Delivered,12434
4032,277,2025-03-18,Shipped,4149
4033,1839,2026-01-21,Processing,64382
4034,2809,2026-06-13,Shipped,4080
4035,2644,2025-09-15,Processing,48181
4036,259,2025-06-19,Processing,20898
4037,1042,2025-01-24,Processing,5050
4038,492,2026-06-11,Shipped,71660
4039,1807,2025-03-30,Processing,109670
4040,1814,2025-09-27,Processing,32694
4041,2263,2025-03-12,Delivered,49004
4042,338,2026-06-30,Delivered,71065
4043,2997,2025-05-27,Delivered,14712
4044,1651,2025-03-16,Processing,10995
4045,1376,2025-04-12,Delivered,40025
4046,2715,2026-03-20,Processing,54182
4047,1219,2026-01-13,Shipped,61307
4048,350,2026-04-12,Processing,55196
4049,1555,2026-01-24,Processing,33509
4050,2257,2025-04-13,Delivered,82774
4051,2247,2026-04-21,Delivered,39955
4052,2646,2026-06-16,Processing,30926
4053,2037,2025-08-07,Delivered,73536
4054,380,2025-05-15,Processing,14955
4055,688,2025-03-21,Shipped,23362
4056,2231,2025-07-16,Delivered,57100
4057,1203,2026-01-21,Processing,18231
4058,916,2025-01-24,Shipped,38455
4059,2134,2026-05-31,Processing,44369
4060,2728,2025-09-16,Delivered,39055
4061,2807,2026-02-18,Delivered,8383
4062,153,2025-06-13,Shipped,32286
4063,1779,2025-11-17,Delivered,84524
4064,2162,2025-08-17,Shipped,21116
4065,2636,2025-07-26,Shipped,76124
4066,1844,2025-11-26,Delivered,53771
4067,752,2025-10-06,Delivered,4320
4068,612,2026-02-25,Shipped,9314
4069,1316,2025-05-28,Delivered,59390
4070,2029,2025-03-16,Processing,103456
4071,1354,2025-04-16,Processing,22855
4072,538,2025-08-06,Shipped,61040
4073,2506,2025-04-11,Delivered,48190
4074,1404,2026-04-17,Shipped,18075
4075,1358,2025-06-22,Shipped,22580
4076,1913,2025-01-09,Delivered,59304
4077,218,2025-02-27,Shipped,84290
4078,1665,2025-02-02,Shipped,47492
4079,2009,2025-01-10,Delivered,43371
4080,1589,2025-12-23,Delivered,84758
4081,2126,2026-01-27,Processing,11750
4082,756,2025-08-19,Shipped,5680
4083,2019,2025-07-23,Delivered,45503
4084,2134,2025-06-12,Processing,46205
4085,2261,2025-01-18,Shipped,47960
4086,264,2025-02-21,Shipped,33739
4087,1905,2026-04-22,Delivered,22227
4088,1698,2025-06-06,Shipped,10872
4089,730,2025-02-15,Shipped,20691
4090,1900,2025-01-18,Shipped,14800
4091,681,2025-03-03,Delivered,5718
4092,1321,2025-06-05,Processing,49264
4093,1752,2026-05-15,Delivered,46073
4094,2718,2026-04-23,Delivered,13632
4095,116,2026-02-11,Shipped,88937
4096,351,2025-03-24,Processing,4168
4097,2140,2025-05-15,Shipped,21655
4098,65,2025-02-17,Delivered,18612
4099,1516,2025-08-04,Shipped,20890
4100,1861,2025-03-03,Delivered,97323
4101,88,2026-01-05,Processing,70647
4102,4,2025-03-10,Shipped,44190
4103,2371,2025-11-26,Delivered,44385
4104,348,2025-04-17,Delivered,51741
4105,1799,2025-11-05,Delivered,108776
4106,1134,2025-07-08,Delivered,58948
4107,2626,2025-09-10,Delivered,2938
4108,1431,2025-11-30,Delivered,49646
4109,878,2026-04-08,Delivered,64779
4110,2516,2025-10-22,Delivered,48103
4111,337,2025-07-09,Shipped,53955
4112,82,2025-08-06,Processing,7351
4113,851,2025-10-03,Delivered,1879
4114,996,2025-04-16,Shipped,18287
4115,1165,2025-01-15,Shipped,14328
4116,955,2026-06-12,Processing,18326
4117,2908,2025-02-21,Shipped,54375
4118,718,2026-07-05,Delivered,37438
4119,2255,2025-05-22,Processing,17512
4120,458,2025-01-30,Shipped,36685
4121,2242,2026-04-29,Processing,50355
4122,1706,2025-04-11,Processing,30818
4123,1627,2026-05-05,Shipped,53973
4124,1345,2026-03-23,Shipped,12730
4125,1033,2025-06-18,Shipped,52719
4126,1615,2025-12-18,Delivered,25324
4127,1984,2025-10-25,Processing,37152
4128,2698,2026-04-03,Delivered,42570
4129,1021,2026-01-07,Delivered,21358
4130,6,2025-05-19,Shipped,21728
4131,2801,2025-05-24,Processing,47230
4132,2625,2025-11-10,Processing,2026
4133,562,2025-09-08,Shipped,71544
4134,1805,2026-02-01,Shipped,65299
4135,806,2025-03-04,Shipped,28978
4136,1883,2025-08-14,Processing,20754
4137,2506,2025-05-24,Processing,89802
4138,2764,2025-09-04,Delivered,15957
4139,1972,2025-06-28,Delivered,7770
4140,2641,2025-07-11,Delivered,26224
4141,2054,2026-02-11,Shipped,54936
4142,710,2026-02-20,Shipped,27242
4143,1941,2025-08-30,Processing,60831
4144,2908,2025-08-18,Processing,77101
4145,611,2025-08-29,Delivered,34280
4146,2646,2026-03-18,Processing,45043
4147,2563,2025-01-25,Delivered,70842
4148,2324,2026-02-23,Delivered,82536
4149,581,2026-05-29,Processing,94756
4150,2883,2026-01-08,Shipped,19582
4151,1348,2025-07-08,Processing,34936
4152,93,2026-01-06,Delivered,18681
4153,688,2026-03-07,Delivered,22909
4154,417,2025-09-01,Processing,34097
4155,1091,2025-06-12,Delivered,53624
4156,1519,2025-10-12,Delivered,32889
4157,1856,2025-04-03,Shipped,33744
4158,2203,2025-06-06,Processing,14816
4159,2992,2025-03-06,Shipped,68874
4160,2034,2025-06-30,Delivered,46033
4161,1979,2025-03-06,Shipped,60817
4162,956,2025-07-24,Delivered,5697
4163,425,2025-10-17,Processing,39988
4164,41,2025-07-05,Shipped,55986
4165,2223,2026-05-07,Processing,31042
4166,2321,2025-11-21,Shipped,48627
4167,2215,2025-06-02,Processing,21618
4168,2430,2026-01-26,Processing,43382
4169,788,2026-01-27,Shipped,68454
4170,177,2026-06-04,Shipped,22555
4171,2073,2025-06-29,Processing,26002
4172,2693,2025-03-14,Shipped,45584
4173,2832,2026-05-13,Delivered,45309
4174,1578,2025-09-03,Processing,20794
4175,1057,2025-01-11,Shipped,32946
4176,1471,2026-03-10,Processing,40113
4177,2780,2025-01-23,Delivered,32000
4178,1511,2026-01-10,Shipped,39457
4179,2942,2026-01-17,Delivered,74086
4180,597,2025-05-17,Delivered,45360
4181,1927,2026-06-02,Shipped,58760
4182,2933,2025-10-31,Processing,84423
4183,831,2025-02-17,Delivered,31794
4184,737,2025-01-24,Processing,13093
4185,1522,2025-07-19,Shipped,14593
4186,2784,2026-03-11,Shipped,69196
4187,2695,2025-10-24,Shipped,2286
4188,792,2026-05-08,Delivered,73210
4189,1318,2026-05-18,Processing,43835
4190,327,2025-11-01,Processing,24837
4191,2025,2025-08-03,Processing,22330
4192,2551,2025-12-01,Processing,27579
4193,733,2025-01-04,Shipped,28808
4194,2637,2025-06-30,Delivered,48728
4195,2000,2025-10-17,Shipped,36578
4196,1473,2025-10-29,Processing,74950
4197,2191,2026-03-20,Processing,30166
4198,2189,2026-03-12,Shipped,46793
4199,2720,2026-02-16,Shipped,54057
4200,860,2026-04-05,Shipped,58662
4201,1569,2025-02-14,Shipped,7060
4202,662,2025-01-19,Shipped,86496
4203,1439,2026-01-19,Delivered,64477
4204,1167,2025-08-04,Delivered,38390
4205,795,2026-03-31,Delivered,39912
4206,1969,2026-03-10,Delivered,43656
4207,1010,2025-09-29,Processing,86730
4208,2916,2026-01-13,Delivered,50566
4209,1059,2025-10-19,Processing,23658
4210,2694,2026-04-29,Shipped,44318
4211,1093,2025-09-07,Shipped,14202
4212,2958,2026-03-04,Processing,45033
4213,953,2025-09-11,Processing,21768
4214,759,2025-06-15,Delivered,52551
4215,1073,2025-10-29,Shipped,7967
4216,727,2025-12-19,Delivered,51462
4217,7,2026-06-14,Shipped,10126
4218,652,2025-10-24,Shipped,22408
4219,1703,2025-08-08,Processing,40916
4220,808,2026-07-02,Processing,47759
4221,667,2025-02-25,Shipped,12851
4222,759,2025-01-29,Shipped,31648
4223,83,2025-06-28,Delivered,74756
4224,2318,2025-07-13,Delivered,19156
4225,767,2026-02-01,Shipped,9349
4226,2930,2025-08-01,Delivered,65693
4227,1312,2026-03-07,Shipped,27444
4228,1116,2026-04-23,Shipped,29914
4229,1166,2025-02-18,Delivered,11183
4230,466,2026-05-06,Processing,40540
4231,1214,2026-06-11,Shipped,45932
4232,2297,2025-02-19,Delivered,28862
4233,1572,2026-03-02,Delivered,44932
4234,400,2025-06-04,Delivered,5410
4235,1327,2025-04-30,Delivered,64028
4236,1556,2026-02-16,Processing,8627
4237,1469,2026-05-08,Delivered,12370
4238,30,2025-07-14,Shipped,64951
4239,2752,2025-08-31,Delivered,46098
4240,1708,2026-03-22,Shipped,42409
4241,282,2025-09-23,Processing,41024
4242,607,2026-04-20,Processing,52514
4243,353,2026-02-06,Delivered,9815
4244,202,2026-02-11,Delivered,38246
4245,2589,2026-05-30,Shipped,24599
4246,426,2026-01-29,Processing,79215
4247,2202,2025-10-25,Processing,15088
4248,1167,2025-02-03,Processing,44154
4249,1355,2025-05-24,Processing,45664
4250,1242,2025-09-21,Shipped,20304
4251,1886,2026-04-24,Delivered,30699
4252,2148,2026-07-04,Delivered,58951
4253,2952,2026-01-27,Delivered,47532
4254,873,2025-07-03,Delivered,17493
4255,1326,2025-03-23,Processing,30558
4256,2143,2025-10-16,Delivered,60543
4257,1783,2025-11-14,Shipped,60192
4258,1791,2026-06-26,Processing,42555
4259,1991,2025-04-18,Shipped,10752
4260,1164,2026-01-22,Delivered,67607
4261,290,2026-05-06,Processing,26722
4262,1371,2025-09-03,Delivered,13457
4263,1493,2025-04-14,Delivered,22135
4264,1466,2026-03-07,Processing,14563
4265,773,2026-02-20,Delivered,29942
4266,472,2025-06-17,Processing,15402
4267,1988,2025-03-30,Processing,49582
4268,2948,2025-02-08,Delivered,11714
4269,1896,2025-11-08,Shipped,71294
4270,2748,2025-03-01,Processing,63758
4271,172,2025-01-13,Delivered,34034
4272,1298,2026-05-31,Delivered,20503
4273,1574,2025-11-13,Delivered,38064
4274,889,2026-03-17,Delivered,3963
4275,2245,2025-05-24,Processing,12586
4276,2010,2025-08-20,Delivered,3694
4277,169,2025-01-13,Processing,5696
4278,606,2026-02-12,Shipped,71686
4279,110,2025-02-27,Delivered,1818
4280,37,2026-05-07,Delivered,17398
4281,1169,2026-04-02,Delivered,88840
4282,313,2026-02-04,Shipped,54711
4283,1430,2026-05-21,Shipped,24198
4284,2768,2025-11-30,Delivered,75346
4285,955,2026-02-06,Shipped,22608
4286,95,2025-04-11,Shipped,3635
4287,1246,2025-05-21,Delivered,68802
4288,2013,2025-02-21,Delivered,29457
4289,2837,2025-08-23,Delivered,14212
4290,2237,2025-11-06,Shipped,70536
4291,676,2026-02-20,Delivered,46042
4292,2172,2025-11-04,Shipped,104418
4293,1439,2025-08-13,Processing,73228
4294,2468,2026-05-14,Shipped,19549
4295,1047,2026-03-23,Processing,46835
4296,1055,2025-09-27,Processing,38702
4297,404,2025-01-02,Shipped,38528
4298,2600,2026-03-10,Delivered,50649
4299,118,2025-09-19,Shipped,15622
4300,638,2025-06-20,Delivered,17518
4301,2804,2026-02-15,Processing,39275
4302,320,2025-09-16,Shipped,44793
4303,1734,2026-04-12,Processing,22668
4304,2213,2025-03-07,Processing,20938
4305,2118,2025-05-18,Delivered,14596
4306,541,2026-03-27,Processing,33067
4307,321,2025-03-30,Shipped,65115
4308,2217,2025-08-25,Shipped,45392
4309,1751,2025-07-29,Delivered,37594
4310,1940,2025-05-13,Delivered,25674
4311,1591,2025-12-12,Delivered,46718
4312,1608,2026-03-09,Shipped,118324
4313,1660,2025-10-01,Processing,24614
4314,2091,2025-05-25,Processing,22946
4315,2954,2025-05-07,Processing,12698
4316,931,2026-03-04,Delivered,1143
4317,480,2025-02-06,Processing,31218
4318,2326,2025-11-14,Delivered,70026
4319,2676,2025-08-17,Shipped,55218
4320,1996,2025-07-10,Shipped,2348
4321,2337,2026-04-03,Shipped,23174
4322,2536,2025-12-03,Processing,57994
4323,2157,2025-07-31,Shipped,12534
4324,2831,2025-08-14,Shipped,28265
4325,3000,2025-12-22,Delivered,3651
4326,1632,2026-03-01,Processing,72431
4327,570,2025-04-04,Processing,42744
4328,1374,2026-02-01,Delivered,8126
4329,46,2025-08-11,Processing,51400
4330,741,2025-11-08,Delivered,18033
4331,109,2025-12-24,Delivered,38655
4332,2982,2025-11-20,Processing,50934
4333,480,2025-01-22,Shipped,31661
4334,2338,2025-11-27,Delivered,20496
4335,1096,2025-12-07,Delivered,41311
4336,2664,2025-10-18,Delivered,26958
4337,68,2025-08-10,Shipped,12195
4338,979,2025-10-13,Processing,46928
4339,209,2025-06-30,Shipped,95734
4340,2704,2025-06-13,Processing,93816
4341,2462,2025-08-23,Shipped,23998
4342,205,2026-03-21,Delivered,48053
4343,2985,2025-08-25,Shipped,33288
4344,803,2025-04-01,Shipped,45463
4345,1926,2025-12-12,Delivered,47432
4346,620,2026-03-12,Shipped,45882
4347,2824,2026-06-11,Processing,40950
4348,2769,2026-05-22,Shipped,93144
4349,1385,2025-02-07,Processing,67784
4350,1533,2025-04-19,Delivered,23811
4351,636,2026-06-23,Processing,19491
4352,1456,2025-11-25,Delivered,41066
4353,2936,2025-12-30,Delivered,24913
4354,155,2025-10-23,Processing,41270
4355,1472,2025-04-26,Processing,22896
4356,345,2025-08-31,Delivered,64702
4357,2644,2026-07-03,Delivered,10919
4358,275,2026-01-07,Processing,49902
4359,177,2026-04-27,Processing,22556
4360,1355,2025-01-05,Processing,3544
4361,2344,2026-06-03,Delivered,37179
4362,1872,2025-05-08,Shipped,36592
4363,1340,2026-01-09,Delivered,85502
4364,298,2025-05-22,Processing,13498
4365,2029,2026-06-01,Delivered,108490
4366,2400,2026-01-29,Processing,28784
4367,2139,2026-06-29,Delivered,43450
4368,1158,2025-10-21,Delivered,43246
4369,2968,2026-02-25,Processing,6770
4370,2249,2026-01-21,Processing,65949
4371,1665,2026-03-01,Delivered,46146
4372,1054,2026-01-29,Processing,42902
4373,1005,2026-03-22,Processing,31255
4374,1615,2025-05-09,Delivered,19066
4375,1388,2025-09-15,Shipped,75183
4376,1651,2025-11-11,Processing,12270
4377,866,2025-09-20,Processing,67249
4378,110,2025-10-25,Shipped,46724
4379,2300,2025-01-31,Delivered,31071
4380,415,2026-01-22,Delivered,83198
4381,2640,2025-05-30,Processing,7947
4382,85,2025-10-21,Shipped,49437
4383,2946,2025-07-10,Processing,10900
4384,1059,2025-01-22,Delivered,32997
4385,1368,2026-06-08,Processing,63084
4386,2306,2025-11-29,Shipped,14831
4387,2838,2025-01-16,Delivered,4539
4388,162,2025-05-13,Processing,51452
4389,2384,2026-02-01,Processing,33604
4390,2226,2025-09-16,Shipped,39077
4391,2921,2025-12-01,Delivered,45768
4392,593,2025-11-18,Processing,28290
4393,1675,2025-04-02,Delivered,10654
4394,887,2025-01-14,Delivered,41082
4395,1260,2025-07-05,Delivered,18487
4396,2950,2025-09-11,Delivered,45150
4397,1033,2026-02-24,Shipped,8991
4398,1459,2025-12-09,Delivered,27513
4399,1183,2025-08-17,Shipped,4856
4400,2332,2025-04-16,Delivered,88446
4401,934,2025-04-20,Processing,33701
4402,645,2026-04-17,Delivered,82450
4403,1461,2026-05-29,Shipped,49104
4404,2429,2025-10-11,Processing,3289
4405,1244,2025-06-10,Shipped,28136
4406,2745,2025-08-11,Processing,10713
4407,3000,2025-05-17,Shipped,24399
4408,2849,2025-11-25,Delivered,5714
4409,940,2025-02-10,Delivered,49445
4410,1029,2025-06-12,Processing,16188
4411,1732,2025-11-18,Delivered,47958
4412,1351,2025-05-26,Shipped,2492
4413,537,2025-07-30,Processing,45770
4414,2100,2025-02-16,Shipped,37286
4415,2109,2025-04-06,Processing,2977
4416,693,2025-06-19,Delivered,26852
4417,2503,2025-05-16,Shipped,9240
4418,608,2025-04-30,Delivered,3863
4419,1978,2026-06-02,Processing,68433
4420,303,2025-10-26,Processing,52419
4421,1194,2026-01-03,Processing,52003
4422,783,2026-04-25,Processing,62652
4423,1800,2025-01-18,Processing,74250
4424,1935,2025-10-03,Processing,29565
4425,1604,2025-08-19,Shipped,26211
4426,118,2026-03-16,Processing,22160
4427,1811,2025-11-12,Shipped,39726
4428,1343,2025-01-22,Shipped,66284
4429,2203,2026-05-29,Shipped,34470
4430,529,2025-10-01,Delivered,2850
4431,2424,2025-03-27,Processing,20056
4432,2943,2026-06-20,Shipped,66571
4433,2559,2026-02-03,Processing,63568
4434,2402,2025-06-13,Processing,57158
4435,2164,2025-01-29,Shipped,38777
4436,374,2025-02-22,Shipped,38713
4437,594,2026-01-16,Processing,9644
4438,1859,2025-08-16,Delivered,57937
4439,1704,2025-01-12,Shipped,75786
4440,197,2026-05-14,Processing,88284
4441,2964,2026-04-12,Shipped,31914
4442,919,2025-05-31,Processing,52268
4443,832,2025-06-17,Processing,23951
4444,1122,2026-02-15,Shipped,27546
4445,2926,2025-02-11,Delivered,29552
4446,2384,2025-02-05,Delivered,54068
4447,1340,2026-03-05,Delivered,41670
4448,495,2025-08-18,Shipped,39874
4449,2092,2025-07-01,Shipped,41505
4450,2152,2025-03-19,Processing,14455
4451,441,2026-05-13,Shipped,23562
4452,2986,2026-06-16,Shipped,36100
4453,437,2025-01-19,Delivered,20110
4454,2880,2025-12-29,Processing,66284
4455,236,2026-02-12,Shipped,24762
4456,841,2025-12-25,Processing,62605
4457,1586,2026-01-25,Shipped,24426
4458,725,2026-05-04,Delivered,64963
4459,1394,2025-11-23,Delivered,4239
4460,259,2026-05-12,Shipped,87690
4461,2651,2025-08-15,Delivered,40871
4462,1889,2025-05-13,Shipped,3299
4463,2731,2025-02-06,Processing,4570
4464,2980,2026-03-07,Processing,60539
4465,1776,2025-05-05,Shipped,71758
4466,2547,2025-01-30,Processing,43678
4467,2603,2025-04-12,Processing,70126
4468,1397,2025-06-28,Delivered,8942
4469,405,2025-09-27,Shipped,44884
4470,760,2025-09-30,Processing,3711
4471,454,2026-05-25,Processing,6198
4472,20,2025-07-06,Processing,30130
4473,1127,2025-06-25,Delivered,74476
4474,2297,2025-05-14,Delivered,124878
4475,1521,2026-05-13,Shipped,20478
4476,2638,2025-12-18,Delivered,4024
4477,449,2026-07-05,Delivered,35316
4478,2250,2025-04-06,Processing,5234
4479,18,2025-12-09,Processing,47838
4480,1044,2025-11-16,Delivered,64188
4481,1480,2026-03-19,Delivered,25556
4482,2721,2025-07-19,Delivered,13024
4483,2701,2025-11-16,Shipped,33783
4484,86,2025-05-19,Shipped,20606
4485,1264,2026-06-09,Processing,85186
4486,1603,2025-03-12,Delivered,30037
4487,2461,2026-05-26,Shipped,6562
4488,1197,2025-09-07,Shipped,64263
4489,2423,2025-04-15,Shipped,5729
4490,2706,2025-10-17,Processing,11960
4491,1873,2026-02-28,Processing,56774
4492,418,2026-01-30,Shipped,41983
4493,2816,2025-07-01,Delivered,32414
4494,450,2025-12-29,Delivered,35570
4495,2390,2026-02-28,Shipped,15502
4496,2198,2025-10-24,Shipped,7124
4497,1867,2025-06-09,Delivered,24425
4498,2055,2025-02-08,Processing,58290
4499,38,2026-06-18,Delivered,19669
4500,2182,2026-01-13,Processing,19473
4501,19,2025-07-24,Processing,20252
4502,2886,2025-04-02,Shipped,65396
4503,779,2025-11-07,Processing,45422
4504,1174,2026-04-01,Delivered,10341
4505,1814,2025-02-17,Shipped,12052
4506,863,2025-05-20,Delivered,65961
4507,47,2026-01-03,Processing,42644
4508,2429,2026-04-07,Delivered,32806
4509,150,2026-02-16,Delivered,24978
4510,2771,2026-03-27,Shipped,12396
4511,873,2025-06-20,Processing,38937
4512,1856,2025-06-17,Shipped,47076
4513,705,2025-05-14,Delivered,45326
4514,1697,2025-05-08,Delivered,36855
4515,481,2025-07-27,Processing,34650
4516,2682,2026-04-20,Shipped,40584
4517,1763,2025-08-17,Delivered,32380
4518,796,2025-05-12,Delivered,23420
4519,767,2026-06-19,Processing,50114
4520,1131,2025-07-13,Delivered,9844
4521,455,2025-01-01,Shipped,42721
4522,2430,2025-03-09,Shipped,43212
4523,1812,2025-04-07,Delivered,9011
4524,117,2026-02-24,Processing,30778
4525,57,2025-01-07,Processing,17935
4526,436,2026-05-31,Shipped,38637
4527,1393,2026-06-23,Shipped,47530
4528,2972,2026-05-30,Delivered,40148
4529,202,2025-07-15,Delivered,64915
4530,2808,2025-01-27,Shipped,16973
4531,2080,2025-08-14,Shipped,40372
4532,1739,2025-03-27,Processing,48905
4533,2328,2025-07-22,Shipped,51801
4534,2116,2025-12-05,Processing,37979
4535,659,2026-03-29,Shipped,3954
4536,657,2025-07-30,Delivered,21718
4537,1151,2025-02-08,Delivered,7247
4538,1065,2026-03-26,Shipped,82138
4539,489,2026-04-24,Processing,81404
4540,2184,2026-02-26,Processing,29374
4541,2505,2025-03-20,Processing,47636
4542,1976,2025-12-15,Processing,36652
4543,2030,2025-02-19,Shipped,92378
4544,2385,2025-05-21,Processing,35328
4545,2320,2026-05-07,Delivered,80386
4546,623,2025-09-19,Shipped,23786
4547,2398,2025-05-22,Delivered,27825
4548,2730,2025-08-18,Shipped,37780
4549,2174,2026-04-29,Shipped,42115
4550,989,2026-06-26,Processing,8167
4551,1355,2025-02-12,Shipped,23648
4552,2065,2025-05-06,Delivered,24578
4553,931,2025-10-05,Shipped,55260
4554,2293,2025-07-11,Delivered,42520
4555,2874,2026-05-11,Processing,36225
4556,776,2025-08-05,Shipped,41348
4557,1876,2025-03-01,Delivered,64204
4558,769,2025-08-04,Processing,52821
4559,1375,2025-09-16,Delivered,59966
4560,1254,2025-12-15,Processing,40382
4561,1608,2025-02-01,Processing,26512
4562,247,2025-01-26,Shipped,36909
4563,139,2026-02-19,Processing,88782
4564,2443,2025-06-18,Shipped,70419
4565,750,2026-03-12,Processing,60889
4566,885,2025-06-19,Delivered,53196
4567,269,2025-03-10,Shipped,47962
4568,2653,2026-02-22,Delivered,64400
4569,1242,2025-10-13,Shipped,17098
4570,728,2025-06-20,Processing,57527
4571,559,2025-01-02,Delivered,43835
4572,917,2025-02-17,Delivered,35702
4573,2152,2026-04-22,Shipped,35299
4574,1618,2026-03-15,Shipped,10152
4575,1979,2025-03-30,Processing,85131
4576,503,2026-05-16,Processing,55390
4577,2913,2025-12-10,Processing,38780
4578,1556,2026-01-07,Shipped,17174
4579,2190,2025-09-01,Delivered,41443
4580,2791,2026-04-27,Shipped,47030
4581,1230,2025-01-09,Delivered,10851
4582,180,2025-10-03,Processing,9396
4583,2085,2025-12-16,Shipped,54676
4584,1624,2025-02-13,Processing,22472
4585,2814,2026-02-16,Processing,31854
4586,1480,2025-11-01,Delivered,9682
4587,2391,2025-03-16,Processing,8128
4588,1879,2025-03-25,Shipped,56183
4589,269,2026-04-30,Shipped,37618
4590,2692,2025-10-23,Shipped,24252
4591,482,2025-04-14,Processing,94068
4592,1356,2025-03-03,Processing,82096
4593,2234,2026-02-15,Shipped,8724
4594,2160,2026-06-08,Processing,24192
4595,1207,2025-11-17,Shipped,14417
4596,1490,2025-03-06,Processing,69448
4597,2878,2025-10-14,Processing,48372
4598,634,2025-03-28,Delivered,87991
4599,2826,2025-06-10,Shipped,71776
4600,600,2025-02-22,Delivered,76478
4601,1037,2025-05-17,Delivered,3112
4602,1167,2025-08-15,Delivered,36348
4603,2589,2025-10-04,Processing,19570
4604,738,2025-02-09,Processing,27001
4605,2944,2025-02-02,Shipped,25920
4606,1864,2025-09-11,Shipped,43536
4607,749,2025-01-23,Shipped,30519
4608,1582,2025-05-31,Processing,110558
4609,2712,2025-11-22,Delivered,47968
4610,2838,2025-01-21,Processing,14790
4611,1588,2025-08-19,Shipped,17647
4612,1501,2025-07-07,Shipped,29871
4613,111,2026-03-31,Shipped,80154
4614,2717,2026-01-02,Delivered,39910
4615,1007,2025-12-11,Shipped,79982
4616,1831,2025-08-10,Shipped,28849
4617,2191,2025-11-12,Shipped,18862
4618,2218,2025-09-14,Delivered,40352
4619,2263,2025-08-05,Processing,47850
4620,687,2025-06-28,Processing,44941
4621,2396,2025-08-16,Delivered,78640
4622,2823,2026-06-10,Processing,65380
4623,2325,2026-05-22,Delivered,49035
4624,2981,2025-08-15,Processing,48180
4625,775,2025-12-17,Delivered,50328
4626,535,2026-05-21,Processing,45489
4627,2558,2026-02-22,Delivered,63876
4628,2856,2025-09-13,Processing,22465
4629,2845,2025-12-19,Processing,18592
4630,2382,2026-06-05,Processing,67486
4631,2235,2025-08-12,Processing,37053
4632,1939,2025-09-13,Shipped,47660
4633,1670,2025-05-07,Delivered,32600
4634,1033,2026-05-01,Processing,41926
4635,656,2025-05-28,Processing,7106
4636,189,2026-04-01,Shipped,34068
4637,1316,2025-11-04,Shipped,51118
4638,780,2025-01-20,Delivered,21050
4639,480,2025-01-25,Processing,9208
4640,2311,2026-06-20,Delivered,74856
4641,1621,2025-05-12,Delivered,58494
4642,1860,2025-09-04,Processing,24628
4643,2229,2025-01-25,Delivered,24949
4644,1585,2026-04-22,Delivered,79810
4645,1589,2025-02-15,Shipped,42174
4646,2455,2025-06-23,Delivered,43925
4647,1614,2026-03-10,Processing,5062
4648,2313,2025-07-18,Processing,17811
4649,19,2025-03-29,Delivered,22268
4650,1494,2025-08-10,Shipped,11930
4651,1140,2025-07-09,Processing,8496
4652,2403,2025-06-09,Shipped,20290
4653,969,2026-03-30,Processing,47177
4654,2029,2025-03-09,Processing,47362
4655,275,2025-11-13,Processing,32743
4656,1786,2025-04-28,Processing,66792
4657,822,2025-10-31,Shipped,4681
4658,692,2025-09-15,Processing,61554
4659,466,2026-02-15,Delivered,25306
4660,1500,2025-05-24,Processing,6739
4661,2879,2025-10-09,Processing,22560
4662,1014,2025-06-25,Shipped,75975
4663,2182,2025-07-10,Processing,33169
4664,1422,2025-08-31,Delivered,14362
4665,2367,2026-05-26,Delivered,13770
4666,2592,2025-05-22,Shipped,45747
4667,2325,2025-06-22,Delivered,110714
4668,1141,2026-06-16,Shipped,21912
4669,2334,2026-03-30,Processing,30861
4670,1258,2025-02-15,Delivered,67603
4671,388,2025-02-28,Processing,19570
4672,273,2026-02-21,Processing,50116
4673,2515,2025-11-17,Processing,59213
4674,1250,2026-03-15,Delivered,36361
4675,1045,2026-01-20,Shipped,45832
4676,737,2025-12-11,Processing,5388
4677,2597,2025-02-23,Delivered,11254
4678,291,2025-12-26,Shipped,29760
4679,1410,2025-12-29,Processing,57508
4680,2740,2025-10-05,Processing,32772
4681,1296,2026-01-29,Processing,85490
4682,2128,2025-04-13,Processing,40838
4683,916,2026-02-18,Shipped,31744
4684,2460,2026-03-05,Shipped,95757
4685,1153,2025-04-09,Processing,15507
4686,2474,2025-12-21,Shipped,93009
4687,1506,2025-12-10,Delivered,24089
4688,778,2025-04-26,Shipped,54434
4689,2510,2025-03-02,Processing,67916
4690,2673,2025-11-13,Delivered,57498
4691,934,2025-10-11,Shipped,39862
4692,291,2026-05-21,Processing,59996
4693,1982,2025-01-20,Delivered,65421
4694,2677,2026-06-06,Processing,34752
4695,1643,2025-03-10,Delivered,55977
4696,639,2025-02-16,Shipped,21766
4697,2439,2025-11-30,Delivered,21877
4698,2836,2026-03-12,Shipped,5565
4699,2884,2025-09-14,Delivered,67063
4700,2284,2026-06-04,Delivered,33468
4701,593,2025-09-22,Processing,58223
4702,1888,2025-08-01,Delivered,18678
4703,2048,2025-02-16,Delivered,12830
4704,552,2025-11-16,Delivered,19906
4705,1573,2025-04-15,Processing,37784
4706,324,2025-06-15,Delivered,41122
4707,1515,2025-02-20,Delivered,14063
4708,693,2025-06-15,Delivered,64162
4709,1952,2026-03-18,Processing,44357
4710,76,2025-04-22,Shipped,11186
4711,1748,2025-01-04,Shipped,45268
4712,2831,2026-06-06,Delivered,12946
4713,238,2026-05-27,Processing,61157
4714,859,2025-10-22,Shipped,32923
4715,2294,2026-06-11,Shipped,49287
4716,1999,2025-07-11,Delivered,78574
4717,2235,2025-08-31,Processing,30210
4718,2083,2025-09-16,Delivered,53387
4719,547,2026-03-26,Processing,66837
4720,203,2025-02-21,Shipped,23375
4721,827,2025-08-05,Shipped,30686
4722,2550,2025-02-11,Shipped,11296
4723,673,2025-02-18,Shipped,55771
4724,123,2025-12-03,Shipped,4414
4725,2428,2025-06-12,Processing,34830
4726,1217,2026-04-16,Shipped,101758
4727,2219,2025-08-13,Processing,12194
4728,1923,2026-03-17,Shipped,41172
4729,402,2026-05-08,Shipped,61938
4730,25,2025-11-17,Processing,44471
4731,1527,2025-01-11,Processing,36446
4732,957,2026-05-18,Processing,17652
4733,336,2025-06-13,Processing,67145
4734,709,2026-05-10,Shipped,40701
4735,981,2025-06-21,Delivered,28991
4736,1641,2025-05-23,Shipped,26995
4737,2587,2025-06-05,Processing,43971
4738,859,2025-06-20,Shipped,35912
4739,532,2025-12-03,Delivered,54631
4740,61,2026-01-27,Shipped,24863
4741,251,2025-04-08,Processing,21683
4742,9,2025-09-12,Processing,36132
4743,2320,2025-02-20,Delivered,108727
4744,613,2025-12-13,Shipped,53377
4745,1805,2025-03-04,Delivered,22722
4746,2040,2026-03-09,Shipped,17321
4747,2322,2026-03-24,Shipped,68521
4748,1496,2025-02-11,Delivered,52125
4749,1139,2025-08-30,Delivered,43117
4750,2948,2025-05-04,Processing,54788
4751,2105,2025-07-23,Processing,18601
4752,1209,2025-11-29,Processing,13386
4753,1564,2026-04-21,Delivered,3365
4754,922,2025-02-20,Delivered,30896
4755,2595,2025-04-27,Shipped,57286
4756,226,2026-05-28,Processing,35052
4757,1917,2026-05-06,Shipped,61479
4758,1785,2025-07-17,Processing,21082
4759,796,2026-01-25,Delivered,46086
4760,2497,2026-06-27,Processing,63156
4761,706,2026-02-16,Processing,52996
4762,1540,2025-08-29,Shipped,74868
4763,2511,2025-11-09,Processing,109863
4764,453,2025-05-04,Delivered,58162
4765,560,2025-02-09,Delivered,32023
4766,312,2026-06-03,Delivered,44750
4767,1515,2026-02-22,Shipped,12022
4768,798,2025-09-11,Shipped,66862
4769,653,2025-06-10,Processing,7919
4770,1836,2025-11-19,Shipped,72127
4771,335,2026-05-10,Processing,21649
4772,1958,2025-03-09,Shipped,47909
4773,306,2026-05-08,Shipped,45460
4774,354,2025-06-06,Delivered,48108
4775,860,2026-02-07,Processing,71982
4776,2945,2025-12-30,Shipped,30064
4777,198,2025-07-28,Processing,35448
4778,1537,2025-03-12,Processing,49114
4779,2705,2025-05-07,Shipped,23544
4780,50,2026-02-26,Delivered,28100
4781,2916,2026-04-30,Processing,28506
4782,2177,2025-12-22,Processing,8751
4783,2194,2025-09-15,Delivered,92980
4784,522,2026-05-13,Delivered,28743
4785,2666,2025-10-27,Processing,58644
4786,1547,2025-01-13,Shipped,24436
4787,2134,2025-04-06,Delivered,22461
4788,285,2026-03-28,Processing,36818
4789,2106,2026-07-05,Shipped,53062
4790,1430,2025-01-22,Delivered,11004
4791,1701,2026-06-28,Delivered,7250
4792,2808,2025-08-16,Processing,34659
4793,76,2025-08-18,Processing,24566
4794,551,2026-05-15,Delivered,70770
4795,2765,2025-10-23,Processing,23968
4796,377,2025-11-09,Processing,16215
4797,1201,2025-08-08,Processing,65987
4798,529,2025-11-26,Processing,39004
4799,998,2025-12-27,Shipped,64413
4800,232,2025-11-05,Processing,21328
4801,2501,2025-05-11,Shipped,7841
4802,484,2026-05-01,Delivered,55335
4803,1118,2025-08-12,Processing,48063
4804,1014,2025-04-05,Shipped,24993
4805,128,2025-08-08,Shipped,7925
4806,504,2025-08-20,Processing,2620
4807,442,2025-03-20,Shipped,44007
4808,928,2025-04-22,Delivered,58379
4809,2094,2025-07-18,Processing,45061
4810,2411,2025-08-04,Processing,31596
4811,1004,2026-05-28,Shipped,6154
4812,600,2026-06-27,Delivered,43727
4813,535,2026-05-15,Shipped,92437
4814,2541,2025-03-25,Shipped,59472
4815,406,2025-01-29,Shipped,24551
4816,2802,2026-07-04,Processing,60083
4817,1386,2025-03-21,Delivered,46907
4818,1569,2026-06-05,Delivered,35737
4819,2117,2026-01-14,Delivered,45087
4820,402,2025-09-29,Shipped,40899
4821,1395,2026-05-05,Delivered,73220
4822,318,2025-02-26,Shipped,14714
4823,261,2025-11-08,Delivered,48499
4824,209,2025-10-20,Shipped,67630
4825,1927,2025-10-19,Shipped,52029
4826,181,2026-04-01,Delivered,7436
4827,1222,2025-02-12,Delivered,26906
4828,2448,2025-07-19,Shipped,41667
4829,2520,2025-02-02,Shipped,20675
4830,1648,2025-04-11,Shipped,32507
4831,2247,2025-07-04,Shipped,46869
4832,429,2025-02-04,Delivered,63088
4833,2766,2025-03-19,Shipped,46344
4834,1698,2026-05-14,Processing,84390
4835,598,2025-05-06,Processing,2075
4836,2832,2025-04-14,Processing,57039
4837,1210,2025-05-22,Delivered,49260
4838,1585,2025-08-18,Shipped,6054
4839,276,2026-02-20,Processing,5544
4840,150,2025-07-07,Shipped,21013
4841,1717,2026-03-12,Processing,54758
4842,46,2025-08-07,Shipped,4414
4843,682,2025-07-25,Delivered,10640
4844,1283,2025-01-12,Delivered,69953
4845,1743,2026-01-23,Delivered,55406
4846,1342,2026-01-05,Processing,57560
4847,2838,2025-02-09,Processing,26056
4848,1345,2025-03-21,Delivered,40791
4849,2359,2025-12-02,Shipped,42469
4850,2161,2026-01-29,Shipped,74378
4851,980,2025-08-14,Delivered,38396
4852,2887,2025-10-29,Processing,69208
4853,605,2026-04-30,Shipped,42441
4854,1890,2026-05-06,Delivered,14682
4855,1475,2026-01-26,Delivered,7113
4856,1169,2025-08-09,Processing,19548
4857,728,2025-09-29,Delivered,10810
4858,2106,2026-05-27,Delivered,82235
4859,775,2025-06-30,Processing,13765
4860,1973,2025-08-24,Shipped,12041
4861,1624,2026-04-30,Shipped,29444
4862,957,2025-04-01,Processing,4858
4863,2004,2025-07-04,Delivered,82678
4864,776,2025-03-06,Processing,27902
4865,1830,2026-04-24,Delivered,69146
4866,1802,2025-06-21,Shipped,37788
4867,1861,2026-05-11,Shipped,35094
4868,2083,2025-12-10,Delivered,45762
4869,645,2026-07-02,Shipped,18073
4870,1156,2026-01-30,Processing,45718
4871,2301,2026-01-21,Processing,54784
4872,2601,2026-06-12,Processing,89623
4873,1371,2026-04-01,Delivered,70947
4874,1412,2025-09-18,Shipped,5610
4875,1957,2025-12-14,Shipped,14320
4876,484,2026-05-24,Shipped,52513
4877,1773,2025-05-10,Processing,42144
4878,381,2026-02-15,Processing,89867
4879,1579,2025-09-14,Processing,45910
4880,897,2025-08-07,Processing,15036
4881,2199,2026-01-20,Shipped,44444
4882,2873,2025-06-21,Delivered,60000
4883,532,2025-07-15,Processing,42793
4884,1962,2025-12-08,Shipped,34754
4885,1069,2025-08-11,Processing,86456
4886,760,2025-03-28,Processing,33242
4887,613,2025-09-11,Processing,17617
4888,738,2025-07-14,Delivered,13453
4889,114,2025-08-02,Shipped,10808
4890,160,2026-02-04,Shipped,26806
4891,2833,2025-09-26,Shipped,39968
4892,1791,2025-03-27,Shipped,22064
4893,2965,2026-05-07,Delivered,44617
4894,1043,2026-01-01,Delivered,37911
4895,1357,2025-05-31,Processing,38979
4896,1093,2025-05-29,Processing,4885
4897,298,2026-04-02,Delivered,40035
4898,2664,2025-04-05,Processing,91674
4899,2829,2025-12-06,Delivered,72480
4900,920,2026-01-21,Processing,43740
4901,2852,2026-01-03,Shipped,32526
4902,2264,2025-06-06,Processing,25742
4903,864,2025-02-02,Shipped,16323
4904,1342,2025-07-26,Delivered,57071
4905,102,2026-01-09,Shipped,39686
4906,1414,2026-03-06,Delivered,33678
4907,2404,2025-07-27,Processing,80957
4908,2285,2025-04-30,Shipped,52497
4909,278,2025-09-11,Delivered,34519
4910,1633,2025-08-01,Delivered,33002
4911,2861,2026-01-03,Processing,56068
4912,1022,2025-02-21,Shipped,38558
4913,2811,2025-12-03,Delivered,42145
4914,1555,2025-01-16,Shipped,21397
4915,2474,2025-01-29,Shipped,22849
4916,2717,2026-03-27,Delivered,25704
4917,1302,2025-07-31,Processing,15672
4918,1298,2026-05-03,Delivered,13993
4919,1212,2025-03-15,Shipped,46654
4920,1205,2026-01-05,Shipped,96068
4921,173,2025-05-31,Delivered,8949
4922,2023,2026-02-02,Delivered,54418
4923,2304,2025-05-28,Delivered,46849
4924,139,2026-02-12,Delivered,74934
4925,2516,2025-04-24,Processing,9123
4926,1561,2025-03-06,Delivered,38789
4927,2692,2025-03-15,Processing,48784
4928,682,2025-03-03,Processing,10244
4929,599,2025-08-09,Shipped,45307
4930,2591,2026-05-08,Delivered,70966
4931,2123,2026-03-02,Processing,80145
4932,2799,2025-08-04,Processing,101445
4933,2876,2025-10-19,Processing,34811
4934,2470,2025-10-22,Delivered,62384
4935,2453,2025-09-06,Shipped,9934
4936,33,2025-10-04,Delivered,42307
4937,405,2025-11-07,Processing,16544
4938,1585,2025-10-10,Delivered,20298
4939,762,2025-11-17,Shipped,76670
4940,819,2025-06-27,Processing,9169
4941,904,2025-02-24,Processing,65461
4942,1046,2025-09-09,Processing,19213
4943,2028,2026-05-25,Delivered,28218
4944,1757,2025-04-28,Delivered,47079
4945,52,2026-01-28,Processing,60753
4946,2805,2025-10-23,Delivered,34732
4947,2722,2025-01-10,Processing,10786
4948,220,2025-07-02,Processing,7966
4949,1143,2025-06-02,Shipped,61461
4950,921,2026-06-05,Delivered,78724
4951,2304,2025-07-16,Processing,31858
4952,1664,2026-05-22,Delivered,22764
4953,185,2025-09-20,Shipped,17542
4954,1003,2025-08-15,Shipped,32944
4955,1142,2025-12-24,Delivered,79421
4956,198,2025-09-06,Delivered,26792
4957,751,2025-04-13,Delivered,16212
4958,1587,2025-02-06,Delivered,72442
4959,408,2025-07-20,Shipped,25716
4960,1319,2025-01-01,Delivered,14578
4961,1867,2025-08-07,Processing,36099
4962,2665,2025-04-06,Delivered,71748
4963,778,2025-05-12,Delivered,44823
4964,372,2025-12-14,Shipped,57084
4965,2036,2025-08-18,Shipped,58083
4966,218,2026-04-04,Shipped,44087
4967,2992,2026-02-12,Shipped,4206
4968,2980,2026-06-29,Shipped,7048
4969,430,2025-11-08,Shipped,25044
4970,2775,2025-07-05,Processing,26919
4971,2428,2026-06-05,Processing,43384
4972,430,2025-06-03,Processing,3060
4973,2493,2025-09-19,Delivered,58878
4974,2046,2025-10-20,Processing,100009
4975,464,2025-02-22,Shipped,40137
4976,1032,2025-03-01,Processing,19924
4977,1942,2025-07-19,Delivered,10765
4978,415,2025-05-22,Processing,45600
4979,2310,2025-12-09,Delivered,41354
4980,2222,2025-06-21,Processing,25292
4981,2936,2025-03-14,Delivered,29579
4982,2695,2025-08-12,Delivered,39754
4983,416,2026-05-06,Delivered,7074
4984,1851,2025-09-23,Processing,30787
4985,1970,2025-10-01,Delivered,17776
4986,112,2025-11-11,Delivered,63003
4987,2847,2025-03-01,Processing,71558
4988,1197,2026-04-05,Delivered,32080
4989,736,2026-05-08,Delivered,12320
4990,2512,2025-04-08,Processing,27320
4991,661,2025-03-03,Shipped,19188
4992,1093,2025-10-09,Processing,43114
4993,949,2026-05-08,Shipped,47934
4994,2024,2026-02-27,Delivered,33764
4995,1183,2025-04-21,Delivered,26948
4996,221,2025-10-26,Processing,44799
4997,185,2025-10-05,Processing,19090
4998,2391,2025-02-06,Processing,30523
4999,2545,2025-11-15,Shipped,40626
5000,2504,2025-11-17,Delivered,53240
5001,2274,2026-04-23,Processing,48333
5002,540,2025-02-27,Delivered,16104
5003,2728,2026-02-01,Processing,35678
5004,268,2026-03-27,Delivered,10870
5005,506,2026-04-14,Processing,37701
5006,477,2025-06-16,Delivered,46342
5007,2977,2026-02-07,Delivered,65707
5008,731,2026-02-14,Processing,2723
5009,901,2025-06-19,Processing,52616
5010,1312,2025-02-09,Delivered,21374
5011,1951,2025-11-08,Shipped,36437
5012,1034,2025-11-14,Shipped,21659
5013,1946,2025-04-24,Processing,54998
5014,1775,2025-01-22,Shipped,78200
5015,1486,2025-07-24,Delivered,11420
5016,2944,2025-07-04,Delivered,20947
5017,1545,2026-02-04,Delivered,52897
5018,1471,2025-02-16,Processing,70352
5019,1814,2025-08-17,Delivered,35888
5020,532,2026-02-19,Delivered,27978
5021,422,2025-10-29,Shipped,108102
5022,759,2025-04-09,Shipped,31606
5023,2179,2026-03-25,Shipped,34880
5024,778,2026-01-07,Delivered,36442
5025,2703,2026-04-26,Processing,24694
5026,693,2025-02-27,Shipped,17669
5027,1327,2025-01-08,Delivered,53434
5028,1722,2025-01-18,Shipped,59211
5029,732,2026-03-11,Shipped,47719
5030,10,2026-03-20,Shipped,84178
5031,2314,2025-03-17,Shipped,82011
5032,233,2026-02-25,Processing,42663
5033,1884,2026-01-23,Delivered,49374
5034,1414,2026-07-01,Processing,35018
5035,2790,2026-06-10,Processing,79362
5036,2883,2025-07-21,Shipped,37012
5037,174,2025-06-10,Shipped,18128
5038,2931,2026-01-12,Delivered,46741
5039,1016,2026-07-04,Processing,61146
5040,397,2025-01-22,Processing,37817
5041,569,2026-06-18,Shipped,56988
5042,960,2026-05-25,Delivered,12848
5043,1728,2025-08-19,Processing,29728
5044,1125,2025-04-21,Delivered,57586
5045,874,2026-06-02,Processing,23818
5046,1703,2025-07-31,Delivered,59203
5047,1962,2026-06-14,Shipped,58832
5048,2172,2025-04-14,Processing,23777
5049,1267,2025-02-19,Shipped,59676
5050,1117,2026-02-23,Processing,19799
5051,1931,2026-05-16,Processing,20708
5052,1378,2025-09-03,Processing,51546
5053,1399,2026-05-15,Processing,12054
5054,2622,2025-11-16,Delivered,36291
5055,820,2025-01-24,Processing,27260
5056,1588,2025-01-13,Delivered,41086
5057,124,2026-01-30,Shipped,39108
5058,1763,2026-05-05,Shipped,36122
5059,2944,2025-05-31,Shipped,37423
5060,2549,2026-05-03,Shipped,19220
5061,855,2026-03-04,Delivered,42122
5062,1200,2025-03-04,Processing,34880
5063,1943,2025-05-02,Shipped,67590
5064,2167,2026-06-10,Shipped,38456
5065,1702,2025-06-20,Delivered,30799
5066,191,2026-03-07,Shipped,57311
5067,970,2025-09-30,Shipped,20335
5068,2687,2025-03-09,Delivered,11907
5069,274,2026-03-30,Processing,81388
5070,26,2026-04-13,Delivered,20866
5071,2272,2026-02-13,Shipped,16037
5072,2529,2025-02-05,Processing,17571
5073,1799,2025-07-16,Processing,4458
5074,2346,2025-09-30,Delivered,62897
5075,2607,2026-04-11,Delivered,22548
5076,2457,2026-02-17,Shipped,45150
5077,1688,2025-11-15,Delivered,35473
5078,2568,2025-07-14,Delivered,15396
5079,2114,2025-06-11,Processing,83574
5080,1435,2025-04-17,Processing,75008
5081,637,2025-08-19,Delivered,98962
5082,477,2025-08-14,Processing,12715
5083,405,2025-11-10,Processing,101330
5084,2718,2025-07-04,Shipped,47728
5085,2676,2025-07-11,Delivered,7607
5086,635,2026-04-21,Processing,24592
5087,291,2025-03-29,Processing,51456
5088,777,2025-03-04,Processing,28658
5089,2342,2025-03-25,Processing,65379
5090,1097,2026-06-11,Delivered,9244
5091,1656,2026-03-21,Shipped,16456
5092,857,2025-07-15,Delivered,18650
5093,1538,2026-01-01,Shipped,88234
5094,2633,2025-06-11,Shipped,49814
5095,672,2025-03-17,Shipped,67885
5096,1466,2025-12-08,Shipped,11598
5097,2447,2025-02-09,Delivered,47256
5098,2572,2025-05-06,Delivered,7278
5099,540,2025-02-05,Shipped,41987
5100,1745,2026-07-04,Shipped,51327
5101,2526,2025-05-16,Shipped,56618
5102,1165,2025-09-05,Processing,40500
5103,2801,2025-11-12,Delivered,29978
5104,319,2026-01-15,Processing,42299
5105,1999,2026-01-23,Processing,18936
5106,466,2025-09-25,Shipped,48086
5107,1724,2026-06-22,Delivered,7508
5108,892,2026-06-09,Shipped,21378
5109,661,2026-04-25,Processing,117142
5110,2912,2026-02-14,Delivered,18333
5111,2616,2025-05-09,Delivered,84404
5112,440,2025-09-04,Delivered,55609
5113,246,2026-02-04,Shipped,14116
5114,29,2026-06-11,Delivered,48259
5115,665,2025-05-19,Processing,74976
5116,1998,2025-02-15,Delivered,52419
5117,256,2025-10-27,Processing,14478
5118,2509,2025-05-06,Shipped,43373
5119,2636,2026-01-14,Processing,40614
5120,1251,2026-06-12,Shipped,7919
5121,2827,2025-02-17,Shipped,15956
5122,2828,2026-03-24,Processing,59481
5123,1565,2026-06-08,Processing,92212
5124,625,2026-02-08,Shipped,34540
5125,1404,2026-01-01,Processing,62717
5126,393,2026-01-11,Delivered,87086
5127,1405,2025-05-23,Shipped,20351
5128,54,2025-06-23,Delivered,3851
5129,1626,2026-03-15,Processing,9256
5130,2382,2025-06-13,Shipped,69294
5131,212,2025-10-29,Shipped,38068
5132,766,2025-05-13,Shipped,35580
5133,2865,2026-06-23,Processing,6961
5134,1572,2025-11-22,Delivered,49054
5135,135,2026-04-14,Delivered,6970
5136,2369,2025-04-25,Shipped,30253
5137,1016,2026-03-22,Delivered,12499
5138,760,2026-04-11,Delivered,47698
5139,2891,2025-03-17,Delivered,21983
5140,1532,2025-07-04,Processing,25040
5141,1678,2026-05-28,Delivered,23278
5142,1142,2025-10-03,Processing,5914
5143,2628,2025-08-15,Processing,15135
5144,1518,2025-10-10,Processing,49534
5145,795,2025-07-24,Shipped,71120
5146,2939,2026-04-26,Delivered,50256
5147,191,2025-09-02,Processing,19887
5148,1298,2026-04-27,Processing,37188
5149,894,2025-05-02,Delivered,17402
5150,1792,2025-05-09,Shipped,21308
5151,1334,2026-03-27,Delivered,23186
5152,2476,2025-08-05,Processing,25571
5153,2771,2026-01-23,Processing,7126
5154,1559,2025-11-22,Processing,34172
5155,1305,2026-02-27,Delivered,7040
5156,1813,2025-11-23,Shipped,57686
5157,1167,2026-02-02,Shipped,14226
5158,1053,2025-07-19,Delivered,53506
5159,2488,2026-05-26,Shipped,51436
5160,2690,2025-09-24,Processing,45632
5161,2320,2025-03-03,Processing,53478
5162,672,2025-02-11,Shipped,33259
5163,285,2025-08-02,Delivered,35259
5164,160,2026-05-23,Delivered,28425
5165,2903,2025-03-25,Shipped,26082
5166,1551,2025-05-24,Processing,87748
5167,490,2025-05-05,Processing,11048
5168,221,2025-02-19,Processing,35504
5169,937,2026-01-30,Shipped,28540
5170,1821,2026-04-14,Processing,18202
5171,431,2026-03-06,Processing,117440
5172,2836,2025-09-28,Delivered,24789
5173,2312,2025-10-03,Processing,24846
5174,2675,2025-08-18,Processing,19033
5175,2288,2026-04-20,Processing,32128
5176,673,2025-03-19,Delivered,40456
5177,551,2025-09-30,Delivered,54901
5178,2362,2025-11-02,Delivered,59394
5179,1212,2025-09-25,Shipped,42851
5180,2141,2025-03-13,Processing,7669
5181,2682,2025-07-22,Processing,33457
5182,128,2025-02-18,Processing,62042
5183,2891,2025-01-31,Shipped,69564
5184,1913,2025-05-25,Delivered,32468
5185,2140,2025-01-30,Shipped,23899
5186,2494,2025-08-06,Shipped,24914
5187,1711,2025-11-02,Processing,13496
5188,1408,2025-06-29,Processing,44104
5189,2739,2025-07-11,Delivered,43060
5190,1127,2026-02-09,Delivered,23149
5191,2399,2025-04-10,Delivered,23176
5192,2410,2026-06-19,Processing,17890
5193,1814,2025-11-10,Delivered,20986
5194,2974,2025-11-23,Processing,22370
5195,146,2026-01-21,Shipped,35540
5196,1279,2025-12-04,Shipped,17565
5197,1496,2025-12-08,Shipped,54968
5198,2974,2025-06-03,Processing,40710
5199,122,2025-10-05,Processing,82876
5200,1783,2026-04-06,Processing,65290
5201,2682,2026-05-16,Shipped,79898
5202,555,2026-04-07,Delivered,14423
5203,2041,2026-04-09,Processing,24360
5204,1084,2026-04-30,Shipped,6072
5205,2510,2025-02-04,Processing,49582
5206,2436,2025-02-09,Processing,48458
5207,2928,2026-02-23,Processing,61033
5208,1912,2025-04-09,Processing,11667
5209,500,2026-01-20,Delivered,30033
5210,2389,2025-09-25,Processing,54516
5211,246,2025-07-22,Delivered,54210
5212,1938,2025-01-17,Processing,2844
5213,951,2025-09-26,Processing,37590
5214,2842,2026-02-09,Delivered,37950
5215,1752,2025-02-13,Delivered,68015
5216,953,2026-06-21,Shipped,63307
5217,1403,2025-05-11,Processing,24906
5218,479,2026-05-19,Delivered,17751
5219,127,2026-01-01,Processing,19304
5220,2210,2025-01-22,Shipped,56564
5221,2568,2025-12-15,Processing,33854
5222,2815,2025-12-18,Delivered,50112
5223,1262,2025-10-31,Delivered,10252
5224,782,2025-07-29,Shipped,26631
5225,1749,2026-05-30,Shipped,11508
5226,471,2026-04-08,Shipped,71099
5227,2128,2025-05-30,Shipped,58498
5228,2489,2026-04-07,Processing,46481
5229,1542,2025-06-01,Delivered,14060
5230,2032,2025-09-27,Delivered,61848
5231,1601,2026-01-07,Processing,29862
5232,2691,2025-05-18,Delivered,18343
5233,125,2026-06-26,Delivered,2708
5234,1115,2025-03-14,Processing,88818
5235,2185,2025-06-25,Shipped,40764
5236,346,2026-03-13,Delivered,40924
5237,392,2025-05-06,Shipped,65123
5238,2764,2026-04-09,Shipped,39476
5239,1722,2025-06-23,Shipped,10004
5240,2300,2026-05-21,Processing,63509
5241,1782,2025-02-06,Shipped,61570
5242,686,2026-02-27,Shipped,21394
5243,1899,2026-05-03,Shipped,32670
5244,1279,2025-01-13,Delivered,37068
5245,454,2025-01-11,Delivered,27873
5246,2732,2025-07-23,Shipped,20004
5247,2232,2026-02-10,Delivered,26057
5248,1510,2026-01-15,Delivered,25972
5249,2146,2025-09-23,Shipped,5510
5250,411,2025-06-13,Delivered,20958
5251,2109,2025-12-28,Delivered,37908
5252,101,2025-10-19,Processing,21312
5253,627,2026-05-25,Delivered,74900
5254,209,2026-04-18,Shipped,39706
5255,1817,2026-05-04,Delivered,17267
5256,2905,2025-05-16,Delivered,68981
5257,1214,2025-09-01,Shipped,16376
5258,2379,2025-07-05,Processing,45501
5259,806,2026-02-20,Delivered,13080
5260,1847,2025-09-18,Delivered,16036
5261,2547,2026-05-10,Processing,48636
5262,738,2025-09-16,Delivered,16572
5263,387,2025-03-23,Shipped,51915
5264,2573,2025-07-29,Processing,8276
5265,2165,2026-03-24,Processing,1951
5266,2716,2026-01-04,Delivered,5617
5267,1493,2026-01-17,Processing,24442
5268,700,2026-03-13,Processing,55057
5269,2204,2026-02-09,Processing,14488
5270,1865,2026-07-03,Shipped,39441
5271,1673,2025-11-21,Processing,11672
5272,1209,2026-04-15,Processing,1920
5273,1487,2025-10-20,Delivered,38384
5274,2357,2025-08-18,Processing,19250
5275,1677,2026-05-25,Shipped,24210
5276,1925,2025-07-26,Processing,29550
5277,2060,2025-04-07,Shipped,82551
5278,838,2026-05-13,Processing,107736
5279,2735,2025-11-25,Delivered,64977
5280,596,2026-02-25,Processing,41625
5281,1721,2025-08-17,Shipped,21587
5282,1792,2025-12-07,Delivered,46703
5283,2181,2026-03-06,Processing,22544
5284,479,2026-02-22,Processing,11043
5285,38,2025-07-04,Delivered,37705
5286,1629,2025-08-22,Processing,5115
5287,2588,2025-02-28,Processing,52360
5288,2013,2025-11-07,Delivered,38960
5289,150,2026-05-11,Delivered,30190
5290,2903,2025-03-06,Shipped,49890
5291,1377,2025-07-08,Delivered,26270
5292,2544,2026-05-12,Processing,17253
5293,785,2025-10-16,Processing,26150
5294,1467,2025-12-12,Delivered,49172
5295,2514,2025-05-05,Delivered,22306
5296,1442,2026-04-18,Shipped,42210
5297,1669,2025-08-20,Processing,55795
5298,2395,2025-11-13,Processing,14628
5299,2307,2026-06-14,Delivered,77159
5300,571,2025-11-06,Shipped,5421
5301,2987,2026-03-21,Shipped,62990
5302,2902,2025-09-13,Delivered,13377
5303,587,2025-10-07,Shipped,24811
5304,1619,2026-05-26,Processing,81929
5305,1684,2025-11-30,Shipped,36660
5306,554,2025-03-04,Processing,17520
5307,1812,2025-07-13,Delivered,49399
5308,938,2025-04-11,Shipped,48245
5309,2471,2025-01-12,Shipped,13826
5310,2399,2025-09-15,Delivered,51673
5311,2739,2025-11-18,Delivered,18110
5312,2062,2025-10-06,Shipped,29488
5313,2103,2026-02-22,Delivered,50680
5314,2898,2026-04-03,Shipped,86564
5315,2780,2026-04-29,Processing,94088
5316,2811,2025-07-13,Processing,59990
5317,2517,2026-03-28,Processing,11678
5318,527,2026-04-27,Delivered,42680
5319,512,2026-01-11,Delivered,23420
5320,1980,2025-10-21,Delivered,45072
5321,1735,2025-06-27,Processing,21082
5322,1596,2025-06-22,Processing,11930
5323,2392,2025-05-30,Shipped,50654
5324,2932,2025-07-24,Shipped,80069
5325,2442,2025-12-15,Shipped,18710
5326,688,2025-03-29,Processing,23777
5327,1929,2026-06-05,Delivered,48301
5328,641,2026-06-28,Delivered,44677
5329,1260,2025-12-04,Processing,31014
5330,757,2025-04-04,Processing,46862
5331,2709,2025-03-16,Processing,33014
5332,1738,2025-12-27,Processing,62191
5333,2067,2026-05-16,Shipped,26832
5334,1422,2026-01-31,Delivered,30821
5335,958,2025-08-06,Shipped,3403
5336,432,2025-02-03,Processing,5219
5337,1062,2026-05-08,Shipped,29152
5338,449,2026-05-07,Delivered,17701
5339,2371,2026-03-08,Delivered,4467
5340,544,2026-05-28,Delivered,1551
5341,303,2025-04-19,Processing,12010
5342,2798,2026-03-19,Delivered,32678
5343,1869,2026-01-09,Processing,79894
5344,30,2025-05-22,Processing,29488
5345,566,2026-03-08,Delivered,51883
5346,2548,2025-07-28,Delivered,57718
5347,1491,2025-07-19,Processing,22678
5348,2739,2026-05-13,Processing,21439
5349,2038,2025-05-17,Shipped,23846
5350,1540,2025-11-14,Delivered,7594
5351,916,2025-04-24,Delivered,14845
5352,654,2025-09-04,Shipped,81614
5353,476,2025-04-25,Processing,45206
5354,968,2025-10-25,Shipped,66396
5355,2149,2026-04-28,Processing,23740
5356,545,2026-01-03,Processing,36621
5357,329,2025-10-04,Delivered,55539
5358,1634,2025-07-11,Processing,13235
5359,2785,2025-04-14,Delivered,21600
5360,804,2025-07-26,Shipped,23822
5361,1027,2025-10-05,Shipped,49873
5362,1531,2025-06-24,Shipped,25026
5363,802,2026-04-09,Processing,33997
5364,1324,2025-06-05,Processing,14321
5365,1059,2025-04-30,Delivered,49589
5366,2185,2026-01-11,Processing,64788
5367,1296,2025-12-08,Delivered,22474
5368,2706,2025-06-05,Shipped,1458
5369,1775,2025-06-18,Shipped,35870
5370,295,2026-06-03,Delivered,34898
5371,1907,2026-03-19,Processing,27749
5372,773,2025-08-07,Delivered,39811
5373,2069,2025-11-19,Delivered,57336
5374,850,2026-02-06,Processing,39656
5375,2783,2025-05-04,Shipped,7726
5376,1053,2026-05-18,Processing,61012
5377,289,2026-07-05,Delivered,45074
5378,2739,2025-03-02,Delivered,53095
5379,1727,2025-01-13,Shipped,36171
5380,1544,2026-01-24,Processing,35526
5381,486,2025-05-18,Shipped,71058
5382,250,2026-03-18,Processing,11134
5383,772,2026-03-30,Delivered,31468
5384,967,2025-11-03,Shipped,18109
5385,167,2025-03-21,Shipped,19740
5386,96,2026-06-08,Delivered,46658
5387,356,2025-02-22,Delivered,73683
5388,1144,2025-07-15,Processing,34763
5389,2121,2026-05-09,Processing,11376
5390,414,2025-10-08,Delivered,23428
5391,2458,2026-01-12,Processing,18778
5392,2761,2026-03-24,Shipped,54969
5393,1746,2025-03-22,Delivered,57809
5394,2324,2025-01-01,Processing,24484
5395,1318,2026-03-18,Processing,17871
5396,2640,2025-11-26,Shipped,14260
5397,1785,2026-02-12,Processing,46878
5398,1127,2025-11-09,Delivered,30733
5399,32,2025-07-28,Processing,30897
5400,2775,2025-12-19,Delivered,26303
5401,1536,2025-04-09,Shipped,10314
5402,2920,2026-03-15,Delivered,69454
5403,560,2025-10-15,Delivered,85008
5404,286,2025-03-03,Delivered,28043
5405,1150,2025-03-14,Shipped,36979
5406,1310,2026-06-13,Shipped,46546
5407,1544,2026-06-17,Processing,110166
5408,1154,2025-09-27,Shipped,2327
5409,254,2025-11-22,Shipped,4365
5410,1165,2025-11-07,Delivered,33930
5411,1594,2025-11-26,Shipped,14902
5412,1717,2025-08-22,Delivered,51205
5413,1298,2025-04-28,Shipped,54968
5414,265,2025-08-23,Processing,45526
5415,1177,2025-01-24,Shipped,57628
5416,1875,2026-04-12,Delivered,41032
5417,2246,2025-03-29,Shipped,16072
5418,831,2025-06-15,Delivered,47948
5419,452,2025-05-30,Delivered,11580
5420,2944,2025-06-06,Processing,95580
5421,929,2025-03-25,Shipped,21127
5422,2168,2026-06-14,Delivered,39360
5423,1053,2025-08-05,Delivered,23128
5424,1684,2025-03-07,Shipped,63195
5425,1953,2026-06-09,Delivered,12104
5426,649,2025-06-19,Shipped,31186
5427,2727,2025-07-20,Delivered,44259
5428,1899,2025-11-18,Delivered,3168
5429,1577,2026-05-31,Delivered,73912
5430,2286,2026-05-18,Processing,26521
5431,2601,2025-03-07,Processing,39740
5432,2320,2025-07-15,Delivered,57918
5433,2439,2025-11-20,Delivered,8793
5434,249,2025-06-14,Shipped,31664
5435,561,2025-01-02,Shipped,23122
5436,2739,2025-01-11,Shipped,4887
5437,873,2025-03-06,Delivered,62998
5438,1888,2025-07-19,Processing,42566
5439,131,2025-08-13,Delivered,34256
5440,1728,2026-03-25,Processing,60359
5441,2252,2025-06-26,Shipped,52856
5442,2052,2026-03-18,Shipped,14062
5443,2117,2025-09-27,Processing,22890
5444,976,2025-02-21,Delivered,38200
5445,372,2026-02-13,Shipped,92893
5446,2783,2026-04-11,Delivered,26026
5447,2062,2025-05-02,Shipped,17474
5448,700,2025-10-08,Processing,54958
5449,1991,2026-05-10,Processing,105270
5450,1262,2026-04-29,Processing,29431
5451,2389,2026-04-07,Processing,5851
5452,167,2025-03-27,Shipped,22418
5453,2734,2026-04-27,Shipped,105818
5454,1793,2026-05-08,Shipped,16958
5455,1544,2025-05-24,Delivered,67944
5456,1814,2026-01-18,Delivered,24026
5457,2603,2025-06-02,Delivered,15371
5458,1065,2026-03-31,Shipped,46810
5459,2120,2025-12-29,Processing,49943
5460,1566,2025-11-11,Shipped,82124
5461,350,2026-02-18,Processing,35058
5462,2401,2025-12-28,Delivered,23666
5463,1078,2025-08-06,Shipped,57844
5464,2548,2025-02-03,Delivered,22797
5465,2774,2025-10-29,Processing,36812
5466,302,2025-02-02,Processing,17968
5467,1100,2026-06-29,Shipped,45240
5468,2059,2025-08-10,Processing,40479
5469,1809,2026-01-15,Shipped,14275
5470,218,2026-04-03,Shipped,19754
5471,123,2025-10-20,Processing,37744
5472,2141,2025-07-19,Delivered,33751
5473,2401,2025-03-12,Delivered,85198
5474,433,2025-08-30,Shipped,39578
5475,1392,2025-05-13,Processing,29727
5476,1778,2025-10-03,Shipped,7537
5477,302,2025-10-27,Processing,47112
5478,1237,2026-03-02,Processing,13642
5479,799,2025-03-05,Shipped,19016
5480,1160,2025-03-19,Shipped,31930
5481,653,2025-08-22,Shipped,57308
5482,432,2025-03-05,Processing,53192
5483,1479,2026-05-20,Processing,17476
5484,2084,2025-02-14,Shipped,97146
5485,1457,2026-06-17,Shipped,72697
5486,2831,2026-02-09,Shipped,20284
5487,1267,2025-10-23,Processing,18783
5488,2313,2026-06-16,Processing,41750
5489,901,2026-03-13,Processing,4078
5490,478,2025-01-19,Delivered,22691
5491,719,2025-07-12,Processing,3569
5492,2211,2025-09-09,Delivered,29820
5493,703,2025-12-22,Shipped,23518
5494,1428,2025-07-19,Delivered,9100
5495,2659,2025-08-07,Shipped,1506
5496,600,2025-07-10,Delivered,37788
5497,333,2025-11-06,Shipped,19310
5498,2929,2025-10-09,Delivered,56024
5499,2742,2026-01-25,Shipped,50964
5500,1048,2025-10-02,Shipped,19069
5501,374,2025-03-12,Delivered,29211
5502,1159,2026-01-06,Processing,66474
5503,946,2025-02-14,Processing,30906
5504,886,2025-07-03,Delivered,8871
5505,1075,2026-05-03,Processing,24644
5506,208,2025-06-13,Shipped,38307
5507,2013,2026-04-04,Delivered,48032
5508,1691,2025-01-26,Processing,44507
5509,2118,2025-11-17,Delivered,20344
5510,626,2026-06-23,Processing,38687
5511,1057,2025-04-21,Shipped,2514
5512,1038,2026-05-18,Delivered,15493
5513,1611,2026-06-11,Shipped,64824
5514,1642,2025-06-21,Processing,17778
5515,90,2025-09-06,Shipped,52730
5516,2000,2025-08-29,Processing,35078
5517,2977,2025-08-26,Processing,47252
5518,1131,2025-06-25,Shipped,41944
5519,1114,2025-01-04,Delivered,65380
5520,508,2025-06-20,Delivered,32999
5521,1524,2025-03-29,Delivered,23450
5522,2747,2025-10-09,Processing,55833
5523,575,2026-01-05,Delivered,79832
5524,345,2025-10-27,Shipped,61757
5525,2502,2025-05-21,Processing,19425
5526,1812,2025-11-21,Shipped,32676
5527,892,2025-12-24,Processing,26452
5528,2142,2026-04-16,Shipped,9934
5529,1209,2025-03-28,Delivered,46378
5530,2807,2025-11-22,Shipped,45476
5531,1514,2026-02-26,Delivered,42053
5532,2419,2025-08-01,Processing,67255
5533,1394,2026-06-24,Shipped,59629
5534,1358,2025-03-30,Shipped,35840
5535,1093,2025-02-23,Shipped,66393
5536,1722,2025-07-10,Shipped,53301
5537,1618,2025-02-10,Delivered,3463
5538,2818,2025-06-14,Processing,62937
5539,1228,2026-05-25,Shipped,65406
5540,697,2026-02-12,Delivered,41439
5541,2611,2025-07-09,Shipped,54458
5542,2339,2025-09-20,Shipped,8934
5543,225,2025-11-25,Processing,36378
5544,928,2025-04-21,Shipped,4122
5545,875,2025-01-08,Processing,70151
5546,2598,2025-11-23,Shipped,43806
5547,2733,2025-05-03,Delivered,2259
5548,2958,2025-12-19,Delivered,32951
5549,1804,2025-12-15,Delivered,42896
5550,2057,2026-05-10,Delivered,23369
5551,2510,2026-06-24,Delivered,43984
5552,2193,2025-05-12,Processing,26277
5553,1408,2026-05-06,Shipped,29430
5554,924,2025-04-30,Shipped,49545
5555,849,2025-02-17,Delivered,14583
5556,424,2026-06-06,Delivered,99429
5557,2382,2025-04-08,Delivered,71472
5558,806,2025-06-12,Delivered,35268
5559,43,2026-04-10,Processing,94518
5560,831,2026-02-20,Processing,29614
5561,2451,2025-08-13,Shipped,58398
5562,2627,2025-01-09,Delivered,11259
5563,1668,2025-06-07,Shipped,20283
5564,1736,2026-06-10,Delivered,19434
5565,2629,2025-03-31,Processing,17245
5566,1877,2025-02-15,Processing,7833
5567,1634,2025-10-01,Processing,18842
5568,184,2026-05-23,Shipped,20173
5569,760,2026-05-06,Shipped,32696
5570,1525,2025-05-17,Processing,53223
5571,1463,2026-05-16,Processing,62572
5572,1168,2025-03-14,Shipped,66123
5573,1726,2026-03-17,Delivered,42393
5574,2968,2026-01-06,Processing,45897
5575,1877,2025-10-13,Processing,51799
5576,1981,2026-02-17,Processing,92244
5577,1289,2025-02-14,Delivered,55503
5578,2091,2025-06-13,Processing,46423
5579,2498,2026-03-06,Processing,82610
5580,2206,2025-03-12,Delivered,33554
5581,707,2025-08-01,Shipped,68978
5582,1258,2026-04-04,Shipped,6388
5583,2741,2025-02-24,Shipped,53767
5584,419,2025-02-11,Delivered,51374
5585,1246,2025-11-10,Processing,60361
5586,1919,2025-08-22,Processing,26282
5587,2790,2026-06-21,Delivered,14071
5588,27,2025-05-10,Shipped,26761
5589,1057,2025-11-07,Delivered,37651
5590,2443,2025-10-23,Shipped,19689
5591,61,2025-08-26,Delivered,8534
5592,1859,2026-06-05,Processing,28906
5593,2247,2025-10-04,Delivered,41562
5594,1447,2026-07-02,Delivered,61962
5595,2255,2025-02-07,Delivered,21595
5596,1874,2025-04-23,Delivered,56353
5597,299,2025-10-11,Delivered,41498
5598,2816,2025-03-22,Delivered,83156
5599,2847,2026-05-10,Processing,58644
5600,2457,2026-01-23,Processing,60978
5601,1783,2026-02-21,Processing,10916
5602,2899,2026-06-15,Delivered,40510
5603,2550,2026-03-06,Delivered,94963
5604,2891,2025-12-23,Delivered,85102
5605,248,2025-01-15,Processing,33526
5606,227,2026-06-19,Shipped,8711
5607,718,2025-04-17,Delivered,21278
5608,1458,2025-08-09,Shipped,62204
5609,1775,2025-04-25,Delivered,69853
5610,2254,2025-07-24,Shipped,18926
5611,2655,2025-12-23,Shipped,13727
5612,2099,2025-09-03,Delivered,39068
5613,2999,2026-03-27,Processing,55892
5614,2205,2025-07-13,Shipped,18759
5615,1081,2026-03-18,Delivered,16487
5616,2224,2025-01-11,Shipped,47651
5617,2240,2025-11-30,Processing,30082
5618,2473,2025-11-08,Processing,45948
5619,1597,2025-03-16,Shipped,39723
5620,1476,2025-03-24,Shipped,59256
5621,1537,2026-05-04,Shipped,35404
5622,1521,2025-05-12,Delivered,14566
5623,2361,2025-02-20,Shipped,88484
5624,1543,2026-05-24,Delivered,40313
5625,132,2025-02-17,Shipped,26565
5626,2768,2025-06-29,Delivered,59318
5627,400,2025-03-13,Processing,50082
5628,465,2025-11-15,Processing,19503
5629,875,2025-03-01,Shipped,52713
5630,2358,2025-11-03,Shipped,91707
5631,1142,2025-05-19,Processing,48393
5632,547,2026-04-16,Shipped,40514
5633,368,2025-07-22,Shipped,20825
5634,2611,2025-07-11,Shipped,90214
5635,893,2026-06-15,Processing,41676
5636,1390,2026-02-24,Processing,92151
5637,232,2025-04-29,Delivered,22439
5638,1366,2026-02-18,Processing,43176
5639,389,2025-12-22,Delivered,46470
5640,500,2025-03-31,Delivered,6538
5641,2669,2025-01-18,Processing,57428
5642,2909,2025-11-13,Processing,19826
5643,2967,2026-04-15,Processing,26132
5644,307,2026-05-29,Processing,40464
5645,460,2025-01-15,Delivered,39916
5646,748,2025-03-22,Shipped,63624
5647,207,2025-01-28,Delivered,15845
5648,2048,2025-10-17,Processing,34359
5649,2295,2025-01-28,Shipped,21198
5650,147,2026-02-22,Shipped,83704
5651,2261,2025-03-10,Processing,17744
5652,1289,2026-06-22,Delivered,13958
5653,2589,2025-05-30,Shipped,59949
5654,2630,2025-12-07,Shipped,99619
5655,2796,2026-01-20,Delivered,43316
5656,582,2026-06-01,Shipped,18537
5657,1764,2025-02-12,Shipped,65448
5658,1037,2025-03-17,Delivered,9570
5659,1370,2025-12-23,Shipped,28693
5660,1552,2025-08-29,Processing,11374
5661,1665,2026-05-17,Processing,21578
5662,2477,2025-08-28,Processing,58208
5663,2801,2026-03-09,Shipped,69953
5664,340,2025-07-31,Processing,53929
5665,2011,2025-05-21,Processing,17157
5666,2380,2025-10-05,Delivered,46432
5667,1429,2025-07-14,Shipped,35154
5668,1323,2026-01-19,Shipped,62413
5669,2431,2025-07-12,Shipped,6707
5670,1500,2025-08-21,Processing,51250
5671,327,2025-04-23,Delivered,11235
5672,2719,2025-07-12,Delivered,21352
5673,109,2025-05-07,Delivered,34412
5674,2054,2025-04-20,Processing,17882
5675,2620,2025-03-02,Shipped,73902
5676,1428,2025-04-05,Processing,48481
5677,1903,2026-02-14,Shipped,40270
5678,379,2025-04-28,Delivered,52907
5679,789,2025-01-19,Processing,21536
5680,2721,2025-01-05,Shipped,33364
5681,1702,2025-10-21,Shipped,2152
5682,421,2025-05-31,Processing,83494
5683,1932,2026-03-11,Delivered,35564
5684,2681,2026-02-16,Delivered,11536
5685,1679,2025-08-03,Processing,8309
5686,748,2025-02-11,Shipped,58609
5687,1036,2026-04-22,Processing,808
5688,1324,2026-04-26,Delivered,9102
5689,1050,2026-07-05,Shipped,39031
5690,143,2025-03-23,Shipped,66178
5691,2590,2025-05-04,Delivered,9120
5692,2803,2025-03-26,Delivered,50845
5693,314,2025-01-05,Delivered,15425
5694,2904,2026-04-09,Delivered,33819
5695,610,2026-05-15,Processing,62131
5696,2941,2025-09-14,Delivered,9292
5697,2136,2025-10-27,Delivered,27352
5698,153,2025-07-27,Shipped,87314
5699,1956,2025-01-02,Processing,41872
5700,833,2026-05-03,Shipped,4635
5701,2721,2025-09-20,Processing,80558
5702,2739,2026-04-28,Delivered,42734
5703,2601,2026-03-26,Shipped,33268
5704,2704,2026-05-07,Shipped,20483
5705,688,2025-05-14,Shipped,38400
5706,1696,2026-03-16,Shipped,57568
5707,2799,2025-12-11,Delivered,62784
5708,2130,2025-12-26,Processing,28150
5709,1704,2025-03-16,Processing,25602
5710,2862,2026-03-28,Delivered,56000
5711,1015,2025-07-13,Processing,81938
5712,2477,2026-05-13,Delivered,32375
5713,767,2025-01-11,Delivered,30229
5714,277,2025-09-27,Delivered,30580
5715,57,2025-07-20,Delivered,3928
5716,1348,2025-05-08,Processing,41562
5717,1075,2025-09-04,Processing,10458
5718,1994,2025-03-23,Processing,36414
5719,776,2025-04-15,Processing,1437
5720,570,2025-02-08,Processing,58625
5721,396,2026-03-24,Processing,17812
5722,896,2025-12-16,Processing,75699
5723,1288,2026-06-21,Processing,2456
5724,76,2026-01-26,Delivered,60551
5725,2980,2025-12-07,Delivered,36225
5726,704,2025-01-20,Processing,19040
5727,703,2025-05-24,Processing,36442
5728,1308,2025-09-11,Processing,48272
5729,502,2026-03-07,Processing,57525
5730,866,2025-12-18,Shipped,3686
5731,341,2025-12-10,Shipped,34175
5732,2374,2025-06-17,Delivered,21523
5733,330,2025-07-21,Shipped,61010
5734,1125,2025-01-28,Processing,12016
5735,1722,2026-04-28,Processing,23524
5736,1329,2026-02-03,Delivered,7702
5737,2113,2025-08-31,Delivered,81132
5738,960,2025-10-26,Delivered,15779
5739,2634,2025-01-16,Delivered,7078
5740,2157,2025-07-20,Delivered,54344
5741,1461,2025-04-30,Processing,66774
5742,2318,2026-01-04,Processing,75454
5743,2311,2026-02-16,Processing,41939
5744,2190,2026-03-07,Processing,20985
5745,794,2025-09-15,Processing,19392
5746,557,2026-01-02,Shipped,34706
5747,2211,2025-10-10,Delivered,19828
5748,182,2026-02-13,Delivered,70091
5749,1247,2025-03-23,Shipped,13340
5750,2653,2025-03-24,Delivered,14641
5751,873,2025-09-06,Processing,11372
5752,1489,2025-06-25,Processing,23886
5753,884,2026-07-05,Delivered,57975
5754,160,2026-03-27,Processing,49300
5755,1567,2025-08-11,Shipped,7801
5756,2290,2025-01-10,Processing,15205
5757,592,2025-10-17,Delivered,6340
5758,1839,2025-09-25,Processing,54464
5759,2957,2025-09-02,Delivered,6109
5760,1261,2026-02-13,Shipped,7140
5761,2449,2026-04-16,Shipped,48542
5762,2260,2025-11-08,Delivered,21461
5763,2238,2026-03-19,Processing,79016
5764,2636,2026-02-13,Shipped,32352
5765,1582,2026-07-01,Processing,37160
5766,2943,2025-02-25,Processing,40350
5767,1956,2025-09-11,Processing,22125
5768,2735,2025-04-27,Shipped,23666
5769,854,2025-02-28,Processing,25049
5770,2413,2025-08-04,Processing,47122
5771,2785,2025-07-10,Processing,30034
5772,1823,2025-07-13,Processing,26858
5773,1495,2025-10-24,Delivered,4534
5774,1826,2025-05-08,Processing,12451
5775,1504,2025-11-15,Shipped,36014
5776,685,2025-09-16,Shipped,13702
5777,1809,2026-05-09,Shipped,33580
5778,588,2025-03-17,Processing,46186
5779,2456,2025-04-18,Processing,27264
5780,1680,2026-03-01,Shipped,51918
5781,1309,2026-02-03,Shipped,28749
5782,54,2026-01-07,Shipped,55167
5783,666,2026-05-16,Shipped,30942
5784,1413,2025-02-10,Processing,14452
5785,2435,2025-09-17,Shipped,15748
5786,796,2025-11-12,Processing,6752
5787,2492,2025-02-18,Delivered,18331
5788,1393,2025-06-13,Shipped,30347
5789,2096,2026-06-20,Delivered,78646
5790,2589,2025-07-02,Shipped,55927
5791,1896,2025-07-07,Shipped,36694
5792,20,2025-09-04,Shipped,40057
5793,2682,2025-12-17,Shipped,8612
5794,2751,2025-07-08,Delivered,21588
5795,77,2026-04-11,Delivered,44860
5796,723,2025-07-29,Processing,8336
5797,1689,2025-02-02,Shipped,40362
5798,1225,2025-10-10,Processing,58814
5799,259,2025-06-15,Delivered,23309
5800,2970,2026-03-22,Delivered,45189
5801,2547,2025-04-02,Processing,51276
5802,1438,2025-03-01,Shipped,15410
5803,1776,2025-07-02,Delivered,66752
5804,1770,2025-07-22,Delivered,15683
5805,1949,2025-07-27,Delivered,37644
5806,2913,2025-02-06,Processing,15608
5807,554,2025-06-29,Delivered,7494
5808,1503,2026-02-02,Delivered,67569
5809,910,2025-02-01,Shipped,21234
5810,636,2025-12-27,Delivered,26333
5811,1832,2026-06-14,Processing,23598
5812,336,2025-11-27,Processing,16016
5813,2075,2026-03-02,Delivered,35652
5814,825,2025-12-25,Shipped,8112
5815,2918,2026-03-27,Delivered,24611
5816,2571,2025-05-14,Processing,42298
5817,517,2025-06-01,Shipped,8392
5818,1798,2025-08-28,Shipped,70632
5819,70,2025-06-19,Delivered,37007
5820,2196,2026-06-03,Shipped,55236
5821,808,2026-06-17,Shipped,68085
5822,4,2025-07-12,Delivered,37458
5823,1037,2026-05-26,Delivered,53920
5824,334,2025-10-08,Shipped,34773
5825,2103,2025-02-18,Processing,69376
5826,1908,2025-01-29,Delivered,37982
5827,1557,2025-01-22,Delivered,2832
5828,571,2025-07-21,Delivered,3458
5829,2870,2025-05-30,Shipped,60967
5830,428,2026-01-02,Delivered,10784
5831,2824,2025-07-03,Shipped,55284
5832,799,2025-02-04,Delivered,4024
5833,1415,2026-02-06,Shipped,43196
5834,240,2025-05-16,Delivered,2570
5835,2628,2025-10-12,Processing,5561
5836,125,2025-10-30,Processing,17561
5837,457,2026-03-22,Processing,15390
5838,3000,2025-10-25,Shipped,59926
5839,2161,2026-02-25,Processing,39173
5840,498,2025-10-15,Delivered,17525
5841,1831,2025-02-05,Shipped,20348
5842,928,2025-02-11,Delivered,20836
5843,2069,2025-01-29,Shipped,92188
5844,1705,2025-03-16,Processing,70415
5845,2050,2026-06-12,Shipped,78927
5846,524,2025-03-11,Delivered,79194
5847,1253,2025-01-18,Processing,24872
5848,2054,2025-08-21,Processing,54745
5849,379,2026-01-16,Delivered,42596
5850,40,2026-06-28,Shipped,17195
5851,2600,2025-12-08,Delivered,66751
5852,444,2026-03-31,Processing,17430
5853,502,2025-07-30,Shipped,65842
5854,861,2025-09-21,Shipped,38886
5855,2657,2025-11-07,Processing,18992
5856,2782,2025-08-09,Delivered,58854
5857,2240,2026-01-28,Processing,44312
5858,107,2026-01-29,Delivered,75200
5859,1106,2025-07-05,Delivered,21519
5860,498,2025-06-01,Delivered,65400
5861,2189,2025-06-12,Shipped,21642
5862,2423,2026-02-07,Delivered,11963
5863,2089,2025-02-03,Shipped,49623
5864,443,2025-07-15,Processing,66596
5865,1948,2026-03-29,Delivered,2191
5866,2816,2025-08-07,Processing,15161
5867,48,2025-06-25,Shipped,26466
5868,2692,2026-05-01,Processing,22408
5869,1273,2025-07-20,Delivered,107956
5870,2729,2025-03-18,Delivered,3460
5871,1776,2025-08-10,Processing,2909
5872,640,2026-02-23,Delivered,56650
5873,1252,2025-11-13,Delivered,20046
5874,1663,2025-12-05,Processing,83199
5875,1306,2026-05-15,Shipped,23873
5876,966,2026-05-26,Processing,64612
5877,34,2026-05-04,Delivered,43522
5878,968,2025-04-20,Shipped,9102
5879,1885,2025-03-26,Processing,39195
5880,172,2025-04-20,Processing,40044
5881,2393,2026-03-31,Shipped,39492
5882,920,2026-04-29,Shipped,62697
5883,1442,2025-09-24,Processing,61705
5884,185,2025-05-11,Shipped,3233
5885,2588,2025-11-25,Shipped,39166
5886,396,2025-12-17,Delivered,38329
5887,603,2026-01-25,Shipped,34244
5888,2920,2026-06-03,Processing,9520
5889,2703,2025-11-11,Processing,14223
5890,2542,2025-11-08,Shipped,14581
5891,357,2026-02-07,Delivered,47459
5892,59,2025-11-18,Shipped,39944
5893,1284,2026-01-05,Delivered,10235
5894,1830,2025-10-20,Shipped,8839
5895,2326,2026-01-31,Delivered,14381
5896,347,2026-03-24,Delivered,93350
5897,1107,2025-01-28,Delivered,32230
5898,133,2025-05-31,Shipped,4670
5899,2994,2025-12-23,Processing,19520
5900,129,2025-04-24,Delivered,51799
5901,1479,2026-03-06,Processing,29949
5902,2625,2025-10-03,Processing,20368
5903,335,2026-01-18,Processing,25992
5904,2720,2025-08-20,Processing,53386
5905,2796,2025-07-05,Delivered,9758
5906,1604,2026-06-02,Shipped,9227
5907,179,2026-01-13,Delivered,1468
5908,2489,2026-01-17,Processing,49712
5909,989,2026-03-27,Delivered,20824
5910,2491,2025-03-24,Delivered,35845
5911,2639,2025-08-11,Delivered,78608
5912,1217,2025-05-24,Shipped,77622
5913,651,2025-12-18,Shipped,77192
5914,2522,2026-05-07,Delivered,35718
5915,962,2025-07-17,Shipped,9254
5916,1931,2025-06-01,Delivered,10810
5917,1325,2025-12-31,Processing,38991
5918,157,2025-05-20,Shipped,38001
5919,2091,2025-01-06,Delivered,29862
5920,2080,2025-05-17,Delivered,32526
5921,2870,2026-04-22,Shipped,32034
5922,437,2026-02-15,Shipped,11146
5923,1651,2026-03-23,Processing,64612
5924,2430,2025-07-23,Processing,10298
5925,890,2025-02-01,Delivered,38329
5926,2742,2025-12-08,Processing,36522
5927,1094,2026-03-02,Delivered,66297
5928,2888,2025-10-13,Shipped,49012
5929,1459,2026-01-09,Processing,20872
5930,1725,2025-02-10,Delivered,26663
5931,293,2025-03-21,Shipped,18429
5932,2006,2025-04-03,Delivered,106136
5933,807,2025-02-23,Processing,65520
5934,2702,2025-03-02,Processing,37142
5935,431,2025-04-08,Shipped,24982
5936,882,2026-06-09,Processing,36862
5937,2113,2025-08-20,Delivered,63885
5938,1022,2025-11-29,Processing,42709
5939,858,2025-12-24,Processing,16890
5940,499,2025-10-24,Processing,11495
5941,325,2025-03-27,Processing,13504
5942,2041,2025-12-26,Shipped,46106
5943,1738,2025-04-16,Shipped,45847
5944,2919,2026-01-22,Processing,42233
5945,1351,2026-01-04,Processing,37295
5946,1466,2026-02-09,Processing,72694
5947,2784,2026-06-18,Processing,60689
5948,2210,2025-01-21,Processing,17491
5949,2106,2025-11-25,Processing,12413
5950,2995,2026-03-30,Delivered,56541
5951,1845,2025-09-01,Shipped,23908
5952,2222,2026-06-11,Shipped,37896
5953,2812,2026-04-08,Processing,44669
5954,2932,2026-05-29,Shipped,8137
5955,2842,2025-11-04,Shipped,5636
5956,1378,2025-03-25,Shipped,11500
5957,1239,2025-05-16,Delivered,15215
5958,91,2026-06-20,Delivered,12232
5959,775,2025-08-14,Processing,26040
5960,843,2025-01-28,Processing,6544
5961,2237,2025-12-21,Shipped,29155
5962,1881,2025-01-30,Processing,38152
5963,1588,2026-04-19,Shipped,60070
5964,2419,2025-02-24,Processing,29234
5965,759,2025-06-18,Shipped,67513
5966,1784,2025-10-12,Delivered,10801
5967,2326,2026-05-11,Shipped,65961
5968,1870,2025-08-19,Delivered,7483
5969,1252,2025-08-15,Processing,19495
5970,540,2026-05-04,Delivered,16345
5971,17,2026-02-18,Shipped,1379
5972,1288,2025-09-30,Shipped,24616
5973,227,2025-05-26,Delivered,22926
5974,1651,2025-02-05,Delivered,21360
5975,992,2025-06-06,Shipped,96851
5976,2135,2025-04-05,Processing,18384
5977,2799,2025-03-26,Shipped,69949
5978,386,2025-12-31,Shipped,23340
5979,964,2025-09-02,Shipped,60128
5980,775,2025-05-05,Shipped,28227
5981,2183,2026-04-24,Shipped,21081
5982,2183,2025-07-15,Shipped,12127
5983,659,2025-07-02,Shipped,60691
5984,1180,2025-08-25,Processing,54085
5985,1466,2025-12-10,Delivered,26073
5986,2814,2025-08-25,Shipped,47186
5987,2623,2025-04-04,Processing,86617
5988,1969,2025-07-28,Processing,40998
5989,2666,2025-05-13,Processing,41216
5990,783,2025-01-10,Processing,26702
5991,893,2025-10-01,Processing,42185
5992,2591,2025-05-05,Processing,37270
5993,1776,2025-07-20,Processing,86248
5994,2635,2025-06-20,Delivered,57568
5995,1599,2025-12-12,Delivered,10790
5996,1193,2026-02-17,Shipped,27244
5997,24,2025-03-05,Processing,44960
5998,126,2025-07-14,Processing,27790
5999,2727,2026-04-09,Processing,6560
6000,2553,2025-01-16,Processing,60290
6001,2840,2026-03-14,Shipped,49194
6002,406,2025-07-10,Processing,72465
6003,2405,2026-02-16,Delivered,57193
6004,506,2026-04-04,Processing,31540
6005,1651,2025-10-13,Processing,37952
6006,2295,2025-07-06,Processing,89900
6007,1566,2025-02-13,Shipped,27202
6008,14,2025-03-18,Delivered,15178
6009,1028,2025-10-24,Processing,19335
6010,2428,2025-07-13,Shipped,13877
6011,2436,2026-02-05,Shipped,41626
6012,1103,2025-11-11,Processing,33680
6013,1949,2026-04-12,Processing,91690
6014,194,2025-02-23,Processing,25876
6015,871,2025-03-01,Processing,55539
6016,2588,2026-03-21,Shipped,56429
6017,416,2025-08-29,Delivered,14068
6018,907,2026-06-26,Processing,28054
6019,2258,2025-04-01,Shipped,9484
6020,1246,2025-08-09,Processing,46262
6021,2581,2025-03-23,Shipped,5293
6022,2315,2026-02-14,Processing,23464
6023,1761,2026-05-15,Processing,5352
6024,301,2025-04-09,Processing,32619
6025,1294,2025-04-11,Shipped,56777
6026,1346,2025-04-30,Shipped,26796
6027,97,2025-10-19,Processing,83734
6028,2523,2025-04-02,Processing,15376
6029,2475,2025-03-28,Shipped,24031
6030,60,2025-08-17,Processing,49012
6031,966,2026-01-06,Delivered,22160
6032,514,2025-07-14,Delivered,50371
6033,2535,2025-05-01,Delivered,95722
6034,2719,2025-05-06,Delivered,113198
6035,2537,2025-11-06,Delivered,80730
6036,1500,2025-02-21,Processing,25454
6037,1139,2025-01-06,Shipped,105786
6038,2121,2025-08-06,Processing,9901
6039,132,2026-05-31,Delivered,74379
6040,580,2025-05-30,Delivered,37938
6041,1493,2026-01-04,Shipped,70785
6042,238,2025-06-20,Delivered,39610
6043,1738,2025-02-01,Shipped,51120
6044,518,2026-06-02,Processing,41534
6045,2343,2025-12-27,Shipped,72024
6046,963,2025-03-29,Processing,23456
6047,2518,2026-03-07,Delivered,38822
6048,206,2025-02-28,Processing,33086
6049,1920,2025-06-05,Processing,21582
6050,2447,2025-12-04,Processing,13972
6051,2472,2026-04-24,Processing,22772
6052,822,2025-03-16,Shipped,59974
6053,119,2025-11-30,Processing,50367
6054,931,2025-11-14,Delivered,69240
6055,2610,2025-09-24,Processing,9216
6056,783,2025-10-26,Shipped,47174
6057,677,2025-05-30,Shipped,35187
6058,1596,2026-05-12,Delivered,2662
6059,1024,2025-03-14,Processing,15682
6060,452,2025-10-09,Processing,9758
6061,1065,2025-12-21,Delivered,22814
6062,603,2025-01-14,Delivered,39493
6063,2425,2025-01-25,Delivered,17426
6064,1289,2025-12-25,Processing,1512
6065,2608,2025-04-22,Shipped,42598
6066,134,2026-04-13,Processing,44180
6067,270,2025-12-24,Delivered,44948
6068,2311,2025-03-30,Shipped,22252
6069,1329,2025-05-09,Processing,50240
6070,2094,2025-02-07,Shipped,15814
6071,1454,2025-02-05,Shipped,22596
6072,962,2025-08-06,Shipped,72906
6073,3000,2026-02-11,Processing,28823
6074,1130,2026-04-30,Delivered,8660
6075,1274,2026-03-26,Shipped,15999
6076,41,2025-08-28,Shipped,77578
6077,104,2026-02-06,Delivered,5623
6078,2133,2025-01-31,Delivered,84838
6079,1777,2025-05-29,Shipped,2224
6080,834,2025-11-09,Delivered,68764
6081,1012,2025-07-15,Delivered,13970
6082,2260,2025-07-15,Shipped,42070
6083,1597,2025-11-19,Processing,45957
6084,2349,2026-04-03,Delivered,3486
6085,2284,2026-01-11,Processing,61218
6086,515,2025-03-14,Processing,38813
6087,1801,2025-06-10,Shipped,71992
6088,284,2026-03-10,Delivered,38300
6089,2388,2025-08-01,Delivered,32467
6090,2270,2025-03-04,Processing,4724
6091,1275,2025-07-29,Processing,16151
6092,2244,2025-04-16,Processing,45182
6093,2620,2025-03-01,Delivered,21032
6094,1175,2026-06-03,Delivered,37667
6095,669,2026-02-10,Delivered,63165
6096,803,2025-06-17,Delivered,107428
6097,2777,2026-03-01,Shipped,18432
6098,1105,2025-01-30,Delivered,23596
6099,590,2025-04-24,Processing,20570
6100,223,2025-11-20,Shipped,44764
6101,429,2025-06-18,Delivered,56087
6102,2928,2025-03-05,Processing,19568
6103,1716,2026-05-20,Processing,25866
6104,1401,2026-03-26,Shipped,32891
6105,499,2025-02-03,Delivered,43400
6106,198,2025-12-23,Delivered,52393
6107,586,2025-05-03,Shipped,29404
6108,941,2025-01-02,Delivered,68660
6109,862,2026-03-25,Shipped,49801
6110,2927,2025-10-31,Shipped,27534
6111,2673,2025-04-10,Shipped,68675
6112,1000,2025-03-18,Delivered,16895
6113,1012,2025-02-19,Delivered,23582
6114,238,2026-04-13,Delivered,31669
6115,24,2026-02-17,Delivered,41782
6116,2520,2025-03-20,Processing,15801
6117,467,2025-06-15,Delivered,40675
6118,1815,2025-04-16,Processing,20693
6119,1453,2026-05-05,Delivered,57258
6120,2378,2025-03-16,Delivered,7808
6121,257,2025-12-18,Processing,46869
6122,1229,2025-01-01,Shipped,53216
6123,344,2025-11-14,Processing,85934
6124,730,2025-04-18,Delivered,59249
6125,1257,2025-10-01,Shipped,55528
6126,1130,2025-05-19,Shipped,40639
6127,2977,2026-02-11,Processing,20638
6128,127,2025-04-02,Delivered,12606
6129,2382,2025-04-28,Shipped,74121
6130,1628,2026-02-25,Processing,38465
6131,166,2025-10-23,Delivered,36973
6132,97,2026-04-30,Delivered,25622
6133,1519,2025-07-26,Delivered,43010
6134,2257,2025-06-24,Processing,5417
6135,2569,2026-02-26,Shipped,38432
6136,2766,2025-10-30,Shipped,42273
6137,1139,2025-07-10,Shipped,58114
6138,2371,2025-10-17,Processing,6040
6139,2301,2025-01-11,Processing,56828
6140,394,2025-06-21,Processing,37826
6141,2827,2026-02-28,Shipped,95564
6142,1453,2025-08-26,Processing,81942
6143,1652,2026-01-07,Shipped,45530
6144,2765,2025-01-26,Shipped,15761
6145,2120,2025-01-16,Processing,20718
6146,637,2025-09-28,Processing,23908
6147,790,2026-06-05,Delivered,82481
6148,363,2025-10-22,Shipped,37810
6149,822,2026-05-16,Delivered,95008
6150,2654,2025-10-07,Processing,60651
6151,1615,2025-04-05,Shipped,10384
6152,2740,2026-05-02,Shipped,16466
6153,2568,2025-12-06,Delivered,51030
6154,2694,2025-04-29,Processing,4692
6155,514,2026-05-18,Delivered,67200
6156,1293,2025-10-17,Shipped,30090
6157,1143,2026-06-02,Shipped,37222
6158,2599,2025-02-03,Processing,42124
6159,730,2025-05-16,Processing,48446
6160,180,2025-05-30,Delivered,29460
6161,1676,2025-03-09,Delivered,22526
6162,1085,2026-06-09,Processing,47708
6163,2796,2025-01-09,Delivered,92020
6164,2368,2025-02-17,Processing,45156
6165,1690,2026-05-15,Processing,15656
6166,2026,2026-05-31,Shipped,74504
6167,2972,2025-10-25,Processing,97700
6168,2157,2025-10-05,Shipped,28574
6169,2220,2026-01-25,Shipped,17990
6170,2082,2026-02-27,Processing,41574
6171,827,2025-01-21,Shipped,32900
6172,460,2025-05-12,Delivered,47338
6173,455,2026-02-22,Processing,58478
6174,1533,2026-02-10,Shipped,12490
6175,1671,2025-05-10,Delivered,59345
6176,2891,2025-02-05,Processing,48740
6177,2340,2026-01-30,Delivered,66415
6178,381,2025-05-04,Processing,7390
6179,627,2026-03-27,Shipped,74177
6180,1318,2025-08-26,Shipped,22914
6181,1668,2025-03-13,Shipped,48243
6182,270,2026-06-01,Processing,16962
6183,693,2025-08-19,Delivered,27350
6184,972,2025-03-22,Shipped,45588
6185,2182,2026-02-18,Shipped,49394
6186,32,2025-04-19,Shipped,58419
6187,969,2025-02-22,Shipped,22597
6188,652,2026-01-06,Shipped,6807
6189,1438,2025-07-11,Delivered,11880
6190,1082,2025-09-30,Shipped,34466
6191,1632,2026-04-26,Processing,73389
6192,600,2026-04-10,Delivered,23196
6193,882,2026-05-03,Shipped,13922
6194,1378,2026-06-27,Shipped,33140
6195,2786,2025-06-29,Processing,51559
6196,828,2025-03-21,Shipped,50230
6197,2908,2026-01-13,Delivered,4297
6198,2537,2025-07-23,Shipped,84772
6199,58,2025-10-11,Delivered,54119
6200,894,2026-03-01,Shipped,23532
6201,1803,2025-11-28,Processing,15873
6202,2054,2026-06-23,Delivered,36221
6203,684,2025-05-22,Delivered,79577
6204,2019,2025-12-15,Delivered,70976
6205,2319,2026-01-11,Shipped,20955
6206,1949,2026-06-30,Shipped,44012
6207,1249,2025-01-16,Delivered,60272
6208,2204,2026-04-10,Delivered,5256
6209,1598,2025-11-01,Processing,64410
6210,1795,2025-01-10,Shipped,54054
6211,1505,2026-01-23,Processing,76675
6212,628,2025-07-29,Processing,24066
6213,449,2026-01-31,Processing,6065
6214,558,2025-01-16,Shipped,47428
6215,2517,2026-06-07,Shipped,54225
6216,1288,2025-01-05,Delivered,9867
6217,1131,2025-12-24,Shipped,16929
6218,413,2025-01-31,Delivered,29623
6219,2378,2026-01-02,Processing,32308
6220,23,2025-01-25,Delivered,16201
6221,1674,2026-06-18,Delivered,37878
6222,1836,2025-04-03,Delivered,33789
6223,1592,2025-06-04,Delivered,3935
6224,2209,2026-05-27,Processing,63262
6225,1450,2026-05-04,Delivered,69860
6226,23,2026-05-29,Delivered,13814
6227,489,2025-03-16,Processing,43324
6228,2578,2025-10-08,Delivered,49466
6229,1890,2025-12-01,Delivered,37000
6230,2178,2025-07-06,Delivered,16170
6231,2497,2026-03-30,Processing,4232
6232,273,2025-09-28,Delivered,19266
6233,1777,2026-01-29,Delivered,24824
6234,32,2025-08-07,Delivered,47050
6235,347,2026-03-08,Shipped,42197
6236,1651,2025-06-30,Processing,39318
6237,154,2025-08-26,Shipped,37210
6238,1763,2025-11-24,Shipped,46750
6239,2937,2026-05-04,Delivered,45103
6240,2113,2026-04-20,Processing,19172
6241,2551,2025-10-17,Processing,19989
6242,509,2025-08-04,Processing,65699
6243,813,2025-08-22,Shipped,3249
6244,1274,2025-05-29,Delivered,43100
6245,1595,2025-02-10,Shipped,66454
6246,588,2025-06-07,Shipped,13307
6247,1746,2025-04-19,Shipped,23575
6248,1246,2026-02-20,Shipped,31237
6249,1552,2025-08-05,Processing,43631
6250,309,2026-01-04,Shipped,30406
6251,1541,2025-08-04,Shipped,51496
6252,458,2025-11-29,Processing,3173
6253,793,2026-03-01,Processing,32973
6254,240,2026-04-10,Shipped,20894
6255,2316,2026-02-22,Shipped,99797
6256,2435,2025-02-10,Processing,43830
6257,553,2025-11-10,Shipped,37009
6258,2702,2025-07-26,Shipped,1641
6259,2205,2025-08-09,Shipped,47618
6260,1754,2025-05-26,Processing,88600
6261,677,2025-12-29,Processing,14270
6262,1911,2026-06-01,Delivered,9518
6263,2178,2025-06-15,Delivered,9583
6264,432,2026-03-04,Shipped,49552
6265,1941,2026-07-01,Processing,7555
6266,524,2025-02-22,Processing,19906
6267,1362,2025-01-17,Shipped,29886
6268,478,2025-07-16,Delivered,39811
6269,1430,2025-05-21,Delivered,41366
6270,2803,2026-03-18,Shipped,19112
6271,1399,2026-01-22,Shipped,44836
6272,1817,2025-03-18,Processing,20406
6273,2664,2025-11-29,Processing,71108
6274,2115,2025-07-25,Shipped,19906
6275,394,2026-03-03,Delivered,68426
6276,2447,2026-05-22,Shipped,59217
6277,2429,2025-09-08,Processing,40807
6278,662,2025-03-14,Processing,12518
6279,1410,2025-06-29,Processing,30306
6280,477,2026-02-08,Processing,27706
6281,188,2025-07-26,Shipped,9834
6282,2529,2025-03-29,Delivered,15880
6283,2981,2026-01-05,Processing,46472
6284,1800,2025-08-01,Processing,23986
6285,2191,2025-05-08,Shipped,13122
6286,76,2025-09-21,Processing,10617
6287,454,2025-02-07,Shipped,43978
6288,2848,2025-02-17,Shipped,10530
6289,2212,2025-01-06,Processing,38330
6290,1825,2025-01-16,Shipped,32706
6291,1773,2025-02-28,Shipped,15973
6292,2857,2025-10-15,Processing,48940
6293,888,2025-05-20,Delivered,54212
6294,2198,2025-08-14,Delivered,45919
6295,2104,2026-03-16,Processing,103186
6296,2920,2026-01-24,Shipped,2982
6297,173,2025-02-22,Shipped,36354
6298,403,2025-07-21,Delivered,3714
6299,2825,2025-01-21,Shipped,91836
6300,164,2025-09-19,Shipped,11184
6301,2393,2025-07-27,Delivered,16643
6302,57,2026-06-13,Processing,34896
6303,1779,2025-03-24,Shipped,7583
6304,2816,2025-08-24,Processing,43678
6305,1552,2025-08-17,Processing,27416
6306,1630,2025-12-06,Delivered,30141
6307,2574,2025-09-19,Processing,90372
6308,418,2025-08-24,Delivered,30668
6309,2209,2026-04-25,Delivered,17461
6310,1963,2025-11-06,Processing,39006
6311,2367,2025-10-19,Delivered,35674
6312,1444,2025-04-13,Processing,35841
6313,1148,2025-10-31,Processing,41174
6314,1143,2026-02-19,Shipped,11804
6315,1038,2026-03-22,Processing,57057
6316,1845,2025-04-11,Delivered,1860
6317,768,2025-02-09,Shipped,88055
6318,1367,2025-01-10,Shipped,46182
6319,2517,2025-03-31,Shipped,29983
6320,689,2025-10-27,Shipped,16378
6321,2556,2026-03-22,Processing,65925
6322,1733,2025-04-30,Shipped,3658
6323,1225,2025-11-15,Shipped,77567
6324,2874,2025-04-01,Processing,5998
6325,1451,2025-12-30,Processing,30590
6326,922,2026-05-28,Processing,69432
6327,1967,2026-05-26,Processing,72517
6328,2001,2026-01-16,Processing,52164
6329,60,2025-05-19,Delivered,70840
6330,560,2025-05-09,Delivered,10563
6331,2892,2025-05-30,Processing,34490
6332,117,2025-06-14,Delivered,51392
6333,1287,2025-11-07,Delivered,16978
6334,2081,2026-05-23,Processing,9760
6335,1400,2025-08-29,Delivered,91787
6336,781,2025-06-15,Delivered,23024
6337,604,2026-04-21,Processing,9154
6338,542,2026-01-27,Delivered,26224
6339,2421,2025-01-27,Delivered,11334
6340,743,2025-07-28,Shipped,15379
6341,584,2025-12-28,Processing,30579
6342,2912,2026-02-20,Processing,6921
6343,1645,2025-12-04,Delivered,35856
6344,579,2025-10-19,Shipped,43926
6345,609,2025-09-27,Delivered,55626
6346,532,2025-01-20,Delivered,31982
6347,928,2025-01-01,Shipped,26290
6348,2705,2025-01-07,Delivered,22414
6349,769,2025-03-30,Delivered,17432
6350,141,2025-09-17,Delivered,19960
6351,2008,2026-05-23,Delivered,17053
6352,1092,2025-10-13,Shipped,35640
6353,489,2025-04-20,Shipped,20492
6354,2952,2025-03-16,Processing,3539
6355,1683,2025-06-17,Delivered,46337
6356,226,2026-04-09,Delivered,23170
6357,2046,2025-01-16,Delivered,65443
6358,508,2025-08-31,Delivered,62797
6359,2009,2025-04-29,Processing,42541
6360,2702,2026-05-25,Processing,4186
6361,1430,2025-11-17,Shipped,17253
6362,80,2025-05-02,Delivered,54960
6363,1379,2025-03-17,Delivered,34900
6364,2911,2025-11-08,Processing,6262
6365,2109,2026-03-25,Shipped,88258
6366,2754,2025-10-07,Shipped,31799
6367,1507,2025-05-02,Delivered,15479
6368,1584,2025-04-01,Shipped,72327
6369,1519,2025-03-23,Processing,22872
6370,1956,2025-09-16,Delivered,7615
6371,1629,2025-11-15,Processing,39386
6372,167,2025-12-22,Delivered,23716
6373,560,2025-09-09,Delivered,11912
6374,1206,2025-11-10,Shipped,22719
6375,2220,2025-12-18,Processing,92962
6376,2810,2025-04-09,Shipped,22517
6377,1758,2026-05-02,Shipped,15042
6378,1933,2026-05-23,Shipped,28968
6379,1124,2025-08-28,Delivered,44074
6380,2282,2026-03-17,Delivered,68057
6381,1220,2025-11-09,Delivered,56691
6382,59,2025-06-20,Shipped,17218
6383,2164,2025-08-18,Delivered,39996
6384,1734,2025-02-13,Delivered,38611
6385,1469,2025-11-18,Processing,6836
6386,1620,2025-10-06,Processing,46505
6387,2184,2026-02-22,Shipped,18130
6388,2170,2026-03-13,Delivered,8398
6389,1844,2025-11-29,Processing,9365
6390,1452,2025-05-25,Delivered,50929
6391,2937,2025-04-18,Shipped,94955
6392,164,2026-04-20,Processing,38869
6393,1656,2025-06-03,Processing,37160
6394,1285,2026-05-21,Delivered,15804
6395,1046,2025-08-11,Shipped,2065
6396,2301,2026-04-12,Shipped,27794
6397,1133,2025-08-19,Delivered,12423
6398,2793,2025-04-16,Shipped,24178
6399,2430,2025-01-05,Shipped,40002
6400,398,2025-07-29,Delivered,81598
6401,1036,2025-06-25,Shipped,25872
6402,2690,2026-05-11,Delivered,25587
6403,2007,2026-01-15,Processing,20750
6404,1894,2025-07-01,Delivered,10854
6405,1342,2026-02-12,Delivered,105370
6406,2304,2025-06-15,Delivered,14814
6407,833,2026-02-10,Shipped,81240
6408,2831,2026-01-25,Shipped,37539
6409,1061,2025-06-26,Shipped,24938
6410,862,2025-11-14,Shipped,42434
6411,2352,2025-09-14,Processing,56681
6412,259,2025-02-07,Shipped,35394
6413,2881,2026-02-21,Processing,17370
6414,912,2025-05-08,Shipped,55479
6415,452,2025-09-14,Shipped,65065
6416,2486,2026-02-22,Delivered,81408
6417,1073,2025-12-11,Delivered,7216
6418,552,2025-02-09,Delivered,14056
6419,2892,2026-04-28,Shipped,93467
6420,1880,2026-02-05,Processing,44101
6421,2088,2026-03-26,Delivered,22386
6422,770,2025-06-29,Shipped,76166
6423,1866,2025-11-19,Processing,4647
6424,338,2025-04-22,Processing,53768
6425,2593,2025-05-09,Shipped,19033
6426,1432,2025-01-31,Processing,64162
6427,1327,2025-12-21,Shipped,61827
6428,289,2025-09-03,Delivered,82538
6429,2374,2025-12-26,Shipped,56538
6430,1000,2025-12-11,Delivered,71645
6431,2740,2025-12-30,Shipped,34973
6432,1172,2026-03-29,Processing,34986
6433,2656,2025-08-20,Shipped,55634
6434,1100,2026-06-24,Delivered,70696
6435,628,2025-10-22,Shipped,16000
6436,1984,2025-08-04,Processing,10916
6437,233,2026-03-17,Shipped,47714
6438,2280,2025-06-28,Delivered,30097
6439,2723,2026-01-27,Shipped,53501
6440,1823,2025-07-20,Processing,62846
6441,2784,2025-04-23,Shipped,10884
6442,2377,2025-02-08,Processing,67447
6443,2292,2025-04-23,Shipped,18964
6444,2737,2025-05-20,Delivered,33343
6445,2047,2025-11-21,Shipped,34112
6446,1037,2026-05-12,Shipped,20184
6447,1781,2026-06-08,Processing,2907
6448,2304,2025-11-29,Shipped,18868
6449,2646,2025-03-02,Shipped,19826
6450,2435,2026-01-03,Delivered,46201
6451,2179,2026-04-17,Processing,50100
6452,194,2025-06-07,Processing,41657
6453,2113,2025-08-03,Processing,20716
6454,2299,2025-04-01,Processing,45942
6455,978,2025-12-02,Shipped,43486
6456,2208,2026-03-09,Delivered,7874
6457,2385,2025-07-20,Processing,72986
6458,2581,2025-05-21,Delivered,64017
6459,291,2025-08-22,Processing,20140
6460,604,2025-02-15,Delivered,52345
6461,1060,2025-03-02,Delivered,44956
6462,383,2025-08-19,Processing,30958
6463,1397,2025-02-04,Shipped,38010
6464,1973,2026-03-13,Processing,3318
6465,1276,2026-06-04,Processing,105970
6466,145,2025-02-19,Delivered,14412
6467,2971,2026-04-16,Delivered,106076
6468,6,2026-04-07,Processing,10038
6469,2066,2025-02-14,Processing,50875
6470,2527,2025-06-02,Processing,38167
6471,2706,2025-02-04,Processing,16137
6472,2710,2026-06-30,Processing,46560
6473,601,2026-01-16,Delivered,24656
6474,1502,2026-05-01,Shipped,19294
6475,2465,2025-11-19,Delivered,4975
6476,1202,2025-12-03,Processing,37622
6477,146,2025-05-03,Delivered,12326
6478,2200,2025-03-28,Shipped,43112
6479,1555,2025-08-30,Delivered,44154
6480,895,2025-09-16,Processing,79519
6481,1036,2025-05-19,Delivered,37966
6482,2527,2026-03-11,Shipped,31638
6483,2473,2025-07-11,Processing,52455
6484,896,2025-08-21,Processing,45014
6485,493,2025-03-25,Processing,39902
6486,1269,2026-01-04,Shipped,26861
6487,567,2025-01-24,Shipped,42386
6488,2660,2025-10-09,Delivered,49616
6489,1499,2026-04-11,Shipped,8177
6490,638,2025-01-11,Delivered,23343
6491,2347,2026-03-17,Delivered,23412
6492,1668,2025-02-10,Processing,10902
6493,536,2025-07-15,Delivered,85821
6494,1407,2026-01-26,Delivered,117894
6495,1571,2025-05-09,Delivered,6562
6496,1978,2025-03-25,Delivered,81482
6497,1432,2026-05-12,Delivered,6925
6498,1390,2026-03-28,Processing,51038
6499,1276,2025-12-29,Delivered,42417
6500,522,2026-04-24,Delivered,53451
6501,2871,2025-03-07,Processing,22014
6502,1417,2026-03-06,Delivered,25045
6503,723,2026-05-05,Processing,2690
6504,807,2025-06-18,Shipped,2621
6505,738,2026-06-23,Delivered,24718
6506,1106,2026-06-07,Processing,7978
6507,2431,2025-06-14,Delivered,47089
6508,406,2025-04-15,Delivered,47213
6509,1766,2025-11-08,Shipped,62428
6510,697,2025-10-30,Processing,3290
6511,2531,2026-06-07,Processing,20374
6512,347,2025-06-02,Processing,8268
6513,2083,2025-01-13,Processing,10006
6514,51,2025-01-23,Delivered,19491
6515,713,2026-03-14,Shipped,24629
6516,1242,2025-01-31,Delivered,60401
6517,1869,2025-06-22,Shipped,44114
6518,1467,2026-03-08,Delivered,2795
6519,2066,2025-11-24,Delivered,46126
6520,2295,2025-11-26,Delivered,33272
6521,699,2026-02-18,Delivered,67822
6522,797,2025-06-07,Processing,51267
6523,2859,2025-07-13,Delivered,19958
6524,585,2025-11-08,Shipped,63242
6525,667,2026-06-03,Delivered,75845
6526,785,2025-10-09,Delivered,54869
6527,193,2025-02-07,Shipped,33586
6528,2871,2025-04-11,Shipped,28021
6529,591,2025-12-04,Shipped,94436
6530,1511,2026-02-09,Processing,15553
6531,1073,2025-07-14,Shipped,49826
6532,1126,2025-01-26,Shipped,91199
6533,1251,2026-02-16,Processing,23915
6534,1372,2025-12-27,Processing,57143
6535,1384,2025-07-21,Shipped,17752
6536,1792,2025-09-14,Processing,19836
6537,2580,2025-08-25,Shipped,4960
6538,2665,2025-09-21,Delivered,54940
6539,2673,2026-04-07,Processing,21404
6540,1997,2025-12-22,Delivered,39424
6541,114,2026-03-28,Shipped,65117
6542,868,2026-07-01,Shipped,36451
6543,279,2025-01-09,Processing,21560
6544,958,2025-12-25,Delivered,102284
6545,2712,2025-08-27,Delivered,42850
6546,2194,2025-01-12,Processing,33049
6547,2521,2026-03-09,Delivered,29622
6548,2957,2026-05-14,Processing,17362
6549,2256,2025-09-09,Shipped,27091
6550,792,2025-08-26,Delivered,47699
6551,1439,2025-05-05,Processing,48624
6552,1601,2026-06-14,Delivered,37696
6553,1172,2025-12-25,Delivered,13482
6554,1550,2026-05-08,Processing,64566
6555,523,2026-04-09,Shipped,24994
6556,1477,2026-05-03,Shipped,7775
6557,254,2025-10-01,Processing,43106
6558,691,2025-05-05,Processing,53741
6559,1523,2026-04-17,Shipped,39678
6560,2470,2025-11-21,Processing,19696
6561,1348,2026-05-29,Delivered,52018
6562,176,2026-05-08,Delivered,46324
6563,1815,2026-02-14,Delivered,36038
6564,456,2025-10-07,Processing,82885
6565,994,2026-03-19,Delivered,79158
6566,2494,2026-03-19,Shipped,111812
6567,1548,2025-10-04,Shipped,29357
6568,863,2025-12-17,Processing,26710
6569,757,2025-11-09,Delivered,24952
6570,2259,2026-05-31,Shipped,27287
6571,1906,2025-08-17,Processing,18394
6572,1319,2025-11-02,Processing,34775
6573,2455,2026-02-21,Processing,53430
6574,1679,2026-04-18,Processing,78789
6575,84,2025-01-13,Delivered,51329
6576,1536,2025-11-22,Processing,66778
6577,1936,2025-07-10,Processing,85680
6578,1766,2026-05-07,Delivered,29910
6579,1814,2025-03-26,Shipped,12415
6580,1367,2026-01-20,Delivered,56619
6581,1417,2026-01-14,Processing,49513
6582,1574,2025-12-06,Delivered,37340
6583,2208,2025-06-26,Shipped,43500
6584,629,2025-10-14,Delivered,31190
6585,1838,2025-07-03,Delivered,110167
6586,2212,2025-08-16,Shipped,28307
6587,1136,2025-09-28,Processing,2480
6588,1883,2025-11-19,Delivered,120930
6589,923,2025-05-16,Delivered,5544
6590,635,2026-06-10,Delivered,14221
6591,2284,2026-03-14,Shipped,21902
6592,2404,2026-06-16,Processing,25884
6593,160,2026-05-27,Shipped,57239
6594,2315,2025-11-20,Processing,47648
6595,1403,2025-08-13,Processing,46676
6596,680,2026-04-26,Processing,29453
6597,498,2025-03-23,Delivered,6900
6598,2519,2025-04-26,Processing,12635
6599,2457,2025-01-27,Delivered,46118
6600,1020,2025-04-28,Shipped,69436
6601,1942,2025-12-03,Processing,67159
6602,2200,2025-06-15,Processing,66247
6603,466,2025-02-11,Delivered,43902
6604,41,2026-01-15,Processing,47328
6605,2931,2026-06-28,Processing,46317
6606,2013,2025-10-14,Delivered,3363
6607,185,2025-12-06,Delivered,31824
6608,534,2025-11-21,Shipped,38056
6609,1160,2025-03-09,Shipped,64610
6610,405,2026-03-14,Shipped,10142
6611,147,2025-06-29,Shipped,40892
6612,784,2025-12-29,Delivered,11198
6613,1419,2026-03-24,Processing,47585
6614,2873,2025-11-14,Shipped,62694
6615,2120,2025-09-16,Processing,6312
6616,1600,2025-01-22,Shipped,47164
6617,2554,2026-07-04,Shipped,17970
6618,577,2025-10-04,Delivered,46618
6619,2038,2025-11-17,Delivered,18355
6620,2902,2025-08-04,Processing,93730
6621,1112,2026-01-14,Processing,15218
6622,2917,2026-03-05,Shipped,1181
6623,1888,2026-05-21,Processing,64369
6624,1203,2025-07-29,Shipped,77309
6625,2706,2026-01-22,Shipped,8048
6626,781,2025-02-03,Shipped,36804
6627,1758,2025-02-27,Processing,61896
6628,1156,2025-08-29,Shipped,23105
6629,1857,2025-02-10,Processing,3048
6630,2442,2025-03-24,Shipped,29212
6631,83,2025-11-23,Processing,36771
6632,1823,2026-06-27,Processing,21958
6633,669,2025-11-08,Delivered,9404
6634,2094,2026-05-22,Delivered,23141
6635,663,2025-04-06,Delivered,17594
6636,563,2026-01-12,Shipped,5120
6637,510,2026-04-25,Delivered,59752
6638,1704,2026-06-20,Shipped,56568
6639,1619,2026-06-09,Processing,34502
6640,1927,2025-01-23,Processing,49557
6641,2166,2026-05-08,Delivered,33899
6642,2331,2025-03-31,Shipped,50966
6643,753,2025-10-17,Delivered,70175
6644,1304,2026-06-24,Shipped,29556
6645,1344,2025-08-05,Shipped,2322
6646,1738,2026-05-06,Processing,68419
6647,1689,2025-03-09,Processing,48750
6648,342,2026-03-06,Processing,89220
6649,2445,2025-08-07,Processing,17638
6650,485,2025-12-01,Delivered,15300
6651,1990,2025-02-03,Delivered,37668
6652,2049,2026-01-19,Shipped,22963
6653,499,2025-04-12,Shipped,12129
6654,981,2026-02-13,Shipped,15150
6655,1809,2026-02-12,Processing,100633
6656,997,2025-10-02,Processing,68460
6657,858,2025-08-05,Processing,16695
6658,2160,2025-12-17,Shipped,84576
6659,2612,2025-11-06,Delivered,24951
6660,2216,2025-04-06,Processing,35574
6661,1272,2026-01-09,Processing,84141
6662,1258,2026-04-06,Processing,7167
6663,2384,2025-09-23,Delivered,2259
6664,418,2025-07-17,Delivered,8016
6665,1943,2026-05-29,Processing,48030
6666,522,2025-08-30,Shipped,17522
6667,1915,2025-06-24,Delivered,17771
6668,1733,2025-01-06,Delivered,49090
6669,1008,2025-04-06,Processing,61522
6670,672,2025-07-02,Shipped,32316
6671,1775,2025-05-14,Delivered,60714
6672,1457,2026-07-04,Processing,10935
6673,1954,2025-01-03,Delivered,19430
6674,619,2025-12-06,Shipped,13632
6675,139,2026-05-19,Shipped,45514
6676,864,2025-01-08,Shipped,36101
6677,2322,2025-11-08,Shipped,11390
6678,1991,2025-10-10,Delivered,33205
6679,2106,2025-01-23,Delivered,5220
6680,1181,2025-03-02,Delivered,59636
6681,2512,2026-06-18,Processing,18488
6682,1674,2025-05-10,Processing,19618
6683,1751,2025-01-01,Processing,57461
6684,247,2025-03-21,Delivered,90228
6685,1882,2025-06-15,Delivered,51660
6686,2695,2025-01-18,Delivered,16926
6687,1378,2026-03-20,Shipped,40328
6688,55,2026-04-26,Delivered,15914
6689,433,2025-05-23,Shipped,17696
6690,169,2026-01-16,Delivered,51168
6691,2448,2025-09-03,Delivered,17720
6692,2765,2026-01-04,Delivered,29549
6693,947,2025-02-17,Delivered,34255
6694,2806,2026-04-05,Delivered,7766
6695,2345,2025-04-02,Processing,71133
6696,1617,2025-05-23,Processing,7588
6697,1824,2025-12-19,Delivered,24508
6698,133,2025-04-03,Shipped,73892
6699,1099,2026-02-19,Delivered,44616
6700,2335,2025-09-17,Delivered,38382
6701,1154,2025-01-23,Shipped,32183
6702,2889,2025-11-14,Delivered,2476
6703,2741,2025-03-25,Processing,19741
6704,189,2025-03-19,Delivered,26156
6705,2602,2026-04-19,Processing,57933
6706,1338,2025-11-11,Processing,9583
6707,465,2025-05-24,Delivered,41741
6708,1267,2026-04-23,Processing,64851
6709,1847,2026-01-25,Processing,90688
6710,790,2025-11-29,Processing,58018
6711,2489,2025-01-27,Shipped,22444
6712,371,2025-01-21,Shipped,47544
6713,610,2025-09-13,Delivered,39128
6714,2939,2026-07-03,Delivered,19870
6715,2170,2026-06-30,Processing,22697
6716,1457,2026-02-12,Delivered,32008
6717,526,2025-11-23,Shipped,58936
6718,212,2026-05-07,Shipped,44476
6719,2387,2025-02-20,Delivered,49319
6720,653,2026-01-12,Processing,42175
6721,599,2026-03-31,Processing,43767
6722,2966,2025-01-19,Processing,15757
6723,2257,2026-03-13,Shipped,58370
6724,2985,2026-01-10,Processing,22907
6725,361,2026-01-05,Shipped,18385
6726,688,2025-05-30,Delivered,60973
6727,2363,2026-03-14,Processing,21624
6728,1516,2025-08-09,Delivered,29564
6729,2294,2025-04-21,Processing,9328
6730,2899,2025-11-23,Shipped,8607
6731,293,2025-06-26,Delivered,12457
6732,91,2025-02-19,Processing,46840
6733,2597,2026-03-09,Delivered,42236
6734,2476,2025-12-06,Processing,35707
6735,2079,2025-01-19,Processing,6803
6736,499,2025-10-24,Shipped,25236
6737,170,2025-05-17,Shipped,24765
6738,1732,2026-04-04,Delivered,91128
6739,2458,2026-02-19,Shipped,54474
6740,1616,2025-08-22,Processing,79536
6741,648,2025-12-04,Shipped,12140
6742,2664,2025-02-03,Delivered,21783
6743,519,2026-02-25,Shipped,37900
6744,896,2026-03-02,Processing,94966
6745,675,2026-06-19,Delivered,12638
6746,690,2025-12-14,Shipped,40224
6747,498,2025-01-03,Shipped,61727
6748,860,2025-06-25,Processing,6586
6749,1021,2025-02-28,Processing,23857
6750,2727,2026-03-09,Shipped,45624
6751,896,2025-09-01,Processing,92126
6752,1564,2025-01-03,Delivered,31810
6753,821,2025-08-24,Processing,88528
6754,1144,2025-11-24,Delivered,42978
6755,34,2025-07-21,Delivered,48927
6756,1895,2026-03-13,Shipped,52250
6757,1807,2026-04-27,Processing,5971
6758,918,2025-01-19,Processing,19248
6759,992,2025-03-26,Processing,90729
6760,1716,2025-09-10,Delivered,22609
6761,419,2025-03-12,Delivered,76142
6762,1934,2025-06-09,Processing,59123
6763,1222,2026-05-31,Delivered,22688
6764,2530,2025-05-20,Shipped,38004
6765,502,2025-08-15,Delivered,2109
6766,2573,2025-04-02,Shipped,44039
6767,1725,2025-11-13,Shipped,31252
6768,1598,2026-01-19,Processing,46542
6769,1109,2025-12-02,Shipped,16216
6770,849,2025-10-05,Delivered,39281
6771,1444,2025-10-13,Delivered,23870
6772,664,2025-08-14,Shipped,66786
6773,2647,2025-01-24,Processing,60262
6774,1825,2025-07-12,Processing,8690
6775,711,2026-07-04,Processing,40364
6776,1044,2025-06-17,Delivered,5572
6777,2581,2025-10-04,Processing,13869
6778,2595,2026-07-03,Shipped,71068
6779,540,2025-02-27,Processing,9638
6780,1029,2026-02-20,Processing,70217
6781,1736,2025-11-28,Processing,63728
6782,1346,2025-09-03,Processing,41401
6783,2479,2025-06-16,Delivered,16208
6784,110,2025-11-21,Processing,88956
6785,906,2025-04-06,Processing,32572
6786,2313,2025-08-16,Delivered,46784
6787,985,2026-03-26,Shipped,109336
6788,1328,2025-07-30,Processing,79430
6789,899,2026-03-20,Processing,65638
6790,469,2025-09-25,Delivered,21851
6791,2620,2026-03-19,Processing,5492
6792,1036,2025-02-12,Shipped,30452
6793,246,2025-09-23,Shipped,14622
6794,441,2026-04-30,Processing,44363
6795,1792,2025-02-06,Shipped,11152
6796,28,2025-11-06,Shipped,21720
6797,2913,2025-08-11,Delivered,42942
6798,92,2025-11-26,Shipped,64655
6799,460,2026-05-31,Delivered,3517
6800,1033,2026-05-30,Shipped,33209
6801,1408,2025-03-15,Processing,52220
6802,2711,2025-04-18,Delivered,2252
6803,2502,2026-05-01,Processing,47260
6804,2637,2026-03-29,Processing,47866
6805,782,2025-12-29,Shipped,83248
6806,982,2026-04-16,Processing,5688
6807,9,2025-04-03,Processing,22182
6808,470,2026-05-05,Processing,37099
6809,219,2025-05-16,Shipped,7913
6810,2466,2025-02-16,Delivered,30254
6811,26,2025-09-28,Processing,65645
6812,325,2025-09-27,Delivered,14139
6813,286,2025-12-20,Processing,25342
6814,1553,2025-08-28,Processing,22185
6815,277,2025-07-27,Delivered,5211
6816,630,2026-01-26,Processing,21670
6817,621,2026-04-13,Delivered,42850
6818,716,2025-04-26,Delivered,36201
6819,798,2025-02-16,Shipped,31631
6820,1463,2025-10-25,Processing,5017
6821,1110,2025-11-13,Processing,74320
6822,540,2025-09-03,Shipped,29582
6823,2466,2025-01-09,Delivered,50023
6824,2642,2025-10-14,Delivered,46256
6825,2536,2025-05-29,Processing,51247
6826,1765,2025-04-10,Processing,25502
6827,2671,2025-07-09,Processing,14258
6828,286,2025-11-14,Processing,53322
6829,162,2025-02-19,Delivered,56950
6830,490,2025-05-01,Delivered,21501
6831,2160,2025-06-24,Processing,23168
6832,2380,2025-12-24,Shipped,35374
6833,1821,2025-09-20,Shipped,7556
6834,968,2026-05-18,Processing,2347
6835,2635,2026-02-04,Processing,36848
6836,1752,2025-11-09,Shipped,45446
6837,2743,2026-02-03,Processing,10006
6838,2932,2026-06-20,Processing,39392
6839,355,2025-09-23,Processing,41429
6840,799,2025-07-13,Shipped,28402
6841,1438,2025-07-10,Delivered,40156
6842,1399,2025-04-28,Processing,30177
6843,98,2026-06-10,Shipped,30480
6844,2465,2026-06-22,Shipped,24063
6845,375,2026-04-07,Shipped,8932
6846,44,2026-05-02,Processing,14366
6847,594,2026-05-17,Processing,46323
6848,1902,2025-07-07,Processing,52265
6849,2462,2025-12-19,Delivered,28690
6850,2710,2026-06-08,Shipped,2880
6851,266,2025-02-26,Processing,58372
6852,1745,2025-04-11,Delivered,36655
6853,2275,2025-11-01,Shipped,4336
6854,2333,2025-04-25,Delivered,36341
6855,2280,2025-02-09,Processing,20654
6856,1345,2025-02-24,Delivered,82190
6857,1669,2025-12-03,Delivered,34146
6858,1787,2025-03-21,Shipped,9040
6859,2225,2025-04-15,Shipped,69797
6860,1628,2025-04-25,Shipped,19590
6861,805,2026-06-28,Shipped,48466
6862,2848,2026-05-14,Delivered,16179
6863,2613,2025-06-09,Delivered,64300
6864,720,2026-06-22,Processing,62638
6865,2782,2025-12-21,Processing,37587
6866,2028,2025-06-24,Processing,39049
6867,977,2026-06-03,Processing,32750
6868,669,2026-04-29,Delivered,72238
6869,1492,2026-06-07,Delivered,53661
6870,364,2026-06-05,Delivered,18809
6871,2338,2025-02-07,Delivered,22600
6872,2175,2026-03-27,Processing,7308
6873,440,2025-12-13,Processing,32976
6874,2014,2025-04-10,Processing,41199
6875,405,2025-09-12,Delivered,25385
6876,2206,2025-10-27,Processing,88426
6877,262,2025-11-22,Shipped,29838
6878,636,2025-02-14,Processing,41390
6879,2697,2025-04-30,Processing,50100
6880,900,2025-05-17,Shipped,34438
6881,743,2026-01-03,Processing,20188
6882,2651,2026-02-05,Shipped,78392
6883,519,2025-07-30,Processing,35508
6884,2583,2026-03-02,Shipped,80289
6885,1208,2026-01-07,Processing,69418
6886,2127,2025-10-16,Processing,42436
6887,2516,2025-09-28,Delivered,61804
6888,1544,2026-03-20,Processing,96008
6889,2594,2025-08-04,Processing,5138
6890,2831,2026-04-26,Delivered,36185
6891,734,2026-03-23,Delivered,55959
6892,550,2025-05-14,Delivered,18619
6893,1529,2025-10-28,Shipped,42670
6894,2296,2025-03-22,Delivered,48646
6895,2551,2025-01-31,Shipped,65797
6896,2325,2025-01-10,Delivered,26632
6897,1821,2025-03-18,Processing,41812
6898,2472,2025-07-26,Processing,29399
6899,1621,2026-02-25,Delivered,20068
6900,2087,2025-10-15,Processing,22299
6901,1042,2026-03-14,Processing,37894
6902,578,2025-06-26,Shipped,56140
6903,1620,2025-11-03,Shipped,37957
6904,652,2025-07-07,Processing,5036
6905,2006,2026-04-12,Delivered,21629
6906,923,2026-06-23,Processing,51906
6907,297,2026-02-11,Processing,70915
6908,497,2026-05-14,Delivered,73659
6909,198,2026-04-05,Delivered,37137
6910,1372,2025-11-08,Shipped,22546
6911,2005,2026-07-03,Processing,17856
6912,2199,2025-08-07,Delivered,37445
6913,916,2026-06-21,Processing,9691
6914,2444,2026-02-16,Shipped,83996
6915,2028,2026-02-19,Delivered,42242
6916,566,2025-06-18,Delivered,35415
6917,2121,2025-09-04,Delivered,1061
6918,2992,2026-04-19,Shipped,39809
6919,1006,2025-02-24,Delivered,30408
6920,1932,2026-05-04,Processing,58908
6921,654,2025-11-30,Processing,61719
6922,790,2025-01-02,Shipped,60715
6923,2773,2025-06-15,Shipped,36915
6924,2880,2025-09-02,Processing,74372
6925,1386,2025-01-15,Shipped,70912
6926,1122,2025-06-24,Shipped,38571
6927,2589,2026-06-23,Processing,78986
6928,2799,2026-04-15,Processing,51380
6929,511,2025-03-16,Delivered,44309
6930,988,2025-10-05,Shipped,55843
6931,1375,2025-04-23,Delivered,21273
6932,1127,2025-08-06,Shipped,71708
6933,1325,2026-05-12,Processing,12958
6934,1754,2026-04-10,Processing,22778
6935,1784,2026-02-18,Processing,47324
6936,2181,2026-04-16,Processing,15316
6937,1207,2026-02-24,Processing,30426
6938,916,2026-02-19,Delivered,17088
6939,999,2026-05-29,Processing,47195
6940,1499,2026-04-24,Delivered,40556
6941,772,2025-10-22,Processing,59975
6942,2190,2025-03-08,Shipped,18026
6943,93,2026-04-03,Delivered,31675
6944,389,2025-10-18,Processing,58594
6945,1789,2026-02-07,Processing,55612
6946,1365,2026-06-02,Processing,46512
6947,2206,2025-11-26,Shipped,57727
6948,2328,2026-03-28,Processing,22574
6949,2336,2026-05-04,Shipped,23407
6950,2362,2026-02-27,Shipped,27976
6951,440,2025-12-06,Shipped,20889
6952,444,2026-03-30,Shipped,24302
6953,2557,2025-05-19,Delivered,29022
6954,330,2025-04-29,Shipped,14509
6955,1150,2025-02-27,Delivered,70507
6956,1044,2025-03-11,Delivered,28943
6957,2724,2025-06-08,Shipped,50091
6958,1587,2026-06-25,Shipped,39399
6959,720,2025-08-16,Delivered,46914
6960,2416,2026-02-16,Delivered,36405
6961,1464,2025-09-03,Processing,44970
6962,2590,2025-11-07,Delivered,39294
6963,414,2026-01-07,Shipped,18446
6964,340,2025-09-23,Shipped,40506
6965,1377,2025-04-25,Processing,76306
6966,1709,2026-05-11,Delivered,47980
6967,2706,2025-01-07,Processing,5850
6968,327,2025-09-15,Shipped,43454
6969,1108,2026-04-19,Delivered,24094
6970,494,2025-04-26,Shipped,37899
6971,2518,2026-02-19,Processing,61324
6972,2720,2025-01-03,Shipped,26712
6973,2850,2025-11-01,Processing,36392
6974,1514,2025-02-21,Delivered,8543
6975,2991,2025-01-07,Delivered,33102
6976,2483,2026-03-16,Shipped,56067
6977,1277,2025-11-11,Processing,55705
6978,2221,2025-09-22,Delivered,38264
6979,1152,2025-05-21,Delivered,2194
6980,987,2025-04-23,Processing,34696
6981,1811,2026-02-24,Processing,29865
6982,1928,2025-05-08,Processing,18524
6983,1138,2025-03-23,Processing,32662
6984,113,2026-06-29,Shipped,32414
6985,2525,2026-03-22,Shipped,34026
6986,613,2026-02-27,Delivered,28599
6987,1771,2026-01-12,Delivered,32350
6988,1255,2025-12-02,Delivered,20446
6989,81,2025-11-07,Shipped,79760
6990,398,2025-02-01,Processing,1600
6991,2209,2025-11-15,Delivered,13006
6992,1958,2025-02-26,Delivered,74902
6993,1944,2025-06-07,Processing,18822
6994,157,2025-08-11,Shipped,47972
6995,1587,2025-07-30,Delivered,56975
6996,518,2026-03-16,Shipped,70573
6997,947,2025-06-30,Processing,37504
6998,198,2026-01-26,Shipped,78192
6999,41,2025-04-28,Delivered,39228
7000,2289,2025-12-07,Delivered,49729
7001,2145,2026-02-15,Processing,73689
7002,1128,2026-01-23,Delivered,39490
7003,2253,2025-10-05,Processing,41754
7004,867,2025-01-12,Processing,24241
7005,330,2025-11-17,Delivered,26887
7006,1218,2026-01-17,Shipped,94076
7007,1626,2025-10-02,Processing,22956
7008,1831,2025-04-05,Delivered,7936
7009,391,2025-04-27,Shipped,23045
7010,2704,2025-11-09,Shipped,26252
7011,158,2025-11-23,Delivered,36644
7012,2050,2025-04-21,Shipped,47827
7013,221,2025-12-15,Delivered,45359
7014,1577,2026-06-19,Processing,14077
7015,90,2025-12-02,Processing,32379
7016,247,2025-04-19,Processing,23358
7017,2226,2026-05-12,Delivered,27200
7018,2084,2025-02-18,Shipped,21264
7019,1507,2025-07-14,Delivered,43582
7020,986,2026-05-07,Processing,13858
7021,1117,2025-10-27,Shipped,43338
7022,371,2025-07-11,Processing,57428
7023,2565,2026-06-16,Processing,35404
7024,681,2025-11-21,Processing,13281
7025,1665,2026-04-06,Shipped,6897
7026,467,2025-09-08,Delivered,64802
7027,771,2026-06-04,Processing,34075
7028,2010,2025-01-02,Delivered,49783
7029,1101,2025-04-18,Delivered,21560
7030,2636,2025-12-10,Delivered,2878
7031,1228,2025-01-08,Processing,80015
7032,1938,2025-06-07,Delivered,28892
7033,434,2025-01-28,Delivered,62779
7034,2733,2025-04-25,Delivered,67120
7035,508,2025-03-11,Delivered,22631
7036,1884,2026-01-22,Shipped,72918
7037,1220,2026-04-23,Processing,19381
7038,2341,2026-01-19,Delivered,16480
7039,1082,2026-01-12,Shipped,12142
7040,1909,2025-10-24,Delivered,8629
7041,1671,2025-02-28,Shipped,66728
7042,2294,2025-08-03,Delivered,33862
7043,1614,2025-10-12,Shipped,41042
7044,1132,2025-06-15,Delivered,31474
7045,2368,2026-06-25,Delivered,16192
7046,1937,2025-06-17,Processing,52782
7047,793,2026-02-15,Delivered,78211
7048,552,2026-01-26,Processing,79210
7049,2173,2026-01-02,Processing,22118
7050,2133,2026-03-01,Delivered,23722
7051,16,2025-09-14,Delivered,93248
7052,1968,2025-07-15,Delivered,7777
7053,2719,2026-05-13,Shipped,26729
7054,2196,2025-08-21,Processing,17857
7055,1310,2025-09-22,Processing,50263
7056,1414,2025-02-15,Delivered,14732
7057,1120,2025-04-09,Shipped,61856
7058,1125,2025-05-26,Delivered,82250
7059,534,2026-04-08,Shipped,56813
7060,24,2025-05-27,Delivered,45329
7061,2714,2025-08-26,Shipped,48916
7062,951,2026-05-31,Processing,37064
7063,45,2025-03-09,Delivered,46324
7064,1398,2025-01-01,Shipped,3500
7065,899,2025-10-21,Processing,40913
7066,2642,2026-01-24,Processing,29251
7067,1980,2026-03-24,Processing,11649
7068,216,2025-03-20,Processing,62690
7069,997,2025-07-29,Shipped,13246
7070,820,2025-04-12,Processing,14863
7071,992,2025-10-01,Processing,18314
7072,1888,2025-09-10,Shipped,38924
7073,2960,2026-01-13,Shipped,49129
7074,949,2026-02-22,Shipped,2445
7075,383,2025-04-26,Delivered,9028
7076,1026,2025-07-18,Processing,48464
7077,2084,2026-06-10,Shipped,34739
7078,613,2025-10-27,Processing,12348
7079,907,2025-08-10,Processing,46870
7080,474,2025-07-28,Shipped,61330
7081,1748,2025-12-12,Shipped,30281
7082,2670,2025-02-10,Shipped,12080
7083,1430,2025-05-27,Shipped,22734
7084,2842,2025-01-09,Shipped,15112
7085,789,2026-04-20,Delivered,53380
7086,1805,2026-04-11,Delivered,13654
7087,586,2026-04-01,Processing,69950
7088,1231,2025-04-01,Delivered,19426
7089,111,2025-12-15,Delivered,18792
7090,455,2025-05-13,Processing,19633
7091,957,2025-05-18,Processing,68805
7092,2924,2025-07-30,Delivered,40077
7093,274,2026-04-19,Delivered,51449
7094,1159,2026-01-26,Shipped,27130
7095,291,2026-06-22,Delivered,26980
7096,786,2025-08-23,Delivered,29653
7097,2535,2026-03-26,Delivered,21836
7098,2578,2025-09-15,Delivered,37233
7099,1945,2026-02-20,Processing,103760
7100,1067,2025-04-04,Shipped,28332
7101,32,2025-10-27,Delivered,41655
7102,1376,2025-07-10,Delivered,19612
7103,983,2026-04-26,Shipped,35043
7104,1375,2025-05-24,Delivered,37039
7105,2057,2025-03-17,Processing,34098
7106,1092,2025-12-30,Shipped,39169
7107,978,2025-01-26,Shipped,21643
7108,1537,2025-11-12,Shipped,92832
7109,1862,2025-06-29,Processing,12234
7110,2970,2025-05-05,Delivered,75942
7111,2854,2025-12-05,Shipped,87070
7112,2487,2025-09-24,Shipped,3709
7113,1220,2025-09-07,Shipped,19593
7114,1402,2025-09-20,Processing,59201
7115,2602,2025-11-10,Processing,21770
7116,2627,2026-03-12,Delivered,4322
7117,886,2026-06-16,Delivered,20370
7118,1275,2026-06-02,Shipped,52785
7119,886,2025-08-13,Processing,1135
7120,2260,2025-06-07,Shipped,61593
7121,2613,2025-07-07,Processing,36615
7122,134,2026-05-15,Delivered,64766
7123,892,2025-01-14,Delivered,4584
7124,324,2025-10-25,Delivered,18941
7125,80,2026-02-06,Processing,47108
7126,1588,2025-01-31,Delivered,4052
7127,576,2026-05-01,Processing,76136
7128,978,2025-09-25,Delivered,49529
7129,325,2025-02-04,Delivered,24366
7130,2230,2025-04-07,Delivered,44524
7131,2295,2025-04-28,Shipped,29205
7132,2013,2026-04-02,Shipped,9128
7133,1742,2025-06-16,Delivered,41174
7134,2973,2026-02-18,Shipped,39595
7135,2872,2026-06-13,Delivered,2988
7136,156,2026-03-24,Processing,1850
7137,1911,2025-12-03,Delivered,5939
7138,2449,2026-01-20,Processing,17998
7139,1961,2025-12-29,Processing,2376
7140,1746,2026-02-23,Delivered,33684
7141,336,2025-11-24,Shipped,25925
7142,2329,2025-04-04,Shipped,54923
7143,1159,2025-06-26,Processing,38542
7144,594,2025-09-24,Processing,19568
7145,1400,2025-05-02,Shipped,7637
7146,2948,2025-06-19,Processing,49534
7147,2851,2025-08-30,Shipped,22002
7148,859,2025-09-09,Delivered,70682
7149,2543,2025-04-24,Shipped,89032
7150,1506,2026-03-19,Delivered,23235
7151,2126,2026-02-22,Processing,67113
7152,766,2025-12-21,Shipped,35148
7153,627,2025-12-11,Delivered,42937
7154,2995,2025-11-09,Processing,54034
7155,2350,2025-02-01,Delivered,15432
7156,2449,2025-08-28,Delivered,70858
7157,1937,2026-03-06,Shipped,53627
7158,2995,2025-09-14,Processing,90907
7159,1929,2025-05-24,Shipped,53010
7160,2076,2025-08-03,Delivered,55881
7161,2680,2026-03-29,Delivered,18502
7162,1871,2026-03-04,Shipped,83187
7163,1990,2025-02-06,Delivered,43989
7164,2320,2025-05-05,Processing,4200
7165,2643,2026-06-03,Processing,80723
7166,1602,2025-06-06,Delivered,49220
7167,2160,2026-02-23,Delivered,17347
7168,1828,2026-05-08,Delivered,44078
7169,756,2026-05-24,Shipped,48250
7170,1513,2025-12-01,Shipped,28508
7171,1019,2026-01-24,Processing,36218
7172,1655,2026-04-02,Delivered,7488
7173,896,2025-08-12,Shipped,44662
7174,704,2026-03-31,Delivered,58980
7175,2396,2025-01-22,Processing,53647
7176,1537,2025-04-13,Shipped,43254
7177,2966,2025-01-01,Shipped,18854
7178,2716,2025-10-02,Delivered,34087
7179,969,2025-08-21,Shipped,44294
7180,291,2025-09-12,Shipped,34760
7181,2364,2026-05-23,Processing,49854
7182,1321,2025-03-27,Delivered,43598
7183,613,2025-03-12,Shipped,66823
7184,129,2025-03-26,Shipped,90362
7185,2269,2025-06-29,Processing,36544
7186,2401,2026-04-08,Shipped,58493
7187,1057,2026-01-14,Shipped,36533
7188,1435,2025-11-18,Processing,45058
7189,855,2025-06-09,Delivered,49874
7190,179,2025-11-09,Delivered,40710
7191,692,2026-06-17,Processing,62862
7192,2756,2025-07-30,Shipped,65581
7193,1561,2026-05-28,Delivered,29534
7194,1892,2025-05-16,Shipped,43429
7195,1258,2025-09-19,Processing,4307
7196,2542,2025-01-02,Shipped,21829
7197,2265,2025-05-23,Delivered,54890
7198,675,2025-01-30,Shipped,70762
7199,1854,2025-07-04,Shipped,21087
7200,1142,2025-10-06,Delivered,19274
7201,2007,2026-01-21,Delivered,64054
7202,2540,2026-03-28,Delivered,18594
7203,1789,2026-06-18,Processing,72652
7204,2218,2025-03-06,Delivered,18129
7205,1764,2025-12-31,Shipped,22399
7206,474,2025-09-11,Processing,32628
7207,1120,2026-03-19,Processing,1430
7208,755,2026-04-19,Shipped,76456
7209,273,2025-08-19,Shipped,14786
7210,2883,2025-12-28,Shipped,32056
7211,1993,2026-01-22,Processing,61582
7212,2086,2026-01-29,Delivered,58303
7213,2767,2025-05-10,Delivered,20938
7214,939,2026-05-08,Shipped,74908
7215,750,2026-05-11,Delivered,6580
7216,2383,2025-10-25,Delivered,19547
7217,54,2025-12-18,Delivered,18028
7218,2637,2026-04-20,Shipped,4448
7219,63,2025-07-19,Delivered,17296
7220,1398,2025-02-03,Processing,25704
7221,1215,2026-01-11,Processing,7663
7222,585,2026-05-13,Delivered,57292
7223,289,2025-05-22,Processing,5492
7224,2204,2026-01-07,Shipped,3478
7225,1429,2025-03-05,Processing,66854
7226,679,2026-04-27,Shipped,39313
7227,1535,2025-11-05,Processing,58056
7228,2869,2025-12-29,Shipped,13920
7229,749,2025-11-06,Processing,57684
7230,1097,2025-03-24,Delivered,18646
7231,1056,2026-01-13,Shipped,27359
7232,452,2025-03-03,Delivered,42646
7233,2672,2026-01-14,Processing,34060
7234,1313,2025-02-09,Shipped,44102
7235,1042,2025-03-14,Delivered,34028
7236,2358,2026-05-15,Delivered,34004
7237,1504,2026-03-05,Delivered,24406
7238,530,2025-02-24,Processing,62971
7239,1085,2025-08-03,Delivered,20219
7240,1375,2025-11-03,Processing,20632
7241,1640,2026-03-14,Shipped,19662
7242,2730,2026-01-03,Delivered,9071
7243,1915,2025-04-12,Processing,16916
7244,2796,2026-02-24,Shipped,59174
7245,631,2026-05-02,Processing,34690
7246,440,2025-09-09,Processing,45639
7247,1835,2025-10-17,Delivered,23802
7248,315,2026-04-10,Shipped,50115
7249,1881,2026-03-14,Shipped,48242
7250,989,2025-05-10,Delivered,44938
7251,402,2026-02-06,Delivered,21293
7252,405,2026-05-06,Shipped,12202
7253,1910,2025-03-25,Shipped,25476
7254,1537,2025-08-10,Processing,9882
7255,1381,2026-01-08,Processing,49294
7256,1875,2025-07-15,Delivered,65665
7257,1318,2025-05-27,Processing,8905
7258,378,2025-02-26,Shipped,7192
7259,774,2026-03-18,Processing,49178
7260,720,2025-04-22,Processing,37977
7261,389,2026-03-24,Processing,7229
7262,2426,2026-06-19,Delivered,39191
7263,320,2026-02-05,Processing,76536
7264,2793,2026-03-10,Delivered,46822
7265,2246,2025-06-29,Shipped,26316
7266,1765,2025-03-05,Processing,23251
7267,2710,2025-04-29,Shipped,18577
7268,2547,2025-03-06,Delivered,62723
7269,1551,2025-03-30,Shipped,50831
7270,1203,2025-08-05,Processing,53024
7271,2570,2025-07-21,Delivered,48380
7272,2299,2025-01-05,Shipped,59703
7273,429,2025-02-21,Delivered,19828
7274,1345,2025-11-17,Delivered,23489
7275,1551,2025-03-10,Shipped,28079
7276,1737,2025-02-16,Shipped,25567
7277,2903,2026-05-30,Processing,6371
7278,85,2026-05-31,Processing,50912
7279,145,2025-02-17,Shipped,24988
7280,37,2025-06-07,Delivered,99800
7281,678,2026-01-17,Processing,3669
7282,2107,2025-03-05,Delivered,39278
7283,507,2025-02-18,Delivered,83502
7284,432,2025-08-09,Shipped,34600
7285,1641,2025-12-31,Delivered,34646
7286,72,2025-07-24,Delivered,33006
7287,2734,2026-02-07,Processing,88970
7288,646,2026-04-24,Shipped,4394
7289,1557,2025-09-20,Delivered,40079
7290,2104,2026-04-30,Processing,13606
7291,973,2026-03-31,Processing,44924
7292,700,2026-07-03,Shipped,56964
7293,2509,2025-10-21,Shipped,35159
7294,2823,2025-02-16,Delivered,2027
7295,787,2025-03-26,Shipped,34404
7296,2055,2025-09-08,Processing,49916
7297,1443,2026-06-01,Delivered,21648
7298,871,2025-02-12,Processing,21433
7299,202,2026-01-17,Processing,17602
7300,2338,2026-06-20,Shipped,26334
7301,2818,2025-03-27,Processing,67681
7302,947,2025-05-15,Shipped,39592
7303,346,2025-02-07,Processing,40206
7304,2588,2025-03-26,Shipped,78797
7305,232,2025-09-20,Processing,9278
7306,648,2025-12-02,Processing,44122
7307,646,2025-12-29,Delivered,23214
7308,1239,2025-03-06,Shipped,60536
7309,1918,2025-11-08,Delivered,59180
7310,852,2025-02-08,Processing,14214
7311,2223,2026-05-22,Processing,48416
7312,1704,2025-05-10,Processing,6816
7313,1983,2025-05-23,Processing,56379
7314,1118,2026-02-15,Shipped,5441
7315,633,2025-08-27,Delivered,61937
7316,759,2025-09-14,Delivered,67216
7317,1927,2025-11-26,Processing,29329
7318,723,2026-05-25,Shipped,28710
7319,73,2025-03-13,Delivered,77950
7320,1062,2025-12-08,Shipped,13353
7321,2924,2026-02-14,Delivered,21185
7322,625,2025-07-09,Processing,13809
7323,259,2025-04-30,Delivered,19893
7324,1950,2025-11-17,Shipped,49782
7325,953,2026-05-08,Delivered,67705
7326,1991,2026-02-16,Shipped,80280
7327,2182,2025-07-10,Shipped,38066
7328,1969,2025-05-15,Shipped,50422
7329,1116,2026-06-05,Shipped,71338
7330,587,2025-10-27,Processing,39063
7331,239,2026-06-20,Shipped,41686
7332,583,2025-03-12,Shipped,19246
7333,1330,2025-12-15,Processing,22194
7334,2910,2025-06-04,Shipped,13881
7335,845,2025-01-20,Shipped,35844
7336,1556,2025-04-28,Delivered,74635
7337,808,2025-11-09,Processing,58891
7338,4,2025-10-13,Shipped,79818
7339,2507,2025-10-03,Processing,21134
7340,2708,2025-12-05,Delivered,2242
7341,1345,2025-05-09,Processing,52733
7342,108,2025-05-10,Shipped,71289
7343,685,2026-06-29,Shipped,40844
7344,1943,2025-06-26,Delivered,42391
7345,1699,2025-07-04,Processing,14170
7346,54,2025-07-20,Processing,6970
7347,1905,2025-10-09,Shipped,2088
7348,2623,2025-03-23,Delivered,33708
7349,2730,2025-02-27,Delivered,55294
7350,2036,2026-04-08,Delivered,96902
7351,507,2025-05-03,Processing,23839
7352,1424,2025-11-06,Shipped,50763
7353,282,2025-01-03,Processing,41918
7354,370,2025-02-22,Shipped,4024
7355,1544,2025-01-10,Processing,15008
7356,1279,2025-01-01,Shipped,42136
7357,1328,2025-05-25,Shipped,22934
7358,1818,2026-01-28,Delivered,39186
7359,169,2025-09-23,Delivered,24399
7360,1361,2026-03-26,Delivered,12474
7361,544,2026-02-28,Shipped,34108
7362,863,2025-08-29,Delivered,49929
7363,1669,2026-03-24,Processing,11654
7364,1651,2025-03-30,Shipped,90633
7365,1992,2026-06-21,Processing,8358
7366,835,2025-01-30,Delivered,61273
7367,146,2025-12-24,Processing,3195
7368,372,2026-05-11,Delivered,31084
7369,992,2026-04-26,Shipped,2984
7370,2815,2026-05-24,Shipped,81556
7371,256,2025-02-24,Shipped,34076
7372,918,2025-08-14,Delivered,34454
7373,2170,2025-04-08,Delivered,66232
7374,1316,2026-03-20,Processing,81022
7375,868,2025-06-19,Delivered,26350
7376,1290,2025-11-29,Processing,51338
7377,1989,2026-04-15,Delivered,39236
7378,673,2025-03-05,Shipped,60948
7379,1408,2025-06-12,Processing,30260
7380,2452,2025-09-30,Delivered,84717
7381,166,2026-04-25,Processing,50868
7382,2849,2025-07-02,Processing,10072
7383,2744,2025-02-03,Processing,25175
7384,2747,2026-05-22,Delivered,54257
7385,405,2025-06-08,Shipped,19323
7386,193,2025-07-15,Delivered,35050
7387,2503,2025-05-18,Processing,22338
7388,1915,2026-05-07,Delivered,56646
7389,2280,2025-12-16,Shipped,60172
7390,24,2025-03-20,Delivered,38447
7391,1164,2025-05-14,Processing,104772
7392,1859,2025-04-12,Shipped,78238
7393,2211,2026-05-27,Processing,41941
7394,1604,2025-01-04,Delivered,45118
7395,293,2025-08-07,Delivered,45828
7396,268,2026-06-11,Shipped,54806
7397,646,2026-02-26,Shipped,90434
7398,2773,2025-07-19,Shipped,30366
7399,2779,2025-11-21,Processing,45762
7400,226,2025-11-11,Shipped,8555
7401,454,2026-06-16,Delivered,92667
7402,2874,2025-02-13,Shipped,32984
7403,2233,2025-01-12,Delivered,16974
7404,1009,2026-05-07,Delivered,60677
7405,1831,2025-04-22,Delivered,38268
7406,193,2025-01-22,Delivered,12482
7407,771,2026-05-16,Shipped,13241
7408,2977,2025-10-16,Delivered,50798
7409,1509,2025-12-08,Delivered,45118
7410,2220,2026-01-25,Delivered,78194
7411,2730,2025-07-27,Processing,13503
7412,1326,2025-06-09,Delivered,54022
7413,2506,2025-12-23,Processing,41343
7414,646,2026-06-24,Processing,44194
7415,1259,2026-01-12,Shipped,39860
7416,218,2026-02-05,Delivered,39414
7417,863,2025-10-30,Processing,22828
7418,2455,2025-06-24,Shipped,94972
7419,461,2025-09-23,Shipped,20177
7420,2197,2025-02-14,Processing,5068
7421,2957,2026-05-05,Delivered,30851
7422,366,2025-07-09,Delivered,9132
7423,1433,2025-07-16,Processing,109601
7424,2521,2025-04-11,Processing,35528
7425,2270,2025-04-26,Processing,7780
7426,276,2025-11-05,Delivered,23203
7427,495,2026-01-26,Processing,60682
7428,2646,2026-01-26,Delivered,26567
7429,455,2026-02-27,Processing,28958
7430,1993,2026-04-09,Delivered,18719
7431,2451,2025-10-23,Delivered,11807
7432,623,2025-12-27,Shipped,7355
7433,879,2025-04-25,Delivered,25772
7434,347,2026-04-29,Shipped,5901
7435,434,2025-10-23,Processing,72001
7436,2676,2026-03-28,Shipped,45442
7437,1245,2025-10-14,Delivered,56350
7438,749,2025-05-11,Shipped,50623
7439,644,2025-04-06,Delivered,73658
7440,2693,2025-02-18,Delivered,43742
7441,1555,2025-06-16,Processing,54104
7442,1010,2026-03-19,Delivered,44126
7443,1121,2025-08-16,Processing,23552
7444,2767,2026-02-04,Shipped,65511
7445,126,2025-11-08,Shipped,22579
7446,2882,2025-12-23,Delivered,55118
7447,1216,2025-08-01,Delivered,9032
7448,2696,2025-01-28,Processing,11813
7449,1776,2025-10-16,Shipped,95774
7450,2534,2025-08-23,Shipped,66786
7451,741,2026-05-20,Shipped,47121
7452,2162,2026-02-06,Shipped,11827
7453,356,2025-07-04,Shipped,10546
7454,2411,2025-11-21,Processing,8308
7455,734,2025-01-18,Shipped,53190
7456,382,2026-06-18,Shipped,29286
7457,866,2025-07-20,Shipped,43509
7458,1329,2025-06-15,Processing,18173
7459,307,2025-09-08,Delivered,13240
7460,279,2026-06-12,Processing,102900
7461,219,2025-07-29,Shipped,14598
7462,1409,2025-12-28,Shipped,53804
7463,1534,2026-05-08,Delivered,19182
7464,2331,2025-01-28,Delivered,22826
7465,2403,2025-10-06,Processing,20199
7466,1605,2025-10-06,Processing,33762
7467,854,2025-11-21,Shipped,19672
7468,947,2026-06-15,Processing,1175
7469,33,2026-03-11,Delivered,61622
7470,206,2025-11-04,Shipped,11212
7471,1496,2025-10-19,Shipped,52970
7472,202,2025-05-18,Delivered,12377
7473,2985,2025-01-03,Shipped,51933
7474,2933,2025-04-14,Shipped,45765
7475,1275,2026-01-19,Delivered,36442
7476,622,2025-08-31,Processing,1524
7477,2438,2025-10-27,Delivered,50513
7478,1838,2025-11-05,Delivered,74757
7479,1030,2026-01-09,Shipped,60148
7480,143,2026-04-28,Delivered,43576
7481,626,2025-07-10,Delivered,25480
7482,1684,2025-04-04,Shipped,36796
7483,234,2025-07-12,Processing,27748
7484,2235,2025-04-15,Delivered,33808
7485,423,2026-03-02,Processing,17572
7486,1724,2025-05-29,Shipped,28918
7487,680,2026-02-17,Shipped,66334
7488,2075,2025-09-16,Delivered,21272
7489,2186,2025-07-18,Processing,51261
7490,2973,2025-03-16,Delivered,80208
7491,873,2025-11-29,Delivered,45483
7492,2903,2026-06-20,Processing,25653
7493,1667,2025-08-01,Delivered,37695
7494,2789,2026-05-27,Processing,45563
7495,2259,2025-09-15,Delivered,38864
7496,2461,2026-06-09,Delivered,67488
7497,1045,2025-04-20,Delivered,20532
7498,658,2026-06-23,Shipped,4829
7499,572,2025-06-04,Delivered,62496
7500,2698,2026-05-31,Shipped,47855
7501,2576,2025-02-05,Processing,7044
7502,2441,2025-09-14,Delivered,43682
7503,36,2025-12-14,Shipped,37230
7504,583,2025-09-10,Delivered,68943
7505,1135,2026-03-01,Delivered,43949
7506,1367,2026-03-10,Delivered,55235
7507,2816,2025-05-22,Shipped,22361
7508,2851,2025-05-31,Delivered,40444
7509,2141,2025-01-03,Shipped,44039
7510,2363,2025-07-22,Delivered,17461
7511,2639,2025-02-20,Processing,23840
7512,1296,2025-12-21,Processing,74290
7513,2539,2026-03-31,Shipped,34349
7514,1056,2025-03-07,Shipped,26882
7515,955,2025-12-27,Processing,32643
7516,2915,2026-04-20,Shipped,27780
7517,2973,2025-09-20,Processing,23347
7518,816,2025-05-24,Delivered,72855
7519,195,2025-07-08,Processing,29096
7520,939,2025-12-17,Delivered,27633
7521,1968,2025-08-19,Shipped,22488
7522,144,2026-06-11,Delivered,46239
7523,1225,2025-06-16,Processing,49644
7524,1171,2026-04-28,Shipped,12711
7525,491,2026-02-02,Shipped,35302
7526,2121,2025-03-30,Delivered,79688
7527,2388,2025-03-28,Processing,60908
7528,2963,2025-07-17,Processing,55264
7529,940,2025-11-05,Processing,42018
7530,1677,2025-12-26,Delivered,19752
7531,2044,2026-03-02,Shipped,47896
7532,31,2025-07-29,Processing,47100
7533,2256,2025-02-10,Shipped,83230
7534,727,2025-09-25,Processing,126668
7535,2724,2025-10-18,Processing,12869
7536,2707,2025-06-07,Delivered,47570
7537,569,2025-11-19,Delivered,44212
7538,202,2025-07-20,Delivered,74519
7539,2831,2026-06-20,Shipped,50992
7540,1258,2025-12-20,Delivered,31524
7541,48,2025-04-15,Shipped,41960
7542,819,2025-05-23,Delivered,71265
7543,2910,2026-07-04,Processing,37460
7544,702,2026-04-09,Shipped,66237
7545,2613,2025-05-25,Processing,36103
7546,993,2025-03-01,Shipped,51117
7547,2403,2025-09-03,Shipped,16948
7548,384,2025-01-25,Shipped,29077
7549,2127,2025-06-03,Delivered,65434
7550,1241,2026-02-10,Shipped,21808
7551,2314,2025-07-25,Delivered,21335
7552,1007,2026-02-27,Delivered,14256
7553,2472,2025-02-12,Delivered,3223
7554,2127,2026-01-02,Delivered,43273
7555,840,2025-01-03,Processing,65804
7556,103,2025-04-25,Shipped,66025
7557,1717,2025-12-26,Delivered,28974
7558,127,2026-02-17,Shipped,29974
7559,144,2025-10-11,Delivered,28577
7560,2641,2025-10-13,Processing,45937
7561,417,2025-09-25,Shipped,79036
7562,3000,2026-06-09,Processing,43977
7563,1215,2026-06-15,Processing,24439
7564,581,2026-06-11,Processing,37410
7565,1632,2025-06-11,Shipped,2678
7566,1669,2026-02-06,Delivered,42690
7567,994,2026-05-22,Shipped,37434
7568,2716,2025-10-02,Delivered,77216
7569,1883,2025-03-29,Processing,71381
7570,1647,2025-07-22,Shipped,20695
7571,74,2026-03-01,Processing,48083
7572,2427,2026-05-21,Processing,53402
7573,2511,2025-10-23,Processing,25586
7574,1425,2025-09-26,Processing,85760
7575,2768,2025-08-23,Processing,26176
7576,1744,2025-11-29,Processing,30031
7577,1097,2025-02-03,Shipped,42279
7578,278,2025-01-21,Delivered,21209
7579,1051,2026-03-20,Shipped,73036
7580,2762,2025-07-16,Processing,3850
7581,927,2026-01-30,Shipped,35371
7582,1527,2026-02-02,Shipped,63838
7583,2596,2025-12-20,Processing,60042
7584,2870,2025-11-17,Shipped,61552
7585,1707,2025-11-04,Delivered,21308
7586,2840,2025-11-24,Shipped,35847
7587,777,2025-01-19,Delivered,60506
7588,1554,2025-12-19,Processing,23044
7589,1833,2025-05-27,Delivered,41375
7590,1608,2026-05-08,Processing,67390
7591,2936,2026-05-17,Processing,65932
7592,1221,2026-04-02,Shipped,14002
7593,1732,2025-12-01,Processing,22802
7594,653,2025-09-21,Delivered,18001
7595,411,2026-01-18,Processing,3961
7596,1107,2025-07-01,Processing,14996
7597,119,2026-03-23,Shipped,28492
7598,1091,2026-05-25,Delivered,102668
7599,2631,2026-01-15,Delivered,25177
7600,1278,2025-10-04,Shipped,2158
7601,1465,2026-06-20,Shipped,23818
7602,1400,2025-11-23,Delivered,52665
7603,2085,2025-11-15,Shipped,26258
7604,493,2025-09-21,Processing,21578
7605,1504,2025-04-24,Delivered,70722
7606,181,2025-01-30,Processing,37172
7607,2040,2025-08-01,Processing,80626
7608,1364,2026-01-26,Delivered,48240
7609,564,2025-05-30,Shipped,27836
7610,2620,2025-07-31,Delivered,23673
7611,2793,2026-05-28,Shipped,10670
7612,1526,2025-01-04,Processing,17375
7613,2397,2026-05-28,Shipped,24791
7614,90,2025-09-22,Shipped,110854
7615,970,2026-04-22,Processing,26926
7616,134,2026-06-17,Processing,30724
7617,2083,2026-04-08,Processing,68733
7618,1351,2025-06-22,Processing,43043
7619,1730,2026-06-02,Processing,35715
7620,492,2025-12-21,Shipped,69848
7621,2233,2026-01-05,Processing,55222
7622,540,2025-01-31,Shipped,70458
7623,250,2025-04-22,Delivered,30741
7624,2632,2025-01-14,Delivered,57627
7625,2808,2025-07-23,Delivered,21350
7626,1210,2025-11-13,Processing,28584
7627,1080,2025-03-08,Processing,30390
7628,2474,2026-01-28,Delivered,24658
7629,2800,2025-09-20,Delivered,99342
7630,2471,2025-06-18,Shipped,22285
7631,1512,2025-10-08,Shipped,69083
7632,2928,2026-03-01,Delivered,22515
7633,386,2026-05-01,Processing,2772
7634,1521,2025-09-22,Delivered,14319
7635,702,2025-04-20,Shipped,24346
7636,413,2025-10-04,Processing,4975
7637,1491,2025-08-08,Shipped,56990
7638,307,2025-03-23,Processing,71534
7639,2035,2026-05-13,Delivered,50580
7640,295,2025-06-12,Processing,18325
7641,288,2026-05-17,Delivered,50279
7642,2584,2025-08-04,Delivered,42940
7643,1633,2026-01-16,Processing,80114
7644,287,2025-07-10,Shipped,23767
7645,1538,2025-08-10,Processing,6845
7646,1790,2025-02-13,Shipped,16688
7647,2932,2025-11-29,Processing,18221
7648,503,2025-06-05,Processing,24851
7649,848,2025-02-14,Shipped,72246
7650,2082,2026-04-21,Processing,57525
7651,304,2025-05-24,Shipped,19459
7652,899,2025-11-12,Processing,9392
7653,1263,2025-01-18,Processing,75317
7654,1028,2026-02-17,Processing,7896
7655,2651,2026-06-29,Delivered,13684
7656,2753,2025-10-17,Delivered,28312
7657,1241,2026-03-15,Shipped,20971
7658,961,2025-09-06,Processing,50240
7659,1303,2025-09-07,Shipped,15652
7660,315,2025-08-02,Delivered,19233
7661,986,2025-10-20,Processing,69437
7662,878,2025-01-22,Delivered,48618
7663,1768,2026-02-16,Processing,25020
7664,106,2025-06-27,Delivered,2448
7665,2322,2026-02-18,Shipped,15255
7666,2550,2025-07-11,Processing,23533
7667,2172,2025-07-22,Shipped,69361
7668,2013,2025-02-14,Shipped,6794
7669,609,2025-06-24,Processing,74775
7670,964,2026-02-13,Shipped,7740
7671,2083,2025-01-06,Shipped,101952
7672,675,2026-01-02,Processing,32516
7673,785,2026-03-13,Delivered,42028
7674,1494,2026-05-01,Processing,30536
7675,590,2025-02-04,Processing,16741
7676,977,2026-04-29,Processing,38296
7677,1705,2026-02-17,Processing,75691
7678,2193,2026-02-08,Delivered,62019
7679,1264,2026-01-19,Processing,9387
7680,2693,2025-10-06,Delivered,56299
7681,415,2025-06-14,Processing,11340
7682,2897,2025-05-20,Shipped,63186
7683,2579,2026-03-02,Delivered,30650
7684,199,2025-01-27,Delivered,50434
7685,2473,2026-06-16,Processing,34076
7686,1738,2025-04-16,Delivered,65644
7687,406,2025-10-04,Delivered,17998
7688,2044,2026-05-28,Delivered,8666
7689,1313,2025-12-12,Processing,39771
7690,2769,2025-09-27,Processing,51854
7691,1371,2025-03-14,Shipped,58703
7692,708,2025-07-06,Processing,13466
7693,932,2025-03-23,Delivered,8746
7694,538,2026-05-26,Shipped,42124
7695,153,2025-01-19,Delivered,33444
7696,2998,2026-05-20,Processing,84712
7697,1868,2025-07-23,Processing,16080
7698,314,2025-12-29,Shipped,2658
7699,2774,2025-12-25,Delivered,21816
7700,718,2025-03-04,Delivered,53698
7701,2024,2026-05-16,Delivered,11594
7702,2091,2025-06-10,Delivered,22909
7703,929,2025-12-31,Processing,23699
7704,1575,2026-06-08,Processing,15014
7705,1310,2026-03-04,Processing,51040
7706,35,2026-01-28,Delivered,35352
7707,2278,2025-09-25,Processing,80780
7708,2452,2025-05-26,Shipped,3396
7709,2280,2026-01-21,Processing,35760
7710,114,2026-05-16,Processing,58347
7711,1853,2026-06-12,Shipped,44159
7712,2098,2026-06-27,Processing,89791
7713,2065,2025-06-02,Processing,21519
7714,1212,2026-04-28,Delivered,15373
7715,1900,2025-11-24,Shipped,72184
7716,1260,2026-03-31,Shipped,12191
7717,2113,2026-03-08,Delivered,55797
7718,523,2025-03-07,Shipped,61891
7719,2588,2026-04-25,Delivered,29284
7720,1773,2026-05-22,Delivered,41644
7721,2675,2025-09-19,Shipped,48649
7722,2530,2026-02-17,Shipped,19493
7723,1771,2025-05-13,Processing,52692
7724,409,2026-03-18,Processing,20270
7725,429,2025-07-08,Processing,57238
7726,772,2025-05-27,Delivered,24021
7727,1149,2025-07-30,Delivered,79070
7728,485,2025-07-24,Delivered,81392
7729,843,2026-05-16,Processing,65926
7730,1678,2025-11-27,Processing,76902
7731,2666,2026-05-25,Processing,14331
7732,2034,2026-06-05,Processing,28491
7733,820,2025-06-10,Processing,99698
7734,1963,2025-09-06,Shipped,69832
7735,820,2026-04-23,Shipped,56321
7736,560,2025-03-21,Delivered,47781
7737,2847,2026-03-18,Delivered,35744
7738,2141,2025-12-24,Shipped,36403
7739,2103,2026-01-16,Delivered,25036
7740,1438,2025-10-13,Delivered,42406
7741,1320,2026-06-17,Processing,116157
7742,2810,2025-12-10,Processing,29078
7743,1029,2025-07-23,Processing,44287
7744,2529,2026-05-12,Shipped,54134
7745,42,2025-04-02,Processing,71976
7746,1957,2026-03-08,Processing,7224
7747,2287,2025-05-04,Processing,30321
7748,1768,2025-01-09,Processing,30552
7749,820,2026-05-26,Delivered,33322
7750,2531,2025-07-04,Delivered,52544
7751,2536,2025-12-30,Delivered,19740
7752,2771,2025-11-09,Delivered,33897
7753,501,2025-01-28,Processing,27996
7754,86,2026-02-01,Processing,15998
7755,1788,2025-12-20,Processing,18078
7756,1242,2025-11-12,Shipped,12215
7757,655,2026-06-13,Shipped,5286
7758,2263,2025-07-01,Shipped,1497
7759,1507,2026-05-12,Shipped,26861
7760,2424,2026-07-01,Delivered,20960
7761,2702,2026-03-23,Processing,34678
7762,2508,2026-03-31,Shipped,6291
7763,2189,2025-09-23,Shipped,28990
7764,432,2025-08-22,Delivered,77872
7765,1257,2025-05-26,Processing,59657
7766,1807,2026-05-28,Shipped,53590
7767,894,2025-11-23,Delivered,4022
7768,2301,2025-12-01,Shipped,28994
7769,1926,2026-02-19,Delivered,3610
7770,1826,2025-09-03,Delivered,13921
7771,337,2025-06-06,Shipped,25742
7772,2908,2026-02-01,Processing,43858
7773,2801,2025-09-26,Processing,18691
7774,162,2026-05-19,Processing,23998
7775,2599,2026-03-10,Processing,21797
7776,499,2025-07-17,Processing,29855
7777,2408,2025-06-10,Shipped,50538
7778,2738,2026-02-27,Processing,66038
7779,1212,2025-12-26,Processing,67264
7780,122,2025-06-20,Processing,58235
7781,696,2025-10-27,Processing,25609
7782,2982,2025-01-18,Processing,64607
7783,2293,2026-06-14,Delivered,29416
7784,131,2025-08-04,Shipped,15695
7785,2556,2025-03-26,Delivered,62626
7786,206,2025-10-01,Processing,48824
7787,1768,2025-10-03,Shipped,2581
7788,1788,2025-03-30,Shipped,28334
7789,1688,2025-11-03,Processing,53777
7790,663,2025-10-06,Shipped,22003
7791,708,2025-06-25,Processing,36685
7792,1822,2025-05-23,Delivered,40662
7793,1483,2025-07-25,Shipped,43229
7794,881,2025-04-12,Shipped,37696
7795,2464,2025-10-18,Shipped,10366
7796,266,2025-06-28,Processing,8033
7797,1501,2025-07-06,Delivered,20669
7798,2354,2025-05-02,Shipped,24599
7799,1287,2026-07-04,Processing,48698
7800,1780,2026-05-21,Delivered,41719
7801,1429,2026-01-30,Shipped,33010
7802,998,2026-02-28,Shipped,68745
7803,354,2025-08-02,Shipped,16167
7804,2683,2026-02-17,Delivered,33278
7805,1179,2025-12-08,Delivered,83374
7806,417,2025-09-23,Delivered,26210
7807,1350,2025-08-17,Shipped,18795
7808,1237,2025-09-22,Shipped,19234
7809,556,2026-01-17,Delivered,122124
7810,2444,2026-04-05,Delivered,85951
7811,192,2026-03-08,Delivered,11219
7812,2269,2025-07-14,Processing,2832
7813,2430,2025-03-31,Delivered,70873
7814,45,2025-04-19,Delivered,39340
7815,2442,2026-05-29,Processing,73026
7816,230,2026-04-19,Shipped,22471
7817,2953,2026-05-14,Delivered,32752
7818,800,2025-02-06,Processing,77578
7819,1618,2025-03-02,Delivered,74189
7820,2366,2025-12-10,Shipped,63976
7821,1803,2025-08-02,Delivered,61110
7822,2744,2026-04-18,Processing,37735
7823,2326,2025-12-25,Delivered,65993
7824,2531,2025-11-29,Processing,60192
7825,83,2025-08-21,Shipped,11882
7826,146,2026-06-21,Shipped,80147
7827,486,2026-05-26,Delivered,20242
7828,2120,2026-02-06,Delivered,53184
7829,2967,2025-07-12,Processing,6029
7830,1771,2026-04-23,Delivered,64431
7831,572,2026-03-13,Delivered,53831
7832,2140,2026-03-30,Processing,31058
7833,724,2025-02-02,Delivered,84467
7834,413,2026-03-20,Delivered,42106
7835,700,2026-05-20,Processing,59421
7836,92,2025-06-14,Shipped,17898
7837,2363,2025-04-26,Shipped,41515
7838,2721,2025-07-12,Shipped,69980
7839,86,2025-09-19,Shipped,24648
7840,2622,2025-05-01,Processing,13332
7841,659,2026-04-12,Processing,41785
7842,1462,2025-06-01,Shipped,27268
7843,2493,2025-11-21,Processing,7703
7844,2125,2025-01-31,Shipped,19138
7845,1963,2025-04-25,Processing,5837
7846,40,2026-06-09,Processing,30203
7847,2882,2025-09-01,Shipped,33174
7848,1229,2025-08-13,Delivered,7844
7849,1474,2025-03-13,Processing,62916
7850,1607,2026-03-14,Shipped,23711
7851,2752,2025-11-05,Shipped,71228
7852,2650,2025-06-25,Processing,31252
7853,918,2025-02-23,Shipped,21316
7854,2797,2025-07-26,Processing,41096
7855,771,2025-05-03,Processing,2290
7856,2775,2025-11-09,Delivered,43971
7857,1447,2026-01-20,Delivered,33995
7858,1902,2026-04-26,Processing,37824
7859,984,2025-12-07,Processing,59991
7860,2053,2026-01-05,Delivered,55238
7861,1801,2025-02-09,Delivered,52444
7862,2085,2025-01-05,Delivered,40912
7863,1623,2025-10-29,Processing,41891
7864,631,2025-10-13,Processing,41608
7865,1809,2025-06-07,Processing,45410
7866,1499,2025-10-13,Delivered,25957
7867,2399,2026-05-20,Shipped,45098
7868,1039,2025-02-16,Delivered,25838
7869,2832,2025-05-27,Shipped,31626
7870,2171,2025-07-21,Processing,19719
7871,10,2025-08-18,Delivered,14739
7872,1428,2025-04-22,Shipped,49970
7873,2688,2025-03-12,Delivered,37778
7874,1535,2025-05-22,Processing,35906
7875,1079,2025-10-22,Delivered,56820
7876,2012,2025-07-10,Shipped,23622
7877,336,2026-05-20,Delivered,50928
7878,2868,2025-07-25,Shipped,31236
7879,1436,2025-02-07,Processing,57084
7880,1727,2026-05-05,Shipped,30008
7881,1599,2025-10-03,Delivered,75994
7882,561,2025-03-16,Delivered,75178
7883,656,2025-12-04,Shipped,18706
7884,2801,2025-03-14,Processing,95952
7885,2355,2025-01-24,Shipped,15720
7886,1742,2026-04-19,Delivered,25380
7887,2414,2025-05-23,Delivered,4226
7888,479,2025-02-27,Processing,21674
7889,2956,2025-07-03,Shipped,17654
7890,2031,2026-03-03,Delivered,80196
7891,498,2025-09-11,Shipped,31922
7892,2615,2025-06-26,Delivered,62964
7893,548,2025-05-21,Shipped,26664
7894,1311,2025-04-04,Shipped,51596
7895,1797,2026-04-10,Delivered,25004
7896,452,2025-02-10,Delivered,80264
7897,1441,2025-11-10,Shipped,49642
7898,2540,2025-04-19,Delivered,64173
7899,230,2025-12-26,Processing,59564
7900,2396,2026-05-23,Delivered,22007
7901,282,2025-02-10,Delivered,47680
7902,4,2026-05-12,Shipped,3491
7903,1939,2025-11-09,Processing,59190
7904,1941,2026-05-06,Delivered,77762
7905,2471,2025-07-27,Delivered,18080
7906,138,2025-11-28,Shipped,40696
7907,2768,2025-04-21,Delivered,43648
7908,2782,2025-05-22,Processing,29422
7909,2002,2026-04-29,Delivered,61065
7910,123,2025-08-20,Processing,58942
7911,2665,2025-06-10,Shipped,37981
7912,297,2026-06-18,Shipped,91545
7913,618,2026-05-06,Shipped,38832
7914,1241,2025-12-14,Processing,94887
7915,1880,2025-01-08,Delivered,12689
7916,126,2026-01-15,Delivered,18851
7917,2170,2026-01-17,Shipped,42471
7918,1352,2026-04-02,Processing,16267
7919,1733,2025-02-07,Delivered,50488
7920,2442,2025-02-15,Shipped,35817
7921,1999,2025-04-09,Shipped,39455
7922,345,2025-12-14,Processing,58392
7923,241,2026-02-10,Delivered,45926
7924,2014,2025-12-04,Delivered,35246
7925,2889,2026-06-24,Shipped,55919
7926,2927,2026-02-25,Processing,20408
7927,1963,2025-11-04,Processing,47219
7928,1105,2026-02-17,Delivered,50181
7929,600,2026-05-19,Shipped,26714
7930,126,2025-02-08,Shipped,45818
7931,93,2025-09-28,Delivered,34827
7932,1784,2025-04-25,Processing,67886
7933,2082,2026-01-16,Delivered,23280
7934,2245,2025-10-13,Delivered,59319
7935,2700,2025-02-04,Delivered,26415
7936,1717,2025-09-13,Processing,12167
7937,1387,2026-04-01,Processing,31761
7938,2033,2025-07-16,Processing,78604
7939,2221,2025-05-03,Processing,12055
7940,1822,2025-08-07,Processing,21248
7941,1605,2025-07-10,Processing,31590
7942,234,2025-03-04,Processing,24872
7943,610,2025-08-07,Processing,32778
7944,2247,2025-10-04,Processing,74564
7945,1160,2025-01-03,Shipped,29700
7946,2742,2026-02-16,Processing,45109
7947,2202,2025-05-04,Shipped,49129
7948,2563,2026-05-10,Processing,35386
7949,2324,2025-04-04,Processing,88188
7950,2853,2026-01-26,Processing,74544
7951,1607,2025-10-24,Shipped,53844
7952,237,2025-10-30,Processing,17229
7953,2637,2025-07-16,Processing,18134
7954,1484,2025-09-28,Shipped,34771
7955,2812,2025-12-20,Shipped,83831
7956,1937,2025-06-23,Delivered,50079
7957,316,2026-05-29,Processing,77939
7958,2792,2026-06-05,Shipped,27425
7959,2891,2025-03-08,Shipped,34494
7960,989,2025-04-11,Delivered,25187
7961,2021,2025-10-26,Processing,30637
7962,628,2025-02-18,Delivered,4817
7963,2188,2025-11-05,Shipped,57842
7964,247,2026-04-26,Shipped,14464
7965,265,2025-01-14,Delivered,80645
7966,2520,2025-07-28,Processing,9185
7967,2886,2025-04-20,Shipped,18802
7968,2438,2025-01-22,Shipped,17046
7969,1000,2025-05-20,Shipped,29806
7970,2231,2026-05-31,Shipped,58313
7971,1757,2026-03-19,Processing,19671
7972,268,2025-12-09,Shipped,60922
7973,1883,2025-02-27,Delivered,58618
7974,1789,2025-12-08,Processing,24402
7975,1370,2026-03-26,Shipped,71798
7976,2167,2026-01-07,Delivered,55162
7977,1673,2025-05-13,Processing,65460
7978,172,2025-09-01,Delivered,83574
7979,1997,2026-05-01,Delivered,28648
7980,2159,2025-01-02,Processing,63432
7981,1799,2025-02-05,Processing,48605
7982,999,2025-01-06,Delivered,58303
7983,740,2025-06-08,Shipped,114432
7984,56,2025-02-21,Delivered,66806
7985,998,2025-08-06,Delivered,47349
7986,1496,2025-07-11,Processing,62058
7987,2250,2026-05-08,Shipped,19398
7988,2687,2025-10-06,Delivered,1305
7989,2263,2026-01-28,Delivered,35593
7990,714,2025-01-19,Shipped,28486
7991,741,2025-02-13,Shipped,63470
7992,1601,2026-05-21,Shipped,73466
7993,1643,2025-04-28,Shipped,70436
7994,1703,2026-03-19,Processing,128296
7995,1295,2025-02-01,Delivered,15726
7996,2853,2025-12-10,Processing,78466
7997,1242,2026-01-30,Delivered,58423
7998,1824,2026-02-27,Shipped,56331
7999,1555,2025-09-12,Processing,16280
8000,698,2025-01-08,Delivered,24461
