PaymentID,OrderID,Method,PaymentStatus,Amount
1,1,Net Banking,Paid,61148
2,2,Net Banking,Paid,44111
3,3,Net Banking,Paid,82748
4,4,Debit Card,Paid,38870
5,5,COD,Paid,21035
6,6,Credit Card,Paid,47988
7,7,Net Banking,Paid,10065
8,8,Credit Card,Paid,51621
9,9,Net Banking,Paid,18268
10,10,UPI,Paid,99843
11,11,Net Banking,Paid,37769
12,12,Credit Card,Paid,17020
13,13,Credit Card,Paid,30794
14,14,Net Banking,Paid,63608
15,15,COD,Paid,31362
16,16,Debit Card,Paid,2574
17,17,UPI,Paid,4945
18,18,Net Banking,Paid,5953
19,19,COD,Paid,46457
20,20,UPI,Paid,35720
21,21,Net Banking,Paid,27741
22,22,COD,Paid,23342
23,23,Credit Card,Paid,17050
24,24,UPI,Paid,61384
25,25,UPI,Paid,68393
26,26,COD,Paid,31678
27,27,UPI,Paid,18796
28,28,COD,Paid,33046
29,29,Debit Card,Paid,66954
30,30,UPI,Paid,27384
31,31,Debit Card,Paid,47530
32,32,UPI,Paid,27212
33,33,Debit Card,Paid,65245
34,34,COD,Paid,30571
35,35,UPI,Paid,41072
36,36,Credit Card,Paid,36778
37,37,Credit Card,Paid,48882
38,38,Net Banking,Paid,62240
39,39,UPI,Paid,13354
40,40,Credit Card,Paid,45352
41,41,COD,Paid,17040
42,42,COD,Paid,18042
43,43,Debit Card,Paid,40951
44,44,UPI,Paid,75806
45,45,Debit Card,Paid,61148
46,46,Credit Card,Paid,4920
47,47,Debit Card,Paid,10564
48,48,Net Banking,Paid,24219
49,49,Debit Card,Paid,47501
50,50,Net Banking,Paid,24377
51,51,Debit Card,Paid,40678
52,52,Debit Card,Paid,38220
53,53,Debit Card,Paid,94779
54,54,COD,Paid,82033
55,55,Credit Card,Paid,77585
56,56,COD,Paid,40080
57,57,Debit Card,Paid,19132
58,58,Debit Card,Paid,49352
59,59,Credit Card,Paid,51571
60,60,Net Banking,Paid,4757
61,61,COD,Paid,12046
62,62,UPI,Paid,47226
63,63,UPI,Paid,14166
64,64,Net Banking,Paid,31575
65,65,UPI,Paid,44199
66,66,Net Banking,Paid,51680
67,67,UPI,Paid,26740
68,68,COD,Paid,42178
69,69,UPI,Paid,7589
70,70,Debit Card,Paid,70235
71,71,Debit Card,Paid,32394
72,72,Debit Card,Paid,49837
73,73,UPI,Paid,61541
74,74,UPI,Paid,74390
75,75,UPI,Paid,31244
76,76,Credit Card,Paid,55426
77,77,Net Banking,Paid,87443
78,78,COD,Paid,21869
79,79,UPI,Paid,31975
80,80,Debit Card,Paid,76420
81,81,UPI,Paid,47390
82,82,Net Banking,Paid,68657
83,83,COD,Paid,50654
84,84,UPI,Paid,11000
85,85,UPI,Paid,58819
86,86,UPI,Paid,34580
87,87,UPI,Paid,35992
88,88,UPI,Paid,33729
89,89,UPI,Paid,17533
90,90,Net Banking,Paid,83716
91,91,COD,Paid,41183
92,92,COD,Paid,8372
93,93,Credit Card,Paid,37640
94,94,COD,Paid,10286
95,95,Net Banking,Paid,50978
96,96,Debit Card,Paid,38885
97,97,Net Banking,Paid,78955
98,98,Net Banking,Paid,43182
99,99,Debit Card,Paid,13576
100,100,UPI,Paid,27556
101,101,COD,Paid,92924
102,102,COD,Paid,17732
103,103,Credit Card,Paid,74552
104,104,Debit Card,Paid,35010
105,105,COD,Paid,47452
106,106,Debit Card,Paid,35670
107,107,Net Banking,Paid,82312
108,108,Debit Card,Paid,32711
109,109,Debit Card,Paid,2270
110,110,Credit Card,Paid,33864
111,111,COD,Paid,3510
112,112,COD,Paid,43962
113,113,Credit Card,Paid,45727
114,114,UPI,Paid,42397
115,115,Credit Card,Paid,38139
116,116,Credit Card,Paid,22738
117,117,Net Banking,Paid,4643
118,118,COD,Paid,37153
119,119,Credit Card,Paid,52163
120,120,Net Banking,Paid,53968
121,121,Debit Card,Paid,7096
122,122,UPI,Paid,97254
123,123,Credit Card,Paid,14366
124,124,Net Banking,Paid,15882
125,125,Debit Card,Paid,14958
126,126,Net Banking,Paid,63238
127,127,Credit Card,Paid,14427
128,128,COD,Paid,24073
129,129,Credit Card,Paid,6425
130,130,Debit Card,Paid,3988
131,131,Credit Card,Paid,10339
132,132,Debit Card,Paid,18838
133,133,UPI,Paid,71685
134,134,UPI,Paid,36886
135,135,Debit Card,Paid,61876
136,136,Credit Card,Paid,16588
137,137,Credit Card,Paid,53834
138,138,Credit Card,Paid,3068
139,139,UPI,Paid,19574
140,140,Net Banking,Paid,115513
141,141,Debit Card,Paid,94634
142,142,Net Banking,Paid,65071
143,143,UPI,Paid,12422
144,144,Net Banking,Paid,24029
145,145,Credit Card,Paid,12127
146,146,Credit Card,Paid,22087
147,147,UPI,Paid,34419
148,148,UPI,Paid,16536
149,149,Debit Card,Paid,28515
150,150,Credit Card,Paid,44336
151,151,UPI,Paid,16454
152,152,Debit Card,Paid,34364
153,153,UPI,Paid,10982
154,154,UPI,Paid,35448
155,155,UPI,Paid,49096
156,156,COD,Paid,22741
157,157,UPI,Paid,38777
158,158,Credit Card,Paid,66898
159,159,Net Banking,Paid,21963
160,160,Debit Card,Paid,40653
161,161,COD,Paid,49744
162,162,COD,Paid,36087
163,163,UPI,Paid,4347
164,164,Net Banking,Paid,10563
165,165,COD,Paid,23744
166,166,Net Banking,Paid,68354
167,167,Net Banking,Paid,68301
168,168,UPI,Paid,59446
169,169,Debit Card,Paid,17826
170,170,Debit Card,Paid,30451
171,171,UPI,Paid,77879
172,172,Debit Card,Paid,60026
173,173,COD,Paid,82832
174,174,Net Banking,Paid,54858
175,175,Debit Card,Paid,22803
176,176,Net Banking,Paid,24201
177,177,Net Banking,Paid,42818
178,178,UPI,Paid,41347
179,179,Net Banking,Paid,37892
180,180,Net Banking,Paid,45840
181,181,Credit Card,Paid,84224
182,182,Credit Card,Paid,57332
183,183,Debit Card,Paid,97200
184,184,Debit Card,Paid,23174
185,185,UPI,Paid,38624
186,186,Net Banking,Paid,22888
187,187,Credit Card,Paid,4216
188,188,Debit Card,Paid,47542
189,189,Debit Card,Paid,77692
190,190,UPI,Paid,10007
191,191,Credit Card,Paid,51420
192,192,COD,Paid,23270
193,193,Debit Card,Paid,26846
194,194,UPI,Paid,12578
195,195,UPI,Paid,39896
196,196,Credit Card,Paid,84553
197,197,Credit Card,Paid,75768
198,198,Credit Card,Paid,83353
199,199,Credit Card,Paid,14257
200,200,Net Banking,Paid,59362
201,201,Debit Card,Paid,23630
202,202,Credit Card,Paid,5793
203,203,Net Banking,Paid,18419
204,204,COD,Paid,28679
205,205,Net Banking,Paid,37922
206,206,COD,Paid,9573
207,207,COD,Paid,29668
208,208,Net Banking,Paid,36519
209,209,Credit Card,Paid,45342
210,210,UPI,Paid,4453
211,211,UPI,Paid,11964
212,212,UPI,Paid,19949
213,213,UPI,Paid,7266
214,214,Debit Card,Paid,29244
215,215,Debit Card,Paid,24815
216,216,COD,Paid,28246
217,217,Debit Card,Paid,15385
218,218,UPI,Paid,64156
219,219,Debit Card,Paid,35855
220,220,Net Banking,Paid,17802
221,221,Debit Card,Paid,35554
222,222,UPI,Paid,96626
223,223,Net Banking,Paid,47456
224,224,COD,Paid,62305
225,225,COD,Paid,26065
226,226,Credit Card,Paid,68006
227,227,UPI,Paid,5059
228,228,UPI,Paid,50351
229,229,UPI,Paid,6264
230,230,Debit Card,Paid,72967
231,231,Net Banking,Paid,22422
232,232,Debit Card,Paid,21997
233,233,Debit Card,Paid,52053
234,234,Credit Card,Paid,2958
235,235,Net Banking,Paid,35959
236,236,Net Banking,Paid,9685
237,237,COD,Paid,16946
238,238,Net Banking,Paid,12992
239,239,Net Banking,Paid,64176
240,240,UPI,Paid,46318
241,241,Credit Card,Paid,30142
242,242,Debit Card,Paid,36494
243,243,Debit Card,Paid,44269
244,244,Credit Card,Paid,32957
245,245,Credit Card,Paid,59755
246,246,COD,Paid,43375
247,247,Net Banking,Paid,12992
248,248,Net Banking,Paid,12694
249,249,COD,Paid,67863
250,250,Credit Card,Paid,1456
251,251,Net Banking,Paid,45899
252,252,Debit Card,Paid,10786
253,253,COD,Paid,68452
254,254,COD,Paid,28315
255,255,Debit Card,Paid,49069
256,256,COD,Paid,67558
257,257,Credit Card,Paid,90962
258,258,UPI,Paid,66074
259,259,Credit Card,Paid,25001
260,260,COD,Paid,105775
261,261,Credit Card,Paid,70147
262,262,Credit Card,Paid,66480
263,263,Net Banking,Paid,43356
264,264,COD,Paid,12402
265,265,UPI,Paid,42825
266,266,COD,Paid,70585
267,267,UPI,Paid,47940
268,268,Debit Card,Paid,14118
269,269,Debit Card,Paid,6714
270,270,UPI,Paid,58436
271,271,COD,Paid,67989
272,272,Credit Card,Paid,6334
273,273,Credit Card,Paid,97032
274,274,COD,Paid,7136
275,275,Credit Card,Paid,65488
276,276,Debit Card,Paid,39646
277,277,COD,Paid,41332
278,278,Debit Card,Paid,23628
279,279,Net Banking,Paid,10020
280,280,Net Banking,Paid,31024
281,281,UPI,Paid,42958
282,282,Net Banking,Paid,68957
283,283,COD,Paid,23257
284,284,Net Banking,Paid,68282
285,285,COD,Paid,13183
286,286,UPI,Paid,34465
287,287,Credit Card,Paid,53641
288,288,UPI,Paid,74704
289,289,Net Banking,Paid,30814
290,290,Credit Card,Paid,12013
291,291,UPI,Paid,11468
292,292,UPI,Paid,5650
293,293,Debit Card,Paid,47734
294,294,UPI,Paid,75820
295,295,Credit Card,Paid,64486
296,296,COD,Paid,7378
297,297,UPI,Paid,82246
298,298,Net Banking,Paid,36040
299,299,COD,Paid,46652
300,300,UPI,Paid,49726
301,301,Net Banking,Paid,64510
302,302,Credit Card,Paid,48074
303,303,Net Banking,Paid,5664
304,304,Debit Card,Paid,20770
305,305,Net Banking,Paid,35110
306,306,Net Banking,Paid,6264
307,307,COD,Paid,36484
308,308,Credit Card,Paid,43490
309,309,UPI,Paid,13598
310,310,Net Banking,Paid,47853
311,311,UPI,Paid,1767
312,312,COD,Paid,29882
313,313,Credit Card,Paid,54664
314,314,COD,Paid,57527
315,315,Net Banking,Paid,31464
316,316,Credit Card,Paid,37613
317,317,Credit Card,Paid,56884
318,318,COD,Paid,40468
319,319,UPI,Paid,29678
320,320,UPI,Paid,97548
321,321,COD,Paid,15340
322,322,Net Banking,Paid,35012
323,323,COD,Paid,12930
324,324,Debit Card,Paid,18714
325,325,Debit Card,Paid,21154
326,326,Credit Card,Paid,41881
327,327,Debit Card,Paid,37715
328,328,Debit Card,Paid,22930
329,329,Net Banking,Paid,23314
330,330,COD,Paid,21978
331,331,Credit Card,Paid,38884
332,332,UPI,Paid,46359
333,333,UPI,Paid,34372
334,334,UPI,Paid,84930
335,335,UPI,Paid,61258
336,336,UPI,Paid,64386
337,337,Credit Card,Paid,12535
338,338,Debit Card,Paid,58066
339,339,Credit Card,Paid,15640
340,340,UPI,Paid,41370
341,341,COD,Paid,33706
342,342,UPI,Paid,9398
343,343,COD,Paid,17292
344,344,COD,Paid,86025
345,345,COD,Paid,10814
346,346,Credit Card,Paid,18056
347,347,Credit Card,Paid,42206
348,348,COD,Paid,12780
349,349,COD,Paid,17656
350,350,COD,Paid,26039
351,351,Net Banking,Paid,18705
352,352,Credit Card,Paid,2359
353,353,Debit Card,Paid,39971
354,354,COD,Paid,48786
355,355,COD,Paid,54889
356,356,Net Banking,Paid,44377
357,357,COD,Paid,3544
358,358,COD,Paid,55196
359,359,Credit Card,Paid,34744
360,360,COD,Paid,47794
361,361,Credit Card,Paid,57520
362,362,Net Banking,Paid,34442
363,363,Debit Card,Paid,4962
364,364,Debit Card,Paid,64109
365,365,Debit Card,Paid,49164
366,366,Debit Card,Paid,87028
367,367,Debit Card,Paid,31221
368,368,COD,Paid,46586
369,369,COD,Paid,34353
370,370,Debit Card,Paid,49871
371,371,Credit Card,Paid,70843
372,372,UPI,Paid,22449
373,373,Net Banking,Paid,66043
374,374,UPI,Paid,26664
375,375,COD,Paid,50744
376,376,UPI,Paid,27006
377,377,UPI,Paid,60173
378,378,UPI,Paid,26987
379,379,Credit Card,Paid,95085
380,380,Debit Card,Paid,1451
381,381,Debit Card,Paid,53003
382,382,Credit Card,Paid,40807
383,383,Net Banking,Paid,13367
384,384,UPI,Paid,50868
385,385,COD,Paid,26498
386,386,UPI,Paid,45972
387,387,COD,Paid,19827
388,388,Credit Card,Paid,43567
389,389,Debit Card,Paid,25402
390,390,UPI,Paid,24030
391,391,Credit Card,Paid,46106
392,392,COD,Paid,14128
393,393,Debit Card,Paid,45061
394,394,Net Banking,Paid,18699
395,395,Debit Card,Paid,24706
396,396,UPI,Paid,71601
397,397,Net Banking,Paid,61782
398,398,Net Banking,Paid,61254
399,399,Net Banking,Paid,5552
400,400,Net Banking,Paid,35318
401,401,Debit Card,Paid,36707
402,402,COD,Paid,76314
403,403,UPI,Paid,16694
404,404,UPI,Paid,3038
405,405,Credit Card,Paid,24496
406,406,Net Banking,Paid,58300
407,407,Debit Card,Paid,89532
408,408,UPI,Paid,56534
409,409,Net Banking,Paid,30288
410,410,UPI,Paid,41267
411,411,COD,Paid,93812
412,412,Net Banking,Paid,74872
413,413,COD,Paid,26929
414,414,Net Banking,Paid,4049
415,415,Net Banking,Paid,36284
416,416,COD,Paid,22066
417,417,Net Banking,Paid,12774
418,418,UPI,Paid,49835
419,419,Credit Card,Paid,3153
420,420,COD,Paid,28562
421,421,UPI,Paid,75884
422,422,Debit Card,Paid,22138
423,423,Debit Card,Paid,5109
424,424,UPI,Paid,21310
425,425,Net Banking,Paid,31948
426,426,COD,Paid,108025
427,427,Credit Card,Paid,42234
428,428,Debit Card,Paid,62280
429,429,Credit Card,Paid,69458
430,430,Net Banking,Paid,16946
431,431,Debit Card,Paid,60985
432,432,UPI,Paid,63574
433,433,UPI,Paid,60540
434,434,UPI,Paid,2801
435,435,UPI,Paid,42658
436,436,Debit Card,Paid,62847
437,437,Debit Card,Paid,63160
438,438,UPI,Paid,22796
439,439,Debit Card,Paid,46546
440,440,UPI,Paid,44755
441,441,COD,Paid,90020
442,442,COD,Paid,6650
443,443,Net Banking,Paid,6235
444,444,Net Banking,Paid,23484
445,445,Net Banking,Paid,29379
446,446,Debit Card,Paid,24590
447,447,COD,Paid,4729
448,448,UPI,Paid,105247
449,449,Credit Card,Paid,11365
450,450,UPI,Paid,28163
451,451,Net Banking,Paid,37759
452,452,UPI,Paid,37102
453,453,Credit Card,Paid,65174
454,454,Net Banking,Paid,13324
455,455,Debit Card,Paid,37726
456,456,UPI,Paid,52861
457,457,Debit Card,Paid,27860
458,458,Net Banking,Paid,18130
459,459,Debit Card,Paid,35469
460,460,UPI,Paid,58879
461,461,Debit Card,Paid,35272
462,462,Credit Card,Paid,12288
463,463,COD,Paid,70886
464,464,Net Banking,Paid,24631
465,465,COD,Paid,42886
466,466,COD,Paid,24505
467,467,Debit Card,Paid,24857
468,468,UPI,Paid,33350
469,469,Credit Card,Paid,38680
470,470,UPI,Paid,20698
471,471,UPI,Paid,44566
472,472,Debit Card,Paid,42063
473,473,COD,Paid,18098
474,474,Credit Card,Paid,4306
475,475,UPI,Paid,47938
476,476,Debit Card,Paid,9271
477,477,Credit Card,Paid,58878
478,478,COD,Paid,92721
479,479,Debit Card,Paid,27914
480,480,UPI,Paid,35440
481,481,Net Banking,Paid,25314
482,482,Debit Card,Paid,49312
483,483,Credit Card,Paid,15528
484,484,Credit Card,Paid,42746
485,485,COD,Paid,64990
486,486,Debit Card,Paid,65626
487,487,UPI,Paid,9722
488,488,UPI,Paid,67464
489,489,COD,Paid,53517
490,490,Debit Card,Paid,83294
491,491,COD,Paid,14195
492,492,UPI,Paid,46560
493,493,Debit Card,Paid,3614
494,494,Credit Card,Paid,35438
495,495,UPI,Paid,27179
496,496,COD,Paid,65674
497,497,Debit Card,Paid,4010
498,498,COD,Paid,89424
499,499,Net Banking,Paid,53016
500,500,Net Banking,Paid,30388
501,501,COD,Paid,33858
502,502,Debit Card,Paid,37309
503,503,UPI,Paid,5533
504,504,UPI,Paid,45474
505,505,UPI,Paid,70159
506,506,Debit Card,Paid,53307
507,507,UPI,Paid,26042
508,508,Net Banking,Paid,11930
509,509,Debit Card,Paid,22985
510,510,COD,Paid,18555
511,511,Credit Card,Paid,44894
512,512,UPI,Paid,14049
513,513,Debit Card,Paid,81011
514,514,UPI,Paid,33301
515,515,Debit Card,Paid,36186
516,516,Credit Card,Paid,7245
517,517,Debit Card,Paid,40172
518,518,UPI,Paid,58890
519,519,COD,Paid,47714
520,520,Net Banking,Paid,47659
521,521,Debit Card,Paid,41295
522,522,Credit Card,Paid,68777
523,523,Credit Card,Paid,17609
524,524,UPI,Paid,32556
525,525,Net Banking,Paid,18378
526,526,UPI,Paid,71106
527,527,Net Banking,Paid,29996
528,528,UPI,Paid,46456
529,529,Debit Card,Paid,50659
530,530,COD,Paid,9282
531,531,Debit Card,Paid,46122
532,532,COD,Paid,53160
533,533,Net Banking,Paid,22127
534,534,Credit Card,Paid,35689
535,535,COD,Paid,54767
536,536,Credit Card,Paid,15388
537,537,COD,Paid,54746
538,538,COD,Paid,36199
539,539,UPI,Paid,36018
540,540,Credit Card,Paid,108428
541,541,COD,Paid,26057
542,542,COD,Paid,25825
543,543,Net Banking,Paid,32538
544,544,UPI,Paid,42302
545,545,Debit Card,Paid,62491
546,546,UPI,Paid,4725
547,547,UPI,Paid,33106
548,548,Net Banking,Paid,13916
549,549,COD,Paid,41474
550,550,UPI,Paid,8968
551,551,UPI,Paid,10318
552,552,UPI,Paid,58202
553,553,UPI,Paid,49294
554,554,COD,Paid,16226
555,555,COD,Paid,44581
556,556,UPI,Paid,20884
557,557,UPI,Paid,23572
558,558,Net Banking,Paid,81652
559,559,Credit Card,Paid,55863
560,560,Net Banking,Paid,74423
561,561,Debit Card,Paid,8579
562,562,Credit Card,Paid,3080
563,563,Net Banking,Paid,50519
564,564,Net Banking,Paid,87437
565,565,Net Banking,Paid,23608
566,566,Debit Card,Paid,24628
567,567,Net Banking,Paid,26526
568,568,Credit Card,Paid,22480
569,569,Net Banking,Paid,72509
570,570,Debit Card,Paid,20272
571,571,Net Banking,Paid,1342
572,572,Net Banking,Paid,35177
573,573,Debit Card,Paid,31324
574,574,UPI,Paid,11442
575,575,UPI,Paid,40904
576,576,COD,Paid,21885
577,577,UPI,Paid,58605
578,578,UPI,Paid,39774
579,579,Debit Card,Paid,26986
580,580,Net Banking,Paid,35488
581,581,Net Banking,Paid,17200
582,582,Net Banking,Paid,43696
583,583,Net Banking,Paid,101998
584,584,Net Banking,Paid,44714
585,585,UPI,Paid,56378
586,586,Debit Card,Paid,25914
587,587,COD,Paid,25378
588,588,UPI,Paid,64490
589,589,Debit Card,Paid,56248
590,590,Credit Card,Paid,43493
591,591,Debit Card,Paid,35302
592,592,Debit Card,Paid,8783
593,593,Credit Card,Paid,9440
594,594,Debit Card,Paid,22267
595,595,Debit Card,Paid,19953
596,596,UPI,Paid,23115
597,597,COD,Paid,35718
598,598,COD,Paid,9410
599,599,UPI,Paid,20506
600,600,COD,Paid,30478
601,601,UPI,Paid,27533
602,602,COD,Paid,72285
603,603,UPI,Paid,37484
604,604,COD,Paid,17240
605,605,Debit Card,Paid,71045
606,606,UPI,Paid,14472
607,607,Credit Card,Paid,26254
608,608,Net Banking,Paid,28782
609,609,COD,Paid,58598
610,610,Net Banking,Paid,71836
611,611,UPI,Paid,7683
612,612,Debit Card,Paid,59437
613,613,Debit Card,Paid,4103
614,614,UPI,Paid,32896
615,615,Credit Card,Paid,16229
616,616,UPI,Paid,12903
617,617,COD,Paid,67948
618,618,Debit Card,Paid,6529
619,619,Credit Card,Paid,29626
620,620,Credit Card,Paid,81873
621,621,COD,Paid,40663
622,622,Net Banking,Paid,30958
623,623,Net Banking,Paid,57786
624,624,UPI,Paid,18954
625,625,COD,Paid,97564
626,626,COD,Paid,81061
627,627,Debit Card,Paid,19112
628,628,UPI,Paid,21937
629,629,Net Banking,Paid,24845
630,630,COD,Paid,25306
631,631,UPI,Paid,19718
632,632,UPI,Paid,24640
633,633,Credit Card,Paid,24832
634,634,UPI,Paid,31406
635,635,COD,Paid,46800
636,636,Credit Card,Paid,44950
637,637,COD,Paid,38826
638,638,Net Banking,Paid,39381
639,639,COD,Paid,27802
640,640,UPI,Paid,18612
641,641,Debit Card,Paid,53118
642,642,Credit Card,Paid,87348
643,643,UPI,Paid,91320
644,644,Net Banking,Paid,62397
645,645,Credit Card,Paid,5807
646,646,Net Banking,Paid,73195
647,647,UPI,Paid,10965
648,648,Net Banking,Paid,22706
649,649,COD,Paid,12778
650,650,Credit Card,Paid,84419
651,651,Debit Card,Paid,46864
652,652,COD,Paid,11557
653,653,Credit Card,Paid,12071
654,654,Debit Card,Paid,19270
655,655,Credit Card,Paid,44449
656,656,Debit Card,Paid,64216
657,657,Net Banking,Paid,41342
658,658,UPI,Paid,12621
659,659,Net Banking,Paid,82092
660,660,Net Banking,Paid,52898
661,661,Net Banking,Paid,31605
662,662,Credit Card,Paid,15398
663,663,UPI,Paid,3060
664,664,COD,Paid,66866
665,665,Debit Card,Paid,37216
666,666,Net Banking,Paid,48187
667,667,Credit Card,Paid,49900
668,668,UPI,Paid,12307
669,669,Debit Card,Paid,41122
670,670,Credit Card,Paid,49144
671,671,Debit Card,Paid,10882
672,672,Credit Card,Paid,27590
673,673,COD,Paid,6442
674,674,Debit Card,Paid,35110
675,675,Credit Card,Paid,16939
676,676,COD,Paid,13407
677,677,Credit Card,Paid,19528
678,678,Net Banking,Paid,60858
679,679,UPI,Paid,30008
680,680,COD,Paid,39852
681,681,Debit Card,Paid,9941
682,682,Debit Card,Paid,52453
683,683,Net Banking,Paid,53288
684,684,UPI,Paid,7241
685,685,UPI,Paid,35260
686,686,COD,Paid,78966
687,687,Net Banking,Paid,61466
688,688,COD,Paid,17120
689,689,Credit Card,Paid,38028
690,690,COD,Paid,17740
691,691,COD,Paid,62071
692,692,Credit Card,Paid,17540
693,693,Credit Card,Paid,6315
694,694,Net Banking,Paid,21900
695,695,Credit Card,Paid,25320
696,696,COD,Paid,22637
697,697,Net Banking,Paid,50790
698,698,Debit Card,Paid,75538
699,699,Credit Card,Paid,74678
700,700,Net Banking,Paid,19848
701,701,COD,Paid,67506
702,702,Debit Card,Paid,31548
703,703,UPI,Paid,13097
704,704,COD,Paid,7874
705,705,COD,Paid,24339
706,706,Net Banking,Paid,25015
707,707,Net Banking,Paid,44084
708,708,UPI,Paid,89907
709,709,Credit Card,Paid,45360
710,710,Credit Card,Paid,30568
711,711,Debit Card,Paid,52768
712,712,COD,Paid,86069
713,713,Debit Card,Paid,52324
714,714,Debit Card,Paid,76827
715,715,Net Banking,Paid,64166
716,716,Credit Card,Paid,20973
717,717,Credit Card,Paid,8828
718,718,COD,Paid,15279
719,719,Credit Card,Paid,51766
720,720,Debit Card,Paid,60368
721,721,Net Banking,Paid,13182
722,722,UPI,Paid,36142
723,723,Net Banking,Paid,80227
724,724,Credit Card,Paid,60346
725,725,Debit Card,Paid,35791
726,726,Debit Card,Paid,22473
727,727,COD,Paid,1168
728,728,Net Banking,Paid,76321
729,729,Debit Card,Paid,15727
730,730,Credit Card,Paid,18002
731,731,Debit Card,Paid,13928
732,732,Debit Card,Paid,42762
733,733,Net Banking,Paid,5159
734,734,Credit Card,Paid,36796
735,735,Credit Card,Paid,19127
736,736,Debit Card,Paid,23100
737,737,Credit Card,Paid,73860
738,738,Debit Card,Paid,14377
739,739,Credit Card,Paid,58409
740,740,COD,Paid,45702
741,741,Credit Card,Paid,50524
742,742,Credit Card,Paid,52389
743,743,UPI,Paid,68908
744,744,Debit Card,Paid,47492
745,745,COD,Paid,80097
746,746,Credit Card,Paid,30813
747,747,UPI,Paid,17107
748,748,Net Banking,Paid,6986
749,749,Debit Card,Paid,45012
750,750,UPI,Paid,64788
751,751,Net Banking,Paid,37953
752,752,Credit Card,Paid,45845
753,753,UPI,Paid,37701
754,754,Net Banking,Paid,18348
755,755,UPI,Paid,22472
756,756,Debit Card,Paid,3738
757,757,Debit Card,Paid,52474
758,758,Debit Card,Paid,16090
759,759,Net Banking,Paid,43022
760,760,Debit Card,Paid,43354
761,761,UPI,Paid,25258
762,762,Credit Card,Paid,31489
763,763,COD,Paid,24590
764,764,COD,Paid,71761
765,765,COD,Paid,12510
766,766,COD,Paid,18360
767,767,COD,Paid,19000
768,768,Net Banking,Paid,25040
769,769,Net Banking,Paid,65017
770,770,UPI,Paid,18146
771,771,Net Banking,Paid,29480
772,772,COD,Paid,20282
773,773,Net Banking,Paid,63606
774,774,Credit Card,Paid,31452
775,775,COD,Paid,51394
776,776,COD,Paid,43191
777,777,Debit Card,Paid,51013
778,778,COD,Paid,57771
779,779,UPI,Paid,92144
780,780,COD,Paid,26508
781,781,Debit Card,Paid,22284
782,782,Debit Card,Paid,19882
783,783,Credit Card,Paid,2129
784,784,Debit Card,Paid,11142
785,785,Net Banking,Paid,19806
786,786,UPI,Paid,11341
787,787,Debit Card,Paid,15964
788,788,COD,Paid,38831
789,789,Net Banking,Paid,71718
790,790,Net Banking,Paid,12876
791,791,UPI,Paid,19369
792,792,UPI,Paid,76750
793,793,Net Banking,Paid,38390
794,794,COD,Paid,59611
795,795,Debit Card,Paid,78945
796,796,COD,Paid,9125
797,797,UPI,Paid,11681
798,798,Net Banking,Paid,60862
799,799,Debit Card,Paid,90442
800,800,Credit Card,Paid,59856
801,801,Debit Card,Paid,31586
802,802,Credit Card,Paid,6636
803,803,UPI,Paid,38185
804,804,Credit Card,Paid,29987
805,805,Credit Card,Paid,40779
806,806,COD,Paid,52057
807,807,Debit Card,Paid,43229
808,808,UPI,Paid,50176
809,809,Credit Card,Paid,54740
810,810,Credit Card,Paid,30264
811,811,Credit Card,Paid,55654
812,812,Credit Card,Paid,3748
813,813,Net Banking,Paid,27357
814,814,Credit Card,Paid,61858
815,815,COD,Paid,25431
816,816,Debit Card,Paid,75451
817,817,UPI,Paid,23566
818,818,Debit Card,Paid,23650
819,819,COD,Paid,33554
820,820,Debit Card,Paid,42854
821,821,UPI,Paid,7922
822,822,UPI,Paid,2828
823,823,COD,Paid,21059
824,824,Net Banking,Paid,9753
825,825,UPI,Paid,72162
826,826,UPI,Paid,21850
827,827,Debit Card,Paid,58810
828,828,COD,Paid,52341
829,829,UPI,Paid,34684
830,830,UPI,Paid,12159
831,831,Debit Card,Paid,60318
832,832,COD,Paid,14194
833,833,Credit Card,Paid,97675
834,834,Credit Card,Paid,60513
835,835,UPI,Paid,26436
836,836,UPI,Paid,34546
837,837,Net Banking,Paid,69740
838,838,COD,Paid,43295
839,839,Debit Card,Paid,88257
840,840,Net Banking,Paid,15097
841,841,Debit Card,Paid,38801
842,842,Debit Card,Paid,9091
843,843,Credit Card,Paid,49214
844,844,COD,Paid,26359
845,845,UPI,Paid,43035
846,846,Debit Card,Paid,16515
847,847,Credit Card,Paid,40692
848,848,COD,Paid,22649
849,849,Credit Card,Paid,35991
850,850,COD,Paid,22375
851,851,COD,Paid,81610
852,852,Debit Card,Paid,26900
853,853,Net Banking,Paid,22526
854,854,COD,Paid,65161
855,855,Debit Card,Paid,57259
856,856,Net Banking,Paid,43834
857,857,COD,Paid,17005
858,858,COD,Paid,24789
859,859,Credit Card,Paid,29330
860,860,UPI,Paid,30998
861,861,Credit Card,Paid,23659
862,862,Net Banking,Paid,41210
863,863,UPI,Paid,11637
864,864,COD,Paid,44714
865,865,COD,Paid,41262
866,866,COD,Paid,32606
867,867,COD,Paid,6446
868,868,Debit Card,Paid,30533
869,869,COD,Paid,77648
870,870,Net Banking,Paid,22082
871,871,Debit Card,Paid,2185
872,872,UPI,Paid,80450
873,873,Net Banking,Paid,3646
874,874,Net Banking,Paid,55136
875,875,Debit Card,Paid,15776
876,876,Credit Card,Paid,23235
877,877,Debit Card,Paid,22207
878,878,COD,Paid,6742
879,879,COD,Paid,17733
880,880,Credit Card,Paid,45158
881,881,Net Banking,Paid,42442
882,882,COD,Paid,67753
883,883,Debit Card,Paid,31139
884,884,UPI,Paid,27686
885,885,Debit Card,Paid,15190
886,886,Debit Card,Paid,32773
887,887,UPI,Paid,32743
888,888,UPI,Paid,52894
889,889,Credit Card,Paid,7797
890,890,UPI,Paid,61485
891,891,UPI,Paid,45881
892,892,COD,Paid,48404
893,893,Credit Card,Paid,20140
894,894,Net Banking,Paid,1215
895,895,Net Banking,Paid,41682
896,896,Net Banking,Paid,58733
897,897,UPI,Paid,23418
898,898,UPI,Paid,34040
899,899,Net Banking,Paid,6291
900,900,Debit Card,Paid,60831
901,901,Credit Card,Paid,64870
902,902,UPI,Paid,66628
903,903,COD,Paid,21922
904,904,COD,Paid,60297
905,905,COD,Paid,22442
906,906,COD,Paid,79361
907,907,Debit Card,Paid,10151
908,908,Credit Card,Paid,26961
909,909,UPI,Paid,72379
910,910,COD,Paid,49177
911,911,Net Banking,Paid,32079
912,912,UPI,Paid,46172
913,913,Credit Card,Paid,54069
914,914,Net Banking,Paid,73810
915,915,UPI,Paid,74510
916,916,COD,Paid,73126
917,917,Net Banking,Paid,38248
918,918,COD,Paid,49106
919,919,COD,Paid,32044
920,920,COD,Paid,43210
921,921,Debit Card,Paid,76370
922,922,COD,Paid,36388
923,923,Net Banking,Paid,42115
924,924,Credit Card,Paid,21301
925,925,Net Banking,Paid,38189
926,926,Net Banking,Paid,68827
927,927,COD,Paid,67650
928,928,UPI,Paid,35068
929,929,UPI,Paid,64534
930,930,Credit Card,Paid,45402
931,931,Debit Card,Paid,77967
932,932,COD,Paid,29036
933,933,Credit Card,Paid,59047
934,934,Debit Card,Paid,21402
935,935,UPI,Paid,19476
936,936,Net Banking,Paid,8685
937,937,UPI,Paid,19270
938,938,Credit Card,Paid,49148
939,939,Debit Card,Paid,41953
940,940,Credit Card,Paid,2995
941,941,Credit Card,Paid,18210
942,942,Credit Card,Paid,16178
943,943,Debit Card,Paid,8633
944,944,Credit Card,Paid,5428
945,945,Credit Card,Paid,10986
946,946,Net Banking,Paid,55234
947,947,UPI,Paid,61796
948,948,Credit Card,Paid,5386
949,949,Net Banking,Paid,18615
950,950,COD,Paid,66030
951,951,Net Banking,Paid,5400
952,952,Net Banking,Paid,61800
953,953,UPI,Paid,8090
954,954,Net Banking,Paid,27720
955,955,UPI,Paid,9084
956,956,UPI,Paid,33136
957,957,COD,Paid,39882
958,958,Credit Card,Paid,29896
959,959,COD,Paid,50534
960,960,Net Banking,Paid,30315
961,961,COD,Paid,6713
962,962,Net Banking,Paid,18034
963,963,Debit Card,Paid,62342
964,964,Credit Card,Paid,56374
965,965,Debit Card,Paid,36779
966,966,Net Banking,Paid,29796
967,967,UPI,Paid,30319
968,968,UPI,Paid,43508
969,969,Credit Card,Paid,35598
970,970,COD,Paid,52013
971,971,UPI,Paid,58606
972,972,Credit Card,Paid,54344
973,973,UPI,Paid,22576
974,974,Debit Card,Paid,66434
975,975,COD,Paid,78396
976,976,Debit Card,Paid,27357
977,977,COD,Paid,7600
978,978,Credit Card,Paid,55898
979,979,COD,Paid,44732
980,980,Net Banking,Paid,38877
981,981,COD,Paid,10053
982,982,UPI,Paid,17358
983,983,Credit Card,Paid,38445
984,984,Credit Card,Paid,35235
985,985,COD,Paid,68874
986,986,COD,Paid,19875
987,987,Debit Card,Paid,55828
988,988,Debit Card,Paid,13802
989,989,UPI,Paid,12986
990,990,UPI,Paid,26218
991,991,Net Banking,Paid,24926
992,992,UPI,Paid,84798
993,993,Net Banking,Paid,20286
994,994,UPI,Paid,62333
995,995,Credit Card,Paid,6648
996,996,Credit Card,Paid,27338
997,997,Net Banking,Paid,40005
998,998,Credit Card,Paid,65789
999,999,Debit Card,Paid,58309
1000,1000,UPI,Paid,31675
1001,1001,Net Banking,Paid,13588
1002,1002,Credit Card,Paid,16150
1003,1003,Net Banking,Paid,26456
1004,1004,Debit Card,Paid,62463
1005,1005,UPI,Paid,36213
1006,1006,Credit Card,Paid,15611
1007,1007,Debit Card,Paid,36932
1008,1008,COD,Paid,51240
1009,1009,Credit Card,Paid,42384
1010,1010,Credit Card,Paid,42352
1011,1011,Debit Card,Paid,46801
1012,1012,UPI,Paid,37034
1013,1013,UPI,Paid,68524
1014,1014,Credit Card,Paid,37501
1015,1015,Debit Card,Paid,38607
1016,1016,Net Banking,Paid,17408
1017,1017,UPI,Paid,33262
1018,1018,Credit Card,Paid,5268
1019,1019,COD,Paid,46124
1020,1020,UPI,Paid,58621
1021,1021,Credit Card,Paid,24971
1022,1022,Net Banking,Paid,69983
1023,1023,Credit Card,Paid,32308
1024,1024,Net Banking,Paid,10340
1025,1025,Credit Card,Paid,18349
1026,1026,COD,Paid,51511
1027,1027,Net Banking,Paid,32993
1028,1028,Debit Card,Paid,38924
1029,1029,Net Banking,Paid,28330
1030,1030,Credit Card,Paid,51050
1031,1031,COD,Paid,64855
1032,1032,Credit Card,Paid,24130
1033,1033,Debit Card,Paid,27384
1034,1034,UPI,Paid,22541
1035,1035,Credit Card,Paid,72727
1036,1036,Debit Card,Paid,24180
1037,1037,UPI,Paid,24978
1038,1038,Credit Card,Paid,30251
1039,1039,Net Banking,Paid,48122
1040,1040,Net Banking,Paid,60320
1041,1041,Debit Card,Paid,18305
1042,1042,Debit Card,Paid,9306
1043,1043,Net Banking,Paid,46876
1044,1044,UPI,Paid,88552
1045,1045,Credit Card,Paid,46403
1046,1046,COD,Paid,59694
1047,1047,COD,Paid,8956
1048,1048,COD,Paid,71822
1049,1049,UPI,Paid,52064
1050,1050,UPI,Paid,39202
1051,1051,Net Banking,Paid,18056
1052,1052,COD,Paid,27296
1053,1053,Net Banking,Paid,47693
1054,1054,Debit Card,Paid,46657
1055,1055,Net Banking,Paid,56286
1056,1056,UPI,Paid,76913
1057,1057,Credit Card,Paid,3977
1058,1058,Debit Card,Paid,40000
1059,1059,Net Banking,Paid,6307
1060,1060,Debit Card,Paid,19121
1061,1061,COD,Paid,17478
1062,1062,UPI,Paid,40650
1063,1063,Net Banking,Paid,920
1064,1064,Net Banking,Paid,35128
1065,1065,Net Banking,Paid,41155
1066,1066,Net Banking,Paid,45857
1067,1067,Credit Card,Paid,33970
1068,1068,Net Banking,Paid,32784
1069,1069,Debit Card,Paid,33703
1070,1070,Net Banking,Paid,89108
1071,1071,Net Banking,Paid,66706
1072,1072,UPI,Paid,19684
1073,1073,Net Banking,Paid,22945
1074,1074,Credit Card,Paid,56429
1075,1075,UPI,Paid,45550
1076,1076,Net Banking,Paid,72562
1077,1077,Net Banking,Paid,24651
1078,1078,Net Banking,Paid,32967
1079,1079,UPI,Paid,35026
1080,1080,Debit Card,Paid,26647
1081,1081,Net Banking,Paid,7750
1082,1082,COD,Paid,39090
1083,1083,UPI,Paid,61319
1084,1084,Net Banking,Paid,55300
1085,1085,Credit Card,Paid,49128
1086,1086,Debit Card,Paid,73233
1087,1087,Credit Card,Paid,34705
1088,1088,Net Banking,Paid,24236
1089,1089,Credit Card,Paid,26242
1090,1090,COD,Paid,42478
1091,1091,UPI,Paid,47469
1092,1092,UPI,Paid,17973
1093,1093,Debit Card,Paid,30612
1094,1094,Net Banking,Paid,104144
1095,1095,Net Banking,Paid,36776
1096,1096,Credit Card,Paid,31100
1097,1097,Debit Card,Paid,59589
1098,1098,Debit Card,Paid,14910
1099,1099,Net Banking,Paid,69067
1100,1100,Credit Card,Paid,20460
1101,1101,Credit Card,Paid,88564
1102,1102,Debit Card,Paid,17911
1103,1103,Net Banking,Paid,3457
1104,1104,COD,Paid,8827
1105,1105,COD,Paid,43714
1106,1106,UPI,Paid,39286
1107,1107,Debit Card,Paid,66110
1108,1108,Credit Card,Paid,67637
1109,1109,UPI,Paid,21083
1110,1110,Net Banking,Paid,5973
1111,1111,Net Banking,Paid,78267
1112,1112,Credit Card,Paid,76141
1113,1113,Debit Card,Paid,60758
1114,1114,Debit Card,Paid,60923
1115,1115,Credit Card,Paid,14892
1116,1116,Debit Card,Paid,25804
1117,1117,Credit Card,Paid,74619
1118,1118,UPI,Paid,36200
1119,1119,Net Banking,Paid,31614
1120,1120,UPI,Paid,36707
1121,1121,Debit Card,Paid,67401
1122,1122,Credit Card,Paid,22555
1123,1123,Credit Card,Paid,31279
1124,1124,COD,Paid,59382
1125,1125,COD,Paid,34109
1126,1126,UPI,Paid,74480
1127,1127,Net Banking,Paid,12117
1128,1128,Credit Card,Paid,64340
1129,1129,Credit Card,Paid,65357
1130,1130,Credit Card,Paid,27678
1131,1131,UPI,Paid,60670
1132,1132,Credit Card,Paid,77064
1133,1133,Net Banking,Paid,18810
1134,1134,Debit Card,Paid,18728
1135,1135,COD,Paid,36712
1136,1136,COD,Paid,45605
1137,1137,UPI,Paid,13752
1138,1138,COD,Paid,10334
1139,1139,Net Banking,Paid,45134
1140,1140,Debit Card,Paid,3666
1141,1141,Credit Card,Paid,51132
1142,1142,Credit Card,Paid,16815
1143,1143,UPI,Paid,1560
1144,1144,Credit Card,Paid,100541
1145,1145,Net Banking,Paid,10158
1146,1146,Net Banking,Paid,28890
1147,1147,UPI,Paid,72872
1148,1148,COD,Paid,66672
1149,1149,Net Banking,Paid,67487
1150,1150,Debit Card,Paid,17583
1151,1151,Credit Card,Paid,40954
1152,1152,Net Banking,Paid,87036
1153,1153,Debit Card,Paid,17276
1154,1154,Net Banking,Paid,57113
1155,1155,UPI,Paid,23942
1156,1156,UPI,Paid,34216
1157,1157,UPI,Paid,57176
1158,1158,Debit Card,Paid,91454
1159,1159,UPI,Paid,61117
1160,1160,Debit Card,Paid,31154
1161,1161,Credit Card,Paid,24416
1162,1162,Debit Card,Paid,72689
1163,1163,COD,Paid,4522
1164,1164,COD,Paid,44259
1165,1165,Debit Card,Paid,55579
1166,1166,Debit Card,Paid,9079
1167,1167,COD,Paid,13050
1168,1168,Debit Card,Paid,47585
1169,1169,Net Banking,Paid,37060
1170,1170,COD,Paid,62971
1171,1171,UPI,Paid,76185
1172,1172,UPI,Paid,39476
1173,1173,COD,Paid,75525
1174,1174,Debit Card,Paid,49084
1175,1175,UPI,Paid,9496
1176,1176,Credit Card,Paid,51448
1177,1177,UPI,Paid,41274
1178,1178,COD,Paid,31086
1179,1179,Credit Card,Paid,15469
1180,1180,Credit Card,Paid,65330
1181,1181,Net Banking,Paid,34906
1182,1182,Debit Card,Paid,33952
1183,1183,COD,Paid,20622
1184,1184,Net Banking,Paid,45630
1185,1185,Net Banking,Paid,18162
1186,1186,UPI,Paid,15236
1187,1187,Credit Card,Paid,45288
1188,1188,Net Banking,Paid,15892
1189,1189,Credit Card,Paid,59008
1190,1190,Credit Card,Paid,52648
1191,1191,UPI,Paid,10050
1192,1192,Net Banking,Paid,62840
1193,1193,Debit Card,Paid,32438
1194,1194,Credit Card,Paid,66112
1195,1195,Debit Card,Paid,38566
1196,1196,UPI,Paid,31420
1197,1197,COD,Paid,33097
1198,1198,COD,Paid,19012
1199,1199,Debit Card,Paid,16036
1200,1200,Credit Card,Paid,54101
1201,1201,Credit Card,Paid,34506
1202,1202,COD,Paid,51156
1203,1203,Credit Card,Paid,31081
1204,1204,UPI,Paid,66802
1205,1205,UPI,Paid,50380
1206,1206,COD,Paid,17645
1207,1207,UPI,Paid,26056
1208,1208,Credit Card,Paid,42670
1209,1209,COD,Paid,44712
1210,1210,Net Banking,Paid,18117
1211,1211,UPI,Paid,7627
1212,1212,COD,Paid,3234
1213,1213,Debit Card,Paid,47057
1214,1214,COD,Paid,22362
1215,1215,UPI,Paid,40135
1216,1216,Credit Card,Paid,13796
1217,1217,Credit Card,Paid,10389
1218,1218,Debit Card,Paid,11684
1219,1219,Net Banking,Paid,45362
1220,1220,Credit Card,Paid,12643
1221,1221,COD,Paid,8904
1222,1222,Credit Card,Paid,14716
1223,1223,Credit Card,Paid,15784
1224,1224,Debit Card,Paid,1908
1225,1225,COD,Paid,20520
1226,1226,COD,Paid,56336
1227,1227,UPI,Paid,6822
1228,1228,Credit Card,Paid,63318
1229,1229,UPI,Paid,84928
1230,1230,Debit Card,Paid,58602
1231,1231,Credit Card,Paid,95306
1232,1232,Credit Card,Paid,75768
1233,1233,COD,Paid,13940
1234,1234,Debit Card,Paid,12319
1235,1235,Debit Card,Paid,51621
1236,1236,Credit Card,Paid,8944
1237,1237,Credit Card,Paid,52124
1238,1238,COD,Paid,37928
1239,1239,Debit Card,Paid,70542
1240,1240,UPI,Paid,26268
1241,1241,COD,Paid,61598
1242,1242,Credit Card,Paid,119570
1243,1243,Debit Card,Paid,5232
1244,1244,COD,Paid,37901
1245,1245,UPI,Paid,43170
1246,1246,Debit Card,Paid,13987
1247,1247,COD,Paid,69578
1248,1248,UPI,Paid,72783
1249,1249,UPI,Paid,41933
1250,1250,UPI,Paid,66556
1251,1251,Credit Card,Paid,99243
1252,1252,Net Banking,Paid,28992
1253,1253,COD,Paid,37239
1254,1254,Debit Card,Paid,36688
1255,1255,UPI,Paid,35492
1256,1256,COD,Paid,2042
1257,1257,UPI,Paid,63746
1258,1258,Net Banking,Paid,22930
1259,1259,COD,Paid,40472
1260,1260,Net Banking,Paid,33825
1261,1261,Credit Card,Paid,30687
1262,1262,Debit Card,Paid,5757
1263,1263,UPI,Paid,63208
1264,1264,Credit Card,Paid,39523
1265,1265,Debit Card,Paid,17495
1266,1266,COD,Paid,14135
1267,1267,Net Banking,Paid,46116
1268,1268,Credit Card,Paid,53755
1269,1269,Credit Card,Paid,80844
1270,1270,COD,Paid,48889
1271,1271,Credit Card,Paid,25190
1272,1272,Debit Card,Paid,5905
1273,1273,Debit Card,Paid,50100
1274,1274,Debit Card,Paid,47630
1275,1275,Credit Card,Paid,8530
1276,1276,Debit Card,Paid,15921
1277,1277,Credit Card,Paid,33552
1278,1278,UPI,Paid,37457
1279,1279,UPI,Paid,63167
1280,1280,COD,Paid,33005
1281,1281,COD,Paid,61352
1282,1282,Debit Card,Paid,17924
1283,1283,COD,Paid,49211
1284,1284,Debit Card,Paid,26314
1285,1285,COD,Paid,72030
1286,1286,Credit Card,Paid,45919
1287,1287,UPI,Paid,16820
1288,1288,Net Banking,Paid,72132
1289,1289,Debit Card,Paid,87968
1290,1290,UPI,Paid,39213
1291,1291,UPI,Paid,24585
1292,1292,COD,Paid,14215
1293,1293,Credit Card,Paid,63507
1294,1294,COD,Paid,24417
1295,1295,Debit Card,Paid,50615
1296,1296,UPI,Paid,31990
1297,1297,UPI,Paid,34223
1298,1298,Credit Card,Paid,35210
1299,1299,UPI,Paid,3108
1300,1300,Credit Card,Paid,63838
1301,1301,COD,Paid,40028
1302,1302,Net Banking,Paid,27968
1303,1303,UPI,Paid,19682
1304,1304,Debit Card,Paid,49942
1305,1305,Net Banking,Paid,34259
1306,1306,UPI,Paid,82302
1307,1307,Net Banking,Paid,43156
1308,1308,Debit Card,Paid,8022
1309,1309,Credit Card,Paid,26200
1310,1310,Debit Card,Paid,16777
1311,1311,Net Banking,Paid,45834
1312,1312,Net Banking,Paid,3890
1313,1313,Net Banking,Paid,54774
1314,1314,UPI,Paid,12855
1315,1315,Net Banking,Paid,63021
1316,1316,Credit Card,Paid,3264
1317,1317,Net Banking,Paid,83872
1318,1318,Net Banking,Paid,5121
1319,1319,Credit Card,Paid,29714
1320,1320,UPI,Paid,46892
1321,1321,Credit Card,Paid,58176
1322,1322,COD,Paid,22327
1323,1323,Net Banking,Paid,5939
1324,1324,Net Banking,Paid,17821
1325,1325,Net Banking,Paid,1116
1326,1326,Credit Card,Paid,24179
1327,1327,Debit Card,Paid,1188
1328,1328,COD,Paid,39280
1329,1329,Credit Card,Paid,16884
1330,1330,Net Banking,Paid,9741
1331,1331,Debit Card,Paid,58186
1332,1332,Net Banking,Paid,69806
1333,1333,Debit Card,Paid,16590
1334,1334,Net Banking,Paid,54399
1335,1335,Credit Card,Paid,27864
1336,1336,COD,Paid,33039
1337,1337,COD,Paid,12449
1338,1338,Credit Card,Paid,77401
1339,1339,Debit Card,Paid,39778
1340,1340,UPI,Paid,25314
1341,1341,Net Banking,Paid,83010
1342,1342,Debit Card,Paid,12023
1343,1343,Credit Card,Paid,55068
1344,1344,Debit Card,Paid,35109
1345,1345,Debit Card,Paid,16040
1346,1346,COD,Paid,1746
1347,1347,Debit Card,Paid,90508
1348,1348,Debit Card,Paid,79664
1349,1349,Debit Card,Paid,57022
1350,1350,UPI,Paid,27926
1351,1351,Debit Card,Paid,47768
1352,1352,UPI,Paid,79526
1353,1353,Debit Card,Paid,47924
1354,1354,Debit Card,Paid,29898
1355,1355,COD,Paid,66874
1356,1356,Credit Card,Paid,4974
1357,1357,Net Banking,Paid,14374
1358,1358,Credit Card,Paid,13284
1359,1359,UPI,Paid,94350
1360,1360,Credit Card,Paid,12668
1361,1361,Credit Card,Paid,49909
1362,1362,Credit Card,Paid,52253
1363,1363,Credit Card,Paid,20668
1364,1364,UPI,Paid,2275
1365,1365,Net Banking,Paid,13847
1366,1366,Net Banking,Paid,22884
1367,1367,Debit Card,Paid,19041
1368,1368,Credit Card,Paid,55465
1369,1369,Net Banking,Paid,46902
1370,1370,COD,Paid,36436
1371,1371,UPI,Paid,54446
1372,1372,COD,Paid,78159
1373,1373,UPI,Paid,36092
1374,1374,COD,Paid,13701
1375,1375,UPI,Paid,1711
1376,1376,Credit Card,Paid,25446
1377,1377,Debit Card,Paid,58834
1378,1378,Net Banking,Paid,54791
1379,1379,Debit Card,Paid,9575
1380,1380,COD,Paid,63436
1381,1381,COD,Paid,47774
1382,1382,Credit Card,Paid,35000
1383,1383,UPI,Paid,44628
1384,1384,Credit Card,Paid,25620
1385,1385,Credit Card,Paid,46237
1386,1386,UPI,Paid,57875
1387,1387,COD,Paid,2944
1388,1388,COD,Paid,22706
1389,1389,Net Banking,Paid,7618
1390,1390,Net Banking,Paid,22391
1391,1391,UPI,Paid,32695
1392,1392,Net Banking,Paid,4772
1393,1393,Net Banking,Paid,23066
1394,1394,Credit Card,Paid,55593
1395,1395,Net Banking,Paid,15464
1396,1396,COD,Paid,48929
1397,1397,Net Banking,Paid,8605
1398,1398,UPI,Paid,39961
1399,1399,COD,Paid,12098
1400,1400,Credit Card,Paid,41936
1401,1401,UPI,Paid,62680
1402,1402,UPI,Paid,53716
1403,1403,Net Banking,Paid,73942
1404,1404,Net Banking,Paid,18266
1405,1405,Debit Card,Paid,63129
1406,1406,COD,Paid,62416
1407,1407,UPI,Paid,22478
1408,1408,UPI,Paid,71561
1409,1409,Credit Card,Paid,40724
1410,1410,COD,Paid,5767
1411,1411,Credit Card,Paid,53648
1412,1412,Net Banking,Paid,32855
1413,1413,Debit Card,Paid,23268
1414,1414,Net Banking,Paid,58211
1415,1415,Net Banking,Paid,22212
1416,1416,UPI,Paid,57264
1417,1417,Debit Card,Paid,87597
1418,1418,Debit Card,Paid,27246
1419,1419,COD,Paid,74802
1420,1420,Net Banking,Paid,6564
1421,1421,Net Banking,Paid,16385
1422,1422,UPI,Paid,28654
1423,1423,COD,Paid,35164
1424,1424,UPI,Paid,27502
1425,1425,Net Banking,Paid,66024
1426,1426,COD,Paid,71084
1427,1427,Net Banking,Paid,70528
1428,1428,Debit Card,Paid,24571
1429,1429,Net Banking,Paid,93489
1430,1430,Net Banking,Paid,31549
1431,1431,Debit Card,Paid,53432
1432,1432,COD,Paid,73072
1433,1433,UPI,Paid,10566
1434,1434,Net Banking,Paid,47772
1435,1435,Debit Card,Paid,73088
1436,1436,Debit Card,Paid,22096
1437,1437,UPI,Paid,15968
1438,1438,Credit Card,Paid,52612
1439,1439,Debit Card,Paid,21882
1440,1440,UPI,Paid,24113
1441,1441,COD,Paid,38026
1442,1442,Debit Card,Paid,88696
1443,1443,UPI,Paid,9386
1444,1444,COD,Paid,54743
1445,1445,Credit Card,Paid,10353
1446,1446,Net Banking,Paid,84230
1447,1447,COD,Paid,21142
1448,1448,Credit Card,Paid,34474
1449,1449,Credit Card,Paid,84882
1450,1450,COD,Paid,24573
1451,1451,UPI,Paid,45724
1452,1452,Debit Card,Paid,51636
1453,1453,UPI,Paid,10174
1454,1454,Debit Card,Paid,45306
1455,1455,UPI,Paid,112992
1456,1456,Net Banking,Paid,45138
1457,1457,COD,Paid,3006
1458,1458,Net Banking,Paid,44668
1459,1459,Debit Card,Paid,85015
1460,1460,UPI,Paid,28948
1461,1461,Debit Card,Paid,15694
1462,1462,Credit Card,Paid,16873
1463,1463,UPI,Paid,60645
1464,1464,Credit Card,Paid,53830
1465,1465,Credit Card,Paid,14616
1466,1466,UPI,Paid,32294
1467,1467,UPI,Paid,14540
1468,1468,Credit Card,Paid,36884
1469,1469,COD,Paid,11607
1470,1470,UPI,Paid,47770
1471,1471,Debit Card,Paid,27462
1472,1472,UPI,Paid,1213
1473,1473,UPI,Paid,11938
1474,1474,UPI,Paid,40440
1475,1475,COD,Paid,20426
1476,1476,COD,Paid,47691
1477,1477,UPI,Paid,99062
1478,1478,Debit Card,Paid,59555
1479,1479,Debit Card,Paid,73468
1480,1480,COD,Paid,15065
1481,1481,Net Banking,Paid,58565
1482,1482,UPI,Paid,26462
1483,1483,Debit Card,Paid,22434
1484,1484,COD,Paid,19287
1485,1485,Credit Card,Paid,14590
1486,1486,Credit Card,Paid,52330
1487,1487,Debit Card,Paid,16620
1488,1488,COD,Paid,5418
1489,1489,Credit Card,Paid,12913
1490,1490,Debit Card,Paid,13134
1491,1491,Net Banking,Paid,86729
1492,1492,UPI,Paid,69332
1493,1493,Net Banking,Paid,18581
1494,1494,Debit Card,Paid,6655
1495,1495,COD,Paid,9506
1496,1496,Credit Card,Paid,10029
1497,1497,Credit Card,Paid,65749
1498,1498,UPI,Paid,63389
1499,1499,Debit Card,Paid,13932
1500,1500,UPI,Paid,66833
1501,1501,COD,Paid,4862
1502,1502,Debit Card,Paid,28974
1503,1503,Debit Card,Paid,62928
1504,1504,COD,Paid,34160
1505,1505,Debit Card,Paid,66287
1506,1506,Net Banking,Paid,43861
1507,1507,COD,Paid,44975
1508,1508,Net Banking,Paid,29653
1509,1509,Credit Card,Paid,10032
1510,1510,COD,Paid,19175
1511,1511,Net Banking,Paid,36261
1512,1512,Debit Card,Paid,19586
1513,1513,COD,Paid,63515
1514,1514,COD,Paid,65116
1515,1515,Net Banking,Paid,34380
1516,1516,UPI,Paid,103446
1517,1517,UPI,Paid,10094
1518,1518,UPI,Paid,53926
1519,1519,Net Banking,Paid,43714
1520,1520,Credit Card,Paid,48627
1521,1521,Credit Card,Paid,47253
1522,1522,Credit Card,Paid,61338
1523,1523,Debit Card,Paid,52348
1524,1524,COD,Paid,30068
1525,1525,UPI,Paid,8738
1526,1526,Net Banking,Paid,22332
1527,1527,COD,Paid,7796
1528,1528,Debit Card,Paid,41874
1529,1529,Credit Card,Paid,6622
1530,1530,Net Banking,Paid,51511
1531,1531,Net Banking,Paid,20959
1532,1532,Credit Card,Paid,7274
1533,1533,Credit Card,Paid,9466
1534,1534,UPI,Paid,26739
1535,1535,Credit Card,Paid,46209
1536,1536,Debit Card,Paid,22542
1537,1537,COD,Paid,41164
1538,1538,Credit Card,Paid,110744
1539,1539,COD,Paid,49190
1540,1540,COD,Paid,87796
1541,1541,Credit Card,Paid,68876
1542,1542,UPI,Paid,55084
1543,1543,Net Banking,Paid,5949
1544,1544,UPI,Paid,24683
1545,1545,COD,Paid,56240
1546,1546,COD,Paid,11856
1547,1547,COD,Paid,45524
1548,1548,UPI,Paid,56413
1549,1549,Debit Card,Paid,44444
1550,1550,Net Banking,Paid,38554
1551,1551,COD,Paid,23990
1552,1552,UPI,Paid,77484
1553,1553,COD,Paid,58348
1554,1554,Net Banking,Paid,17040
1555,1555,Net Banking,Paid,52004
1556,1556,Debit Card,Paid,70662
1557,1557,UPI,Paid,52398
1558,1558,COD,Paid,59907
1559,1559,Net Banking,Paid,2976
1560,1560,Net Banking,Paid,55792
1561,1561,UPI,Paid,86384
1562,1562,Debit Card,Paid,27565
1563,1563,COD,Paid,53250
1564,1564,Credit Card,Paid,18551
1565,1565,Credit Card,Paid,21449
1566,1566,COD,Paid,59000
1567,1567,Net Banking,Paid,30466
1568,1568,COD,Paid,68230
1569,1569,Net Banking,Paid,42086
1570,1570,Net Banking,Paid,43650
1571,1571,Net Banking,Paid,78421
1572,1572,Credit Card,Paid,31331
1573,1573,Net Banking,Paid,54758
1574,1574,Credit Card,Paid,53348
1575,1575,UPI,Paid,50835
1576,1576,UPI,Paid,49176
1577,1577,COD,Paid,43712
1578,1578,Net Banking,Paid,35316
1579,1579,UPI,Paid,36004
1580,1580,Debit Card,Paid,4598
1581,1581,Debit Card,Paid,12978
1582,1582,Credit Card,Paid,56452
1583,1583,Credit Card,Paid,10761
1584,1584,Net Banking,Paid,47191
1585,1585,Net Banking,Paid,28396
1586,1586,Credit Card,Paid,73757
1587,1587,Net Banking,Paid,73986
1588,1588,UPI,Paid,64860
1589,1589,Debit Card,Paid,48843
1590,1590,Net Banking,Paid,109922
1591,1591,Net Banking,Paid,64694
1592,1592,COD,Paid,91144
1593,1593,Credit Card,Paid,39393
1594,1594,Credit Card,Paid,50619
1595,1595,COD,Paid,54790
1596,1596,Net Banking,Paid,17561
1597,1597,UPI,Paid,47356
1598,1598,Credit Card,Paid,5420
1599,1599,Credit Card,Paid,53471
1600,1600,Net Banking,Paid,30154
1601,1601,Credit Card,Paid,43011
1602,1602,Debit Card,Paid,32604
1603,1603,Debit Card,Paid,15263
1604,1604,COD,Paid,55898
1605,1605,Net Banking,Paid,10134
1606,1606,Debit Card,Paid,55430
1607,1607,Debit Card,Paid,18464
1608,1608,COD,Paid,63288
1609,1609,Debit Card,Paid,109328
1610,1610,UPI,Paid,26676
1611,1611,Credit Card,Paid,25101
1612,1612,UPI,Paid,1831
1613,1613,COD,Paid,50711
1614,1614,COD,Paid,30634
1615,1615,Debit Card,Paid,61011
1616,1616,Net Banking,Paid,75210
1617,1617,Debit Card,Paid,23542
1618,1618,Net Banking,Paid,77645
1619,1619,UPI,Paid,34465
1620,1620,Credit Card,Paid,28593
1621,1621,Net Banking,Paid,1884
1622,1622,UPI,Paid,55556
1623,1623,COD,Paid,4736
1624,1624,COD,Paid,91886
1625,1625,Net Banking,Paid,57617
1626,1626,COD,Paid,28918
1627,1627,COD,Paid,25508
1628,1628,Net Banking,Paid,36744
1629,1629,UPI,Paid,67376
1630,1630,Credit Card,Paid,18477
1631,1631,UPI,Paid,43756
1632,1632,Credit Card,Paid,11659
1633,1633,UPI,Paid,16806
1634,1634,Net Banking,Paid,9654
1635,1635,UPI,Paid,6844
1636,1636,Net Banking,Paid,25772
1637,1637,Net Banking,Paid,48826
1638,1638,Credit Card,Paid,25470
1639,1639,Credit Card,Paid,2184
1640,1640,Credit Card,Paid,53212
1641,1641,UPI,Paid,45818
1642,1642,COD,Paid,37492
1643,1643,UPI,Paid,49844
1644,1644,Debit Card,Paid,9626
1645,1645,COD,Paid,75324
1646,1646,Credit Card,Paid,20801
1647,1647,Credit Card,Paid,37145
1648,1648,Net Banking,Paid,75021
1649,1649,Debit Card,Paid,15216
1650,1650,COD,Paid,75986
1651,1651,UPI,Paid,9750
1652,1652,Debit Card,Paid,28130
1653,1653,Credit Card,Paid,10973
1654,1654,UPI,Paid,30358
1655,1655,Credit Card,Paid,36058
1656,1656,Debit Card,Paid,43996
1657,1657,UPI,Paid,23899
1658,1658,Net Banking,Paid,7002
1659,1659,Debit Card,Paid,31094
1660,1660,Debit Card,Paid,20049
1661,1661,UPI,Paid,104658
1662,1662,COD,Paid,960
1663,1663,UPI,Paid,22773
1664,1664,UPI,Paid,16385
1665,1665,Net Banking,Paid,49748
1666,1666,UPI,Paid,24473
1667,1667,UPI,Paid,33544
1668,1668,Net Banking,Paid,34554
1669,1669,Net Banking,Paid,27670
1670,1670,COD,Paid,61067
1671,1671,Credit Card,Paid,8790
1672,1672,UPI,Paid,67056
1673,1673,COD,Paid,33459
1674,1674,COD,Paid,64166
1675,1675,UPI,Paid,88395
1676,1676,Credit Card,Paid,47642
1677,1677,Debit Card,Paid,32280
1678,1678,COD,Paid,16134
1679,1679,Credit Card,Paid,4106
1680,1680,Net Banking,Paid,47158
1681,1681,COD,Paid,66881
1682,1682,UPI,Paid,17669
1683,1683,Credit Card,Paid,92387
1684,1684,Debit Card,Paid,42888
1685,1685,Net Banking,Paid,21711
1686,1686,Credit Card,Paid,62458
1687,1687,Credit Card,Paid,8520
1688,1688,COD,Paid,45610
1689,1689,Credit Card,Paid,65668
1690,1690,Credit Card,Paid,5898
1691,1691,UPI,Paid,16044
1692,1692,Net Banking,Paid,38902
1693,1693,COD,Paid,27437
1694,1694,COD,Paid,25032
1695,1695,COD,Paid,38364
1696,1696,Net Banking,Paid,50518
1697,1697,Debit Card,Paid,36199
1698,1698,Debit Card,Paid,11122
1699,1699,Credit Card,Paid,10814
1700,1700,Credit Card,Paid,8453
1701,1701,Credit Card,Paid,32116
1702,1702,UPI,Paid,43352
1703,1703,Debit Card,Paid,31692
1704,1704,COD,Paid,39611
1705,1705,Credit Card,Paid,60374
1706,1706,COD,Paid,26982
1707,1707,Debit Card,Paid,44517
1708,1708,UPI,Paid,32342
1709,1709,COD,Paid,84571
1710,1710,UPI,Paid,48908
1711,1711,Net Banking,Paid,87067
1712,1712,Debit Card,Paid,49085
1713,1713,COD,Paid,44830
1714,1714,UPI,Paid,70640
1715,1715,Credit Card,Paid,37567
1716,1716,Debit Card,Paid,38208
1717,1717,Net Banking,Paid,33152
1718,1718,COD,Paid,17228
1719,1719,COD,Paid,36537
1720,1720,Net Banking,Paid,12910
1721,1721,Net Banking,Paid,8636
1722,1722,UPI,Paid,50862
1723,1723,Net Banking,Paid,30360
1724,1724,COD,Paid,32836
1725,1725,UPI,Paid,52035
1726,1726,Credit Card,Paid,28554
1727,1727,Debit Card,Paid,13468
1728,1728,Net Banking,Paid,10215
1729,1729,Net Banking,Paid,53558
1730,1730,Net Banking,Paid,7996
1731,1731,Debit Card,Paid,38443
1732,1732,Debit Card,Paid,44794
1733,1733,UPI,Paid,27696
1734,1734,Credit Card,Paid,54187
1735,1735,UPI,Paid,21146
1736,1736,UPI,Paid,60627
1737,1737,Debit Card,Paid,49242
1738,1738,Net Banking,Paid,59623
1739,1739,Net Banking,Paid,53781
1740,1740,Credit Card,Paid,22227
1741,1741,Debit Card,Paid,16172
1742,1742,Credit Card,Paid,56310
1743,1743,Credit Card,Paid,58559
1744,1744,Credit Card,Paid,14190
1745,1745,UPI,Paid,32158
1746,1746,UPI,Paid,19874
1747,1747,Debit Card,Paid,51071
1748,1748,COD,Paid,23129
1749,1749,COD,Paid,33910
1750,1750,Credit Card,Paid,32332
1751,1751,Credit Card,Paid,41230
1752,1752,Debit Card,Paid,77190
1753,1753,UPI,Paid,54868
1754,1754,Net Banking,Paid,123786
1755,1755,Credit Card,Paid,52180
1756,1756,Net Banking,Paid,58610
1757,1757,Debit Card,Paid,37098
1758,1758,Debit Card,Paid,27363
1759,1759,Credit Card,Paid,39624
1760,1760,COD,Paid,38782
1761,1761,Debit Card,Paid,3934
1762,1762,Net Banking,Paid,29322
1763,1763,Debit Card,Paid,11725
1764,1764,Debit Card,Paid,6072
1765,1765,COD,Paid,49042
1766,1766,UPI,Paid,29564
1767,1767,Credit Card,Paid,50182
1768,1768,Net Banking,Paid,63220
1769,1769,UPI,Paid,22326
1770,1770,COD,Paid,31156
1771,1771,Credit Card,Paid,58434
1772,1772,Net Banking,Paid,72205
1773,1773,Debit Card,Paid,58977
1774,1774,Credit Card,Paid,52356
1775,1775,Debit Card,Paid,37258
1776,1776,UPI,Paid,39656
1777,1777,Credit Card,Paid,31957
1778,1778,Credit Card,Paid,4400
1779,1779,Credit Card,Paid,52276
1780,1780,UPI,Paid,42382
1781,1781,COD,Paid,26358
1782,1782,Net Banking,Paid,58307
1783,1783,UPI,Paid,28983
1784,1784,Debit Card,Paid,84862
1785,1785,UPI,Paid,112276
1786,1786,Net Banking,Paid,38951
1787,1787,COD,Paid,81679
1788,1788,Credit Card,Paid,44564
1789,1789,Credit Card,Paid,58535
1790,1790,COD,Paid,38849
1791,1791,Debit Card,Paid,33196
1792,1792,COD,Paid,3270
1793,1793,UPI,Paid,79393
1794,1794,Credit Card,Paid,14886
1795,1795,UPI,Paid,43910
1796,1796,UPI,Paid,46235
1797,1797,Debit Card,Paid,15267
1798,1798,Credit Card,Paid,88990
1799,1799,Net Banking,Paid,51578
1800,1800,COD,Paid,80226
1801,1801,COD,Paid,52274
1802,1802,Net Banking,Paid,69180
1803,1803,COD,Paid,62116
1804,1804,Debit Card,Paid,41173
1805,1805,UPI,Paid,56205
1806,1806,COD,Paid,33664
1807,1807,Net Banking,Paid,2585
1808,1808,UPI,Paid,24293
1809,1809,COD,Paid,57698
1810,1810,Net Banking,Paid,12538
1811,1811,Net Banking,Paid,39345
1812,1812,Net Banking,Paid,81420
1813,1813,Net Banking,Paid,16887
1814,1814,Net Banking,Paid,59972
1815,1815,Credit Card,Paid,37789
1816,1816,Debit Card,Paid,44761
1817,1817,Net Banking,Paid,60006
1818,1818,COD,Paid,35309
1819,1819,Debit Card,Paid,78842
1820,1820,UPI,Paid,14954
1821,1821,Credit Card,Paid,62550
1822,1822,Credit Card,Paid,65871
1823,1823,Net Banking,Paid,11043
1824,1824,UPI,Paid,32873
1825,1825,Net Banking,Paid,9988
1826,1826,Net Banking,Paid,52948
1827,1827,UPI,Paid,16258
1828,1828,UPI,Paid,73542
1829,1829,Net Banking,Paid,36713
1830,1830,COD,Paid,6925
1831,1831,Net Banking,Paid,60392
1832,1832,UPI,Paid,49372
1833,1833,Debit Card,Paid,40780
1834,1834,Net Banking,Paid,77164
1835,1835,Net Banking,Paid,30136
1836,1836,Credit Card,Paid,53292
1837,1837,Credit Card,Paid,43833
1838,1838,Debit Card,Paid,27342
1839,1839,UPI,Paid,77831
1840,1840,COD,Paid,18817
1841,1841,Net Banking,Paid,32261
1842,1842,UPI,Paid,48368
1843,1843,UPI,Paid,44534
1844,1844,COD,Paid,65381
1845,1845,Net Banking,Paid,39855
1846,1846,Credit Card,Paid,20664
1847,1847,COD,Paid,30734
1848,1848,Net Banking,Paid,32541
1849,1849,Debit Card,Paid,92098
1850,1850,COD,Paid,13356
1851,1851,COD,Paid,15562
1852,1852,Debit Card,Paid,2634
1853,1853,Net Banking,Paid,15407
1854,1854,Net Banking,Paid,71266
1855,1855,Net Banking,Paid,13493
1856,1856,UPI,Paid,39728
1857,1857,COD,Paid,13079
1858,1858,Debit Card,Paid,70350
1859,1859,COD,Paid,27842
1860,1860,COD,Paid,33478
1861,1861,COD,Paid,83712
1862,1862,UPI,Paid,88868
1863,1863,Credit Card,Paid,25160
1864,1864,Credit Card,Paid,37214
1865,1865,Debit Card,Paid,27478
1866,1866,COD,Paid,53560
1867,1867,COD,Paid,49949
1868,1868,COD,Paid,4338
1869,1869,Debit Card,Paid,48602
1870,1870,UPI,Paid,68921
1871,1871,Credit Card,Paid,46524
1872,1872,Net Banking,Paid,55638
1873,1873,Debit Card,Paid,57600
1874,1874,Debit Card,Paid,29975
1875,1875,Debit Card,Paid,68454
1876,1876,UPI,Paid,38606
1877,1877,COD,Paid,68124
1878,1878,UPI,Paid,49176
1879,1879,Credit Card,Paid,22006
1880,1880,Credit Card,Paid,41574
1881,1881,UPI,Paid,49273
1882,1882,Debit Card,Paid,63708
1883,1883,UPI,Paid,12864
1884,1884,Net Banking,Paid,14578
1885,1885,Net Banking,Paid,41618
1886,1886,Debit Card,Paid,12700
1887,1887,UPI,Paid,15949
1888,1888,COD,Paid,16285
1889,1889,Net Banking,Paid,78140
1890,1890,Credit Card,Paid,34206
1891,1891,UPI,Paid,31410
1892,1892,UPI,Paid,55532
1893,1893,COD,Paid,27324
1894,1894,Credit Card,Paid,52479
1895,1895,Credit Card,Paid,90560
1896,1896,Net Banking,Paid,45498
1897,1897,Credit Card,Paid,40020
1898,1898,Debit Card,Paid,20732
1899,1899,UPI,Paid,69484
1900,1900,Debit Card,Paid,21994
1901,1901,Debit Card,Paid,24274
1902,1902,Net Banking,Paid,6394
1903,1903,COD,Paid,15109
1904,1904,UPI,Paid,49222
1905,1905,Net Banking,Paid,38405
1906,1906,COD,Paid,36664
1907,1907,UPI,Paid,44122
1908,1908,Debit Card,Paid,20043
1909,1909,UPI,Paid,45066
1910,1910,Net Banking,Paid,69780
1911,1911,Debit Card,Paid,47833
1912,1912,Net Banking,Paid,14602
1913,1913,Debit Card,Paid,75425
1914,1914,Debit Card,Paid,74832
1915,1915,COD,Paid,44045
1916,1916,Net Banking,Paid,2823
1917,1917,Net Banking,Paid,55781
1918,1918,UPI,Paid,66097
1919,1919,UPI,Paid,39780
1920,1920,Credit Card,Paid,52552
1921,1921,Net Banking,Paid,33820
1922,1922,UPI,Paid,62432
1923,1923,Credit Card,Paid,49470
1924,1924,Debit Card,Paid,14850
1925,1925,Debit Card,Paid,9213
1926,1926,Net Banking,Paid,73540
1927,1927,Credit Card,Paid,17347
1928,1928,Credit Card,Paid,112950
1929,1929,Net Banking,Paid,16203
1930,1930,Net Banking,Paid,15270
1931,1931,Debit Card,Paid,32834
1932,1932,Credit Card,Paid,50327
1933,1933,COD,Paid,63227
1934,1934,COD,Paid,24110
1935,1935,Credit Card,Paid,85760
1936,1936,Net Banking,Paid,53487
1937,1937,Net Banking,Paid,4683
1938,1938,Net Banking,Paid,16773
1939,1939,UPI,Paid,48722
1940,1940,UPI,Paid,79278
1941,1941,COD,Paid,68424
1942,1942,COD,Paid,73646
1943,1943,Net Banking,Paid,81646
1944,1944,Net Banking,Paid,18411
1945,1945,COD,Paid,71852
1946,1946,UPI,Paid,79721
1947,1947,Net Banking,Paid,31780
1948,1948,Debit Card,Paid,21064
1949,1949,Credit Card,Paid,73153
1950,1950,Debit Card,Paid,47625
1951,1951,COD,Paid,34987
1952,1952,Net Banking,Paid,77489
1953,1953,Debit Card,Paid,4788
1954,1954,Debit Card,Paid,79433
1955,1955,Debit Card,Paid,90998
1956,1956,COD,Paid,24077
1957,1957,Debit Card,Paid,2699
1958,1958,COD,Paid,28372
1959,1959,Debit Card,Paid,57235
1960,1960,COD,Paid,90621
1961,1961,Debit Card,Paid,62040
1962,1962,COD,Paid,16134
1963,1963,Debit Card,Paid,39790
1964,1964,COD,Paid,39580
1965,1965,UPI,Paid,25886
1966,1966,UPI,Paid,43242
1967,1967,COD,Paid,27171
1968,1968,Debit Card,Paid,63240
1969,1969,Debit Card,Paid,40124
1970,1970,Net Banking,Paid,53946
1971,1971,Credit Card,Paid,71444
1972,1972,Debit Card,Paid,37528
1973,1973,Credit Card,Paid,64444
1974,1974,COD,Paid,16416
1975,1975,Net Banking,Paid,51138
1976,1976,Credit Card,Paid,12489
1977,1977,UPI,Paid,59314
1978,1978,Credit Card,Paid,44970
1979,1979,Credit Card,Paid,46805
1980,1980,Credit Card,Paid,27614
1981,1981,Net Banking,Paid,6359
1982,1982,UPI,Paid,43264
1983,1983,Credit Card,Paid,67262
1984,1984,Net Banking,Paid,18190
1985,1985,Net Banking,Paid,57936
1986,1986,UPI,Paid,12040
1987,1987,Debit Card,Paid,48859
1988,1988,UPI,Paid,26545
1989,1989,Net Banking,Paid,5890
1990,1990,UPI,Paid,48246
1991,1991,UPI,Paid,29424
1992,1992,Credit Card,Paid,60882
1993,1993,Credit Card,Paid,22828
1994,1994,Credit Card,Paid,78652
1995,1995,Debit Card,Paid,8201
1996,1996,COD,Paid,66929
1997,1997,Net Banking,Paid,48676
1998,1998,Debit Card,Paid,18788
1999,1999,Debit Card,Paid,2277
2000,2000,Credit Card,Paid,8155
2001,2001,UPI,Paid,19987
2002,2002,Net Banking,Paid,18792
2003,2003,COD,Paid,42854
2004,2004,COD,Paid,10126
2005,2005,Net Banking,Paid,29914
2006,2006,Net Banking,Paid,27339
2007,2007,UPI,Paid,14284
2008,2008,Net Banking,Paid,41227
2009,2009,Debit Card,Paid,27332
2010,2010,Credit Card,Paid,5331
2011,2011,Credit Card,Paid,62016
2012,2012,COD,Paid,12725
2013,2013,Net Banking,Paid,62552
2014,2014,Credit Card,Paid,60510
2015,2015,COD,Paid,18017
2016,2016,Credit Card,Paid,29218
2017,2017,COD,Paid,26121
2018,2018,COD,Paid,79883
2019,2019,Net Banking,Paid,38858
2020,2020,Credit Card,Paid,45287
2021,2021,Net Banking,Paid,48460
2022,2022,COD,Paid,882
2023,2023,COD,Paid,26547
2024,2024,COD,Paid,57934
2025,2025,UPI,Paid,48944
2026,2026,Debit Card,Paid,22957
2027,2027,Debit Card,Paid,61240
2028,2028,Debit Card,Paid,43680
2029,2029,Debit Card,Paid,49933
2030,2030,UPI,Paid,23576
2031,2031,UPI,Paid,25954
2032,2032,UPI,Paid,47694
2033,2033,UPI,Paid,35772
2034,2034,Credit Card,Paid,11612
2035,2035,COD,Paid,67447
2036,2036,Credit Card,Paid,27566
2037,2037,Net Banking,Paid,10670
2038,2038,COD,Paid,10148
2039,2039,Credit Card,Paid,9665
2040,2040,UPI,Paid,3449
2041,2041,Credit Card,Paid,72805
2042,2042,Debit Card,Paid,5669
2043,2043,Debit Card,Paid,58722
2044,2044,Net Banking,Paid,82782
2045,2045,COD,Paid,26119
2046,2046,Credit Card,Paid,12948
2047,2047,Debit Card,Paid,30259
2048,2048,UPI,Paid,83284
2049,2049,Credit Card,Paid,56796
2050,2050,UPI,Paid,21312
2051,2051,UPI,Paid,51203
2052,2052,UPI,Paid,36098
2053,2053,COD,Paid,6202
2054,2054,UPI,Paid,110617
2055,2055,UPI,Paid,55954
2056,2056,UPI,Paid,11123
2057,2057,Credit Card,Paid,73502
2058,2058,Credit Card,Paid,85513
2059,2059,Credit Card,Paid,45639
2060,2060,Net Banking,Paid,49109
2061,2061,Net Banking,Paid,11946
2062,2062,COD,Paid,24798
2063,2063,Debit Card,Paid,56074
2064,2064,Debit Card,Paid,32006
2065,2065,Credit Card,Paid,57132
2066,2066,Net Banking,Paid,67116
2067,2067,Credit Card,Paid,25136
2068,2068,Credit Card,Paid,33658
2069,2069,COD,Paid,77444
2070,2070,UPI,Paid,30438
2071,2071,Debit Card,Paid,27899
2072,2072,UPI,Paid,70951
2073,2073,Debit Card,Paid,6088
2074,2074,Credit Card,Paid,48584
2075,2075,Debit Card,Paid,48858
2076,2076,COD,Paid,33696
2077,2077,Net Banking,Paid,18890
2078,2078,UPI,Paid,45066
2079,2079,Net Banking,Paid,22651
2080,2080,Net Banking,Paid,71752
2081,2081,COD,Paid,31628
2082,2082,COD,Paid,77858
2083,2083,COD,Paid,12994
2084,2084,UPI,Paid,40058
2085,2085,Debit Card,Paid,48012
2086,2086,Net Banking,Paid,24681
2087,2087,Debit Card,Paid,32056
2088,2088,Net Banking,Paid,59218
2089,2089,COD,Paid,30497
2090,2090,Net Banking,Paid,14293
2091,2091,Credit Card,Paid,58539
2092,2092,Credit Card,Paid,34004
2093,2093,COD,Paid,95518
2094,2094,Credit Card,Paid,33186
2095,2095,UPI,Paid,67674
2096,2096,UPI,Paid,35656
2097,2097,COD,Paid,77834
2098,2098,Debit Card,Paid,23904
2099,2099,Debit Card,Paid,71042
2100,2100,Credit Card,Paid,15880
2101,2101,COD,Paid,6496
2102,2102,UPI,Paid,85690
2103,2103,COD,Paid,24772
2104,2104,Credit Card,Paid,37435
2105,2105,Credit Card,Paid,15358
2106,2106,Debit Card,Paid,16190
2107,2107,UPI,Paid,31658
2108,2108,COD,Paid,58000
2109,2109,Debit Card,Paid,81184
2110,2110,Credit Card,Paid,74280
2111,2111,Debit Card,Paid,63707
2112,2112,Debit Card,Paid,8418
2113,2113,Debit Card,Paid,34841
2114,2114,COD,Paid,3611
2115,2115,Net Banking,Paid,38316
2116,2116,COD,Paid,21040
2117,2117,Debit Card,Paid,53936
2118,2118,COD,Paid,33862
2119,2119,UPI,Paid,31932
2120,2120,Net Banking,Paid,54659
2121,2121,Net Banking,Paid,28635
2122,2122,Net Banking,Paid,16740
2123,2123,Net Banking,Paid,33618
2124,2124,COD,Paid,43796
2125,2125,Credit Card,Paid,74508
2126,2126,COD,Paid,10832
2127,2127,Debit Card,Paid,68228
2128,2128,Net Banking,Paid,17825
2129,2129,COD,Paid,65474
2130,2130,Credit Card,Paid,25538
2131,2131,Debit Card,Paid,51566
2132,2132,COD,Paid,38662
2133,2133,UPI,Paid,85058
2134,2134,Net Banking,Paid,36894
2135,2135,COD,Paid,38711
2136,2136,Debit Card,Paid,47290
2137,2137,Debit Card,Paid,34815
2138,2138,Debit Card,Paid,86588
2139,2139,Credit Card,Paid,47961
2140,2140,Credit Card,Paid,47091
2141,2141,Debit Card,Paid,37295
2142,2142,Credit Card,Paid,82355
2143,2143,COD,Paid,11463
2144,2144,UPI,Paid,16091
2145,2145,Credit Card,Paid,67912
2146,2146,Credit Card,Paid,18692
2147,2147,Credit Card,Paid,20640
2148,2148,Debit Card,Paid,2358
2149,2149,COD,Paid,56674
2150,2150,COD,Paid,38158
2151,2151,Net Banking,Paid,15560
2152,2152,Credit Card,Paid,5692
2153,2153,Credit Card,Paid,23660
2154,2154,Net Banking,Paid,98602
2155,2155,Net Banking,Paid,15724
2156,2156,Credit Card,Paid,21563
2157,2157,Net Banking,Paid,31565
2158,2158,COD,Paid,31812
2159,2159,Credit Card,Paid,24560
2160,2160,Credit Card,Paid,16090
2161,2161,COD,Paid,15877
2162,2162,Net Banking,Paid,48340
2163,2163,COD,Paid,65514
2164,2164,UPI,Paid,90532
2165,2165,Credit Card,Paid,33372
2166,2166,Credit Card,Paid,6000
2167,2167,Credit Card,Paid,19014
2168,2168,Debit Card,Paid,68514
2169,2169,COD,Paid,32692
2170,2170,Credit Card,Paid,56020
2171,2171,Debit Card,Paid,18608
2172,2172,Net Banking,Paid,53546
2173,2173,UPI,Paid,26774
2174,2174,Credit Card,Paid,50066
2175,2175,Debit Card,Paid,46200
2176,2176,COD,Paid,43900
2177,2177,COD,Paid,35310
2178,2178,UPI,Paid,66461
2179,2179,UPI,Paid,19866
2180,2180,Credit Card,Paid,1942
2181,2181,Credit Card,Paid,67248
2182,2182,Debit Card,Paid,27758
2183,2183,Credit Card,Paid,16521
2184,2184,COD,Paid,63802
2185,2185,Debit Card,Paid,15131
2186,2186,Credit Card,Paid,42916
2187,2187,Debit Card,Paid,26730
2188,2188,Credit Card,Paid,96450
2189,2189,Net Banking,Paid,23282
2190,2190,Debit Card,Paid,63764
2191,2191,COD,Paid,21476
2192,2192,Net Banking,Paid,23070
2193,2193,Credit Card,Paid,46706
2194,2194,Debit Card,Paid,48677
2195,2195,Net Banking,Paid,44363
2196,2196,Debit Card,Paid,43803
2197,2197,UPI,Paid,76712
2198,2198,UPI,Paid,47266
2199,2199,Debit Card,Paid,55226
2200,2200,Debit Card,Paid,44398
2201,2201,Credit Card,Paid,63527
2202,2202,COD,Paid,19016
2203,2203,Debit Card,Paid,32950
2204,2204,COD,Paid,25363
2205,2205,Debit Card,Paid,47849
2206,2206,Net Banking,Paid,48279
2207,2207,Credit Card,Paid,25582
2208,2208,UPI,Paid,23644
2209,2209,Net Banking,Paid,58582
2210,2210,UPI,Paid,11047
2211,2211,Net Banking,Paid,38329
2212,2212,Net Banking,Paid,62742
2213,2213,UPI,Paid,78397
2214,2214,COD,Paid,45135
2215,2215,UPI,Paid,22851
2216,2216,Debit Card,Paid,62123
2217,2217,Credit Card,Paid,23303
2218,2218,Credit Card,Paid,14656
2219,2219,Credit Card,Paid,80859
2220,2220,UPI,Paid,115790
2221,2221,Debit Card,Paid,7847
2222,2222,Credit Card,Paid,57729
2223,2223,Net Banking,Paid,17827
2224,2224,Debit Card,Paid,10194
2225,2225,UPI,Paid,16156
2226,2226,Debit Card,Paid,15848
2227,2227,COD,Paid,22503
2228,2228,COD,Paid,69348
2229,2229,Credit Card,Paid,59525
2230,2230,Net Banking,Paid,3406
2231,2231,Debit Card,Paid,81762
2232,2232,COD,Paid,52833
2233,2233,Debit Card,Paid,5248
2234,2234,Debit Card,Paid,81977
2235,2235,Net Banking,Paid,27985
2236,2236,Credit Card,Paid,15103
2237,2237,COD,Paid,42706
2238,2238,Debit Card,Paid,45128
2239,2239,Net Banking,Paid,20150
2240,2240,Net Banking,Paid,24894
2241,2241,COD,Paid,5910
2242,2242,COD,Paid,36262
2243,2243,Credit Card,Paid,58951
2244,2244,Net Banking,Paid,23926
2245,2245,Net Banking,Paid,28114
2246,2246,Net Banking,Paid,48552
2247,2247,Debit Card,Paid,34642
2248,2248,COD,Paid,61022
2249,2249,Net Banking,Paid,62095
2250,2250,UPI,Paid,18134
2251,2251,Debit Card,Paid,26592
2252,2252,UPI,Paid,46225
2253,2253,Debit Card,Paid,61357
2254,2254,Net Banking,Paid,37722
2255,2255,COD,Paid,24339
2256,2256,UPI,Paid,61637
2257,2257,Net Banking,Paid,30748
2258,2258,UPI,Paid,9342
2259,2259,UPI,Paid,31322
2260,2260,Net Banking,Paid,17500
2261,2261,Debit Card,Paid,31926
2262,2262,COD,Paid,52334
2263,2263,UPI,Paid,49243
2264,2264,Net Banking,Paid,70180
2265,2265,COD,Paid,26382
2266,2266,Net Banking,Paid,18329
2267,2267,Credit Card,Paid,54892
2268,2268,COD,Paid,19479
2269,2269,Credit Card,Paid,20608
2270,2270,Debit Card,Paid,38276
2271,2271,Credit Card,Paid,34154
2272,2272,Debit Card,Paid,43562
2273,2273,Debit Card,Paid,71677
2274,2274,COD,Paid,44694
2275,2275,Net Banking,Paid,9958
2276,2276,Debit Card,Paid,84135
2277,2277,Net Banking,Paid,4256
2278,2278,Credit Card,Paid,48370
2279,2279,Debit Card,Paid,38610
2280,2280,Net Banking,Paid,78539
2281,2281,Credit Card,Paid,39905
2282,2282,Credit Card,Paid,14147
2283,2283,Credit Card,Paid,50362
2284,2284,Debit Card,Paid,10485
2285,2285,Debit Card,Paid,35529
2286,2286,Net Banking,Paid,34445
2287,2287,Debit Card,Paid,41492
2288,2288,UPI,Paid,8884
2289,2289,UPI,Paid,24428
2290,2290,UPI,Paid,71110
2291,2291,COD,Paid,14030
2292,2292,UPI,Paid,6040
2293,2293,Net Banking,Paid,2004
2294,2294,Debit Card,Paid,17838
2295,2295,Net Banking,Paid,45805
2296,2296,Net Banking,Paid,13936
2297,2297,Credit Card,Paid,88496
2298,2298,Credit Card,Paid,11423
2299,2299,COD,Paid,53881
2300,2300,COD,Paid,16172
2301,2301,COD,Paid,54422
2302,2302,Credit Card,Paid,47483
2303,2303,UPI,Paid,17865
2304,2304,Debit Card,Paid,20334
2305,2305,Net Banking,Paid,32104
2306,2306,Credit Card,Paid,82243
2307,2307,Credit Card,Paid,12396
2308,2308,COD,Paid,52239
2309,2309,Credit Card,Paid,21678
2310,2310,UPI,Paid,29763
2311,2311,Credit Card,Paid,35430
2312,2312,Debit Card,Paid,58832
2313,2313,UPI,Paid,44764
2314,2314,UPI,Paid,38146
2315,2315,UPI,Paid,2933
2316,2316,Credit Card,Paid,63609
2317,2317,Credit Card,Paid,55190
2318,2318,Credit Card,Paid,23470
2319,2319,UPI,Paid,11616
2320,2320,UPI,Paid,12358
2321,2321,Net Banking,Paid,25545
2322,2322,Credit Card,Paid,46807
2323,2323,Credit Card,Paid,36625
2324,2324,Debit Card,Paid,1796
2325,2325,COD,Paid,36346
2326,2326,Credit Card,Paid,38749
2327,2327,COD,Paid,54544
2328,2328,COD,Paid,23169
2329,2329,COD,Paid,8034
2330,2330,Net Banking,Paid,20859
2331,2331,Net Banking,Paid,48156
2332,2332,Debit Card,Paid,49485
2333,2333,Net Banking,Paid,99204
2334,2334,Debit Card,Paid,81110
2335,2335,Debit Card,Paid,31373
2336,2336,COD,Paid,49256
2337,2337,COD,Paid,28006
2338,2338,Net Banking,Paid,44488
2339,2339,COD,Paid,9450
2340,2340,COD,Paid,7173
2341,2341,Debit Card,Paid,78888
2342,2342,COD,Paid,65402
2343,2343,Credit Card,Paid,74846
2344,2344,Net Banking,Paid,32704
2345,2345,Debit Card,Paid,7323
2346,2346,Net Banking,Paid,23883
2347,2347,UPI,Paid,60092
2348,2348,COD,Paid,5986
2349,2349,Credit Card,Paid,48297
2350,2350,Debit Card,Paid,26114
2351,2351,UPI,Paid,22438
2352,2352,Credit Card,Paid,1130
2353,2353,COD,Paid,58913
2354,2354,Credit Card,Paid,91076
2355,2355,Net Banking,Paid,38846
2356,2356,Credit Card,Paid,59710
2357,2357,Net Banking,Paid,19566
2358,2358,Credit Card,Paid,3174
2359,2359,UPI,Paid,64278
2360,2360,UPI,Paid,1326
2361,2361,COD,Paid,31284
2362,2362,Net Banking,Paid,66454
2363,2363,Debit Card,Paid,69981
2364,2364,COD,Paid,61478
2365,2365,Net Banking,Paid,38282
2366,2366,COD,Paid,7228
2367,2367,Credit Card,Paid,37345
2368,2368,Credit Card,Paid,18009
2369,2369,Credit Card,Paid,9277
2370,2370,COD,Paid,13922
2371,2371,Net Banking,Paid,37625
2372,2372,Net Banking,Paid,4384
2373,2373,Credit Card,Paid,18069
2374,2374,Debit Card,Paid,73103
2375,2375,Net Banking,Paid,18114
2376,2376,UPI,Paid,24613
2377,2377,Debit Card,Paid,18004
2378,2378,Debit Card,Paid,43163
2379,2379,UPI,Paid,67238
2380,2380,Net Banking,Paid,64484
2381,2381,UPI,Paid,70797
2382,2382,COD,Paid,14993
2383,2383,Debit Card,Paid,52568
2384,2384,Debit Card,Paid,60007
2385,2385,UPI,Paid,13965
2386,2386,Debit Card,Paid,40680
2387,2387,Credit Card,Paid,24709
2388,2388,Debit Card,Paid,22460
2389,2389,Net Banking,Paid,49096
2390,2390,Credit Card,Paid,10984
2391,2391,Net Banking,Paid,11244
2392,2392,Credit Card,Paid,83783
2393,2393,Net Banking,Paid,16345
2394,2394,UPI,Paid,59992
2395,2395,Net Banking,Paid,27029
2396,2396,Credit Card,Paid,115491
2397,2397,UPI,Paid,8494
2398,2398,Credit Card,Paid,65232
2399,2399,UPI,Paid,29774
2400,2400,Credit Card,Paid,59438
2401,2401,Debit Card,Paid,38036
2402,2402,Debit Card,Paid,20489
2403,2403,UPI,Paid,18578
2404,2404,Net Banking,Paid,94232
2405,2405,UPI,Paid,28849
2406,2406,Debit Card,Paid,79038
2407,2407,UPI,Paid,44504
2408,2408,Net Banking,Paid,27529
2409,2409,COD,Paid,17308
2410,2410,Credit Card,Paid,93652
2411,2411,Debit Card,Paid,31302
2412,2412,Credit Card,Paid,10854
2413,2413,COD,Paid,52161
2414,2414,Debit Card,Paid,33938
2415,2415,Debit Card,Paid,63117
2416,2416,UPI,Paid,57058
2417,2417,UPI,Paid,9268
2418,2418,Net Banking,Paid,9170
2419,2419,Credit Card,Paid,62373
2420,2420,COD,Paid,29405
2421,2421,COD,Paid,36342
2422,2422,COD,Paid,2586
2423,2423,Credit Card,Paid,17914
2424,2424,UPI,Paid,31780
2425,2425,Debit Card,Paid,55166
2426,2426,COD,Paid,40496
2427,2427,Debit Card,Paid,45954
2428,2428,COD,Paid,58852
2429,2429,Debit Card,Paid,873
2430,2430,Net Banking,Paid,15540
2431,2431,Net Banking,Paid,48489
2432,2432,Debit Card,Paid,28317
2433,2433,Debit Card,Paid,34915
2434,2434,Credit Card,Paid,62888
2435,2435,Net Banking,Paid,56254
2436,2436,COD,Paid,17964
2437,2437,Credit Card,Paid,28392
2438,2438,COD,Paid,74424
2439,2439,COD,Paid,27105
2440,2440,Credit Card,Paid,34014
2441,2441,Net Banking,Paid,22956
2442,2442,Net Banking,Paid,23837
2443,2443,Credit Card,Paid,66242
2444,2444,Credit Card,Paid,48314
2445,2445,UPI,Paid,19716
2446,2446,UPI,Paid,30580
2447,2447,UPI,Paid,46960
2448,2448,Debit Card,Paid,53151
2449,2449,Credit Card,Paid,29009
2450,2450,UPI,Paid,34644
2451,2451,Debit Card,Paid,53091
2452,2452,COD,Paid,34807
2453,2453,UPI,Paid,45538
2454,2454,Credit Card,Paid,64610
2455,2455,UPI,Paid,81230
2456,2456,Debit Card,Paid,28124
2457,2457,UPI,Paid,51259
2458,2458,COD,Paid,37913
2459,2459,Credit Card,Paid,71361
2460,2460,Net Banking,Paid,15816
2461,2461,Net Banking,Paid,49185
2462,2462,Debit Card,Paid,73092
2463,2463,Credit Card,Paid,65224
2464,2464,Net Banking,Paid,21351
2465,2465,UPI,Paid,42840
2466,2466,Debit Card,Paid,35950
2467,2467,Credit Card,Paid,9929
2468,2468,Credit Card,Paid,29777
2469,2469,UPI,Paid,22140
2470,2470,Credit Card,Paid,76822
2471,2471,UPI,Paid,55913
2472,2472,Net Banking,Paid,16809
2473,2473,UPI,Paid,18112
2474,2474,COD,Paid,52865
2475,2475,Credit Card,Paid,43222
2476,2476,COD,Paid,21146
2477,2477,COD,Paid,3916
2478,2478,UPI,Paid,26817
2479,2479,Debit Card,Paid,9938
2480,2480,COD,Paid,52684
2481,2481,UPI,Paid,6351
2482,2482,Credit Card,Paid,20191
2483,2483,COD,Paid,44860
2484,2484,Debit Card,Paid,23066
2485,2485,Net Banking,Paid,67916
2486,2486,COD,Paid,63923
2487,2487,Net Banking,Paid,24244
2488,2488,UPI,Paid,49698
2489,2489,COD,Paid,71248
2490,2490,Net Banking,Paid,43343
2491,2491,UPI,Paid,10556
2492,2492,COD,Paid,84573
2493,2493,COD,Paid,48111
2494,2494,Credit Card,Paid,46756
2495,2495,UPI,Paid,67945
2496,2496,UPI,Paid,18548
2497,2497,Debit Card,Paid,11257
2498,2498,Net Banking,Paid,56538
2499,2499,Credit Card,Paid,44337
2500,2500,UPI,Paid,39040
2501,2501,Credit Card,Paid,38630
2502,2502,COD,Paid,1286
2503,2503,UPI,Paid,92216
2504,2504,Credit Card,Paid,24851
2505,2505,Debit Card,Paid,17060
2506,2506,Credit Card,Paid,2186
2507,2507,Net Banking,Paid,12335
2508,2508,Debit Card,Paid,4416
2509,2509,Net Banking,Paid,16940
2510,2510,UPI,Paid,31126
2511,2511,Net Banking,Paid,36872
2512,2512,COD,Paid,64586
2513,2513,Net Banking,Paid,7182
2514,2514,Credit Card,Paid,13570
2515,2515,Debit Card,Paid,78770
2516,2516,COD,Paid,35282
2517,2517,UPI,Paid,44418
2518,2518,UPI,Paid,64787
2519,2519,UPI,Paid,19452
2520,2520,Credit Card,Paid,39863
2521,2521,Net Banking,Paid,63047
2522,2522,Debit Card,Paid,20917
2523,2523,Net Banking,Paid,42016
2524,2524,Credit Card,Paid,41983
2525,2525,COD,Paid,24276
2526,2526,COD,Paid,12472
2527,2527,Credit Card,Paid,77279
2528,2528,Debit Card,Paid,2478
2529,2529,Credit Card,Paid,26655
2530,2530,COD,Paid,35374
2531,2531,Net Banking,Paid,6566
2532,2532,Net Banking,Paid,31927
2533,2533,COD,Paid,38620
2534,2534,UPI,Paid,44486
2535,2535,Net Banking,Paid,18658
2536,2536,Net Banking,Paid,72424
2537,2537,COD,Paid,27604
2538,2538,UPI,Paid,4467
2539,2539,COD,Paid,52369
2540,2540,UPI,Paid,28230
2541,2541,UPI,Paid,22964
2542,2542,UPI,Paid,16349
2543,2543,COD,Paid,24743
2544,2544,UPI,Paid,55249
2545,2545,Credit Card,Paid,4992
2546,2546,Credit Card,Paid,36510
2547,2547,UPI,Paid,7096
2548,2548,COD,Paid,20245
2549,2549,Debit Card,Paid,42738
2550,2550,UPI,Paid,29346
2551,2551,UPI,Paid,26222
2552,2552,COD,Paid,11003
2553,2553,COD,Paid,33468
2554,2554,UPI,Paid,61907
2555,2555,Debit Card,Paid,8121
2556,2556,COD,Paid,22722
2557,2557,Net Banking,Paid,29376
2558,2558,Debit Card,Paid,36648
2559,2559,Debit Card,Paid,30142
2560,2560,Credit Card,Paid,23390
2561,2561,UPI,Paid,37901
2562,2562,COD,Paid,46652
2563,2563,COD,Paid,2569
2564,2564,Debit Card,Paid,62880
2565,2565,Debit Card,Paid,28029
2566,2566,Net Banking,Paid,39105
2567,2567,UPI,Paid,17544
2568,2568,Debit Card,Paid,6089
2569,2569,Debit Card,Paid,18846
2570,2570,Credit Card,Paid,26330
2571,2571,Net Banking,Paid,101566
2572,2572,Net Banking,Paid,24812
2573,2573,COD,Paid,87270
2574,2574,Debit Card,Paid,65810
2575,2575,UPI,Paid,90680
2576,2576,Debit Card,Paid,28038
2577,2577,Credit Card,Paid,28036
2578,2578,Debit Card,Paid,40660
2579,2579,Debit Card,Paid,15882
2580,2580,COD,Paid,24542
2581,2581,COD,Paid,43540
2582,2582,Credit Card,Paid,40572
2583,2583,Credit Card,Paid,35238
2584,2584,COD,Paid,10368
2585,2585,Net Banking,Paid,50097
2586,2586,UPI,Paid,99947
2587,2587,Debit Card,Paid,26413
2588,2588,Net Banking,Paid,54248
2589,2589,Credit Card,Paid,7674
2590,2590,Debit Card,Paid,29714
2591,2591,Net Banking,Paid,20492
2592,2592,Credit Card,Paid,30726
2593,2593,UPI,Paid,38818
2594,2594,Debit Card,Paid,84918
2595,2595,Debit Card,Paid,46816
2596,2596,Debit Card,Paid,46923
2597,2597,Net Banking,Paid,41041
2598,2598,UPI,Paid,46769
2599,2599,COD,Paid,4639
2600,2600,Net Banking,Paid,73010
2601,2601,Debit Card,Paid,34826
2602,2602,Net Banking,Paid,27129
2603,2603,COD,Paid,62808
2604,2604,UPI,Paid,36436
2605,2605,UPI,Paid,28246
2606,2606,COD,Paid,6990
2607,2607,UPI,Paid,16227
2608,2608,Debit Card,Paid,57036
2609,2609,Net Banking,Paid,49257
2610,2610,UPI,Paid,26606
2611,2611,UPI,Paid,20418
2612,2612,COD,Paid,64948
2613,2613,Net Banking,Paid,99078
2614,2614,Net Banking,Paid,69534
2615,2615,UPI,Paid,6970
2616,2616,Debit Card,Paid,32373
2617,2617,COD,Paid,48936
2618,2618,Debit Card,Paid,41370
2619,2619,Credit Card,Paid,2527
2620,2620,Debit Card,Paid,8715
2621,2621,Debit Card,Paid,32647
2622,2622,Debit Card,Paid,5844
2623,2623,UPI,Paid,11419
2624,2624,UPI,Paid,1986
2625,2625,Debit Card,Paid,64331
2626,2626,Debit Card,Paid,21952
2627,2627,Debit Card,Paid,50309
2628,2628,UPI,Paid,48734
2629,2629,Credit Card,Paid,40806
2630,2630,Net Banking,Paid,7264
2631,2631,Debit Card,Paid,37458
2632,2632,Debit Card,Paid,48258
2633,2633,Debit Card,Paid,2234
2634,2634,Debit Card,Paid,17032
2635,2635,Net Banking,Paid,95766
2636,2636,Net Banking,Paid,40564
2637,2637,UPI,Paid,74491
2638,2638,COD,Paid,52916
2639,2639,Credit Card,Paid,91169
2640,2640,Credit Card,Paid,26038
2641,2641,COD,Paid,64685
2642,2642,COD,Paid,58830
2643,2643,UPI,Paid,4339
2644,2644,Net Banking,Paid,37780
2645,2645,Credit Card,Paid,29709
2646,2646,Debit Card,Paid,17095
2647,2647,UPI,Paid,35328
2648,2648,UPI,Paid,46428
2649,2649,UPI,Paid,39201
2650,2650,COD,Paid,28220
2651,2651,Net Banking,Paid,14405
2652,2652,Debit Card,Paid,27383
2653,2653,Debit Card,Paid,3597
2654,2654,COD,Paid,20419
2655,2655,Credit Card,Paid,69508
2656,2656,COD,Paid,42724
2657,2657,Credit Card,Paid,25818
2658,2658,COD,Paid,42388
2659,2659,Debit Card,Paid,44042
2660,2660,Credit Card,Paid,36199
2661,2661,COD,Paid,48100
2662,2662,Debit Card,Paid,47134
2663,2663,COD,Paid,38897
2664,2664,Debit Card,Paid,17884
2665,2665,COD,Paid,1178
2666,2666,COD,Paid,64174
2667,2667,UPI,Paid,9044
2668,2668,UPI,Paid,103242
2669,2669,Net Banking,Paid,76004
2670,2670,Credit Card,Paid,18539
2671,2671,UPI,Paid,56051
2672,2672,Debit Card,Paid,73236
2673,2673,Net Banking,Paid,14373
2674,2674,Debit Card,Paid,28878
2675,2675,Net Banking,Paid,16566
2676,2676,UPI,Paid,108412
2677,2677,COD,Paid,60189
2678,2678,Net Banking,Paid,13302
2679,2679,COD,Paid,6053
2680,2680,Debit Card,Paid,40798
2681,2681,Debit Card,Paid,40089
2682,2682,Debit Card,Paid,49212
2683,2683,COD,Paid,50277
2684,2684,Credit Card,Paid,9087
2685,2685,Net Banking,Paid,24382
2686,2686,Net Banking,Paid,35303
2687,2687,Net Banking,Paid,40240
2688,2688,UPI,Paid,24800
2689,2689,Credit Card,Paid,62746
2690,2690,COD,Paid,70458
2691,2691,Credit Card,Paid,16522
2692,2692,UPI,Paid,36087
2693,2693,Credit Card,Paid,46344
2694,2694,Debit Card,Paid,36834
2695,2695,COD,Paid,39543
2696,2696,Credit Card,Paid,1155
2697,2697,Debit Card,Paid,21212
2698,2698,COD,Paid,23059
2699,2699,Net Banking,Paid,40690
2700,2700,Debit Card,Paid,62081
2701,2701,UPI,Paid,41464
2702,2702,Credit Card,Paid,65258
2703,2703,COD,Paid,68978
2704,2704,COD,Paid,54827
2705,2705,Net Banking,Paid,10974
2706,2706,Credit Card,Paid,43076
2707,2707,Debit Card,Paid,8147
2708,2708,Debit Card,Paid,70302
2709,2709,Debit Card,Paid,56994
2710,2710,Debit Card,Paid,48866
2711,2711,Credit Card,Paid,44684
2712,2712,Net Banking,Paid,31018
2713,2713,UPI,Paid,29882
2714,2714,Credit Card,Paid,42971
2715,2715,COD,Paid,36728
2716,2716,Debit Card,Paid,26938
2717,2717,Credit Card,Paid,67746
2718,2718,Credit Card,Paid,2803
2719,2719,Net Banking,Paid,12917
2720,2720,COD,Paid,46160
2721,2721,COD,Paid,8294
2722,2722,Net Banking,Paid,17099
2723,2723,Credit Card,Paid,23381
2724,2724,Debit Card,Paid,95976
2725,2725,COD,Paid,66472
2726,2726,Debit Card,Paid,35287
2727,2727,Debit Card,Paid,66593
2728,2728,Net Banking,Paid,18590
2729,2729,Debit Card,Paid,87472
2730,2730,Debit Card,Paid,8032
2731,2731,Credit Card,Paid,61531
2732,2732,Net Banking,Paid,21213
2733,2733,UPI,Paid,71125
2734,2734,Debit Card,Paid,43179
2735,2735,COD,Paid,52947
2736,2736,Credit Card,Paid,25472
2737,2737,Net Banking,Paid,83450
2738,2738,Debit Card,Paid,29736
2739,2739,Debit Card,Paid,20329
2740,2740,Net Banking,Paid,4155
2741,2741,Debit Card,Paid,19739
2742,2742,Net Banking,Paid,11724
2743,2743,Net Banking,Paid,45349
2744,2744,COD,Paid,80537
2745,2745,Net Banking,Paid,17369
2746,2746,Net Banking,Paid,24238
2747,2747,Credit Card,Paid,6802
2748,2748,UPI,Paid,92410
2749,2749,Debit Card,Paid,3976
2750,2750,Net Banking,Paid,18985
2751,2751,UPI,Paid,40208
2752,2752,COD,Paid,7726
2753,2753,Debit Card,Paid,8358
2754,2754,Debit Card,Paid,6184
2755,2755,Debit Card,Paid,42858
2756,2756,Debit Card,Paid,71358
2757,2757,COD,Paid,24852
2758,2758,Net Banking,Paid,92878
2759,2759,UPI,Paid,36554
2760,2760,Debit Card,Paid,13510
2761,2761,UPI,Paid,20683
2762,2762,Credit Card,Paid,72746
2763,2763,UPI,Paid,59166
2764,2764,Debit Card,Paid,2298
2765,2765,Credit Card,Paid,21381
2766,2766,Credit Card,Paid,43291
2767,2767,Credit Card,Paid,61781
2768,2768,Net Banking,Paid,45192
2769,2769,Net Banking,Paid,6095
2770,2770,Debit Card,Paid,19047
2771,2771,Net Banking,Paid,24064
2772,2772,Credit Card,Paid,25282
2773,2773,UPI,Paid,19914
2774,2774,COD,Paid,63500
2775,2775,Credit Card,Paid,59218
2776,2776,UPI,Paid,1718
2777,2777,COD,Paid,43556
2778,2778,Net Banking,Paid,22791
2779,2779,Credit Card,Paid,32268
2780,2780,Net Banking,Paid,16194
2781,2781,Debit Card,Paid,65770
2782,2782,Debit Card,Paid,67918
2783,2783,Debit Card,Paid,65832
2784,2784,Credit Card,Paid,9477
2785,2785,Net Banking,Paid,61420
2786,2786,Net Banking,Paid,29328
2787,2787,COD,Paid,21287
2788,2788,UPI,Paid,1367
2789,2789,Net Banking,Paid,48132
2790,2790,Net Banking,Paid,76649
2791,2791,Credit Card,Paid,56062
2792,2792,Net Banking,Paid,64045
2793,2793,COD,Paid,14446
2794,2794,COD,Paid,55966
2795,2795,Net Banking,Paid,43068
2796,2796,COD,Paid,64755
2797,2797,COD,Paid,3612
2798,2798,COD,Paid,49558
2799,2799,Credit Card,Paid,66948
2800,2800,Credit Card,Paid,52813
2801,2801,Net Banking,Paid,31596
2802,2802,Credit Card,Paid,18685
2803,2803,Credit Card,Paid,62730
2804,2804,COD,Paid,23912
2805,2805,COD,Paid,14467
2806,2806,Debit Card,Paid,5096
2807,2807,Net Banking,Paid,28680
2808,2808,Net Banking,Paid,24351
2809,2809,COD,Paid,19352
2810,2810,Credit Card,Paid,23261
2811,2811,UPI,Paid,110416
2812,2812,Debit Card,Paid,24060
2813,2813,COD,Paid,37625
2814,2814,COD,Paid,47018
2815,2815,Credit Card,Paid,38668
2816,2816,Credit Card,Paid,10120
2817,2817,UPI,Paid,27984
2818,2818,Debit Card,Paid,24492
2819,2819,Net Banking,Paid,19217
2820,2820,Credit Card,Paid,34113
2821,2821,Net Banking,Paid,25125
2822,2822,Net Banking,Paid,32510
2823,2823,UPI,Paid,35556
2824,2824,Credit Card,Paid,9376
2825,2825,Net Banking,Paid,46979
2826,2826,UPI,Paid,33775
2827,2827,COD,Paid,34038
2828,2828,UPI,Paid,27816
2829,2829,Debit Card,Paid,36574
2830,2830,Debit Card,Paid,82017
2831,2831,Net Banking,Paid,63807
2832,2832,UPI,Paid,33970
2833,2833,Net Banking,Paid,65497
2834,2834,Net Banking,Paid,84225
2835,2835,COD,Paid,24052
2836,2836,Credit Card,Paid,24241
2837,2837,UPI,Paid,54870
2838,2838,Credit Card,Paid,12790
2839,2839,Credit Card,Paid,42688
2840,2840,COD,Paid,3799
2841,2841,COD,Paid,11413
2842,2842,Debit Card,Paid,47329
2843,2843,UPI,Paid,42312
2844,2844,Credit Card,Paid,76286
2845,2845,Debit Card,Paid,48470
2846,2846,UPI,Paid,5310
2847,2847,Credit Card,Paid,52076
2848,2848,Net Banking,Paid,55922
2849,2849,Net Banking,Paid,7950
2850,2850,COD,Paid,25821
2851,2851,UPI,Paid,50251
2852,2852,Credit Card,Paid,28607
2853,2853,Net Banking,Paid,5147
2854,2854,UPI,Paid,4680
2855,2855,Credit Card,Paid,9459
2856,2856,Net Banking,Paid,15552
2857,2857,COD,Paid,37868
2858,2858,COD,Paid,34749
2859,2859,COD,Paid,33094
2860,2860,COD,Paid,59725
2861,2861,Debit Card,Paid,28428
2862,2862,COD,Paid,38256
2863,2863,COD,Paid,23706
2864,2864,Credit Card,Paid,135532
2865,2865,Net Banking,Paid,86586
2866,2866,Credit Card,Paid,74467
2867,2867,Credit Card,Paid,24047
2868,2868,UPI,Paid,8809
2869,2869,Credit Card,Paid,54158
2870,2870,Debit Card,Paid,30210
2871,2871,Net Banking,Paid,57313
2872,2872,UPI,Paid,70725
2873,2873,UPI,Paid,86612
2874,2874,UPI,Paid,61281
2875,2875,UPI,Paid,15414
2876,2876,COD,Paid,53055
2877,2877,Credit Card,Paid,39476
2878,2878,UPI,Paid,8064
2879,2879,Debit Card,Paid,47235
2880,2880,Credit Card,Paid,23606
2881,2881,COD,Paid,1786
2882,2882,UPI,Paid,56684
2883,2883,Net Banking,Paid,101618
2884,2884,Debit Card,Paid,68283
2885,2885,Net Banking,Paid,40315
2886,2886,COD,Paid,50441
2887,2887,Credit Card,Paid,43860
2888,2888,COD,Paid,40152
2889,2889,COD,Paid,31962
2890,2890,COD,Paid,62095
2891,2891,Credit Card,Paid,84036
2892,2892,COD,Paid,32443
2893,2893,UPI,Paid,47112
2894,2894,Debit Card,Paid,39082
2895,2895,Debit Card,Paid,73352
2896,2896,COD,Paid,98394
2897,2897,Credit Card,Paid,39844
2898,2898,Debit Card,Paid,59130
2899,2899,UPI,Paid,18648
2900,2900,Net Banking,Paid,125344
2901,2901,Net Banking,Paid,3902
2902,2902,Net Banking,Paid,39934
2903,2903,Net Banking,Paid,22276
2904,2904,Credit Card,Paid,73587
2905,2905,UPI,Paid,17874
2906,2906,UPI,Paid,3736
2907,2907,Credit Card,Paid,42402
2908,2908,Net Banking,Paid,29711
2909,2909,UPI,Paid,19818
2910,2910,Debit Card,Paid,20961
2911,2911,Credit Card,Paid,46884
2912,2912,UPI,Paid,44834
2913,2913,COD,Paid,63079
2914,2914,Debit Card,Paid,20183
2915,2915,UPI,Paid,36759
2916,2916,COD,Paid,37299
2917,2917,COD,Paid,70540
2918,2918,COD,Paid,59258
2919,2919,Net Banking,Paid,17603
2920,2920,Net Banking,Paid,42012
2921,2921,COD,Paid,17483
2922,2922,COD,Paid,72864
2923,2923,COD,Paid,17338
2924,2924,Debit Card,Paid,53378
2925,2925,UPI,Paid,8589
2926,2926,Debit Card,Paid,14587
2927,2927,Net Banking,Paid,47722
2928,2928,Credit Card,Paid,24458
2929,2929,Net Banking,Paid,60942
2930,2930,Credit Card,Paid,36497
2931,2931,Credit Card,Paid,70659
2932,2932,Debit Card,Paid,63886
2933,2933,COD,Paid,56160
2934,2934,Debit Card,Paid,28510
2935,2935,Net Banking,Paid,10370
2936,2936,UPI,Paid,3497
2937,2937,COD,Paid,19766
2938,2938,Debit Card,Paid,37244
2939,2939,UPI,Paid,28662
2940,2940,Debit Card,Paid,105320
2941,2941,Credit Card,Paid,36326
2942,2942,Net Banking,Paid,17726
2943,2943,UPI,Paid,38318
2944,2944,Credit Card,Paid,100023
2945,2945,Debit Card,Paid,48358
2946,2946,COD,Paid,35882
2947,2947,Credit Card,Paid,51333
2948,2948,Net Banking,Paid,48057
2949,2949,Debit Card,Paid,23994
2950,2950,Debit Card,Paid,50372
2951,2951,Debit Card,Paid,2576
2952,2952,Net Banking,Paid,70132
2953,2953,Debit Card,Paid,81164
2954,2954,Debit Card,Paid,12700
2955,2955,COD,Paid,48276
2956,2956,Net Banking,Paid,29494
2957,2957,UPI,Paid,52027
2958,2958,Debit Card,Paid,41110
2959,2959,UPI,Paid,52867
2960,2960,COD,Paid,11826
2961,2961,Credit Card,Paid,18620
2962,2962,COD,Paid,38724
2963,2963,UPI,Paid,4211
2964,2964,Debit Card,Paid,28408
2965,2965,COD,Paid,23943
2966,2966,COD,Paid,46160
2967,2967,Net Banking,Paid,16618
2968,2968,COD,Paid,42370
2969,2969,UPI,Paid,23128
2970,2970,Credit Card,Paid,78608
2971,2971,COD,Paid,24168
2972,2972,Credit Card,Paid,9281
2973,2973,Net Banking,Paid,2170
2974,2974,Debit Card,Paid,47100
2975,2975,Net Banking,Paid,76592
2976,2976,Net Banking,Paid,24066
2977,2977,UPI,Paid,33087
2978,2978,Credit Card,Paid,29030
2979,2979,UPI,Paid,52118
2980,2980,COD,Paid,14648
2981,2981,Net Banking,Paid,29310
2982,2982,Net Banking,Paid,29679
2983,2983,UPI,Paid,51531
2984,2984,UPI,Paid,60801
2985,2985,Debit Card,Paid,61818
2986,2986,Net Banking,Paid,18254
2987,2987,UPI,Paid,54272
2988,2988,Net Banking,Paid,74164
2989,2989,UPI,Paid,44328
2990,2990,UPI,Paid,69826
2991,2991,COD,Paid,82526
2992,2992,Debit Card,Paid,47706
2993,2993,Debit Card,Paid,13366
2994,2994,Net Banking,Paid,31526
2995,2995,COD,Paid,6792
2996,2996,Debit Card,Paid,40964
2997,2997,Credit Card,Paid,63592
2998,2998,Net Banking,Paid,66210
2999,2999,COD,Paid,15564
3000,3000,COD,Paid,47459
3001,3001,Credit Card,Paid,18322
3002,3002,UPI,Paid,25114
3003,3003,UPI,Paid,18106
3004,3004,UPI,Paid,37122
3005,3005,Net Banking,Paid,5828
3006,3006,UPI,Paid,49626
3007,3007,COD,Paid,60753
3008,3008,COD,Paid,47098
3009,3009,Credit Card,Paid,37846
3010,3010,COD,Paid,54649
3011,3011,UPI,Paid,3103
3012,3012,Net Banking,Paid,21730
3013,3013,Debit Card,Paid,32886
3014,3014,Credit Card,Paid,27275
3015,3015,Net Banking,Paid,86887
3016,3016,Debit Card,Paid,62313
3017,3017,Debit Card,Paid,24922
3018,3018,Credit Card,Paid,12256
3019,3019,COD,Paid,42531
3020,3020,Debit Card,Paid,47223
3021,3021,UPI,Paid,49277
3022,3022,COD,Paid,56235
3023,3023,Net Banking,Paid,8317
3024,3024,Net Banking,Paid,46189
3025,3025,Debit Card,Paid,21172
3026,3026,COD,Paid,56277
3027,3027,Net Banking,Paid,26710
3028,3028,UPI,Paid,22675
3029,3029,COD,Paid,34293
3030,3030,Net Banking,Paid,23110
3031,3031,COD,Paid,44690
3032,3032,COD,Paid,15482
3033,3033,Credit Card,Paid,35701
3034,3034,Net Banking,Paid,38144
3035,3035,COD,Paid,26793
3036,3036,Net Banking,Paid,35364
3037,3037,UPI,Paid,78798
3038,3038,UPI,Paid,11560
3039,3039,COD,Paid,73032
3040,3040,Credit Card,Paid,24204
3041,3041,Net Banking,Paid,76607
3042,3042,UPI,Paid,901
3043,3043,UPI,Paid,39576
3044,3044,UPI,Paid,47499
3045,3045,COD,Paid,2620
3046,3046,COD,Paid,36210
3047,3047,Debit Card,Paid,7194
3048,3048,Credit Card,Paid,59184
3049,3049,Net Banking,Paid,73262
3050,3050,Credit Card,Paid,24090
3051,3051,Credit Card,Paid,21786
3052,3052,Net Banking,Paid,8557
3053,3053,Debit Card,Paid,64784
3054,3054,Net Banking,Paid,64167
3055,3055,Debit Card,Paid,28636
3056,3056,Debit Card,Paid,25568
3057,3057,UPI,Paid,78154
3058,3058,Credit Card,Paid,3778
3059,3059,COD,Paid,70534
3060,3060,COD,Paid,13310
3061,3061,Net Banking,Paid,1898
3062,3062,Credit Card,Paid,63976
3063,3063,Debit Card,Paid,44855
3064,3064,UPI,Paid,8650
3065,3065,Credit Card,Paid,8232
3066,3066,COD,Paid,51028
3067,3067,UPI,Paid,35924
3068,3068,UPI,Paid,21424
3069,3069,Net Banking,Paid,11240
3070,3070,COD,Paid,18640
3071,3071,Debit Card,Paid,39536
3072,3072,Debit Card,Paid,15112
3073,3073,UPI,Paid,46695
3074,3074,Net Banking,Paid,48120
3075,3075,UPI,Paid,45729
3076,3076,UPI,Paid,21136
3077,3077,Credit Card,Paid,55118
3078,3078,Net Banking,Paid,68319
3079,3079,UPI,Paid,8784
3080,3080,Debit Card,Paid,21915
3081,3081,Debit Card,Paid,24407
3082,3082,COD,Paid,12612
3083,3083,COD,Paid,70830
3084,3084,Debit Card,Paid,23414
3085,3085,COD,Paid,22738
3086,3086,UPI,Paid,58454
3087,3087,UPI,Paid,2108
3088,3088,Credit Card,Paid,22157
3089,3089,COD,Paid,4920
3090,3090,Credit Card,Paid,14392
3091,3091,Net Banking,Paid,24234
3092,3092,COD,Paid,12934
3093,3093,Net Banking,Paid,31795
3094,3094,COD,Paid,6650
3095,3095,COD,Paid,73097
3096,3096,UPI,Paid,15746
3097,3097,COD,Paid,39377
3098,3098,Net Banking,Paid,20924
3099,3099,UPI,Paid,27273
3100,3100,Net Banking,Paid,89694
3101,3101,COD,Paid,42324
3102,3102,Debit Card,Paid,37440
3103,3103,UPI,Paid,15360
3104,3104,Credit Card,Paid,28814
3105,3105,Net Banking,Paid,36569
3106,3106,Debit Card,Paid,39309
3107,3107,Credit Card,Paid,31801
3108,3108,UPI,Paid,9564
3109,3109,COD,Paid,16814
3110,3110,Debit Card,Paid,12751
3111,3111,Credit Card,Paid,41059
3112,3112,Debit Card,Paid,59600
3113,3113,Debit Card,Paid,46708
3114,3114,Debit Card,Paid,27482
3115,3115,Debit Card,Paid,86118
3116,3116,COD,Paid,20508
3117,3117,COD,Paid,36090
3118,3118,UPI,Paid,29910
3119,3119,Debit Card,Paid,66069
3120,3120,UPI,Paid,36248
3121,3121,Credit Card,Paid,31212
3122,3122,Debit Card,Paid,2862
3123,3123,UPI,Paid,43322
3124,3124,UPI,Paid,9407
3125,3125,Credit Card,Paid,30552
3126,3126,COD,Paid,43659
3127,3127,Net Banking,Paid,40744
3128,3128,COD,Paid,32446
3129,3129,Credit Card,Paid,6386
3130,3130,Credit Card,Paid,54486
3131,3131,COD,Paid,25219
3132,3132,Net Banking,Paid,35932
3133,3133,COD,Paid,46305
3134,3134,Debit Card,Paid,37176
3135,3135,Credit Card,Paid,93216
3136,3136,Net Banking,Paid,12037
3137,3137,Net Banking,Paid,35944
3138,3138,UPI,Paid,10297
3139,3139,UPI,Paid,16344
3140,3140,Debit Card,Paid,42030
3141,3141,Debit Card,Paid,48440
3142,3142,Net Banking,Paid,15138
3143,3143,Credit Card,Paid,45322
3144,3144,Net Banking,Paid,48986
3145,3145,UPI,Paid,51467
3146,3146,Credit Card,Paid,65321
3147,3147,COD,Paid,57599
3148,3148,Debit Card,Paid,25282
3149,3149,Net Banking,Paid,13283
3150,3150,UPI,Paid,22164
3151,3151,Net Banking,Paid,82129
3152,3152,UPI,Paid,12956
3153,3153,Net Banking,Paid,49711
3154,3154,COD,Paid,38704
3155,3155,COD,Paid,64814
3156,3156,Credit Card,Paid,2382
3157,3157,Credit Card,Paid,19707
3158,3158,UPI,Paid,5109
3159,3159,UPI,Paid,57859
3160,3160,Debit Card,Paid,29369
3161,3161,COD,Paid,40860
3162,3162,Debit Card,Paid,23896
3163,3163,COD,Paid,101604
3164,3164,Credit Card,Paid,18571
3165,3165,COD,Paid,16269
3166,3166,Net Banking,Paid,74509
3167,3167,Credit Card,Paid,13676
3168,3168,Net Banking,Paid,3380
3169,3169,Credit Card,Paid,7566
3170,3170,Net Banking,Paid,62306
3171,3171,Debit Card,Paid,26632
3172,3172,Debit Card,Paid,11145
3173,3173,Debit Card,Paid,27857
3174,3174,Net Banking,Paid,17996
3175,3175,Credit Card,Paid,9168
3176,3176,Credit Card,Paid,64274
3177,3177,Net Banking,Paid,28860
3178,3178,UPI,Paid,41245
3179,3179,Credit Card,Paid,27141
3180,3180,Net Banking,Paid,12174
3181,3181,Net Banking,Paid,3799
3182,3182,COD,Paid,21192
3183,3183,UPI,Paid,56643
3184,3184,COD,Paid,102899
3185,3185,Debit Card,Paid,19515
3186,3186,Credit Card,Paid,23736
3187,3187,COD,Paid,61608
3188,3188,UPI,Paid,71829
3189,3189,Debit Card,Paid,46569
3190,3190,Credit Card,Paid,4684
3191,3191,COD,Paid,109518
3192,3192,Debit Card,Paid,19389
3193,3193,COD,Paid,5097
3194,3194,COD,Paid,83996
3195,3195,COD,Paid,62139
3196,3196,UPI,Paid,21831
3197,3197,COD,Paid,73342
3198,3198,Credit Card,Paid,44858
3199,3199,UPI,Paid,76414
3200,3200,Net Banking,Paid,81298
3201,3201,Net Banking,Paid,18008
3202,3202,Credit Card,Paid,48106
3203,3203,Debit Card,Paid,25311
3204,3204,COD,Paid,53601
3205,3205,UPI,Paid,39642
3206,3206,Credit Card,Paid,65670
3207,3207,UPI,Paid,17509
3208,3208,Credit Card,Paid,15610
3209,3209,UPI,Paid,41121
3210,3210,COD,Paid,45052
3211,3211,Credit Card,Paid,23190
3212,3212,COD,Paid,32774
3213,3213,Credit Card,Paid,57385
3214,3214,UPI,Paid,56150
3215,3215,UPI,Paid,62799
3216,3216,Debit Card,Paid,25804
3217,3217,COD,Paid,13526
3218,3218,Debit Card,Paid,52418
3219,3219,UPI,Paid,8651
3220,3220,UPI,Paid,36291
3221,3221,UPI,Paid,50201
3222,3222,COD,Paid,14982
3223,3223,Net Banking,Paid,43961
3224,3224,Debit Card,Paid,4813
3225,3225,Debit Card,Paid,41766
3226,3226,Credit Card,Paid,34275
3227,3227,COD,Paid,63326
3228,3228,Net Banking,Paid,13289
3229,3229,UPI,Paid,35944
3230,3230,Debit Card,Paid,24236
3231,3231,UPI,Paid,16117
3232,3232,UPI,Paid,36166
3233,3233,COD,Paid,92082
3234,3234,COD,Paid,68308
3235,3235,UPI,Paid,39554
3236,3236,COD,Paid,8707
3237,3237,UPI,Paid,35938
3238,3238,Net Banking,Paid,13084
3239,3239,Credit Card,Paid,58005
3240,3240,Credit Card,Paid,59333
3241,3241,Credit Card,Paid,42516
3242,3242,UPI,Paid,28242
3243,3243,Net Banking,Paid,77038
3244,3244,Net Banking,Paid,18541
3245,3245,COD,Paid,65312
3246,3246,Credit Card,Paid,64020
3247,3247,Debit Card,Paid,37186
3248,3248,Credit Card,Paid,35252
3249,3249,Net Banking,Paid,31208
3250,3250,COD,Paid,65678
3251,3251,Net Banking,Paid,74807
3252,3252,Debit Card,Paid,46626
3253,3253,Debit Card,Paid,69294
3254,3254,COD,Paid,72809
3255,3255,Net Banking,Paid,66316
3256,3256,Net Banking,Paid,34352
3257,3257,COD,Paid,63815
3258,3258,COD,Paid,28779
3259,3259,Debit Card,Paid,65244
3260,3260,Debit Card,Paid,60746
3261,3261,Debit Card,Paid,80176
3262,3262,Debit Card,Paid,29360
3263,3263,COD,Paid,11549
3264,3264,Credit Card,Paid,2542
3265,3265,Credit Card,Paid,66386
3266,3266,Debit Card,Paid,13033
3267,3267,COD,Paid,36900
3268,3268,COD,Paid,7685
3269,3269,Debit Card,Paid,62517
3270,3270,UPI,Paid,8746
3271,3271,Net Banking,Paid,84696
3272,3272,Debit Card,Paid,15535
3273,3273,COD,Paid,42242
3274,3274,Net Banking,Paid,55358
3275,3275,Credit Card,Paid,48112
3276,3276,COD,Paid,39772
3277,3277,UPI,Paid,84973
3278,3278,UPI,Paid,17826
3279,3279,Net Banking,Paid,15910
3280,3280,Debit Card,Paid,70664
3281,3281,UPI,Paid,44522
3282,3282,UPI,Paid,8670
3283,3283,COD,Paid,65010
3284,3284,Credit Card,Paid,67192
3285,3285,Credit Card,Paid,41182
3286,3286,Net Banking,Paid,38733
3287,3287,COD,Paid,69202
3288,3288,UPI,Paid,35448
3289,3289,UPI,Paid,38456
3290,3290,Credit Card,Paid,64363
3291,3291,Net Banking,Paid,51601
3292,3292,Net Banking,Paid,45212
3293,3293,Debit Card,Paid,18517
3294,3294,UPI,Paid,20582
3295,3295,COD,Paid,27042
3296,3296,Credit Card,Paid,38793
3297,3297,COD,Paid,15826
3298,3298,Debit Card,Paid,104102
3299,3299,Credit Card,Paid,18569
3300,3300,COD,Paid,26458
3301,3301,UPI,Paid,31573
3302,3302,Debit Card,Paid,20423
3303,3303,Credit Card,Paid,122166
3304,3304,Net Banking,Paid,30361
3305,3305,UPI,Paid,33141
3306,3306,Credit Card,Paid,42684
3307,3307,COD,Paid,46574
3308,3308,UPI,Paid,31996
3309,3309,Credit Card,Paid,61611
3310,3310,Net Banking,Paid,48664
3311,3311,Credit Card,Paid,19374
3312,3312,Debit Card,Paid,55040
3313,3313,Debit Card,Paid,43633
3314,3314,Credit Card,Paid,41883
3315,3315,Net Banking,Paid,44651
3316,3316,Debit Card,Paid,22970
3317,3317,UPI,Paid,87184
3318,3318,COD,Paid,67490
3319,3319,Net Banking,Paid,20991
3320,3320,UPI,Paid,7783
3321,3321,Credit Card,Paid,21289
3322,3322,Net Banking,Paid,43882
3323,3323,Credit Card,Paid,45513
3324,3324,UPI,Paid,33507
3325,3325,Net Banking,Paid,29770
3326,3326,Debit Card,Paid,30138
3327,3327,Debit Card,Paid,6340
3328,3328,Debit Card,Paid,21550
3329,3329,COD,Paid,5850
3330,3330,Net Banking,Paid,33030
3331,3331,Credit Card,Paid,35289
3332,3332,Debit Card,Paid,77793
3333,3333,Credit Card,Paid,15859
3334,3334,COD,Paid,21953
3335,3335,UPI,Paid,4607
3336,3336,Net Banking,Paid,34438
3337,3337,UPI,Paid,39650
3338,3338,UPI,Paid,37653
3339,3339,Debit Card,Paid,31901
3340,3340,COD,Paid,57098
3341,3341,Debit Card,Paid,55217
3342,3342,Credit Card,Paid,6937
3343,3343,Credit Card,Paid,43810
3344,3344,COD,Paid,3258
3345,3345,COD,Paid,35403
3346,3346,Credit Card,Paid,15725
3347,3347,UPI,Paid,35086
3348,3348,Credit Card,Paid,28526
3349,3349,Net Banking,Paid,50048
3350,3350,Debit Card,Paid,72631
3351,3351,Net Banking,Paid,46318
3352,3352,Credit Card,Paid,1763
3353,3353,Credit Card,Paid,71665
3354,3354,Net Banking,Paid,63847
3355,3355,Credit Card,Paid,30696
3356,3356,Debit Card,Paid,22500
3357,3357,Net Banking,Paid,2404
3358,3358,UPI,Paid,20602
3359,3359,UPI,Paid,30191
3360,3360,Net Banking,Paid,24579
3361,3361,UPI,Paid,11238
3362,3362,Credit Card,Paid,18381
3363,3363,Debit Card,Paid,34180
3364,3364,Net Banking,Paid,48433
3365,3365,COD,Paid,24144
3366,3366,Net Banking,Paid,70195
3367,3367,UPI,Paid,65218
3368,3368,Credit Card,Paid,65910
3369,3369,UPI,Paid,31220
3370,3370,COD,Paid,2178
3371,3371,Net Banking,Paid,24703
3372,3372,COD,Paid,50194
3373,3373,UPI,Paid,3630
3374,3374,UPI,Paid,20574
3375,3375,Debit Card,Paid,74238
3376,3376,Debit Card,Paid,2297
3377,3377,UPI,Paid,35546
3378,3378,UPI,Paid,23877
3379,3379,UPI,Paid,28890
3380,3380,Net Banking,Paid,46537
3381,3381,Credit Card,Paid,38648
3382,3382,Net Banking,Paid,18786
3383,3383,Credit Card,Paid,42348
3384,3384,Debit Card,Paid,20118
3385,3385,UPI,Paid,31818
3386,3386,UPI,Paid,63602
3387,3387,Debit Card,Paid,37514
3388,3388,Debit Card,Paid,92613
3389,3389,UPI,Paid,66234
3390,3390,COD,Paid,65842
3391,3391,Net Banking,Paid,75927
3392,3392,Debit Card,Paid,31600
3393,3393,Credit Card,Paid,15406
3394,3394,Credit Card,Paid,27539
3395,3395,Debit Card,Paid,74136
3396,3396,Net Banking,Paid,19672
3397,3397,Debit Card,Paid,55490
3398,3398,UPI,Paid,85746
3399,3399,Net Banking,Paid,58979
3400,3400,COD,Paid,96124
3401,3401,Credit Card,Paid,14922
3402,3402,Credit Card,Paid,40559
3403,3403,UPI,Paid,75548
3404,3404,UPI,Paid,63737
3405,3405,COD,Paid,31169
3406,3406,COD,Paid,10072
3407,3407,Debit Card,Paid,64015
3408,3408,Net Banking,Paid,36579
3409,3409,Credit Card,Paid,29201
3410,3410,COD,Paid,43470
3411,3411,UPI,Paid,25802
3412,3412,Credit Card,Paid,66194
3413,3413,Debit Card,Paid,58731
3414,3414,Credit Card,Paid,45834
3415,3415,Credit Card,Paid,59456
3416,3416,UPI,Paid,22208
3417,3417,Net Banking,Paid,47178
3418,3418,UPI,Paid,15408
3419,3419,Net Banking,Paid,19506
3420,3420,Debit Card,Paid,60546
3421,3421,Debit Card,Paid,24526
3422,3422,Debit Card,Paid,52794
3423,3423,Net Banking,Paid,83608
3424,3424,COD,Paid,24000
3425,3425,UPI,Paid,70490
3426,3426,Net Banking,Paid,27710
3427,3427,COD,Paid,13262
3428,3428,Debit Card,Paid,37550
3429,3429,Debit Card,Paid,2559
3430,3430,Debit Card,Paid,35736
3431,3431,Net Banking,Paid,43767
3432,3432,UPI,Paid,56035
3433,3433,UPI,Paid,2788
3434,3434,Credit Card,Paid,37726
3435,3435,Debit Card,Paid,60491
3436,3436,Debit Card,Paid,36726
3437,3437,COD,Paid,28412
3438,3438,UPI,Paid,25439
3439,3439,Net Banking,Paid,67434
3440,3440,Net Banking,Paid,21406
3441,3441,Credit Card,Paid,4039
3442,3442,Debit Card,Paid,73193
3443,3443,Credit Card,Paid,29292
3444,3444,Net Banking,Paid,47954
3445,3445,Net Banking,Paid,56102
3446,3446,UPI,Paid,41534
3447,3447,Debit Card,Paid,6908
3448,3448,Credit Card,Paid,11263
3449,3449,UPI,Paid,51565
3450,3450,Debit Card,Paid,48504
3451,3451,Credit Card,Paid,14678
3452,3452,COD,Paid,19406
3453,3453,COD,Paid,22860
3454,3454,Net Banking,Paid,17989
3455,3455,Credit Card,Paid,43254
3456,3456,Credit Card,Paid,36246
3457,3457,Net Banking,Paid,10922
3458,3458,Debit Card,Paid,12985
3459,3459,Net Banking,Paid,9310
3460,3460,Net Banking,Paid,48990
3461,3461,COD,Paid,33839
3462,3462,COD,Paid,24158
3463,3463,UPI,Paid,31794
3464,3464,Credit Card,Paid,58581
3465,3465,UPI,Paid,4579
3466,3466,Debit Card,Paid,56060
3467,3467,Credit Card,Paid,13094
3468,3468,COD,Paid,32848
3469,3469,Net Banking,Paid,14368
3470,3470,Debit Card,Paid,32499
3471,3471,Credit Card,Paid,48266
3472,3472,Debit Card,Paid,22420
3473,3473,COD,Paid,49674
3474,3474,COD,Paid,26960
3475,3475,UPI,Paid,4003
3476,3476,COD,Paid,69730
3477,3477,Debit Card,Paid,31790
3478,3478,Net Banking,Paid,7821
3479,3479,Credit Card,Paid,23450
3480,3480,Credit Card,Paid,58872
3481,3481,COD,Paid,24649
3482,3482,Debit Card,Paid,41956
3483,3483,Credit Card,Paid,32696
3484,3484,Debit Card,Paid,67756
3485,3485,Credit Card,Paid,134150
3486,3486,Credit Card,Paid,64990
3487,3487,Net Banking,Paid,7430
3488,3488,COD,Paid,23240
3489,3489,UPI,Paid,59959
3490,3490,Credit Card,Paid,95872
3491,3491,COD,Paid,85596
3492,3492,UPI,Paid,31880
3493,3493,COD,Paid,16164
3494,3494,Credit Card,Paid,60675
3495,3495,Debit Card,Paid,49023
3496,3496,COD,Paid,21071
3497,3497,Debit Card,Paid,30488
3498,3498,COD,Paid,1241
3499,3499,UPI,Paid,42574
3500,3500,Debit Card,Paid,11994
3501,3501,Net Banking,Paid,23513
3502,3502,Net Banking,Paid,3563
3503,3503,Debit Card,Paid,6616
3504,3504,Credit Card,Paid,60225
3505,3505,Net Banking,Paid,10780
3506,3506,Net Banking,Paid,20232
3507,3507,COD,Paid,36128
3508,3508,COD,Paid,40620
3509,3509,Net Banking,Paid,9122
3510,3510,COD,Paid,52434
3511,3511,Debit Card,Paid,4920
3512,3512,Debit Card,Paid,78929
3513,3513,Debit Card,Paid,33022
3514,3514,Credit Card,Paid,5257
3515,3515,Debit Card,Paid,60182
3516,3516,UPI,Paid,61800
3517,3517,COD,Paid,13884
3518,3518,UPI,Paid,17887
3519,3519,Debit Card,Paid,17596
3520,3520,Credit Card,Paid,59950
3521,3521,Debit Card,Paid,14488
3522,3522,UPI,Paid,7918
3523,3523,UPI,Paid,5162
3524,3524,COD,Paid,28192
3525,3525,Debit Card,Paid,16785
3526,3526,Net Banking,Paid,12258
3527,3527,Credit Card,Paid,6688
3528,3528,Debit Card,Paid,42946
3529,3529,Credit Card,Paid,38586
3530,3530,Credit Card,Paid,21482
3531,3531,UPI,Paid,26642
3532,3532,Debit Card,Paid,50236
3533,3533,Credit Card,Paid,27332
3534,3534,COD,Paid,5922
3535,3535,Debit Card,Paid,6731
3536,3536,UPI,Paid,22052
3537,3537,UPI,Paid,21910
3538,3538,COD,Paid,17083
3539,3539,Credit Card,Paid,26814
3540,3540,UPI,Paid,35148
3541,3541,COD,Paid,16421
3542,3542,UPI,Paid,11390
3543,3543,COD,Paid,107622
3544,3544,Credit Card,Paid,28497
3545,3545,COD,Paid,35832
3546,3546,Debit Card,Paid,22044
3547,3547,COD,Paid,15980
3548,3548,Debit Card,Paid,69875
3549,3549,Net Banking,Paid,27475
3550,3550,Net Banking,Paid,33930
3551,3551,UPI,Paid,49502
3552,3552,UPI,Paid,13115
3553,3553,COD,Paid,40010
3554,3554,Net Banking,Paid,45985
3555,3555,UPI,Paid,95340
3556,3556,Credit Card,Paid,23555
3557,3557,Credit Card,Paid,49987
3558,3558,COD,Paid,6555
3559,3559,Debit Card,Paid,8941
3560,3560,UPI,Paid,28380
3561,3561,Debit Card,Paid,2302
3562,3562,Debit Card,Paid,17304
3563,3563,COD,Paid,89926
3564,3564,COD,Paid,79444
3565,3565,Credit Card,Paid,21301
3566,3566,Credit Card,Paid,11004
3567,3567,COD,Paid,15964
3568,3568,Credit Card,Paid,50240
3569,3569,Net Banking,Paid,84741
3570,3570,UPI,Paid,46358
3571,3571,Debit Card,Paid,68296
3572,3572,Net Banking,Paid,32630
3573,3573,Net Banking,Paid,65838
3574,3574,Credit Card,Paid,54534
3575,3575,Credit Card,Paid,3022
3576,3576,COD,Paid,63135
3577,3577,Debit Card,Paid,41565
3578,3578,UPI,Paid,3579
3579,3579,Credit Card,Paid,17484
3580,3580,Net Banking,Paid,10388
3581,3581,Credit Card,Paid,25446
3582,3582,UPI,Paid,60700
3583,3583,Debit Card,Paid,15095
3584,3584,Credit Card,Paid,24736
3585,3585,UPI,Paid,45681
3586,3586,UPI,Paid,62806
3587,3587,Debit Card,Paid,15584
3588,3588,Net Banking,Paid,27354
3589,3589,Credit Card,Paid,32305
3590,3590,Debit Card,Paid,15701
3591,3591,Net Banking,Paid,63558
3592,3592,COD,Paid,42970
3593,3593,Debit Card,Paid,37357
3594,3594,Net Banking,Paid,66424
3595,3595,COD,Paid,43478
3596,3596,COD,Paid,4268
3597,3597,UPI,Paid,47964
3598,3598,UPI,Paid,47036
3599,3599,Credit Card,Paid,71415
3600,3600,Debit Card,Paid,50131
3601,3601,Net Banking,Paid,20759
3602,3602,Net Banking,Paid,15323
3603,3603,Net Banking,Paid,23147
3604,3604,COD,Paid,31896
3605,3605,COD,Paid,7308
3606,3606,COD,Paid,2250
3607,3607,COD,Paid,22576
3608,3608,Debit Card,Paid,2538
3609,3609,UPI,Paid,48776
3610,3610,Net Banking,Paid,44100
3611,3611,COD,Paid,44977
3612,3612,Credit Card,Paid,61039
3613,3613,Net Banking,Paid,29712
3614,3614,Credit Card,Paid,34004
3615,3615,UPI,Paid,1277
3616,3616,Debit Card,Paid,42575
3617,3617,COD,Paid,70415
3618,3618,UPI,Paid,22856
3619,3619,Credit Card,Paid,21020
3620,3620,Credit Card,Paid,32046
3621,3621,Net Banking,Paid,63069
3622,3622,COD,Paid,73759
3623,3623,Debit Card,Paid,9443
3624,3624,COD,Paid,62932
3625,3625,COD,Paid,24488
3626,3626,Credit Card,Paid,42828
3627,3627,COD,Paid,60383
3628,3628,Net Banking,Paid,43272
3629,3629,UPI,Paid,43824
3630,3630,Credit Card,Paid,54740
3631,3631,Debit Card,Paid,14678
3632,3632,Net Banking,Paid,46756
3633,3633,Debit Card,Paid,83708
3634,3634,Debit Card,Paid,55802
3635,3635,UPI,Paid,50955
3636,3636,Debit Card,Paid,71002
3637,3637,UPI,Paid,17922
3638,3638,Credit Card,Paid,20977
3639,3639,UPI,Paid,36416
3640,3640,Net Banking,Paid,58540
3641,3641,Credit Card,Paid,37604
3642,3642,UPI,Paid,30095
3643,3643,COD,Paid,14445
3644,3644,Debit Card,Paid,30168
3645,3645,Credit Card,Paid,44086
3646,3646,Debit Card,Paid,4139
3647,3647,Net Banking,Paid,14728
3648,3648,UPI,Paid,10307
3649,3649,Debit Card,Paid,7212
3650,3650,COD,Paid,45043
3651,3651,COD,Paid,10200
3652,3652,UPI,Paid,6745
3653,3653,Debit Card,Paid,43798
3654,3654,COD,Paid,46386
3655,3655,Debit Card,Paid,16997
3656,3656,UPI,Paid,24333
3657,3657,Net Banking,Paid,64984
3658,3658,COD,Paid,21143
3659,3659,Credit Card,Paid,32118
3660,3660,Debit Card,Paid,31332
3661,3661,UPI,Paid,42846
3662,3662,Debit Card,Paid,15634
3663,3663,Net Banking,Paid,23233
3664,3664,Credit Card,Paid,15317
3665,3665,UPI,Paid,14125
3666,3666,COD,Paid,18151
3667,3667,COD,Paid,28596
3668,3668,Credit Card,Paid,6893
3669,3669,COD,Paid,80170
3670,3670,Credit Card,Paid,2775
3671,3671,Debit Card,Paid,2091
3672,3672,Debit Card,Paid,32832
3673,3673,UPI,Paid,15104
3674,3674,Net Banking,Paid,1054
3675,3675,COD,Paid,32075
3676,3676,UPI,Paid,19066
3677,3677,COD,Paid,51440
3678,3678,Debit Card,Paid,41464
3679,3679,Debit Card,Paid,30107
3680,3680,COD,Paid,21354
3681,3681,Net Banking,Paid,84512
3682,3682,Credit Card,Paid,38609
3683,3683,UPI,Paid,36986
3684,3684,Net Banking,Paid,19668
3685,3685,COD,Paid,40988
3686,3686,Net Banking,Paid,16636
3687,3687,Net Banking,Paid,84356
3688,3688,UPI,Paid,15255
3689,3689,UPI,Paid,73362
3690,3690,UPI,Paid,13134
3691,3691,COD,Paid,12454
3692,3692,Debit Card,Paid,37588
3693,3693,Debit Card,Paid,41454
3694,3694,Debit Card,Paid,21265
3695,3695,Net Banking,Paid,26696
3696,3696,Credit Card,Paid,80002
3697,3697,Debit Card,Paid,12460
3698,3698,UPI,Paid,8714
3699,3699,Debit Card,Paid,12138
3700,3700,Net Banking,Paid,33614
3701,3701,Net Banking,Paid,37276
3702,3702,UPI,Paid,20693
3703,3703,Net Banking,Paid,54143
3704,3704,COD,Paid,10676
3705,3705,Credit Card,Paid,51296
3706,3706,Credit Card,Paid,41230
3707,3707,COD,Paid,18500
3708,3708,Net Banking,Paid,40726
3709,3709,Net Banking,Paid,43911
3710,3710,UPI,Paid,55714
3711,3711,Debit Card,Paid,44866
3712,3712,UPI,Paid,12727
3713,3713,UPI,Paid,36385
3714,3714,Debit Card,Paid,53184
3715,3715,Net Banking,Paid,54558
3716,3716,Debit Card,Paid,34210
3717,3717,UPI,Paid,61795
3718,3718,Net Banking,Paid,55576
3719,3719,UPI,Paid,20444
3720,3720,Net Banking,Paid,42581
3721,3721,Credit Card,Paid,14804
3722,3722,Net Banking,Paid,10034
3723,3723,Net Banking,Paid,22518
3724,3724,COD,Paid,28551
3725,3725,Net Banking,Paid,37072
3726,3726,Net Banking,Paid,3090
3727,3727,COD,Paid,27946
3728,3728,Debit Card,Paid,5177
3729,3729,Net Banking,Paid,33744
3730,3730,Net Banking,Paid,16933
3731,3731,UPI,Paid,34496
3732,3732,COD,Paid,37414
3733,3733,Credit Card,Paid,44516
3734,3734,Debit Card,Paid,21415
3735,3735,Debit Card,Paid,7960
3736,3736,Credit Card,Paid,4866
3737,3737,COD,Paid,49192
3738,3738,COD,Paid,50828
3739,3739,Net Banking,Paid,35712
3740,3740,COD,Paid,86298
3741,3741,COD,Paid,28235
3742,3742,COD,Paid,28520
3743,3743,Debit Card,Paid,46260
3744,3744,Credit Card,Paid,32589
3745,3745,COD,Paid,24144
3746,3746,Net Banking,Paid,67199
3747,3747,COD,Paid,45541
3748,3748,UPI,Paid,26628
3749,3749,COD,Paid,16417
3750,3750,UPI,Paid,68009
3751,3751,Net Banking,Paid,15890
3752,3752,Credit Card,Paid,44453
3753,3753,COD,Paid,16825
3754,3754,Credit Card,Paid,25682
3755,3755,Debit Card,Paid,43110
3756,3756,COD,Paid,50900
3757,3757,COD,Paid,7119
3758,3758,Net Banking,Paid,8816
3759,3759,UPI,Paid,21984
3760,3760,Net Banking,Paid,90815
3761,3761,COD,Paid,55536
3762,3762,Credit Card,Paid,73634
3763,3763,UPI,Paid,72816
3764,3764,Credit Card,Paid,48019
3765,3765,Debit Card,Paid,16118
3766,3766,Credit Card,Paid,51268
3767,3767,Net Banking,Paid,71338
3768,3768,Net Banking,Paid,2614
3769,3769,Debit Card,Paid,87456
3770,3770,Net Banking,Paid,45952
3771,3771,Credit Card,Paid,49524
3772,3772,UPI,Paid,45966
3773,3773,Net Banking,Paid,25334
3774,3774,UPI,Paid,44012
3775,3775,Debit Card,Paid,39512
3776,3776,Debit Card,Paid,49739
3777,3777,Net Banking,Paid,24720
3778,3778,Credit Card,Paid,20533
3779,3779,Credit Card,Paid,13426
3780,3780,COD,Paid,23179
3781,3781,Debit Card,Paid,32091
3782,3782,Debit Card,Paid,13186
3783,3783,Net Banking,Paid,4844
3784,3784,COD,Paid,83975
3785,3785,UPI,Paid,88034
3786,3786,Debit Card,Paid,54792
3787,3787,UPI,Paid,50259
3788,3788,Credit Card,Paid,53663
3789,3789,Debit Card,Paid,68695
3790,3790,Credit Card,Paid,56036
3791,3791,UPI,Paid,17952
3792,3792,Debit Card,Paid,90828
3793,3793,Debit Card,Paid,55817
3794,3794,Credit Card,Paid,46048
3795,3795,Credit Card,Paid,37856
3796,3796,Net Banking,Paid,68803
3797,3797,Net Banking,Paid,11913
3798,3798,COD,Paid,37798
3799,3799,UPI,Paid,91968
3800,3800,Credit Card,Paid,9028
3801,3801,Net Banking,Paid,56646
3802,3802,Credit Card,Paid,28860
3803,3803,UPI,Paid,16500
3804,3804,UPI,Paid,11852
3805,3805,COD,Paid,4294
3806,3806,Net Banking,Paid,36439
3807,3807,Debit Card,Paid,54653
3808,3808,Debit Card,Paid,4241
3809,3809,COD,Paid,21319
3810,3810,Credit Card,Paid,18168
3811,3811,Credit Card,Paid,14872
3812,3812,Credit Card,Paid,4448
3813,3813,Net Banking,Paid,26065
3814,3814,Debit Card,Paid,57236
3815,3815,UPI,Paid,12977
3816,3816,COD,Paid,23450
3817,3817,Net Banking,Paid,77549
3818,3818,COD,Paid,28963
3819,3819,Net Banking,Paid,30253
3820,3820,COD,Paid,26855
3821,3821,UPI,Paid,42054
3822,3822,UPI,Paid,48672
3823,3823,UPI,Paid,6948
3824,3824,Credit Card,Paid,8150
3825,3825,Credit Card,Paid,124276
3826,3826,Credit Card,Paid,65299
3827,3827,Credit Card,Paid,5453
3828,3828,Credit Card,Paid,56521
3829,3829,Net Banking,Paid,37076
3830,3830,Credit Card,Paid,22573
3831,3831,COD,Paid,27359
3832,3832,Debit Card,Paid,43376
3833,3833,UPI,Paid,16396
3834,3834,Credit Card,Paid,40629
3835,3835,UPI,Paid,17667
3836,3836,Net Banking,Paid,41066
3837,3837,Credit Card,Paid,37322
3838,3838,COD,Paid,105228
3839,3839,UPI,Paid,40988
3840,3840,Credit Card,Paid,41417
3841,3841,Debit Card,Paid,30562
3842,3842,Debit Card,Paid,6962
3843,3843,UPI,Paid,20048
3844,3844,Net Banking,Paid,70538
3845,3845,COD,Paid,91926
3846,3846,UPI,Paid,24079
3847,3847,UPI,Paid,12684
3848,3848,UPI,Paid,70165
3849,3849,Debit Card,Paid,49752
3850,3850,Debit Card,Paid,8395
3851,3851,Credit Card,Paid,9187
3852,3852,UPI,Paid,8210
3853,3853,UPI,Paid,35948
3854,3854,Net Banking,Paid,4722
3855,3855,Net Banking,Paid,70827
3856,3856,UPI,Paid,7624
3857,3857,Net Banking,Paid,17653
3858,3858,UPI,Paid,32395
3859,3859,COD,Paid,36257
3860,3860,Debit Card,Paid,59087
3861,3861,Credit Card,Paid,42682
3862,3862,Net Banking,Paid,63011
3863,3863,COD,Paid,13259
3864,3864,Debit Card,Paid,31598
3865,3865,Credit Card,Paid,48588
3866,3866,COD,Paid,55009
3867,3867,Credit Card,Paid,47030
3868,3868,UPI,Paid,21222
3869,3869,Debit Card,Paid,37236
3870,3870,Credit Card,Paid,42239
3871,3871,Net Banking,Paid,11703
3872,3872,Net Banking,Paid,64742
3873,3873,COD,Paid,7244
3874,3874,UPI,Paid,14567
3875,3875,Credit Card,Paid,100215
3876,3876,UPI,Paid,10932
3877,3877,UPI,Paid,2944
3878,3878,Credit Card,Paid,30664
3879,3879,Debit Card,Paid,22180
3880,3880,Net Banking,Paid,53278
3881,3881,Credit Card,Paid,71368
3882,3882,UPI,Paid,63964
3883,3883,COD,Paid,45476
3884,3884,COD,Paid,38423
3885,3885,Credit Card,Paid,60682
3886,3886,Net Banking,Paid,101388
3887,3887,Credit Card,Paid,111928
3888,3888,UPI,Paid,60165
3889,3889,UPI,Paid,35167
3890,3890,Credit Card,Paid,8517
3891,3891,Credit Card,Paid,78424
3892,3892,Credit Card,Paid,23552
3893,3893,Debit Card,Paid,89757
3894,3894,Debit Card,Paid,66285
3895,3895,UPI,Paid,59013
3896,3896,COD,Paid,21966
3897,3897,UPI,Paid,13616
3898,3898,Debit Card,Paid,50250
3899,3899,Debit Card,Paid,28210
3900,3900,UPI,Paid,61315
3901,3901,Net Banking,Paid,26760
3902,3902,Net Banking,Paid,39280
3903,3903,Net Banking,Paid,59803
3904,3904,UPI,Paid,39353
3905,3905,UPI,Paid,31652
3906,3906,Credit Card,Paid,70476
3907,3907,Debit Card,Paid,73788
3908,3908,Debit Card,Paid,70963
3909,3909,Debit Card,Paid,34672
3910,3910,Debit Card,Paid,24772
3911,3911,COD,Paid,89296
3912,3912,COD,Paid,18666
3913,3913,Debit Card,Paid,41560
3914,3914,Net Banking,Paid,55738
3915,3915,Debit Card,Paid,43182
3916,3916,Net Banking,Paid,71391
3917,3917,Credit Card,Paid,19795
3918,3918,Credit Card,Paid,56757
3919,3919,Net Banking,Paid,20161
3920,3920,Net Banking,Paid,36725
3921,3921,Net Banking,Paid,34833
3922,3922,Net Banking,Paid,48230
3923,3923,COD,Paid,24766
3924,3924,UPI,Paid,46318
3925,3925,Net Banking,Paid,40756
3926,3926,UPI,Paid,38768
3927,3927,Net Banking,Paid,89100
3928,3928,Debit Card,Paid,7178
3929,3929,COD,Paid,27248
3930,3930,Debit Card,Paid,18118
3931,3931,Net Banking,Paid,57353
3932,3932,UPI,Paid,79552
3933,3933,Net Banking,Paid,21496
3934,3934,UPI,Paid,35242
3935,3935,UPI,Paid,31412
3936,3936,Net Banking,Paid,19559
3937,3937,Credit Card,Paid,37069
3938,3938,Credit Card,Paid,7964
3939,3939,Net Banking,Paid,33352
3940,3940,Debit Card,Paid,64504
3941,3941,Net Banking,Paid,16157
3942,3942,Credit Card,Paid,22472
3943,3943,Debit Card,Paid,17320
3944,3944,Net Banking,Paid,24388
3945,3945,Net Banking,Paid,21414
3946,3946,COD,Paid,16106
3947,3947,UPI,Paid,7610
3948,3948,Credit Card,Paid,39617
3949,3949,UPI,Paid,7919
3950,3950,UPI,Paid,38143
3951,3951,Net Banking,Paid,68440
3952,3952,UPI,Paid,33464
3953,3953,UPI,Paid,51960
3954,3954,UPI,Paid,44174
3955,3955,Debit Card,Paid,55755
3956,3956,UPI,Paid,91854
3957,3957,UPI,Paid,16202
3958,3958,COD,Paid,41592
3959,3959,COD,Paid,47546
3960,3960,COD,Paid,67416
3961,3961,Net Banking,Paid,46476
3962,3962,Credit Card,Paid,27572
3963,3963,Debit Card,Paid,71200
3964,3964,Net Banking,Paid,49964
3965,3965,COD,Paid,36945
3966,3966,Debit Card,Paid,21674
3967,3967,Net Banking,Paid,27048
3968,3968,UPI,Paid,4384
3969,3969,COD,Paid,61698
3970,3970,Net Banking,Paid,57390
3971,3971,UPI,Paid,40279
3972,3972,COD,Paid,25102
3973,3973,Debit Card,Paid,46704
3974,3974,Credit Card,Paid,79848
3975,3975,Credit Card,Paid,18295
3976,3976,Net Banking,Paid,78219
3977,3977,Debit Card,Paid,37348
3978,3978,Credit Card,Paid,10907
3979,3979,Net Banking,Paid,34185
3980,3980,Net Banking,Paid,29602
3981,3981,Net Banking,Paid,30280
3982,3982,Debit Card,Paid,36090
3983,3983,Debit Card,Paid,22738
3984,3984,Net Banking,Paid,33062
3985,3985,Credit Card,Paid,33683
3986,3986,Credit Card,Paid,6372
3987,3987,COD,Paid,18346
3988,3988,Credit Card,Paid,17756
3989,3989,Credit Card,Paid,57914
3990,3990,UPI,Paid,21918
3991,3991,COD,Paid,82534
3992,3992,Net Banking,Paid,16524
3993,3993,Net Banking,Paid,10776
3994,3994,Credit Card,Paid,49690
3995,3995,Credit Card,Paid,49394
3996,3996,COD,Paid,4991
3997,3997,Debit Card,Paid,59706
3998,3998,Debit Card,Paid,72895
3999,3999,Credit Card,Paid,12056
4000,4000,UPI,Paid,45580
4001,4001,UPI,Paid,14002
4002,4002,COD,Paid,50417
4003,4003,Net Banking,Paid,21145
4004,4004,Credit Card,Paid,19366
4005,4005,UPI,Paid,66238
4006,4006,UPI,Paid,9718
4007,4007,Credit Card,Paid,56984
4008,4008,Debit Card,Paid,31568
4009,4009,Net Banking,Paid,29479
4010,4010,Debit Card,Paid,15468
4011,4011,UPI,Paid,19613
4012,4012,UPI,Paid,31434
4013,4013,UPI,Paid,50549
4014,4014,Net Banking,Paid,20091
4015,4015,Net Banking,Paid,61565
4016,4016,COD,Paid,50153
4017,4017,COD,Paid,70528
4018,4018,Debit Card,Paid,81285
4019,4019,Credit Card,Paid,25614
4020,4020,Debit Card,Paid,87175
4021,4021,UPI,Paid,13465
4022,4022,Net Banking,Paid,24427
4023,4023,Credit Card,Paid,16544
4024,4024,UPI,Paid,9330
4025,4025,Credit Card,Paid,29271
4026,4026,UPI,Paid,78226
4027,4027,Debit Card,Paid,56383
4028,4028,UPI,Paid,11518
4029,4029,UPI,Paid,59904
4030,4030,Credit Card,Paid,46418
4031,4031,Credit Card,Paid,12434
4032,4032,Net Banking,Paid,4149
4033,4033,UPI,Paid,64382
4034,4034,Debit Card,Paid,4080
4035,4035,Net Banking,Paid,48181
4036,4036,COD,Paid,20898
4037,4037,UPI,Paid,5050
4038,4038,Credit Card,Paid,71660
4039,4039,Net Banking,Paid,109670
4040,4040,Credit Card,Paid,32694
4041,4041,COD,Paid,49004
4042,4042,Debit Card,Paid,71065
4043,4043,Credit Card,Paid,14712
4044,4044,Net Banking,Paid,10995
4045,4045,Debit Card,Paid,40025
4046,4046,Debit Card,Paid,54182
4047,4047,Net Banking,Paid,61307
4048,4048,UPI,Paid,55196
4049,4049,COD,Paid,33509
4050,4050,COD,Paid,82774
4051,4051,COD,Paid,39955
4052,4052,UPI,Paid,30926
4053,4053,Net Banking,Paid,73536
4054,4054,Net Banking,Paid,14955
4055,4055,Credit Card,Paid,23362
4056,4056,COD,Paid,57100
4057,4057,Credit Card,Paid,18231
4058,4058,COD,Paid,38455
4059,4059,Net Banking,Paid,44369
4060,4060,Net Banking,Paid,39055
4061,4061,Debit Card,Paid,8383
4062,4062,Credit Card,Paid,32286
4063,4063,Debit Card,Paid,84524
4064,4064,UPI,Paid,21116
4065,4065,Credit Card,Paid,76124
4066,4066,COD,Paid,53771
4067,4067,Net Banking,Paid,4320
4068,4068,COD,Paid,9314
4069,4069,Debit Card,Paid,59390
4070,4070,COD,Paid,103456
4071,4071,COD,Paid,22855
4072,4072,COD,Paid,61040
4073,4073,Net Banking,Paid,48190
4074,4074,Credit Card,Paid,18075
4075,4075,COD,Paid,22580
4076,4076,COD,Paid,59304
4077,4077,Credit Card,Paid,84290
4078,4078,COD,Paid,47492
4079,4079,Debit Card,Paid,43371
4080,4080,Debit Card,Paid,84758
4081,4081,Net Banking,Paid,11750
4082,4082,Net Banking,Paid,5680
4083,4083,Net Banking,Paid,45503
4084,4084,UPI,Paid,46205
4085,4085,UPI,Paid,47960
4086,4086,Credit Card,Paid,33739
4087,4087,COD,Paid,22227
4088,4088,Credit Card,Paid,10872
4089,4089,COD,Paid,20691
4090,4090,Credit Card,Paid,14800
4091,4091,Net Banking,Paid,5718
4092,4092,Credit Card,Paid,49264
4093,4093,Debit Card,Paid,46073
4094,4094,Credit Card,Paid,13632
4095,4095,Debit Card,Paid,88937
4096,4096,Debit Card,Paid,4168
4097,4097,UPI,Paid,21655
4098,4098,Debit Card,Paid,18612
4099,4099,Debit Card,Paid,20890
4100,4100,Net Banking,Paid,97323
4101,4101,COD,Paid,70647
4102,4102,Net Banking,Paid,44190
4103,4103,Net Banking,Paid,44385
4104,4104,COD,Paid,51741
4105,4105,Debit Card,Paid,108776
4106,4106,COD,Paid,58948
4107,4107,COD,Paid,2938
4108,4108,Debit Card,Paid,49646
4109,4109,COD,Paid,64779
4110,4110,Debit Card,Paid,48103
4111,4111,Debit Card,Paid,53955
4112,4112,UPI,Paid,7351
4113,4113,COD,Paid,1879
4114,4114,Net Banking,Paid,18287
4115,4115,UPI,Paid,14328
4116,4116,UPI,Paid,18326
4117,4117,Credit Card,Paid,54375
4118,4118,UPI,Paid,37438
4119,4119,COD,Paid,17512
4120,4120,UPI,Paid,36685
4121,4121,Debit Card,Paid,50355
4122,4122,COD,Paid,30818
4123,4123,Credit Card,Paid,53973
4124,4124,Net Banking,Paid,12730
4125,4125,Debit Card,Paid,52719
4126,4126,COD,Paid,25324
4127,4127,Net Banking,Paid,37152
4128,4128,Net Banking,Paid,42570
4129,4129,COD,Paid,21358
4130,4130,Debit Card,Paid,21728
4131,4131,Debit Card,Paid,47230
4132,4132,Debit Card,Paid,2026
4133,4133,Debit Card,Paid,71544
4134,4134,Credit Card,Paid,65299
4135,4135,Credit Card,Paid,28978
4136,4136,COD,Paid,20754
4137,4137,UPI,Paid,89802
4138,4138,Credit Card,Paid,15957
4139,4139,Credit Card,Paid,7770
4140,4140,UPI,Paid,26224
4141,4141,Credit Card,Paid,54936
4142,4142,COD,Paid,27242
4143,4143,UPI,Paid,60831
4144,4144,Net Banking,Paid,77101
4145,4145,Credit Card,Paid,34280
4146,4146,Credit Card,Paid,45043
4147,4147,UPI,Paid,70842
4148,4148,UPI,Paid,82536
4149,4149,COD,Paid,94756
4150,4150,Credit Card,Paid,19582
4151,4151,COD,Paid,34936
4152,4152,Net Banking,Paid,18681
4153,4153,UPI,Paid,22909
4154,4154,UPI,Paid,34097
4155,4155,Debit Card,Paid,53624
4156,4156,Net Banking,Paid,32889
4157,4157,COD,Paid,33744
4158,4158,Debit Card,Paid,14816
4159,4159,Net Banking,Paid,68874
4160,4160,COD,Paid,46033
4161,4161,COD,Paid,60817
4162,4162,COD,Paid,5697
4163,4163,Debit Card,Paid,39988
4164,4164,COD,Paid,55986
4165,4165,Credit Card,Paid,31042
4166,4166,UPI,Paid,48627
4167,4167,Debit Card,Paid,21618
4168,4168,Net Banking,Paid,43382
4169,4169,UPI,Paid,68454
4170,4170,Debit Card,Paid,22555
4171,4171,COD,Paid,26002
4172,4172,UPI,Paid,45584
4173,4173,Net Banking,Paid,45309
4174,4174,COD,Paid,20794
4175,4175,Credit Card,Paid,32946
4176,4176,Debit Card,Paid,40113
4177,4177,UPI,Paid,32000
4178,4178,Net Banking,Paid,39457
4179,4179,Credit Card,Paid,74086
4180,4180,Debit Card,Paid,45360
4181,4181,Credit Card,Paid,58760
4182,4182,Net Banking,Paid,84423
4183,4183,UPI,Paid,31794
4184,4184,Net Banking,Paid,13093
4185,4185,UPI,Paid,14593
4186,4186,Debit Card,Paid,69196
4187,4187,Credit Card,Paid,2286
4188,4188,Net Banking,Paid,73210
4189,4189,UPI,Paid,43835
4190,4190,COD,Paid,24837
4191,4191,Credit Card,Paid,22330
4192,4192,UPI,Paid,27579
4193,4193,Credit Card,Paid,28808
4194,4194,COD,Paid,48728
4195,4195,Net Banking,Paid,36578
4196,4196,COD,Paid,74950
4197,4197,Net Banking,Paid,30166
4198,4198,Net Banking,Paid,46793
4199,4199,Credit Card,Paid,54057
4200,4200,Debit Card,Paid,58662
4201,4201,UPI,Paid,7060
4202,4202,COD,Paid,86496
4203,4203,Credit Card,Paid,64477
4204,4204,UPI,Paid,38390
4205,4205,Credit Card,Paid,39912
4206,4206,COD,Paid,43656
4207,4207,UPI,Paid,86730
4208,4208,Net Banking,Paid,50566
4209,4209,Net Banking,Paid,23658
4210,4210,Debit Card,Paid,44318
4211,4211,Debit Card,Paid,14202
4212,4212,UPI,Paid,45033
4213,4213,COD,Paid,21768
4214,4214,UPI,Paid,52551
4215,4215,UPI,Paid,7967
4216,4216,UPI,Paid,51462
4217,4217,Net Banking,Paid,10126
4218,4218,Debit Card,Paid,22408
4219,4219,Net Banking,Paid,40916
4220,4220,COD,Paid,47759
4221,4221,Debit Card,Paid,12851
4222,4222,Credit Card,Paid,31648
4223,4223,UPI,Paid,74756
4224,4224,Debit Card,Paid,19156
4225,4225,UPI,Paid,9349
4226,4226,Net Banking,Paid,65693
4227,4227,UPI,Paid,27444
4228,4228,UPI,Paid,29914
4229,4229,Net Banking,Paid,11183
4230,4230,Net Banking,Paid,40540
4231,4231,Net Banking,Paid,45932
4232,4232,Credit Card,Paid,28862
4233,4233,Net Banking,Paid,44932
4234,4234,Net Banking,Paid,5410
4235,4235,UPI,Paid,64028
4236,4236,COD,Paid,8627
4237,4237,UPI,Paid,12370
4238,4238,COD,Paid,64951
4239,4239,UPI,Paid,46098
4240,4240,UPI,Paid,42409
4241,4241,UPI,Paid,41024
4242,4242,UPI,Paid,52514
4243,4243,Debit Card,Paid,9815
4244,4244,Debit Card,Paid,38246
4245,4245,Net Banking,Paid,24599
4246,4246,Debit Card,Paid,79215
4247,4247,UPI,Paid,15088
4248,4248,Net Banking,Paid,44154
4249,4249,Net Banking,Paid,45664
4250,4250,UPI,Paid,20304
4251,4251,UPI,Paid,30699
4252,4252,UPI,Paid,58951
4253,4253,COD,Paid,47532
4254,4254,COD,Paid,17493
4255,4255,UPI,Paid,30558
4256,4256,Net Banking,Paid,60543
4257,4257,COD,Paid,60192
4258,4258,Credit Card,Paid,42555
4259,4259,Debit Card,Paid,10752
4260,4260,COD,Paid,67607
4261,4261,Credit Card,Paid,26722
4262,4262,Net Banking,Paid,13457
4263,4263,COD,Paid,22135
4264,4264,UPI,Paid,14563
4265,4265,Credit Card,Paid,29942
4266,4266,COD,Paid,15402
4267,4267,UPI,Paid,49582
4268,4268,UPI,Paid,11714
4269,4269,UPI,Paid,71294
4270,4270,Credit Card,Paid,63758
4271,4271,COD,Paid,34034
4272,4272,Credit Card,Paid,20503
4273,4273,Credit Card,Paid,38064
4274,4274,Debit Card,Paid,3963
4275,4275,Net Banking,Paid,12586
4276,4276,COD,Paid,3694
4277,4277,UPI,Paid,5696
4278,4278,UPI,Paid,71686
4279,4279,Net Banking,Paid,1818
4280,4280,Debit Card,Paid,17398
4281,4281,UPI,Paid,88840
4282,4282,COD,Paid,54711
4283,4283,UPI,Paid,24198
4284,4284,Net Banking,Paid,75346
4285,4285,Net Banking,Paid,22608
4286,4286,Net Banking,Paid,3635
4287,4287,UPI,Paid,68802
4288,4288,Debit Card,Paid,29457
4289,4289,COD,Paid,14212
4290,4290,COD,Paid,70536
4291,4291,COD,Paid,46042
4292,4292,COD,Paid,104418
4293,4293,Credit Card,Paid,73228
4294,4294,COD,Paid,19549
4295,4295,COD,Paid,46835
4296,4296,Credit Card,Paid,38702
4297,4297,Credit Card,Paid,38528
4298,4298,Credit Card,Paid,50649
4299,4299,UPI,Paid,15622
4300,4300,Debit Card,Paid,17518
4301,4301,Net Banking,Paid,39275
4302,4302,COD,Paid,44793
4303,4303,Net Banking,Paid,22668
4304,4304,Credit Card,Paid,20938
4305,4305,Debit Card,Paid,14596
4306,4306,Debit Card,Paid,33067
4307,4307,Debit Card,Paid,65115
4308,4308,Debit Card,Paid,45392
4309,4309,Debit Card,Paid,37594
4310,4310,Debit Card,Paid,25674
4311,4311,COD,Paid,46718
4312,4312,UPI,Paid,118324
4313,4313,Debit Card,Paid,24614
4314,4314,UPI,Paid,22946
4315,4315,Net Banking,Paid,12698
4316,4316,Net Banking,Paid,1143
4317,4317,UPI,Paid,31218
4318,4318,Credit Card,Paid,70026
4319,4319,UPI,Paid,55218
4320,4320,Net Banking,Paid,2348
4321,4321,Credit Card,Paid,23174
4322,4322,COD,Paid,57994
4323,4323,UPI,Paid,12534
4324,4324,Credit Card,Paid,28265
4325,4325,COD,Paid,3651
4326,4326,Debit Card,Paid,72431
4327,4327,Credit Card,Paid,42744
4328,4328,Debit Card,Paid,8126
4329,4329,Net Banking,Paid,51400
4330,4330,Credit Card,Paid,18033
4331,4331,COD,Paid,38655
4332,4332,Debit Card,Paid,50934
4333,4333,Net Banking,Paid,31661
4334,4334,Credit Card,Paid,20496
4335,4335,Debit Card,Paid,41311
4336,4336,UPI,Paid,26958
4337,4337,COD,Paid,12195
4338,4338,UPI,Paid,46928
4339,4339,UPI,Paid,95734
4340,4340,UPI,Paid,93816
4341,4341,COD,Paid,23998
4342,4342,UPI,Paid,48053
4343,4343,COD,Paid,33288
4344,4344,Debit Card,Paid,45463
4345,4345,Net Banking,Paid,47432
4346,4346,UPI,Paid,45882
4347,4347,Credit Card,Paid,40950
4348,4348,Net Banking,Paid,93144
4349,4349,COD,Paid,67784
4350,4350,Credit Card,Paid,23811
4351,4351,Debit Card,Paid,19491
4352,4352,Credit Card,Paid,41066
4353,4353,COD,Paid,24913
4354,4354,COD,Paid,41270
4355,4355,Credit Card,Paid,22896
4356,4356,Net Banking,Paid,64702
4357,4357,Debit Card,Paid,10919
4358,4358,COD,Paid,49902
4359,4359,Net Banking,Paid,22556
4360,4360,Net Banking,Paid,3544
4361,4361,UPI,Paid,37179
4362,4362,UPI,Paid,36592
4363,4363,COD,Paid,85502
4364,4364,Credit Card,Paid,13498
4365,4365,COD,Paid,108490
4366,4366,UPI,Paid,28784
4367,4367,Credit Card,Paid,43450
4368,4368,Debit Card,Paid,43246
4369,4369,COD,Paid,6770
4370,4370,Credit Card,Paid,65949
4371,4371,Net Banking,Paid,46146
4372,4372,UPI,Paid,42902
4373,4373,Net Banking,Paid,31255
4374,4374,Credit Card,Paid,19066
4375,4375,Debit Card,Paid,75183
4376,4376,UPI,Paid,12270
4377,4377,Credit Card,Paid,67249
4378,4378,COD,Paid,46724
4379,4379,Debit Card,Paid,31071
4380,4380,UPI,Paid,83198
4381,4381,COD,Paid,7947
4382,4382,Credit Card,Paid,49437
4383,4383,Debit Card,Paid,10900
4384,4384,Debit Card,Paid,32997
4385,4385,Net Banking,Paid,63084
4386,4386,Net Banking,Paid,14831
4387,4387,Debit Card,Paid,4539
4388,4388,COD,Paid,51452
4389,4389,COD,Paid,33604
4390,4390,Net Banking,Paid,39077
4391,4391,Credit Card,Paid,45768
4392,4392,COD,Paid,28290
4393,4393,UPI,Paid,10654
4394,4394,Credit Card,Paid,41082
4395,4395,Debit Card,Paid,18487
4396,4396,Credit Card,Paid,45150
4397,4397,COD,Paid,8991
4398,4398,Credit Card,Paid,27513
4399,4399,Net Banking,Paid,4856
4400,4400,Net Banking,Paid,88446
4401,4401,COD,Paid,33701
4402,4402,UPI,Paid,82450
4403,4403,Credit Card,Paid,49104
4404,4404,Credit Card,Paid,3289
4405,4405,Credit Card,Paid,28136
4406,4406,Debit Card,Paid,10713
4407,4407,Debit Card,Paid,24399
4408,4408,UPI,Paid,5714
4409,4409,Debit Card,Paid,49445
4410,4410,Net Banking,Paid,16188
4411,4411,COD,Paid,47958
4412,4412,Credit Card,Paid,2492
4413,4413,Net Banking,Paid,45770
4414,4414,Net Banking,Paid,37286
4415,4415,Debit Card,Paid,2977
4416,4416,Debit Card,Paid,26852
4417,4417,Net Banking,Paid,9240
4418,4418,Net Banking,Paid,3863
4419,4419,COD,Paid,68433
4420,4420,COD,Paid,52419
4421,4421,Credit Card,Paid,52003
4422,4422,Credit Card,Paid,62652
4423,4423,Net Banking,Paid,74250
4424,4424,COD,Paid,29565
4425,4425,COD,Paid,26211
4426,4426,COD,Paid,22160
4427,4427,Net Banking,Paid,39726
4428,4428,Net Banking,Paid,66284
4429,4429,UPI,Paid,34470
4430,4430,Credit Card,Paid,2850
4431,4431,UPI,Paid,20056
4432,4432,Credit Card,Paid,66571
4433,4433,UPI,Paid,63568
4434,4434,Net Banking,Paid,57158
4435,4435,UPI,Paid,38777
4436,4436,UPI,Paid,38713
4437,4437,Credit Card,Paid,9644
4438,4438,COD,Paid,57937
4439,4439,Debit Card,Paid,75786
4440,4440,Debit Card,Paid,88284
4441,4441,Credit Card,Paid,31914
4442,4442,Debit Card,Paid,52268
4443,4443,Credit Card,Paid,23951
4444,4444,Net Banking,Paid,27546
4445,4445,UPI,Paid,29552
4446,4446,Credit Card,Paid,54068
4447,4447,Net Banking,Paid,41670
4448,4448,Debit Card,Paid,39874
4449,4449,Debit Card,Paid,41505
4450,4450,Debit Card,Paid,14455
4451,4451,Net Banking,Paid,23562
4452,4452,COD,Paid,36100
4453,4453,Net Banking,Paid,20110
4454,4454,Credit Card,Paid,66284
4455,4455,Credit Card,Paid,24762
4456,4456,COD,Paid,62605
4457,4457,Debit Card,Paid,24426
4458,4458,Debit Card,Paid,64963
4459,4459,Credit Card,Paid,4239
4460,4460,Credit Card,Paid,87690
4461,4461,Net Banking,Paid,40871
4462,4462,COD,Paid,3299
4463,4463,COD,Paid,4570
4464,4464,COD,Paid,60539
4465,4465,UPI,Paid,71758
4466,4466,UPI,Paid,43678
4467,4467,Net Banking,Paid,70126
4468,4468,Credit Card,Paid,8942
4469,4469,Credit Card,Paid,44884
4470,4470,Debit Card,Paid,3711
4471,4471,COD,Paid,6198
4472,4472,COD,Paid,30130
4473,4473,Net Banking,Paid,74476
4474,4474,COD,Paid,124878
4475,4475,Credit Card,Paid,20478
4476,4476,Net Banking,Paid,4024
4477,4477,Net Banking,Paid,35316
4478,4478,Credit Card,Paid,5234
4479,4479,Credit Card,Paid,47838
4480,4480,Credit Card,Paid,64188
4481,4481,COD,Paid,25556
4482,4482,COD,Paid,13024
4483,4483,Debit Card,Paid,33783
4484,4484,Credit Card,Paid,20606
4485,4485,Net Banking,Paid,85186
4486,4486,UPI,Paid,30037
4487,4487,UPI,Paid,6562
4488,4488,Net Banking,Paid,64263
4489,4489,Debit Card,Paid,5729
4490,4490,Net Banking,Paid,11960
4491,4491,COD,Paid,56774
4492,4492,Net Banking,Paid,41983
4493,4493,Debit Card,Paid,32414
4494,4494,Net Banking,Paid,35570
4495,4495,Net Banking,Paid,15502
4496,4496,Net Banking,Paid,7124
4497,4497,Credit Card,Paid,24425
4498,4498,Debit Card,Paid,58290
4499,4499,COD,Paid,19669
4500,4500,Debit Card,Paid,19473
4501,4501,Debit Card,Paid,20252
4502,4502,Credit Card,Paid,65396
4503,4503,COD,Paid,45422
4504,4504,COD,Paid,10341
4505,4505,Net Banking,Paid,12052
4506,4506,Net Banking,Paid,65961
4507,4507,Debit Card,Paid,42644
4508,4508,COD,Paid,32806
4509,4509,Debit Card,Paid,24978
4510,4510,COD,Paid,12396
4511,4511,COD,Paid,38937
4512,4512,Net Banking,Paid,47076
4513,4513,COD,Paid,45326
4514,4514,UPI,Paid,36855
4515,4515,Debit Card,Paid,34650
4516,4516,UPI,Paid,40584
4517,4517,Net Banking,Paid,32380
4518,4518,Debit Card,Paid,23420
4519,4519,COD,Paid,50114
4520,4520,UPI,Paid,9844
4521,4521,Credit Card,Paid,42721
4522,4522,Debit Card,Paid,43212
4523,4523,UPI,Paid,9011
4524,4524,Credit Card,Paid,30778
4525,4525,Debit Card,Paid,17935
4526,4526,UPI,Paid,38637
4527,4527,COD,Paid,47530
4528,4528,Credit Card,Paid,40148
4529,4529,COD,Paid,64915
4530,4530,Net Banking,Paid,16973
4531,4531,Credit Card,Paid,40372
4532,4532,Debit Card,Paid,48905
4533,4533,UPI,Paid,51801
4534,4534,Credit Card,Paid,37979
4535,4535,Debit Card,Paid,3954
4536,4536,Debit Card,Paid,21718
4537,4537,Credit Card,Paid,7247
4538,4538,Net Banking,Paid,82138
4539,4539,Credit Card,Paid,81404
4540,4540,Net Banking,Paid,29374
4541,4541,UPI,Paid,47636
4542,4542,UPI,Paid,36652
4543,4543,Net Banking,Paid,92378
4544,4544,COD,Paid,35328
4545,4545,COD,Paid,80386
4546,4546,COD,Paid,23786
4547,4547,UPI,Paid,27825
4548,4548,Debit Card,Paid,37780
4549,4549,COD,Paid,42115
4550,4550,Net Banking,Paid,8167
4551,4551,Debit Card,Paid,23648
4552,4552,Net Banking,Paid,24578
4553,4553,Debit Card,Paid,55260
4554,4554,UPI,Paid,42520
4555,4555,COD,Paid,36225
4556,4556,Net Banking,Paid,41348
4557,4557,COD,Paid,64204
4558,4558,Debit Card,Paid,52821
4559,4559,Debit Card,Paid,59966
4560,4560,Debit Card,Paid,40382
4561,4561,Credit Card,Paid,26512
4562,4562,Debit Card,Paid,36909
4563,4563,COD,Paid,88782
4564,4564,Debit Card,Paid,70419
4565,4565,Debit Card,Paid,60889
4566,4566,UPI,Paid,53196
4567,4567,Debit Card,Paid,47962
4568,4568,UPI,Paid,64400
4569,4569,COD,Paid,17098
4570,4570,UPI,Paid,57527
4571,4571,Net Banking,Paid,43835
4572,4572,UPI,Paid,35702
4573,4573,COD,Paid,35299
4574,4574,UPI,Paid,10152
4575,4575,UPI,Paid,85131
4576,4576,Credit Card,Paid,55390
4577,4577,Net Banking,Paid,38780
4578,4578,UPI,Paid,17174
4579,4579,COD,Paid,41443
4580,4580,Net Banking,Paid,47030
4581,4581,Credit Card,Paid,10851
4582,4582,Debit Card,Paid,9396
4583,4583,COD,Paid,54676
4584,4584,COD,Paid,22472
4585,4585,COD,Paid,31854
4586,4586,UPI,Paid,9682
4587,4587,UPI,Paid,8128
4588,4588,Credit Card,Paid,56183
4589,4589,Credit Card,Paid,37618
4590,4590,Net Banking,Paid,24252
4591,4591,Net Banking,Paid,94068
4592,4592,Credit Card,Paid,82096
4593,4593,Net Banking,Paid,8724
4594,4594,COD,Paid,24192
4595,4595,UPI,Paid,14417
4596,4596,UPI,Paid,69448
4597,4597,Net Banking,Paid,48372
4598,4598,UPI,Paid,87991
4599,4599,Net Banking,Paid,71776
4600,4600,UPI,Paid,76478
4601,4601,COD,Paid,3112
4602,4602,Debit Card,Paid,36348
4603,4603,Net Banking,Paid,19570
4604,4604,Credit Card,Paid,27001
4605,4605,UPI,Paid,25920
4606,4606,Net Banking,Paid,43536
4607,4607,Debit Card,Paid,30519
4608,4608,UPI,Paid,110558
4609,4609,Net Banking,Paid,47968
4610,4610,Credit Card,Paid,14790
4611,4611,Net Banking,Paid,17647
4612,4612,Net Banking,Paid,29871
4613,4613,COD,Paid,80154
4614,4614,Debit Card,Paid,39910
4615,4615,UPI,Paid,79982
4616,4616,Net Banking,Paid,28849
4617,4617,UPI,Paid,18862
4618,4618,Credit Card,Paid,40352
4619,4619,Net Banking,Paid,47850
4620,4620,UPI,Paid,44941
4621,4621,COD,Paid,78640
4622,4622,Net Banking,Paid,65380
4623,4623,UPI,Paid,49035
4624,4624,UPI,Paid,48180
4625,4625,COD,Paid,50328
4626,4626,Debit Card,Paid,45489
4627,4627,Credit Card,Paid,63876
4628,4628,Credit Card,Paid,22465
4629,4629,Credit Card,Paid,18592
4630,4630,COD,Paid,67486
4631,4631,Net Banking,Paid,37053
4632,4632,UPI,Paid,47660
4633,4633,Debit Card,Paid,32600
4634,4634,Credit Card,Paid,41926
4635,4635,UPI,Paid,7106
4636,4636,COD,Paid,34068
4637,4637,UPI,Paid,51118
4638,4638,Credit Card,Paid,21050
4639,4639,COD,Paid,9208
4640,4640,Net Banking,Paid,74856
4641,4641,UPI,Paid,58494
4642,4642,Net Banking,Paid,24628
4643,4643,Net Banking,Paid,24949
4644,4644,UPI,Paid,79810
4645,4645,COD,Paid,42174
4646,4646,UPI,Paid,43925
4647,4647,COD,Paid,5062
4648,4648,UPI,Paid,17811
4649,4649,Credit Card,Paid,22268
4650,4650,Debit Card,Paid,11930
4651,4651,Credit Card,Paid,8496
4652,4652,UPI,Paid,20290
4653,4653,Debit Card,Paid,47177
4654,4654,Credit Card,Paid,47362
4655,4655,Credit Card,Paid,32743
4656,4656,UPI,Paid,66792
4657,4657,Credit Card,Paid,4681
4658,4658,UPI,Paid,61554
4659,4659,Net Banking,Paid,25306
4660,4660,UPI,Paid,6739
4661,4661,Net Banking,Paid,22560
4662,4662,Net Banking,Paid,75975
4663,4663,Net Banking,Paid,33169
4664,4664,Debit Card,Paid,14362
4665,4665,UPI,Paid,13770
4666,4666,COD,Paid,45747
4667,4667,Net Banking,Paid,110714
4668,4668,UPI,Paid,21912
4669,4669,UPI,Paid,30861
4670,4670,COD,Paid,67603
4671,4671,Debit Card,Paid,19570
4672,4672,Debit Card,Paid,50116
4673,4673,Debit Card,Paid,59213
4674,4674,Debit Card,Paid,36361
4675,4675,Net Banking,Paid,45832
4676,4676,Net Banking,Paid,5388
4677,4677,COD,Paid,11254
4678,4678,Debit Card,Paid,29760
4679,4679,UPI,Paid,57508
4680,4680,Debit Card,Paid,32772
4681,4681,Net Banking,Paid,85490
4682,4682,Credit Card,Paid,40838
4683,4683,Credit Card,Paid,31744
4684,4684,UPI,Paid,95757
4685,4685,Net Banking,Paid,15507
4686,4686,Net Banking,Paid,93009
4687,4687,UPI,Paid,24089
4688,4688,Debit Card,Paid,54434
4689,4689,COD,Paid,67916
4690,4690,Net Banking,Paid,57498
4691,4691,COD,Paid,39862
4692,4692,COD,Paid,59996
4693,4693,Net Banking,Paid,65421
4694,4694,Credit Card,Paid,34752
4695,4695,Credit Card,Paid,55977
4696,4696,Net Banking,Paid,21766
4697,4697,Debit Card,Paid,21877
4698,4698,Net Banking,Paid,5565
4699,4699,Credit Card,Paid,67063
4700,4700,Net Banking,Paid,33468
4701,4701,Net Banking,Paid,58223
4702,4702,Debit Card,Paid,18678
4703,4703,Debit Card,Paid,12830
4704,4704,UPI,Paid,19906
4705,4705,Net Banking,Paid,37784
4706,4706,UPI,Paid,41122
4707,4707,COD,Paid,14063
4708,4708,COD,Paid,64162
4709,4709,COD,Paid,44357
4710,4710,COD,Paid,11186
4711,4711,Credit Card,Paid,45268
4712,4712,Net Banking,Paid,12946
4713,4713,Net Banking,Paid,61157
4714,4714,Debit Card,Paid,32923
4715,4715,Credit Card,Paid,49287
4716,4716,Net Banking,Paid,78574
4717,4717,Net Banking,Paid,30210
4718,4718,Credit Card,Paid,53387
4719,4719,Debit Card,Paid,66837
4720,4720,COD,Paid,23375
4721,4721,UPI,Paid,30686
4722,4722,Debit Card,Paid,11296
4723,4723,UPI,Paid,55771
4724,4724,Credit Card,Paid,4414
4725,4725,Credit Card,Paid,34830
4726,4726,Credit Card,Paid,101758
4727,4727,Debit Card,Paid,12194
4728,4728,Net Banking,Paid,41172
4729,4729,COD,Paid,61938
4730,4730,Credit Card,Paid,44471
4731,4731,Credit Card,Paid,36446
4732,4732,UPI,Paid,17652
4733,4733,Debit Card,Paid,67145
4734,4734,Debit Card,Paid,40701
4735,4735,Credit Card,Paid,28991
4736,4736,Credit Card,Paid,26995
4737,4737,Net Banking,Paid,43971
4738,4738,Debit Card,Paid,35912
4739,4739,Net Banking,Paid,54631
4740,4740,Net Banking,Paid,24863
4741,4741,COD,Paid,21683
4742,4742,Credit Card,Paid,36132
4743,4743,Debit Card,Paid,108727
4744,4744,Credit Card,Paid,53377
4745,4745,UPI,Paid,22722
4746,4746,Net Banking,Paid,17321
4747,4747,Debit Card,Paid,68521
4748,4748,Net Banking,Paid,52125
4749,4749,COD,Paid,43117
4750,4750,UPI,Paid,54788
4751,4751,Net Banking,Paid,18601
4752,4752,Credit Card,Paid,13386
4753,4753,Debit Card,Paid,3365
4754,4754,COD,Paid,30896
4755,4755,COD,Paid,57286
4756,4756,Debit Card,Paid,35052
4757,4757,Net Banking,Paid,61479
4758,4758,Credit Card,Paid,21082
4759,4759,Net Banking,Paid,46086
4760,4760,Credit Card,Paid,63156
4761,4761,Debit Card,Paid,52996
4762,4762,UPI,Paid,74868
4763,4763,UPI,Paid,109863
4764,4764,COD,Paid,58162
4765,4765,Net Banking,Paid,32023
4766,4766,COD,Paid,44750
4767,4767,UPI,Paid,12022
4768,4768,Debit Card,Paid,66862
4769,4769,Net Banking,Paid,7919
4770,4770,Net Banking,Paid,72127
4771,4771,Net Banking,Paid,21649
4772,4772,COD,Paid,47909
4773,4773,UPI,Paid,45460
4774,4774,COD,Paid,48108
4775,4775,Net Banking,Paid,71982
4776,4776,Net Banking,Paid,30064
4777,4777,COD,Paid,35448
4778,4778,Credit Card,Paid,49114
4779,4779,Debit Card,Paid,23544
4780,4780,Net Banking,Paid,28100
4781,4781,COD,Paid,28506
4782,4782,Credit Card,Paid,8751
4783,4783,COD,Paid,92980
4784,4784,Debit Card,Paid,28743
4785,4785,COD,Paid,58644
4786,4786,UPI,Paid,24436
4787,4787,Credit Card,Paid,22461
4788,4788,Net Banking,Paid,36818
4789,4789,Debit Card,Paid,53062
4790,4790,Debit Card,Paid,11004
4791,4791,Credit Card,Paid,7250
4792,4792,Debit Card,Paid,34659
4793,4793,Debit Card,Paid,24566
4794,4794,COD,Paid,70770
4795,4795,COD,Paid,23968
4796,4796,UPI,Paid,16215
4797,4797,Debit Card,Paid,65987
4798,4798,Debit Card,Paid,39004
4799,4799,UPI,Paid,64413
4800,4800,Net Banking,Paid,21328
4801,4801,Net Banking,Paid,7841
4802,4802,Debit Card,Paid,55335
4803,4803,Net Banking,Paid,48063
4804,4804,Net Banking,Paid,24993
4805,4805,COD,Paid,7925
4806,4806,Debit Card,Paid,2620
4807,4807,UPI,Paid,44007
4808,4808,Debit Card,Paid,58379
4809,4809,Credit Card,Paid,45061
4810,4810,Net Banking,Paid,31596
4811,4811,COD,Paid,6154
4812,4812,Debit Card,Paid,43727
4813,4813,Debit Card,Paid,92437
4814,4814,UPI,Paid,59472
4815,4815,Net Banking,Paid,24551
4816,4816,Net Banking,Paid,60083
4817,4817,Credit Card,Paid,46907
4818,4818,COD,Paid,35737
4819,4819,UPI,Paid,45087
4820,4820,Debit Card,Paid,40899
4821,4821,Debit Card,Paid,73220
4822,4822,COD,Paid,14714
4823,4823,Credit Card,Paid,48499
4824,4824,COD,Paid,67630
4825,4825,Credit Card,Paid,52029
4826,4826,Net Banking,Paid,7436
4827,4827,COD,Paid,26906
4828,4828,Credit Card,Paid,41667
4829,4829,Credit Card,Paid,20675
4830,4830,UPI,Paid,32507
4831,4831,Credit Card,Paid,46869
4832,4832,COD,Paid,63088
4833,4833,COD,Paid,46344
4834,4834,Debit Card,Paid,84390
4835,4835,Debit Card,Paid,2075
4836,4836,UPI,Paid,57039
4837,4837,COD,Paid,49260
4838,4838,Credit Card,Paid,6054
4839,4839,UPI,Paid,5544
4840,4840,Credit Card,Paid,21013
4841,4841,UPI,Paid,54758
4842,4842,UPI,Paid,4414
4843,4843,Net Banking,Paid,10640
4844,4844,UPI,Paid,69953
4845,4845,Net Banking,Paid,55406
4846,4846,Net Banking,Paid,57560
4847,4847,UPI,Paid,26056
4848,4848,Debit Card,Paid,40791
4849,4849,COD,Paid,42469
4850,4850,COD,Paid,74378
4851,4851,Credit Card,Paid,38396
4852,4852,Debit Card,Paid,69208
4853,4853,Credit Card,Paid,42441
4854,4854,Debit Card,Paid,14682
4855,4855,Net Banking,Paid,7113
4856,4856,Debit Card,Paid,19548
4857,4857,Debit Card,Paid,10810
4858,4858,Debit Card,Paid,82235
4859,4859,Credit Card,Paid,13765
4860,4860,Net Banking,Paid,12041
4861,4861,Debit Card,Paid,29444
4862,4862,UPI,Paid,4858
4863,4863,COD,Paid,82678
4864,4864,COD,Paid,27902
4865,4865,Debit Card,Paid,69146
4866,4866,COD,Paid,37788
4867,4867,UPI,Paid,35094
4868,4868,Credit Card,Paid,45762
4869,4869,COD,Paid,18073
4870,4870,UPI,Paid,45718
4871,4871,Net Banking,Paid,54784
4872,4872,Net Banking,Paid,89623
4873,4873,Credit Card,Paid,70947
4874,4874,Debit Card,Paid,5610
4875,4875,UPI,Paid,14320
4876,4876,UPI,Paid,52513
4877,4877,Credit Card,Paid,42144
4878,4878,UPI,Paid,89867
4879,4879,COD,Paid,45910
4880,4880,Debit Card,Paid,15036
4881,4881,Net Banking,Paid,44444
4882,4882,Debit Card,Paid,60000
4883,4883,Credit Card,Paid,42793
4884,4884,Net Banking,Paid,34754
4885,4885,COD,Paid,86456
4886,4886,UPI,Paid,33242
4887,4887,Debit Card,Paid,17617
4888,4888,Net Banking,Paid,13453
4889,4889,COD,Paid,10808
4890,4890,UPI,Paid,26806
4891,4891,Net Banking,Paid,39968
4892,4892,Credit Card,Paid,22064
4893,4893,Debit Card,Paid,44617
4894,4894,Credit Card,Paid,37911
4895,4895,Credit Card,Paid,38979
4896,4896,Debit Card,Paid,4885
4897,4897,COD,Paid,40035
4898,4898,COD,Paid,91674
4899,4899,Net Banking,Paid,72480
4900,4900,COD,Paid,43740
4901,4901,Credit Card,Paid,32526
4902,4902,COD,Paid,25742
4903,4903,UPI,Paid,16323
4904,4904,Debit Card,Paid,57071
4905,4905,UPI,Paid,39686
4906,4906,Debit Card,Paid,33678
4907,4907,Net Banking,Paid,80957
4908,4908,Credit Card,Paid,52497
4909,4909,Net Banking,Paid,34519
4910,4910,UPI,Paid,33002
4911,4911,UPI,Paid,56068
4912,4912,UPI,Paid,38558
4913,4913,Net Banking,Paid,42145
4914,4914,Credit Card,Paid,21397
4915,4915,UPI,Paid,22849
4916,4916,Net Banking,Paid,25704
4917,4917,Credit Card,Paid,15672
4918,4918,Credit Card,Paid,13993
4919,4919,Credit Card,Paid,46654
4920,4920,UPI,Paid,96068
4921,4921,Debit Card,Paid,8949
4922,4922,Credit Card,Paid,54418
4923,4923,COD,Paid,46849
4924,4924,Net Banking,Paid,74934
4925,4925,Net Banking,Paid,9123
4926,4926,Debit Card,Paid,38789
4927,4927,COD,Paid,48784
4928,4928,Credit Card,Paid,10244
4929,4929,Net Banking,Paid,45307
4930,4930,UPI,Paid,70966
4931,4931,Net Banking,Paid,80145
4932,4932,Credit Card,Paid,101445
4933,4933,Net Banking,Paid,34811
4934,4934,COD,Paid,62384
4935,4935,Net Banking,Paid,9934
4936,4936,Net Banking,Paid,42307
4937,4937,COD,Paid,16544
4938,4938,COD,Paid,20298
4939,4939,Credit Card,Paid,76670
4940,4940,UPI,Paid,9169
4941,4941,COD,Paid,65461
4942,4942,Debit Card,Paid,19213
4943,4943,Credit Card,Paid,28218
4944,4944,Debit Card,Paid,47079
4945,4945,Net Banking,Paid,60753
4946,4946,COD,Paid,34732
4947,4947,Credit Card,Paid,10786
4948,4948,COD,Paid,7966
4949,4949,COD,Paid,61461
4950,4950,Net Banking,Paid,78724
4951,4951,Credit Card,Paid,31858
4952,4952,UPI,Paid,22764
4953,4953,COD,Paid,17542
4954,4954,COD,Paid,32944
4955,4955,Debit Card,Paid,79421
4956,4956,COD,Paid,26792
4957,4957,COD,Paid,16212
4958,4958,Debit Card,Paid,72442
4959,4959,COD,Paid,25716
4960,4960,UPI,Paid,14578
4961,4961,Credit Card,Paid,36099
4962,4962,UPI,Paid,71748
4963,4963,Credit Card,Paid,44823
4964,4964,Net Banking,Paid,57084
4965,4965,Net Banking,Paid,58083
4966,4966,UPI,Paid,44087
4967,4967,COD,Paid,4206
4968,4968,COD,Paid,7048
4969,4969,Debit Card,Paid,25044
4970,4970,Net Banking,Paid,26919
4971,4971,Credit Card,Paid,43384
4972,4972,UPI,Paid,3060
4973,4973,UPI,Paid,58878
4974,4974,UPI,Paid,100009
4975,4975,Net Banking,Paid,40137
4976,4976,Net Banking,Paid,19924
4977,4977,Debit Card,Paid,10765
4978,4978,COD,Paid,45600
4979,4979,Net Banking,Paid,41354
4980,4980,UPI,Paid,25292
4981,4981,COD,Paid,29579
4982,4982,Debit Card,Paid,39754
4983,4983,COD,Paid,7074
4984,4984,Net Banking,Paid,30787
4985,4985,Debit Card,Paid,17776
4986,4986,COD,Paid,63003
4987,4987,Net Banking,Paid,71558
4988,4988,Debit Card,Paid,32080
4989,4989,UPI,Paid,12320
4990,4990,Net Banking,Paid,27320
4991,4991,Credit Card,Paid,19188
4992,4992,Debit Card,Paid,43114
4993,4993,COD,Paid,47934
4994,4994,Credit Card,Paid,33764
4995,4995,COD,Paid,26948
4996,4996,Credit Card,Paid,44799
4997,4997,COD,Paid,19090
4998,4998,Debit Card,Paid,30523
4999,4999,Net Banking,Paid,40626
5000,5000,UPI,Paid,53240
5001,5001,Debit Card,Paid,48333
5002,5002,Net Banking,Paid,16104
5003,5003,COD,Paid,35678
5004,5004,Debit Card,Paid,10870
5005,5005,Net Banking,Paid,37701
5006,5006,Debit Card,Paid,46342
5007,5007,COD,Paid,65707
5008,5008,Net Banking,Paid,2723
5009,5009,UPI,Paid,52616
5010,5010,COD,Paid,21374
5011,5011,COD,Paid,36437
5012,5012,Net Banking,Paid,21659
5013,5013,UPI,Paid,54998
5014,5014,Credit Card,Paid,78200
5015,5015,Net Banking,Paid,11420
5016,5016,UPI,Paid,20947
5017,5017,Net Banking,Paid,52897
5018,5018,COD,Paid,70352
5019,5019,Credit Card,Paid,35888
5020,5020,Credit Card,Paid,27978
5021,5021,COD,Paid,108102
5022,5022,UPI,Paid,31606
5023,5023,Debit Card,Paid,34880
5024,5024,COD,Paid,36442
5025,5025,UPI,Paid,24694
5026,5026,Credit Card,Paid,17669
5027,5027,Credit Card,Paid,53434
5028,5028,Debit Card,Paid,59211
5029,5029,Debit Card,Paid,47719
5030,5030,Debit Card,Paid,84178
5031,5031,Debit Card,Paid,82011
5032,5032,Credit Card,Paid,42663
5033,5033,Debit Card,Paid,49374
5034,5034,Credit Card,Paid,35018
5035,5035,Debit Card,Paid,79362
5036,5036,UPI,Paid,37012
5037,5037,Net Banking,Paid,18128
5038,5038,Net Banking,Paid,46741
5039,5039,Credit Card,Paid,61146
5040,5040,Debit Card,Paid,37817
5041,5041,COD,Paid,56988
5042,5042,Debit Card,Paid,12848
5043,5043,Credit Card,Paid,29728
5044,5044,UPI,Paid,57586
5045,5045,Net Banking,Paid,23818
5046,5046,Credit Card,Paid,59203
5047,5047,UPI,Paid,58832
5048,5048,Net Banking,Paid,23777
5049,5049,Debit Card,Paid,59676
5050,5050,Net Banking,Paid,19799
5051,5051,UPI,Paid,20708
5052,5052,Debit Card,Paid,51546
5053,5053,Net Banking,Paid,12054
5054,5054,COD,Paid,36291
5055,5055,UPI,Paid,27260
5056,5056,Debit Card,Paid,41086
5057,5057,Net Banking,Paid,39108
5058,5058,UPI,Paid,36122
5059,5059,COD,Paid,37423
5060,5060,Credit Card,Paid,19220
5061,5061,UPI,Paid,42122
5062,5062,Credit Card,Paid,34880
5063,5063,Credit Card,Paid,67590
5064,5064,Credit Card,Paid,38456
5065,5065,Credit Card,Paid,30799
5066,5066,Debit Card,Paid,57311
5067,5067,COD,Paid,20335
5068,5068,COD,Paid,11907
5069,5069,Credit Card,Paid,81388
5070,5070,Debit Card,Paid,20866
5071,5071,Credit Card,Paid,16037
5072,5072,UPI,Paid,17571
5073,5073,Credit Card,Paid,4458
5074,5074,Net Banking,Paid,62897
5075,5075,Credit Card,Paid,22548
5076,5076,UPI,Paid,45150
5077,5077,Net Banking,Paid,35473
5078,5078,COD,Paid,15396
5079,5079,Net Banking,Paid,83574
5080,5080,Debit Card,Paid,75008
5081,5081,Credit Card,Paid,98962
5082,5082,Debit Card,Paid,12715
5083,5083,Debit Card,Paid,101330
5084,5084,UPI,Paid,47728
5085,5085,Net Banking,Paid,7607
5086,5086,UPI,Paid,24592
5087,5087,UPI,Paid,51456
5088,5088,Net Banking,Paid,28658
5089,5089,Credit Card,Paid,65379
5090,5090,Net Banking,Paid,9244
5091,5091,Net Banking,Paid,16456
5092,5092,UPI,Paid,18650
5093,5093,COD,Paid,88234
5094,5094,UPI,Paid,49814
5095,5095,Net Banking,Paid,67885
5096,5096,Debit Card,Paid,11598
5097,5097,Credit Card,Paid,47256
5098,5098,Net Banking,Paid,7278
5099,5099,Debit Card,Paid,41987
5100,5100,COD,Paid,51327
5101,5101,Debit Card,Paid,56618
5102,5102,Debit Card,Paid,40500
5103,5103,Debit Card,Paid,29978
5104,5104,Debit Card,Paid,42299
5105,5105,Credit Card,Paid,18936
5106,5106,Credit Card,Paid,48086
5107,5107,Net Banking,Paid,7508
5108,5108,Credit Card,Paid,21378
5109,5109,Net Banking,Paid,117142
5110,5110,Net Banking,Paid,18333
5111,5111,Credit Card,Paid,84404
5112,5112,Net Banking,Paid,55609
5113,5113,UPI,Paid,14116
5114,5114,COD,Paid,48259
5115,5115,Debit Card,Paid,74976
5116,5116,Debit Card,Paid,52419
5117,5117,COD,Paid,14478
5118,5118,Credit Card,Paid,43373
5119,5119,Credit Card,Paid,40614
5120,5120,Credit Card,Paid,7919
5121,5121,Debit Card,Paid,15956
5122,5122,Debit Card,Paid,59481
5123,5123,Credit Card,Paid,92212
5124,5124,COD,Paid,34540
5125,5125,Debit Card,Paid,62717
5126,5126,Debit Card,Paid,87086
5127,5127,COD,Paid,20351
5128,5128,Net Banking,Paid,3851
5129,5129,Debit Card,Paid,9256
5130,5130,COD,Paid,69294
5131,5131,Net Banking,Paid,38068
5132,5132,Net Banking,Paid,35580
5133,5133,Credit Card,Paid,6961
5134,5134,Credit Card,Paid,49054
5135,5135,Debit Card,Paid,6970
5136,5136,COD,Paid,30253
5137,5137,UPI,Paid,12499
5138,5138,Net Banking,Paid,47698
5139,5139,Debit Card,Paid,21983
5140,5140,UPI,Paid,25040
5141,5141,Credit Card,Paid,23278
5142,5142,Debit Card,Paid,5914
5143,5143,UPI,Paid,15135
5144,5144,UPI,Paid,49534
5145,5145,Credit Card,Paid,71120
5146,5146,COD,Paid,50256
5147,5147,UPI,Paid,19887
5148,5148,COD,Paid,37188
5149,5149,UPI,Paid,17402
5150,5150,Credit Card,Paid,21308
5151,5151,COD,Paid,23186
5152,5152,COD,Paid,25571
5153,5153,UPI,Paid,7126
5154,5154,UPI,Paid,34172
5155,5155,Debit Card,Paid,7040
5156,5156,COD,Paid,57686
5157,5157,COD,Paid,14226
5158,5158,UPI,Paid,53506
5159,5159,Debit Card,Paid,51436
5160,5160,Net Banking,Paid,45632
5161,5161,Credit Card,Paid,53478
5162,5162,UPI,Paid,33259
5163,5163,Debit Card,Paid,35259
5164,5164,COD,Paid,28425
5165,5165,Net Banking,Paid,26082
5166,5166,COD,Paid,87748
5167,5167,Credit Card,Paid,11048
5168,5168,UPI,Paid,35504
5169,5169,Net Banking,Paid,28540
5170,5170,Credit Card,Paid,18202
5171,5171,Debit Card,Paid,117440
5172,5172,UPI,Paid,24789
5173,5173,Debit Card,Paid,24846
5174,5174,Net Banking,Paid,19033
5175,5175,Credit Card,Paid,32128
5176,5176,COD,Paid,40456
5177,5177,Debit Card,Paid,54901
5178,5178,Debit Card,Paid,59394
5179,5179,Debit Card,Paid,42851
5180,5180,COD,Paid,7669
5181,5181,UPI,Paid,33457
5182,5182,Debit Card,Paid,62042
5183,5183,COD,Paid,69564
5184,5184,UPI,Paid,32468
5185,5185,Net Banking,Paid,23899
5186,5186,Credit Card,Paid,24914
5187,5187,Debit Card,Paid,13496
5188,5188,Debit Card,Paid,44104
5189,5189,Net Banking,Paid,43060
5190,5190,UPI,Paid,23149
5191,5191,UPI,Paid,23176
5192,5192,Debit Card,Paid,17890
5193,5193,Net Banking,Paid,20986
5194,5194,Credit Card,Paid,22370
5195,5195,UPI,Paid,35540
5196,5196,Net Banking,Paid,17565
5197,5197,UPI,Paid,54968
5198,5198,Net Banking,Paid,40710
5199,5199,Credit Card,Paid,82876
5200,5200,Net Banking,Paid,65290
5201,5201,Credit Card,Paid,79898
5202,5202,Credit Card,Paid,14423
5203,5203,Credit Card,Paid,24360
5204,5204,COD,Paid,6072
5205,5205,Debit Card,Paid,49582
5206,5206,UPI,Paid,48458
5207,5207,COD,Paid,61033
5208,5208,Net Banking,Paid,11667
5209,5209,Credit Card,Paid,30033
5210,5210,UPI,Paid,54516
5211,5211,COD,Paid,54210
5212,5212,Net Banking,Paid,2844
5213,5213,COD,Paid,37590
5214,5214,Debit Card,Paid,37950
5215,5215,Net Banking,Paid,68015
5216,5216,Net Banking,Paid,63307
5217,5217,COD,Paid,24906
5218,5218,UPI,Paid,17751
5219,5219,Net Banking,Paid,19304
5220,5220,COD,Paid,56564
5221,5221,Credit Card,Paid,33854
5222,5222,COD,Paid,50112
5223,5223,COD,Paid,10252
5224,5224,Net Banking,Paid,26631
5225,5225,UPI,Paid,11508
5226,5226,UPI,Paid,71099
5227,5227,Credit Card,Paid,58498
5228,5228,Net Banking,Paid,46481
5229,5229,Debit Card,Paid,14060
5230,5230,COD,Paid,61848
5231,5231,Credit Card,Paid,29862
5232,5232,Net Banking,Paid,18343
5233,5233,Debit Card,Paid,2708
5234,5234,UPI,Paid,88818
5235,5235,UPI,Paid,40764
5236,5236,Debit Card,Paid,40924
5237,5237,UPI,Paid,65123
5238,5238,Net Banking,Paid,39476
5239,5239,Net Banking,Paid,10004
5240,5240,Debit Card,Paid,63509
5241,5241,UPI,Paid,61570
5242,5242,Credit Card,Paid,21394
5243,5243,Credit Card,Paid,32670
5244,5244,COD,Paid,37068
5245,5245,Net Banking,Paid,27873
5246,5246,UPI,Paid,20004
5247,5247,Credit Card,Paid,26057
5248,5248,Net Banking,Paid,25972
5249,5249,Debit Card,Paid,5510
5250,5250,Net Banking,Paid,20958
5251,5251,Credit Card,Paid,37908
5252,5252,Credit Card,Paid,21312
5253,5253,UPI,Paid,74900
5254,5254,UPI,Paid,39706
5255,5255,Net Banking,Paid,17267
5256,5256,Credit Card,Paid,68981
5257,5257,COD,Paid,16376
5258,5258,Credit Card,Paid,45501
5259,5259,Net Banking,Paid,13080
5260,5260,COD,Paid,16036
5261,5261,Debit Card,Paid,48636
5262,5262,Credit Card,Paid,16572
5263,5263,UPI,Paid,51915
5264,5264,UPI,Paid,8276
5265,5265,Net Banking,Paid,1951
5266,5266,UPI,Paid,5617
5267,5267,Net Banking,Paid,24442
5268,5268,Credit Card,Paid,55057
5269,5269,Net Banking,Paid,14488
5270,5270,Credit Card,Paid,39441
5271,5271,Net Banking,Paid,11672
5272,5272,Debit Card,Paid,1920
5273,5273,Credit Card,Paid,38384
5274,5274,Net Banking,Paid,19250
5275,5275,Net Banking,Paid,24210
5276,5276,Credit Card,Paid,29550
5277,5277,COD,Paid,82551
5278,5278,Net Banking,Paid,107736
5279,5279,Net Banking,Paid,64977
5280,5280,COD,Paid,41625
5281,5281,Credit Card,Paid,21587
5282,5282,UPI,Paid,46703
5283,5283,UPI,Paid,22544
5284,5284,Debit Card,Paid,11043
5285,5285,Net Banking,Paid,37705
5286,5286,Debit Card,Paid,5115
5287,5287,Net Banking,Paid,52360
5288,5288,COD,Paid,38960
5289,5289,UPI,Paid,30190
5290,5290,COD,Paid,49890
5291,5291,UPI,Paid,26270
5292,5292,Debit Card,Paid,17253
5293,5293,UPI,Paid,26150
5294,5294,Debit Card,Paid,49172
5295,5295,Debit Card,Paid,22306
5296,5296,Debit Card,Paid,42210
5297,5297,UPI,Paid,55795
5298,5298,Net Banking,Paid,14628
5299,5299,Net Banking,Paid,77159
5300,5300,Net Banking,Paid,5421
5301,5301,UPI,Paid,62990
5302,5302,COD,Paid,13377
5303,5303,Net Banking,Paid,24811
5304,5304,COD,Paid,81929
5305,5305,UPI,Paid,36660
5306,5306,Debit Card,Paid,17520
5307,5307,Debit Card,Paid,49399
5308,5308,UPI,Paid,48245
5309,5309,UPI,Paid,13826
5310,5310,COD,Paid,51673
5311,5311,Credit Card,Paid,18110
5312,5312,UPI,Paid,29488
5313,5313,Credit Card,Paid,50680
5314,5314,Debit Card,Paid,86564
5315,5315,COD,Paid,94088
5316,5316,UPI,Paid,59990
5317,5317,COD,Paid,11678
5318,5318,Credit Card,Paid,42680
5319,5319,UPI,Paid,23420
5320,5320,UPI,Paid,45072
5321,5321,Debit Card,Paid,21082
5322,5322,UPI,Paid,11930
5323,5323,UPI,Paid,50654
5324,5324,Net Banking,Paid,80069
5325,5325,Debit Card,Paid,18710
5326,5326,Net Banking,Paid,23777
5327,5327,UPI,Paid,48301
5328,5328,Net Banking,Paid,44677
5329,5329,COD,Paid,31014
5330,5330,Credit Card,Paid,46862
5331,5331,Net Banking,Paid,33014
5332,5332,Net Banking,Paid,62191
5333,5333,Debit Card,Paid,26832
5334,5334,Debit Card,Paid,30821
5335,5335,Credit Card,Paid,3403
5336,5336,Net Banking,Paid,5219
5337,5337,Net Banking,Paid,29152
5338,5338,Debit Card,Paid,17701
5339,5339,UPI,Paid,4467
5340,5340,Credit Card,Paid,1551
5341,5341,Net Banking,Paid,12010
5342,5342,Debit Card,Paid,32678
5343,5343,Net Banking,Paid,79894
5344,5344,Debit Card,Paid,29488
5345,5345,COD,Paid,51883
5346,5346,COD,Paid,57718
5347,5347,Credit Card,Paid,22678
5348,5348,Net Banking,Paid,21439
5349,5349,Net Banking,Paid,23846
5350,5350,UPI,Paid,7594
5351,5351,Debit Card,Paid,14845
5352,5352,Net Banking,Paid,81614
5353,5353,COD,Paid,45206
5354,5354,Credit Card,Paid,66396
5355,5355,Debit Card,Paid,23740
5356,5356,Net Banking,Paid,36621
5357,5357,COD,Paid,55539
5358,5358,Debit Card,Paid,13235
5359,5359,COD,Paid,21600
5360,5360,Debit Card,Paid,23822
5361,5361,Credit Card,Paid,49873
5362,5362,Credit Card,Paid,25026
5363,5363,Net Banking,Paid,33997
5364,5364,UPI,Paid,14321
5365,5365,UPI,Paid,49589
5366,5366,Net Banking,Paid,64788
5367,5367,COD,Paid,22474
5368,5368,Credit Card,Paid,1458
5369,5369,COD,Paid,35870
5370,5370,Net Banking,Paid,34898
5371,5371,Debit Card,Paid,27749
5372,5372,Net Banking,Paid,39811
5373,5373,Debit Card,Paid,57336
5374,5374,Credit Card,Paid,39656
5375,5375,UPI,Paid,7726
5376,5376,Credit Card,Paid,61012
5377,5377,Net Banking,Paid,45074
5378,5378,UPI,Paid,53095
5379,5379,Net Banking,Paid,36171
5380,5380,Net Banking,Paid,35526
5381,5381,Debit Card,Paid,71058
5382,5382,Debit Card,Paid,11134
5383,5383,Debit Card,Paid,31468
5384,5384,Credit Card,Paid,18109
5385,5385,UPI,Paid,19740
5386,5386,Net Banking,Paid,46658
5387,5387,Net Banking,Paid,73683
5388,5388,UPI,Paid,34763
5389,5389,Debit Card,Paid,11376
5390,5390,Net Banking,Paid,23428
5391,5391,Credit Card,Paid,18778
5392,5392,UPI,Paid,54969
5393,5393,Credit Card,Paid,57809
5394,5394,UPI,Paid,24484
5395,5395,UPI,Paid,17871
5396,5396,UPI,Paid,14260
5397,5397,Credit Card,Paid,46878
5398,5398,UPI,Paid,30733
5399,5399,Debit Card,Paid,30897
5400,5400,Net Banking,Paid,26303
5401,5401,Credit Card,Paid,10314
5402,5402,Net Banking,Paid,69454
5403,5403,UPI,Paid,85008
5404,5404,UPI,Paid,28043
5405,5405,UPI,Paid,36979
5406,5406,Credit Card,Paid,46546
5407,5407,Net Banking,Paid,110166
5408,5408,Credit Card,Paid,2327
5409,5409,COD,Paid,4365
5410,5410,COD,Paid,33930
5411,5411,Credit Card,Paid,14902
5412,5412,Net Banking,Paid,51205
5413,5413,UPI,Paid,54968
5414,5414,Net Banking,Paid,45526
5415,5415,UPI,Paid,57628
5416,5416,Credit Card,Paid,41032
5417,5417,COD,Paid,16072
5418,5418,COD,Paid,47948
5419,5419,Debit Card,Paid,11580
5420,5420,UPI,Paid,95580
5421,5421,Net Banking,Paid,21127
5422,5422,Credit Card,Paid,39360
5423,5423,Credit Card,Paid,23128
5424,5424,Debit Card,Paid,63195
5425,5425,UPI,Paid,12104
5426,5426,UPI,Paid,31186
5427,5427,UPI,Paid,44259
5428,5428,Credit Card,Paid,3168
5429,5429,UPI,Paid,73912
5430,5430,Net Banking,Paid,26521
5431,5431,Credit Card,Paid,39740
5432,5432,Net Banking,Paid,57918
5433,5433,UPI,Paid,8793
5434,5434,UPI,Paid,31664
5435,5435,UPI,Paid,23122
5436,5436,Net Banking,Paid,4887
5437,5437,COD,Paid,62998
5438,5438,Debit Card,Paid,42566
5439,5439,UPI,Paid,34256
5440,5440,UPI,Paid,60359
5441,5441,UPI,Paid,52856
5442,5442,Credit Card,Paid,14062
5443,5443,COD,Paid,22890
5444,5444,COD,Paid,38200
5445,5445,Debit Card,Paid,92893
5446,5446,Debit Card,Paid,26026
5447,5447,UPI,Paid,17474
5448,5448,Net Banking,Paid,54958
5449,5449,COD,Paid,105270
5450,5450,Credit Card,Paid,29431
5451,5451,Net Banking,Paid,5851
5452,5452,UPI,Paid,22418
5453,5453,Credit Card,Paid,105818
5454,5454,COD,Paid,16958
5455,5455,Debit Card,Paid,67944
5456,5456,COD,Paid,24026
5457,5457,UPI,Paid,15371
5458,5458,Debit Card,Paid,46810
5459,5459,UPI,Paid,49943
5460,5460,UPI,Paid,82124
5461,5461,Net Banking,Paid,35058
5462,5462,Net Banking,Paid,23666
5463,5463,UPI,Paid,57844
5464,5464,UPI,Paid,22797
5465,5465,Net Banking,Paid,36812
5466,5466,Debit Card,Paid,17968
5467,5467,Net Banking,Paid,45240
5468,5468,UPI,Paid,40479
5469,5469,Credit Card,Paid,14275
5470,5470,UPI,Paid,19754
5471,5471,UPI,Paid,37744
5472,5472,COD,Paid,33751
5473,5473,Net Banking,Paid,85198
5474,5474,Debit Card,Paid,39578
5475,5475,Credit Card,Paid,29727
5476,5476,Debit Card,Paid,7537
5477,5477,Net Banking,Paid,47112
5478,5478,UPI,Paid,13642
5479,5479,Debit Card,Paid,19016
5480,5480,Debit Card,Paid,31930
5481,5481,COD,Paid,57308
5482,5482,UPI,Paid,53192
5483,5483,Credit Card,Paid,17476
5484,5484,UPI,Paid,97146
5485,5485,COD,Paid,72697
5486,5486,COD,Paid,20284
5487,5487,Net Banking,Paid,18783
5488,5488,Credit Card,Paid,41750
5489,5489,Credit Card,Paid,4078
5490,5490,Net Banking,Paid,22691
5491,5491,COD,Paid,3569
5492,5492,Debit Card,Paid,29820
5493,5493,COD,Paid,23518
5494,5494,Credit Card,Paid,9100
5495,5495,UPI,Paid,1506
5496,5496,Net Banking,Paid,37788
5497,5497,Credit Card,Paid,19310
5498,5498,Debit Card,Paid,56024
5499,5499,Credit Card,Paid,50964
5500,5500,UPI,Paid,19069
5501,5501,UPI,Paid,29211
5502,5502,COD,Paid,66474
5503,5503,Net Banking,Paid,30906
5504,5504,Net Banking,Paid,8871
5505,5505,Debit Card,Paid,24644
5506,5506,Debit Card,Paid,38307
5507,5507,Net Banking,Paid,48032
5508,5508,Debit Card,Paid,44507
5509,5509,COD,Paid,20344
5510,5510,COD,Paid,38687
5511,5511,Credit Card,Paid,2514
5512,5512,UPI,Paid,15493
5513,5513,Debit Card,Paid,64824
5514,5514,Debit Card,Paid,17778
5515,5515,Net Banking,Paid,52730
5516,5516,UPI,Paid,35078
5517,5517,UPI,Paid,47252
5518,5518,Credit Card,Paid,41944
5519,5519,UPI,Paid,65380
5520,5520,COD,Paid,32999
5521,5521,UPI,Paid,23450
5522,5522,Net Banking,Paid,55833
5523,5523,Net Banking,Paid,79832
5524,5524,Credit Card,Paid,61757
5525,5525,Credit Card,Paid,19425
5526,5526,Net Banking,Paid,32676
5527,5527,UPI,Paid,26452
5528,5528,COD,Paid,9934
5529,5529,Credit Card,Paid,46378
5530,5530,COD,Paid,45476
5531,5531,COD,Paid,42053
5532,5532,Net Banking,Paid,67255
5533,5533,COD,Paid,59629
5534,5534,Credit Card,Paid,35840
5535,5535,COD,Paid,66393
5536,5536,COD,Paid,53301
5537,5537,Net Banking,Paid,3463
5538,5538,COD,Paid,62937
5539,5539,Credit Card,Paid,65406
5540,5540,UPI,Paid,41439
5541,5541,Credit Card,Paid,54458
5542,5542,Net Banking,Paid,8934
5543,5543,Debit Card,Paid,36378
5544,5544,UPI,Paid,4122
5545,5545,Net Banking,Paid,70151
5546,5546,Debit Card,Paid,43806
5547,5547,UPI,Paid,2259
5548,5548,Credit Card,Paid,32951
5549,5549,UPI,Paid,42896
5550,5550,UPI,Paid,23369
5551,5551,Debit Card,Paid,43984
5552,5552,Debit Card,Paid,26277
5553,5553,Debit Card,Paid,29430
5554,5554,Credit Card,Paid,49545
5555,5555,Credit Card,Paid,14583
5556,5556,Credit Card,Paid,99429
5557,5557,Net Banking,Paid,71472
5558,5558,UPI,Paid,35268
5559,5559,Debit Card,Paid,94518
5560,5560,Net Banking,Paid,29614
5561,5561,COD,Paid,58398
5562,5562,UPI,Paid,11259
5563,5563,COD,Paid,20283
5564,5564,Credit Card,Paid,19434
5565,5565,COD,Paid,17245
5566,5566,UPI,Paid,7833
5567,5567,Debit Card,Paid,18842
5568,5568,Net Banking,Paid,20173
5569,5569,Credit Card,Paid,32696
5570,5570,Debit Card,Paid,53223
5571,5571,UPI,Paid,62572
5572,5572,COD,Paid,66123
5573,5573,COD,Paid,42393
5574,5574,Debit Card,Paid,45897
5575,5575,Debit Card,Paid,51799
5576,5576,Credit Card,Paid,92244
5577,5577,Net Banking,Paid,55503
5578,5578,COD,Paid,46423
5579,5579,Net Banking,Paid,82610
5580,5580,Debit Card,Paid,33554
5581,5581,COD,Paid,68978
5582,5582,Net Banking,Paid,6388
5583,5583,UPI,Paid,53767
5584,5584,Net Banking,Paid,51374
5585,5585,COD,Paid,60361
5586,5586,Net Banking,Paid,26282
5587,5587,COD,Paid,14071
5588,5588,UPI,Paid,26761
5589,5589,Net Banking,Paid,37651
5590,5590,UPI,Paid,19689
5591,5591,Debit Card,Paid,8534
5592,5592,Net Banking,Paid,28906
5593,5593,COD,Paid,41562
5594,5594,Debit Card,Paid,61962
5595,5595,UPI,Paid,21595
5596,5596,UPI,Paid,56353
5597,5597,Credit Card,Paid,41498
5598,5598,UPI,Paid,83156
5599,5599,UPI,Paid,58644
5600,5600,Credit Card,Paid,60978
5601,5601,Credit Card,Paid,10916
5602,5602,COD,Paid,40510
5603,5603,UPI,Paid,94963
5604,5604,Net Banking,Paid,85102
5605,5605,Net Banking,Paid,33526
5606,5606,Credit Card,Paid,8711
5607,5607,Credit Card,Paid,21278
5608,5608,UPI,Paid,62204
5609,5609,Net Banking,Paid,69853
5610,5610,Debit Card,Paid,18926
5611,5611,UPI,Paid,13727
5612,5612,UPI,Paid,39068
5613,5613,Debit Card,Paid,55892
5614,5614,COD,Paid,18759
5615,5615,UPI,Paid,16487
5616,5616,COD,Paid,47651
5617,5617,UPI,Paid,30082
5618,5618,UPI,Paid,45948
5619,5619,UPI,Paid,39723
5620,5620,Net Banking,Paid,59256
5621,5621,Net Banking,Paid,35404
5622,5622,UPI,Paid,14566
5623,5623,COD,Paid,88484
5624,5624,UPI,Paid,40313
5625,5625,Net Banking,Paid,26565
5626,5626,Debit Card,Paid,59318
5627,5627,UPI,Paid,50082
5628,5628,Debit Card,Paid,19503
5629,5629,Credit Card,Paid,52713
5630,5630,Net Banking,Paid,91707
5631,5631,COD,Paid,48393
5632,5632,COD,Paid,40514
5633,5633,Net Banking,Paid,20825
5634,5634,Debit Card,Paid,90214
5635,5635,UPI,Paid,41676
5636,5636,Net Banking,Paid,92151
5637,5637,Net Banking,Paid,22439
5638,5638,Debit Card,Paid,43176
5639,5639,COD,Paid,46470
5640,5640,Credit Card,Paid,6538
5641,5641,Net Banking,Paid,57428
5642,5642,Credit Card,Paid,19826
5643,5643,UPI,Paid,26132
5644,5644,Net Banking,Paid,40464
5645,5645,Credit Card,Paid,39916
5646,5646,COD,Paid,63624
5647,5647,COD,Paid,15845
5648,5648,Net Banking,Paid,34359
5649,5649,COD,Paid,21198
5650,5650,Debit Card,Paid,83704
5651,5651,Credit Card,Paid,17744
5652,5652,UPI,Paid,13958
5653,5653,UPI,Paid,59949
5654,5654,Net Banking,Paid,99619
5655,5655,Debit Card,Paid,43316
5656,5656,Credit Card,Paid,18537
5657,5657,Net Banking,Paid,65448
5658,5658,UPI,Paid,9570
5659,5659,Credit Card,Paid,28693
5660,5660,UPI,Paid,11374
5661,5661,UPI,Paid,21578
5662,5662,Debit Card,Paid,58208
5663,5663,Debit Card,Paid,69953
5664,5664,Credit Card,Paid,53929
5665,5665,COD,Paid,17157
5666,5666,Net Banking,Paid,46432
5667,5667,Debit Card,Paid,35154
5668,5668,Debit Card,Paid,62413
5669,5669,Debit Card,Paid,6707
5670,5670,Net Banking,Paid,51250
5671,5671,Debit Card,Paid,11235
5672,5672,COD,Paid,21352
5673,5673,Net Banking,Paid,34412
5674,5674,UPI,Paid,17882
5675,5675,Debit Card,Paid,73902
5676,5676,Debit Card,Paid,48481
5677,5677,Debit Card,Paid,40270
5678,5678,Net Banking,Paid,52907
5679,5679,Net Banking,Paid,21536
5680,5680,COD,Paid,33364
5681,5681,Net Banking,Paid,2152
5682,5682,UPI,Paid,83494
5683,5683,Credit Card,Paid,35564
5684,5684,COD,Paid,11536
5685,5685,Credit Card,Paid,8309
5686,5686,Debit Card,Paid,58609
5687,5687,COD,Paid,808
5688,5688,Credit Card,Paid,9102
5689,5689,Credit Card,Paid,39031
5690,5690,Net Banking,Paid,66178
5691,5691,Net Banking,Paid,9120
5692,5692,UPI,Paid,50845
5693,5693,Net Banking,Paid,15425
5694,5694,Net Banking,Paid,33819
5695,5695,UPI,Paid,62131
5696,5696,Debit Card,Paid,9292
5697,5697,Net Banking,Paid,27352
5698,5698,Net Banking,Paid,87314
5699,5699,Net Banking,Paid,41872
5700,5700,UPI,Paid,4635
5701,5701,COD,Paid,80558
5702,5702,Credit Card,Paid,42734
5703,5703,Debit Card,Paid,33268
5704,5704,COD,Paid,20483
5705,5705,Credit Card,Paid,38400
5706,5706,UPI,Paid,57568
5707,5707,UPI,Paid,62784
5708,5708,Debit Card,Paid,28150
5709,5709,UPI,Paid,25602
5710,5710,UPI,Paid,56000
5711,5711,UPI,Paid,81938
5712,5712,Debit Card,Paid,32375
5713,5713,COD,Paid,30229
5714,5714,UPI,Paid,30580
5715,5715,UPI,Paid,3928
5716,5716,Credit Card,Paid,41562
5717,5717,UPI,Paid,10458
5718,5718,UPI,Paid,36414
5719,5719,Credit Card,Paid,1437
5720,5720,Credit Card,Paid,58625
5721,5721,UPI,Paid,17812
5722,5722,UPI,Paid,75699
5723,5723,Credit Card,Paid,2456
5724,5724,Net Banking,Paid,60551
5725,5725,Debit Card,Paid,36225
5726,5726,COD,Paid,19040
5727,5727,Debit Card,Paid,36442
5728,5728,UPI,Paid,48272
5729,5729,UPI,Paid,57525
5730,5730,Debit Card,Paid,3686
5731,5731,Credit Card,Paid,34175
5732,5732,UPI,Paid,21523
5733,5733,UPI,Paid,61010
5734,5734,COD,Paid,12016
5735,5735,Credit Card,Paid,23524
5736,5736,Debit Card,Paid,7702
5737,5737,Credit Card,Paid,81132
5738,5738,Debit Card,Paid,15779
5739,5739,Credit Card,Paid,7078
5740,5740,COD,Paid,54344
5741,5741,Net Banking,Paid,66774
5742,5742,COD,Paid,75454
5743,5743,COD,Paid,41939
5744,5744,UPI,Paid,20985
5745,5745,Debit Card,Paid,19392
5746,5746,Debit Card,Paid,34706
5747,5747,Net Banking,Paid,19828
5748,5748,Credit Card,Paid,70091
5749,5749,Debit Card,Paid,13340
5750,5750,COD,Paid,14641
5751,5751,COD,Paid,11372
5752,5752,Debit Card,Paid,23886
5753,5753,UPI,Paid,57975
5754,5754,Credit Card,Paid,49300
5755,5755,COD,Paid,7801
5756,5756,Credit Card,Paid,15205
5757,5757,UPI,Paid,6340
5758,5758,UPI,Paid,54464
5759,5759,Credit Card,Paid,6109
5760,5760,Net Banking,Paid,7140
5761,5761,Debit Card,Paid,48542
5762,5762,Net Banking,Paid,21461
5763,5763,UPI,Paid,79016
5764,5764,Debit Card,Paid,32352
5765,5765,Net Banking,Paid,37160
5766,5766,Debit Card,Paid,40350
5767,5767,UPI,Paid,22125
5768,5768,Credit Card,Paid,23666
5769,5769,Debit Card,Paid,25049
5770,5770,Debit Card,Paid,47122
5771,5771,UPI,Paid,30034
5772,5772,Debit Card,Paid,26858
5773,5773,COD,Paid,4534
5774,5774,Net Banking,Paid,12451
5775,5775,Credit Card,Paid,36014
5776,5776,COD,Paid,13702
5777,5777,Net Banking,Paid,33580
5778,5778,Debit Card,Paid,46186
5779,5779,UPI,Paid,27264
5780,5780,COD,Paid,51918
5781,5781,Net Banking,Paid,28749
5782,5782,Debit Card,Paid,55167
5783,5783,Credit Card,Paid,30942
5784,5784,COD,Paid,14452
5785,5785,UPI,Paid,15748
5786,5786,Debit Card,Paid,6752
5787,5787,UPI,Paid,18331
5788,5788,Credit Card,Paid,30347
5789,5789,Net Banking,Paid,78646
5790,5790,Net Banking,Paid,55927
5791,5791,Credit Card,Paid,36694
5792,5792,Debit Card,Paid,40057
5793,5793,Debit Card,Paid,8612
5794,5794,Credit Card,Paid,21588
5795,5795,COD,Paid,44860
5796,5796,COD,Paid,8336
5797,5797,Net Banking,Paid,40362
5798,5798,Credit Card,Paid,58814
5799,5799,Net Banking,Paid,23309
5800,5800,Net Banking,Paid,45189
5801,5801,UPI,Paid,51276
5802,5802,UPI,Paid,15410
5803,5803,Debit Card,Paid,66752
5804,5804,UPI,Paid,15683
5805,5805,COD,Paid,37644
5806,5806,Net Banking,Paid,15608
5807,5807,UPI,Paid,7494
5808,5808,Net Banking,Paid,67569
5809,5809,Debit Card,Paid,21234
5810,5810,Net Banking,Paid,26333
5811,5811,Debit Card,Paid,23598
5812,5812,Net Banking,Paid,16016
5813,5813,UPI,Paid,35652
5814,5814,Debit Card,Paid,8112
5815,5815,Debit Card,Paid,24611
5816,5816,COD,Paid,42298
5817,5817,Credit Card,Paid,8392
5818,5818,Net Banking,Paid,70632
5819,5819,Credit Card,Paid,37007
5820,5820,UPI,Paid,55236
5821,5821,COD,Paid,68085
5822,5822,UPI,Paid,37458
5823,5823,UPI,Paid,53920
5824,5824,UPI,Paid,34773
5825,5825,UPI,Paid,69376
5826,5826,UPI,Paid,37982
5827,5827,COD,Paid,2832
5828,5828,Net Banking,Paid,3458
5829,5829,Net Banking,Paid,60967
5830,5830,Debit Card,Paid,10784
5831,5831,Debit Card,Paid,55284
5832,5832,UPI,Paid,4024
5833,5833,Debit Card,Paid,43196
5834,5834,Credit Card,Paid,2570
5835,5835,Net Banking,Paid,5561
5836,5836,Debit Card,Paid,17561
5837,5837,Debit Card,Paid,15390
5838,5838,UPI,Paid,59926
5839,5839,COD,Paid,39173
5840,5840,COD,Paid,17525
5841,5841,Debit Card,Paid,20348
5842,5842,Net Banking,Paid,20836
5843,5843,Credit Card,Paid,92188
5844,5844,UPI,Paid,70415
5845,5845,Debit Card,Paid,78927
5846,5846,Credit Card,Paid,79194
5847,5847,Net Banking,Paid,24872
5848,5848,COD,Paid,54745
5849,5849,COD,Paid,42596
5850,5850,UPI,Paid,17195
5851,5851,COD,Paid,66751
5852,5852,Net Banking,Paid,17430
5853,5853,COD,Paid,65842
5854,5854,UPI,Paid,38886
5855,5855,Net Banking,Paid,18992
5856,5856,COD,Paid,58854
5857,5857,Credit Card,Paid,44312
5858,5858,COD,Paid,75200
5859,5859,Credit Card,Paid,21519
5860,5860,COD,Paid,65400
5861,5861,Net Banking,Paid,21642
5862,5862,COD,Paid,11963
5863,5863,Debit Card,Paid,49623
5864,5864,Credit Card,Paid,66596
5865,5865,COD,Paid,2191
5866,5866,Credit Card,Paid,15161
5867,5867,Net Banking,Paid,26466
5868,5868,Debit Card,Paid,22408
5869,5869,Credit Card,Paid,107956
5870,5870,COD,Paid,3460
5871,5871,Credit Card,Paid,2909
5872,5872,Net Banking,Paid,56650
5873,5873,Credit Card,Paid,20046
5874,5874,Credit Card,Paid,83199
5875,5875,UPI,Paid,23873
5876,5876,Net Banking,Paid,64612
5877,5877,UPI,Paid,43522
5878,5878,COD,Paid,9102
5879,5879,Net Banking,Paid,39195
5880,5880,UPI,Paid,40044
5881,5881,Credit Card,Paid,39492
5882,5882,Net Banking,Paid,62697
5883,5883,Credit Card,Paid,61705
5884,5884,UPI,Paid,3233
5885,5885,Debit Card,Paid,39166
5886,5886,COD,Paid,38329
5887,5887,Credit Card,Paid,34244
5888,5888,Net Banking,Paid,9520
5889,5889,UPI,Paid,14223
5890,5890,COD,Paid,14581
5891,5891,Credit Card,Paid,47459
5892,5892,UPI,Paid,39944
5893,5893,UPI,Paid,10235
5894,5894,Net Banking,Paid,8839
5895,5895,Net Banking,Paid,14381
5896,5896,Net Banking,Paid,93350
5897,5897,Credit Card,Paid,32230
5898,5898,Debit Card,Paid,4670
5899,5899,Credit Card,Paid,19520
5900,5900,Debit Card,Paid,51799
5901,5901,UPI,Paid,29949
5902,5902,COD,Paid,20368
5903,5903,Credit Card,Paid,25992
5904,5904,Credit Card,Paid,53386
5905,5905,Debit Card,Paid,9758
5906,5906,Debit Card,Paid,9227
5907,5907,UPI,Paid,1468
5908,5908,Credit Card,Paid,49712
5909,5909,UPI,Paid,20824
5910,5910,UPI,Paid,35845
5911,5911,Net Banking,Paid,78608
5912,5912,Net Banking,Paid,77622
5913,5913,Debit Card,Paid,77192
5914,5914,UPI,Paid,35718
5915,5915,COD,Paid,9254
5916,5916,Net Banking,Paid,10810
5917,5917,COD,Paid,38991
5918,5918,Debit Card,Paid,38001
5919,5919,UPI,Paid,29862
5920,5920,COD,Paid,32526
5921,5921,UPI,Paid,32034
5922,5922,Debit Card,Paid,11146
5923,5923,Debit Card,Paid,64612
5924,5924,Credit Card,Paid,10298
5925,5925,Debit Card,Paid,38329
5926,5926,UPI,Paid,36522
5927,5927,Credit Card,Paid,66297
5928,5928,COD,Paid,49012
5929,5929,COD,Paid,20872
5930,5930,Debit Card,Paid,26663
5931,5931,Debit Card,Paid,18429
5932,5932,Net Banking,Paid,106136
5933,5933,Credit Card,Paid,65520
5934,5934,COD,Paid,37142
5935,5935,Net Banking,Paid,24982
5936,5936,UPI,Paid,36862
5937,5937,COD,Paid,63885
5938,5938,Net Banking,Paid,42709
5939,5939,Net Banking,Paid,16890
5940,5940,Net Banking,Paid,11495
5941,5941,Net Banking,Paid,13504
5942,5942,COD,Paid,46106
5943,5943,Net Banking,Paid,45847
5944,5944,Net Banking,Paid,42233
5945,5945,Debit Card,Paid,37295
5946,5946,Net Banking,Paid,72694
5947,5947,UPI,Paid,60689
5948,5948,UPI,Paid,17491
5949,5949,Credit Card,Paid,12413
5950,5950,Credit Card,Paid,56541
5951,5951,Credit Card,Paid,23908
5952,5952,UPI,Paid,37896
5953,5953,Net Banking,Paid,44669
5954,5954,Net Banking,Paid,8137
5955,5955,Credit Card,Paid,5636
5956,5956,Net Banking,Paid,11500
5957,5957,Credit Card,Paid,15215
5958,5958,UPI,Paid,12232
5959,5959,Credit Card,Paid,26040
5960,5960,Credit Card,Paid,6544
5961,5961,UPI,Paid,29155
5962,5962,Net Banking,Paid,38152
5963,5963,UPI,Paid,60070
5964,5964,UPI,Paid,29234
5965,5965,Credit Card,Paid,67513
5966,5966,UPI,Paid,10801
5967,5967,Credit Card,Paid,65961
5968,5968,Debit Card,Paid,7483
5969,5969,UPI,Paid,19495
5970,5970,Credit Card,Paid,16345
5971,5971,Debit Card,Paid,1379
5972,5972,UPI,Paid,24616
5973,5973,COD,Paid,22926
5974,5974,Net Banking,Paid,21360
5975,5975,COD,Paid,96851
5976,5976,Credit Card,Paid,18384
5977,5977,Credit Card,Paid,69949
5978,5978,Debit Card,Paid,23340
5979,5979,UPI,Paid,60128
5980,5980,Debit Card,Paid,28227
5981,5981,Debit Card,Paid,21081
5982,5982,Net Banking,Paid,12127
5983,5983,Debit Card,Paid,60691
5984,5984,Net Banking,Paid,54085
5985,5985,Debit Card,Paid,26073
5986,5986,Credit Card,Paid,47186
5987,5987,Credit Card,Paid,86617
5988,5988,COD,Paid,40998
5989,5989,Credit Card,Paid,41216
5990,5990,UPI,Paid,26702
5991,5991,COD,Paid,42185
5992,5992,Credit Card,Paid,37270
5993,5993,COD,Paid,86248
5994,5994,Credit Card,Paid,57568
5995,5995,Net Banking,Paid,10790
5996,5996,Credit Card,Paid,27244
5997,5997,Debit Card,Paid,44960
5998,5998,COD,Paid,27790
5999,5999,UPI,Paid,6560
6000,6000,Debit Card,Paid,60290
6001,6001,Debit Card,Paid,49194
6002,6002,Credit Card,Paid,72465
6003,6003,Debit Card,Paid,57193
6004,6004,UPI,Paid,31540
6005,6005,COD,Paid,37952
6006,6006,Credit Card,Paid,89900
6007,6007,Debit Card,Paid,27202
6008,6008,UPI,Paid,15178
6009,6009,Net Banking,Paid,19335
6010,6010,Net Banking,Paid,13877
6011,6011,UPI,Paid,41626
6012,6012,Net Banking,Paid,33680
6013,6013,Net Banking,Paid,91690
6014,6014,Debit Card,Paid,25876
6015,6015,UPI,Paid,55539
6016,6016,COD,Paid,56429
6017,6017,Debit Card,Paid,14068
6018,6018,COD,Paid,28054
6019,6019,Credit Card,Paid,9484
6020,6020,UPI,Paid,46262
6021,6021,COD,Paid,5293
6022,6022,Credit Card,Paid,23464
6023,6023,Net Banking,Paid,5352
6024,6024,Debit Card,Paid,32619
6025,6025,Debit Card,Paid,56777
6026,6026,Net Banking,Paid,26796
6027,6027,Debit Card,Paid,83734
6028,6028,Credit Card,Paid,15376
6029,6029,Net Banking,Paid,24031
6030,6030,COD,Paid,49012
6031,6031,UPI,Paid,22160
6032,6032,COD,Paid,50371
6033,6033,Credit Card,Paid,95722
6034,6034,Credit Card,Paid,113198
6035,6035,Net Banking,Paid,80730
6036,6036,Net Banking,Paid,25454
6037,6037,Net Banking,Paid,105786
6038,6038,Credit Card,Paid,9901
6039,6039,COD,Paid,74379
6040,6040,COD,Paid,37938
6041,6041,UPI,Paid,70785
6042,6042,UPI,Paid,39610
6043,6043,UPI,Paid,51120
6044,6044,Credit Card,Paid,41534
6045,6045,Net Banking,Paid,72024
6046,6046,UPI,Paid,23456
6047,6047,Credit Card,Paid,38822
6048,6048,Net Banking,Paid,33086
6049,6049,COD,Paid,21582
6050,6050,UPI,Paid,13972
6051,6051,Net Banking,Paid,22772
6052,6052,Net Banking,Paid,59974
6053,6053,UPI,Paid,50367
6054,6054,Credit Card,Paid,69240
6055,6055,Debit Card,Paid,9216
6056,6056,Debit Card,Paid,47174
6057,6057,Debit Card,Paid,35187
6058,6058,Net Banking,Paid,2662
6059,6059,Debit Card,Paid,15682
6060,6060,Debit Card,Paid,9758
6061,6061,UPI,Paid,22814
6062,6062,COD,Paid,39493
6063,6063,Net Banking,Paid,17426
6064,6064,UPI,Paid,1512
6065,6065,COD,Paid,42598
6066,6066,COD,Paid,44180
6067,6067,COD,Paid,44948
6068,6068,Net Banking,Paid,22252
6069,6069,COD,Paid,50240
6070,6070,Net Banking,Paid,15814
6071,6071,Debit Card,Paid,22596
6072,6072,Debit Card,Paid,72906
6073,6073,Credit Card,Paid,28823
6074,6074,COD,Paid,8660
6075,6075,Net Banking,Paid,15999
6076,6076,UPI,Paid,77578
6077,6077,COD,Paid,5623
6078,6078,Credit Card,Paid,84838
6079,6079,Debit Card,Paid,2224
6080,6080,Credit Card,Paid,68764
6081,6081,Net Banking,Paid,13970
6082,6082,Credit Card,Paid,42070
6083,6083,Credit Card,Paid,45957
6084,6084,Credit Card,Paid,3486
6085,6085,UPI,Paid,61218
6086,6086,COD,Paid,38813
6087,6087,COD,Paid,71992
6088,6088,Net Banking,Paid,38300
6089,6089,Debit Card,Paid,32467
6090,6090,UPI,Paid,4724
6091,6091,Net Banking,Paid,16151
6092,6092,UPI,Paid,45182
6093,6093,Debit Card,Paid,21032
6094,6094,Credit Card,Paid,37667
6095,6095,UPI,Paid,63165
6096,6096,Credit Card,Paid,107428
6097,6097,Debit Card,Paid,18432
6098,6098,Net Banking,Paid,23596
6099,6099,Debit Card,Paid,20570
6100,6100,Credit Card,Paid,44764
6101,6101,UPI,Paid,56087
6102,6102,Net Banking,Paid,19568
6103,6103,UPI,Paid,25866
6104,6104,Debit Card,Paid,32891
6105,6105,Net Banking,Paid,43400
6106,6106,Net Banking,Paid,52393
6107,6107,Credit Card,Paid,29404
6108,6108,Net Banking,Paid,68660
6109,6109,Net Banking,Paid,49801
6110,6110,COD,Paid,27534
6111,6111,COD,Paid,68675
6112,6112,COD,Paid,16895
6113,6113,Credit Card,Paid,23582
6114,6114,Net Banking,Paid,31669
6115,6115,Credit Card,Paid,41782
6116,6116,UPI,Paid,15801
6117,6117,Debit Card,Paid,40675
6118,6118,Credit Card,Paid,20693
6119,6119,Debit Card,Paid,57258
6120,6120,Debit Card,Paid,7808
6121,6121,Credit Card,Paid,46869
6122,6122,Credit Card,Paid,53216
6123,6123,UPI,Paid,85934
6124,6124,UPI,Paid,59249
6125,6125,COD,Paid,55528
6126,6126,Debit Card,Paid,40639
6127,6127,Net Banking,Paid,20638
6128,6128,COD,Paid,12606
6129,6129,COD,Paid,74121
6130,6130,Credit Card,Paid,38465
6131,6131,Debit Card,Paid,36973
6132,6132,COD,Paid,25622
6133,6133,UPI,Paid,43010
6134,6134,COD,Paid,5417
6135,6135,COD,Paid,38432
6136,6136,Credit Card,Paid,42273
6137,6137,Net Banking,Paid,58114
6138,6138,COD,Paid,6040
6139,6139,Credit Card,Paid,56828
6140,6140,Net Banking,Paid,37826
6141,6141,Net Banking,Paid,95564
6142,6142,Net Banking,Paid,81942
6143,6143,Net Banking,Paid,45530
6144,6144,Net Banking,Paid,15761
6145,6145,COD,Paid,20718
6146,6146,UPI,Paid,23908
6147,6147,Debit Card,Paid,82481
6148,6148,UPI,Paid,37810
6149,6149,Debit Card,Paid,95008
6150,6150,Credit Card,Paid,60651
6151,6151,Debit Card,Paid,10384
6152,6152,Debit Card,Paid,16466
6153,6153,Credit Card,Paid,51030
6154,6154,COD,Paid,4692
6155,6155,COD,Paid,67200
6156,6156,Credit Card,Paid,30090
6157,6157,Net Banking,Paid,37222
6158,6158,Debit Card,Paid,42124
6159,6159,Debit Card,Paid,48446
6160,6160,Credit Card,Paid,29460
6161,6161,Credit Card,Paid,22526
6162,6162,UPI,Paid,47708
6163,6163,UPI,Paid,92020
6164,6164,UPI,Paid,45156
6165,6165,Debit Card,Paid,15656
6166,6166,Net Banking,Paid,74504
6167,6167,Credit Card,Paid,97700
6168,6168,COD,Paid,28574
6169,6169,Credit Card,Paid,17990
6170,6170,UPI,Paid,41574
6171,6171,COD,Paid,32900
6172,6172,UPI,Paid,47338
6173,6173,COD,Paid,58478
6174,6174,Debit Card,Paid,12490
6175,6175,Debit Card,Paid,59345
6176,6176,Net Banking,Paid,48740
6177,6177,Net Banking,Paid,66415
6178,6178,Debit Card,Paid,7390
6179,6179,COD,Paid,74177
6180,6180,Credit Card,Paid,22914
6181,6181,COD,Paid,48243
6182,6182,Debit Card,Paid,16962
6183,6183,Net Banking,Paid,27350
6184,6184,UPI,Paid,45588
6185,6185,COD,Paid,49394
6186,6186,Net Banking,Paid,58419
6187,6187,Debit Card,Paid,22597
6188,6188,COD,Paid,6807
6189,6189,COD,Paid,11880
6190,6190,Credit Card,Paid,34466
6191,6191,UPI,Paid,73389
6192,6192,Net Banking,Paid,23196
6193,6193,UPI,Paid,13922
6194,6194,COD,Paid,33140
6195,6195,Net Banking,Paid,51559
6196,6196,Net Banking,Paid,50230
6197,6197,Credit Card,Paid,4297
6198,6198,COD,Paid,84772
6199,6199,COD,Paid,54119
6200,6200,Net Banking,Paid,23532
6201,6201,Net Banking,Paid,15873
6202,6202,COD,Paid,36221
6203,6203,Net Banking,Paid,79577
6204,6204,Credit Card,Paid,70976
6205,6205,COD,Paid,20955
6206,6206,UPI,Paid,44012
6207,6207,Net Banking,Paid,60272
6208,6208,COD,Paid,5256
6209,6209,Debit Card,Paid,64410
6210,6210,Credit Card,Paid,54054
6211,6211,Debit Card,Paid,76675
6212,6212,UPI,Paid,24066
6213,6213,Net Banking,Paid,6065
6214,6214,COD,Paid,47428
6215,6215,Credit Card,Paid,54225
6216,6216,COD,Paid,9867
6217,6217,Net Banking,Paid,16929
6218,6218,COD,Paid,29623
6219,6219,COD,Paid,32308
6220,6220,COD,Paid,16201
6221,6221,COD,Paid,37878
6222,6222,COD,Paid,33789
6223,6223,COD,Paid,3935
6224,6224,Net Banking,Paid,63262
6225,6225,Net Banking,Paid,69860
6226,6226,Net Banking,Paid,13814
6227,6227,COD,Paid,43324
6228,6228,COD,Paid,49466
6229,6229,Debit Card,Paid,37000
6230,6230,UPI,Paid,16170
6231,6231,Debit Card,Paid,4232
6232,6232,UPI,Paid,19266
6233,6233,Net Banking,Paid,24824
6234,6234,Credit Card,Paid,47050
6235,6235,Debit Card,Paid,42197
6236,6236,Credit Card,Paid,39318
6237,6237,Net Banking,Paid,37210
6238,6238,Net Banking,Paid,46750
6239,6239,Debit Card,Paid,45103
6240,6240,Net Banking,Paid,19172
6241,6241,UPI,Paid,19989
6242,6242,Net Banking,Paid,65699
6243,6243,Debit Card,Paid,3249
6244,6244,UPI,Paid,43100
6245,6245,COD,Paid,66454
6246,6246,UPI,Paid,13307
6247,6247,Net Banking,Paid,23575
6248,6248,UPI,Paid,31237
6249,6249,Credit Card,Paid,43631
6250,6250,Debit Card,Paid,30406
6251,6251,Debit Card,Paid,51496
6252,6252,Credit Card,Paid,3173
6253,6253,UPI,Paid,32973
6254,6254,COD,Paid,20894
6255,6255,UPI,Paid,99797
6256,6256,Credit Card,Paid,43830
6257,6257,UPI,Paid,37009
6258,6258,UPI,Paid,1641
6259,6259,Credit Card,Paid,47618
6260,6260,COD,Paid,88600
6261,6261,COD,Paid,14270
6262,6262,Debit Card,Paid,9518
6263,6263,Net Banking,Paid,9583
6264,6264,Debit Card,Paid,49552
6265,6265,Credit Card,Paid,7555
6266,6266,Net Banking,Paid,19906
6267,6267,COD,Paid,29886
6268,6268,Debit Card,Paid,39811
6269,6269,COD,Paid,41366
6270,6270,Credit Card,Paid,19112
6271,6271,UPI,Paid,44836
6272,6272,Net Banking,Paid,20406
6273,6273,Debit Card,Paid,71108
6274,6274,UPI,Paid,19906
6275,6275,COD,Paid,68426
6276,6276,Credit Card,Paid,59217
6277,6277,COD,Paid,40807
6278,6278,UPI,Paid,12518
6279,6279,COD,Paid,30306
6280,6280,COD,Paid,27706
6281,6281,Net Banking,Paid,9834
6282,6282,UPI,Paid,15880
6283,6283,Net Banking,Paid,46472
6284,6284,Credit Card,Paid,23986
6285,6285,Debit Card,Paid,13122
6286,6286,COD,Paid,10617
6287,6287,Net Banking,Paid,43978
6288,6288,COD,Paid,10530
6289,6289,COD,Paid,38330
6290,6290,UPI,Paid,32706
6291,6291,UPI,Paid,15973
6292,6292,Debit Card,Paid,48940
6293,6293,Debit Card,Paid,54212
6294,6294,UPI,Paid,45919
6295,6295,Net Banking,Paid,103186
6296,6296,UPI,Paid,2982
6297,6297,COD,Paid,36354
6298,6298,Debit Card,Paid,3714
6299,6299,Net Banking,Paid,91836
6300,6300,Credit Card,Paid,11184
6301,6301,COD,Paid,16643
6302,6302,COD,Paid,34896
6303,6303,Credit Card,Paid,7583
6304,6304,Net Banking,Paid,43678
6305,6305,UPI,Paid,27416
6306,6306,Debit Card,Paid,30141
6307,6307,COD,Paid,90372
6308,6308,Net Banking,Paid,30668
6309,6309,Debit Card,Paid,17461
6310,6310,Net Banking,Paid,39006
6311,6311,UPI,Paid,35674
6312,6312,Debit Card,Paid,35841
6313,6313,Net Banking,Paid,41174
6314,6314,Debit Card,Paid,11804
6315,6315,Net Banking,Paid,57057
6316,6316,Net Banking,Paid,1860
6317,6317,COD,Paid,88055
6318,6318,UPI,Paid,46182
6319,6319,COD,Paid,29983
6320,6320,Debit Card,Paid,16378
6321,6321,UPI,Paid,65925
6322,6322,Credit Card,Paid,3658
6323,6323,COD,Paid,77567
6324,6324,COD,Paid,5998
6325,6325,Net Banking,Paid,30590
6326,6326,Credit Card,Paid,69432
6327,6327,Debit Card,Paid,72517
6328,6328,Net Banking,Paid,52164
6329,6329,Net Banking,Paid,70840
6330,6330,COD,Paid,10563
6331,6331,COD,Paid,34490
6332,6332,UPI,Paid,51392
6333,6333,UPI,Paid,16978
6334,6334,Net Banking,Paid,9760
6335,6335,Debit Card,Paid,91787
6336,6336,UPI,Paid,23024
6337,6337,Debit Card,Paid,9154
6338,6338,UPI,Paid,26224
6339,6339,COD,Paid,11334
6340,6340,COD,Paid,15379
6341,6341,Debit Card,Paid,30579
6342,6342,UPI,Paid,6921
6343,6343,COD,Paid,35856
6344,6344,Debit Card,Paid,43926
6345,6345,Debit Card,Paid,55626
6346,6346,Debit Card,Paid,31982
6347,6347,Credit Card,Paid,26290
6348,6348,Debit Card,Paid,22414
6349,6349,COD,Paid,17432
6350,6350,Debit Card,Paid,19960
6351,6351,UPI,Paid,17053
6352,6352,Credit Card,Paid,35640
6353,6353,Credit Card,Paid,20492
6354,6354,COD,Paid,3539
6355,6355,Debit Card,Paid,46337
6356,6356,UPI,Paid,23170
6357,6357,Credit Card,Paid,65443
6358,6358,Net Banking,Paid,62797
6359,6359,COD,Paid,42541
6360,6360,Credit Card,Paid,4186
6361,6361,Debit Card,Paid,17253
6362,6362,UPI,Paid,54960
6363,6363,COD,Paid,34900
6364,6364,Debit Card,Paid,6262
6365,6365,COD,Paid,88258
6366,6366,Debit Card,Paid,31799
6367,6367,COD,Paid,15479
6368,6368,Debit Card,Paid,72327
6369,6369,UPI,Paid,22872
6370,6370,Net Banking,Paid,7615
6371,6371,Debit Card,Paid,39386
6372,6372,Debit Card,Paid,23716
6373,6373,Debit Card,Paid,11912
6374,6374,Credit Card,Paid,22719
6375,6375,Net Banking,Paid,92962
6376,6376,UPI,Paid,22517
6377,6377,COD,Paid,15042
6378,6378,Debit Card,Paid,28968
6379,6379,UPI,Paid,44074
6380,6380,Credit Card,Paid,68057
6381,6381,UPI,Paid,56691
6382,6382,Debit Card,Paid,17218
6383,6383,Debit Card,Paid,39996
6384,6384,UPI,Paid,38611
6385,6385,Credit Card,Paid,6836
6386,6386,Debit Card,Paid,46505
6387,6387,COD,Paid,18130
6388,6388,Debit Card,Paid,8398
6389,6389,UPI,Paid,9365
6390,6390,UPI,Paid,50929
6391,6391,Debit Card,Paid,94955
6392,6392,Debit Card,Paid,38869
6393,6393,Credit Card,Paid,37160
6394,6394,Net Banking,Paid,15804
6395,6395,Debit Card,Paid,2065
6396,6396,UPI,Paid,27794
6397,6397,COD,Paid,12423
6398,6398,UPI,Paid,24178
6399,6399,Credit Card,Paid,40002
6400,6400,Credit Card,Paid,81598
6401,6401,Debit Card,Paid,25872
6402,6402,UPI,Paid,25587
6403,6403,Debit Card,Paid,20750
6404,6404,Credit Card,Paid,10854
6405,6405,Credit Card,Paid,105370
6406,6406,Debit Card,Paid,14814
6407,6407,Debit Card,Paid,81240
6408,6408,UPI,Paid,37539
6409,6409,UPI,Paid,24938
6410,6410,UPI,Paid,42434
6411,6411,Debit Card,Paid,56681
6412,6412,Credit Card,Paid,35394
6413,6413,Net Banking,Paid,17370
6414,6414,Credit Card,Paid,55479
6415,6415,Credit Card,Paid,65065
6416,6416,COD,Paid,81408
6417,6417,Net Banking,Paid,7216
6418,6418,Debit Card,Paid,14056
6419,6419,COD,Paid,93467
6420,6420,Credit Card,Paid,44101
6421,6421,Credit Card,Paid,22386
6422,6422,UPI,Paid,76166
6423,6423,COD,Paid,4647
6424,6424,Net Banking,Paid,53768
6425,6425,Debit Card,Paid,19033
6426,6426,COD,Paid,64162
6427,6427,COD,Paid,61827
6428,6428,UPI,Paid,82538
6429,6429,Credit Card,Paid,56538
6430,6430,COD,Paid,71645
6431,6431,Net Banking,Paid,34973
6432,6432,COD,Paid,34986
6433,6433,COD,Paid,55634
6434,6434,Net Banking,Paid,70696
6435,6435,UPI,Paid,16000
6436,6436,Credit Card,Paid,10916
6437,6437,Debit Card,Paid,47714
6438,6438,Debit Card,Paid,30097
6439,6439,COD,Paid,53501
6440,6440,Debit Card,Paid,62846
6441,6441,COD,Paid,10884
6442,6442,UPI,Paid,67447
6443,6443,Credit Card,Paid,18964
6444,6444,Net Banking,Paid,33343
6445,6445,Net Banking,Paid,34112
6446,6446,Net Banking,Paid,20184
6447,6447,Net Banking,Paid,2907
6448,6448,Net Banking,Paid,18868
6449,6449,COD,Paid,19826
6450,6450,Debit Card,Paid,46201
6451,6451,Debit Card,Paid,50100
6452,6452,Credit Card,Paid,41657
6453,6453,COD,Paid,20716
6454,6454,UPI,Paid,45942
6455,6455,UPI,Paid,43486
6456,6456,Debit Card,Paid,7874
6457,6457,COD,Paid,72986
6458,6458,UPI,Paid,64017
6459,6459,UPI,Paid,20140
6460,6460,Credit Card,Paid,52345
6461,6461,COD,Paid,44956
6462,6462,Net Banking,Paid,30958
6463,6463,Debit Card,Paid,38010
6464,6464,Credit Card,Paid,3318
6465,6465,Credit Card,Paid,105970
6466,6466,Debit Card,Paid,14412
6467,6467,UPI,Paid,106076
6468,6468,UPI,Paid,10038
6469,6469,Debit Card,Paid,50875
6470,6470,UPI,Paid,38167
6471,6471,COD,Paid,16137
6472,6472,Debit Card,Paid,46560
6473,6473,Debit Card,Paid,24656
6474,6474,COD,Paid,19294
6475,6475,Debit Card,Paid,4975
6476,6476,Credit Card,Paid,37622
6477,6477,COD,Paid,12326
6478,6478,Debit Card,Paid,43112
6479,6479,UPI,Paid,44154
6480,6480,Debit Card,Paid,79519
6481,6481,UPI,Paid,37966
6482,6482,Net Banking,Paid,31638
6483,6483,UPI,Paid,52455
6484,6484,COD,Paid,45014
6485,6485,UPI,Paid,39902
6486,6486,Credit Card,Paid,26861
6487,6487,Debit Card,Paid,42386
6488,6488,Net Banking,Paid,49616
6489,6489,COD,Paid,8177
6490,6490,UPI,Paid,23343
6491,6491,Net Banking,Paid,23412
6492,6492,Debit Card,Paid,10902
6493,6493,Net Banking,Paid,85821
6494,6494,UPI,Paid,117894
6495,6495,Credit Card,Paid,6562
6496,6496,Credit Card,Paid,81482
6497,6497,UPI,Paid,6925
6498,6498,Credit Card,Paid,51038
6499,6499,UPI,Paid,42417
6500,6500,UPI,Paid,53451
6501,6501,Credit Card,Paid,22014
6502,6502,UPI,Paid,25045
6503,6503,Credit Card,Paid,2690
6504,6504,UPI,Paid,2621
6505,6505,Credit Card,Paid,24718
6506,6506,Debit Card,Paid,7978
6507,6507,Debit Card,Paid,47089
6508,6508,COD,Paid,47213
6509,6509,Debit Card,Paid,62428
6510,6510,UPI,Paid,3290
6511,6511,COD,Paid,20374
6512,6512,Credit Card,Paid,8268
6513,6513,Credit Card,Paid,10006
6514,6514,Net Banking,Paid,19491
6515,6515,Debit Card,Paid,24629
6516,6516,Credit Card,Paid,60401
6517,6517,UPI,Paid,44114
6518,6518,Credit Card,Paid,2795
6519,6519,UPI,Paid,46126
6520,6520,Credit Card,Paid,33272
6521,6521,Credit Card,Paid,67822
6522,6522,Credit Card,Paid,51267
6523,6523,Debit Card,Paid,19958
6524,6524,Net Banking,Paid,63242
6525,6525,Net Banking,Paid,75845
6526,6526,COD,Paid,54869
6527,6527,Net Banking,Paid,33586
6528,6528,Debit Card,Paid,28021
6529,6529,Debit Card,Paid,94436
6530,6530,Debit Card,Paid,15553
6531,6531,Credit Card,Paid,49826
6532,6532,Debit Card,Paid,91199
6533,6533,UPI,Paid,23915
6534,6534,Debit Card,Paid,57143
6535,6535,COD,Paid,17752
6536,6536,Debit Card,Paid,19836
6537,6537,COD,Paid,4960
6538,6538,Debit Card,Paid,54940
6539,6539,Debit Card,Paid,21404
6540,6540,Debit Card,Paid,39424
6541,6541,Net Banking,Paid,65117
6542,6542,Credit Card,Paid,36451
6543,6543,UPI,Paid,21560
6544,6544,UPI,Paid,102284
6545,6545,Credit Card,Paid,42850
6546,6546,UPI,Paid,33049
6547,6547,UPI,Paid,29622
6548,6548,Debit Card,Paid,17362
6549,6549,Credit Card,Paid,27091
6550,6550,Debit Card,Paid,47699
6551,6551,Credit Card,Paid,48624
6552,6552,UPI,Paid,37696
6553,6553,UPI,Paid,13482
6554,6554,COD,Paid,64566
6555,6555,Net Banking,Paid,24994
6556,6556,UPI,Paid,7775
6557,6557,COD,Paid,43106
6558,6558,COD,Paid,53741
6559,6559,Debit Card,Paid,39678
6560,6560,Credit Card,Paid,19696
6561,6561,COD,Paid,52018
6562,6562,Debit Card,Paid,46324
6563,6563,Net Banking,Paid,36038
6564,6564,COD,Paid,82885
6565,6565,Credit Card,Paid,79158
6566,6566,Credit Card,Paid,111812
6567,6567,UPI,Paid,29357
6568,6568,Credit Card,Paid,26710
6569,6569,Net Banking,Paid,24952
6570,6570,Net Banking,Paid,27287
6571,6571,Debit Card,Paid,18394
6572,6572,UPI,Paid,34775
6573,6573,COD,Paid,53430
6574,6574,UPI,Paid,78789
6575,6575,UPI,Paid,51329
6576,6576,UPI,Paid,66778
6577,6577,UPI,Paid,85680
6578,6578,Net Banking,Paid,29910
6579,6579,Debit Card,Paid,12415
6580,6580,Credit Card,Paid,56619
6581,6581,Credit Card,Paid,49513
6582,6582,Credit Card,Paid,37340
6583,6583,UPI,Paid,43500
6584,6584,Debit Card,Paid,31190
6585,6585,UPI,Paid,110167
6586,6586,UPI,Paid,28307
6587,6587,COD,Paid,2480
6588,6588,Credit Card,Paid,120930
6589,6589,COD,Paid,5544
6590,6590,Debit Card,Paid,14221
6591,6591,Debit Card,Paid,21902
6592,6592,Net Banking,Paid,25884
6593,6593,Debit Card,Paid,57239
6594,6594,COD,Paid,47648
6595,6595,COD,Paid,46676
6596,6596,COD,Paid,29453
6597,6597,UPI,Paid,6900
6598,6598,Credit Card,Paid,12635
6599,6599,Credit Card,Paid,46118
6600,6600,UPI,Paid,69436
6601,6601,Debit Card,Paid,67159
6602,6602,Debit Card,Paid,66247
6603,6603,UPI,Paid,43902
6604,6604,Credit Card,Paid,47328
6605,6605,Debit Card,Paid,46317
6606,6606,Credit Card,Paid,3363
6607,6607,Net Banking,Paid,31824
6608,6608,COD,Paid,38056
6609,6609,COD,Paid,64610
6610,6610,UPI,Paid,10142
6611,6611,Debit Card,Paid,40892
6612,6612,Credit Card,Paid,11198
6613,6613,UPI,Paid,47585
6614,6614,Debit Card,Paid,62694
6615,6615,UPI,Paid,6312
6616,6616,UPI,Paid,47164
6617,6617,COD,Paid,17970
6618,6618,Credit Card,Paid,46618
6619,6619,Debit Card,Paid,18355
6620,6620,COD,Paid,93730
6621,6621,UPI,Paid,15218
6622,6622,Debit Card,Paid,1181
6623,6623,COD,Paid,64369
6624,6624,Net Banking,Paid,77309
6625,6625,UPI,Paid,8048
6626,6626,Credit Card,Paid,36804
6627,6627,Debit Card,Paid,61896
6628,6628,Net Banking,Paid,23105
6629,6629,Credit Card,Paid,3048
6630,6630,UPI,Paid,29212
6631,6631,Net Banking,Paid,36771
6632,6632,Credit Card,Paid,21958
6633,6633,Debit Card,Paid,9404
6634,6634,UPI,Paid,23141
6635,6635,Credit Card,Paid,17594
6636,6636,Credit Card,Paid,5120
6637,6637,Credit Card,Paid,59752
6638,6638,Credit Card,Paid,56568
6639,6639,UPI,Paid,34502
6640,6640,Net Banking,Paid,49557
6641,6641,Debit Card,Paid,33899
6642,6642,Net Banking,Paid,50966
6643,6643,Net Banking,Paid,70175
6644,6644,Credit Card,Paid,29556
6645,6645,Credit Card,Paid,2322
6646,6646,UPI,Paid,68419
6647,6647,Credit Card,Paid,48750
6648,6648,UPI,Paid,89220
6649,6649,Net Banking,Paid,17638
6650,6650,Credit Card,Paid,15300
6651,6651,Credit Card,Paid,37668
6652,6652,Debit Card,Paid,22963
6653,6653,COD,Paid,12129
6654,6654,Net Banking,Paid,15150
6655,6655,Net Banking,Paid,100633
6656,6656,UPI,Paid,68460
6657,6657,UPI,Paid,16695
6658,6658,Credit Card,Paid,84576
6659,6659,Credit Card,Paid,24951
6660,6660,Net Banking,Paid,35574
6661,6661,Credit Card,Paid,84141
6662,6662,Credit Card,Paid,7167
6663,6663,Debit Card,Paid,2259
6664,6664,Net Banking,Paid,8016
6665,6665,COD,Paid,48030
6666,6666,Net Banking,Paid,17522
6667,6667,COD,Paid,17771
6668,6668,Debit Card,Paid,49090
6669,6669,UPI,Paid,61522
6670,6670,Credit Card,Paid,32316
6671,6671,Net Banking,Paid,60714
6672,6672,COD,Paid,10935
6673,6673,Debit Card,Paid,19430
6674,6674,COD,Paid,13632
6675,6675,UPI,Paid,45514
6676,6676,Credit Card,Paid,36101
6677,6677,Net Banking,Paid,11390
6678,6678,Credit Card,Paid,33205
6679,6679,Net Banking,Paid,5220
6680,6680,Credit Card,Paid,59636
6681,6681,Debit Card,Paid,18488
6682,6682,Debit Card,Paid,19618
6683,6683,Debit Card,Paid,57461
6684,6684,Net Banking,Paid,90228
6685,6685,Debit Card,Paid,51660
6686,6686,Credit Card,Paid,16926
6687,6687,Debit Card,Paid,40328
6688,6688,UPI,Paid,15914
6689,6689,COD,Paid,17696
6690,6690,Debit Card,Paid,51168
6691,6691,COD,Paid,17720
6692,6692,Net Banking,Paid,29549
6693,6693,COD,Paid,34255
6694,6694,UPI,Paid,7766
6695,6695,COD,Paid,71133
6696,6696,UPI,Paid,7588
6697,6697,Credit Card,Paid,24508
6698,6698,Net Banking,Paid,73892
6699,6699,Net Banking,Paid,44616
6700,6700,Credit Card,Paid,38382
6701,6701,Net Banking,Paid,32183
6702,6702,Net Banking,Paid,2476
6703,6703,COD,Paid,19741
6704,6704,UPI,Paid,26156
6705,6705,Net Banking,Paid,57933
6706,6706,UPI,Paid,9583
6707,6707,Credit Card,Paid,41741
6708,6708,Debit Card,Paid,64851
6709,6709,Credit Card,Paid,90688
6710,6710,Credit Card,Paid,58018
6711,6711,Credit Card,Paid,22444
6712,6712,UPI,Paid,47544
6713,6713,UPI,Paid,39128
6714,6714,UPI,Paid,19870
6715,6715,Debit Card,Paid,22697
6716,6716,Credit Card,Paid,32008
6717,6717,COD,Paid,58936
6718,6718,Debit Card,Paid,44476
6719,6719,Net Banking,Paid,49319
6720,6720,Debit Card,Paid,42175
6721,6721,COD,Paid,43767
6722,6722,Net Banking,Paid,15757
6723,6723,Net Banking,Paid,58370
6724,6724,Debit Card,Paid,22907
6725,6725,Debit Card,Paid,18385
6726,6726,UPI,Paid,60973
6727,6727,COD,Paid,21624
6728,6728,UPI,Paid,29564
6729,6729,Net Banking,Paid,9328
6730,6730,UPI,Paid,8607
6731,6731,Credit Card,Paid,12457
6732,6732,UPI,Paid,46840
6733,6733,Credit Card,Paid,42236
6734,6734,Credit Card,Paid,35707
6735,6735,Net Banking,Paid,6803
6736,6736,UPI,Paid,25236
6737,6737,Debit Card,Paid,24765
6738,6738,Net Banking,Paid,91128
6739,6739,Debit Card,Paid,54474
6740,6740,Net Banking,Paid,79536
6741,6741,UPI,Paid,12140
6742,6742,Debit Card,Paid,21783
6743,6743,Credit Card,Paid,37900
6744,6744,Net Banking,Paid,94966
6745,6745,Net Banking,Paid,12638
6746,6746,Debit Card,Paid,40224
6747,6747,UPI,Paid,61727
6748,6748,Net Banking,Paid,6586
6749,6749,UPI,Paid,23857
6750,6750,Net Banking,Paid,45624
6751,6751,Credit Card,Paid,92126
6752,6752,Debit Card,Paid,31810
6753,6753,Net Banking,Paid,88528
6754,6754,COD,Paid,42978
6755,6755,COD,Paid,48927
6756,6756,Debit Card,Paid,52250
6757,6757,Net Banking,Paid,5971
6758,6758,Debit Card,Paid,19248
6759,6759,UPI,Paid,90729
6760,6760,Debit Card,Paid,22609
6761,6761,Net Banking,Paid,76142
6762,6762,UPI,Paid,59123
6763,6763,Credit Card,Paid,22688
6764,6764,Net Banking,Paid,38004
6765,6765,Credit Card,Paid,2109
6766,6766,Net Banking,Paid,44039
6767,6767,COD,Paid,31252
6768,6768,Debit Card,Paid,46542
6769,6769,Debit Card,Paid,16216
6770,6770,Debit Card,Paid,39281
6771,6771,UPI,Paid,23870
6772,6772,COD,Paid,66786
6773,6773,Credit Card,Paid,60262
6774,6774,Debit Card,Paid,8690
6775,6775,Net Banking,Paid,40364
6776,6776,UPI,Paid,5572
6777,6777,UPI,Paid,13869
6778,6778,Credit Card,Paid,71068
6779,6779,COD,Paid,9638
6780,6780,Credit Card,Paid,70217
6781,6781,Debit Card,Paid,63728
6782,6782,UPI,Paid,41401
6783,6783,Debit Card,Paid,16208
6784,6784,Net Banking,Paid,88956
6785,6785,Net Banking,Paid,32572
6786,6786,COD,Paid,46784
6787,6787,COD,Paid,109336
6788,6788,Net Banking,Paid,79430
6789,6789,Debit Card,Paid,65638
6790,6790,UPI,Paid,21851
6791,6791,Net Banking,Paid,5492
6792,6792,Debit Card,Paid,30452
6793,6793,Credit Card,Paid,14622
6794,6794,COD,Paid,44363
6795,6795,UPI,Paid,11152
6796,6796,UPI,Paid,21720
6797,6797,UPI,Paid,42942
6798,6798,UPI,Paid,64655
6799,6799,Credit Card,Paid,3517
6800,6800,Credit Card,Paid,33209
6801,6801,COD,Paid,52220
6802,6802,Net Banking,Paid,2252
6803,6803,COD,Paid,47260
6804,6804,Credit Card,Paid,47866
6805,6805,UPI,Paid,83248
6806,6806,Net Banking,Paid,5688
6807,6807,COD,Paid,22182
6808,6808,Debit Card,Paid,37099
6809,6809,Credit Card,Paid,7913
6810,6810,Debit Card,Paid,30254
6811,6811,COD,Paid,65645
6812,6812,Debit Card,Paid,14139
6813,6813,Credit Card,Paid,25342
6814,6814,UPI,Paid,22185
6815,6815,Net Banking,Paid,5211
6816,6816,Net Banking,Paid,21670
6817,6817,COD,Paid,42850
6818,6818,Credit Card,Paid,36201
6819,6819,UPI,Paid,31631
6820,6820,UPI,Paid,5017
6821,6821,Debit Card,Paid,74320
6822,6822,Credit Card,Paid,29582
6823,6823,COD,Paid,50023
6824,6824,COD,Paid,46256
6825,6825,COD,Paid,51247
6826,6826,COD,Paid,25502
6827,6827,Credit Card,Paid,14258
6828,6828,Net Banking,Paid,53322
6829,6829,Debit Card,Paid,56950
6830,6830,UPI,Paid,21501
6831,6831,Credit Card,Paid,23168
6832,6832,UPI,Paid,35374
6833,6833,Debit Card,Paid,7556
6834,6834,Debit Card,Paid,2347
6835,6835,Debit Card,Paid,36848
6836,6836,COD,Paid,45446
6837,6837,Credit Card,Paid,10006
6838,6838,Net Banking,Paid,39392
6839,6839,Credit Card,Paid,41429
6840,6840,Net Banking,Paid,28402
6841,6841,Credit Card,Paid,40156
6842,6842,Debit Card,Paid,30177
6843,6843,COD,Paid,30480
6844,6844,UPI,Paid,24063
6845,6845,UPI,Paid,8932
6846,6846,Credit Card,Paid,14366
6847,6847,Debit Card,Paid,46323
6848,6848,Credit Card,Paid,52265
6849,6849,Net Banking,Paid,28690
6850,6850,Net Banking,Paid,2880
6851,6851,Credit Card,Paid,58372
6852,6852,Debit Card,Paid,36655
6853,6853,Debit Card,Paid,4336
6854,6854,Debit Card,Paid,36341
6855,6855,UPI,Paid,20654
6856,6856,Net Banking,Paid,82190
6857,6857,COD,Paid,34146
6858,6858,UPI,Paid,9040
6859,6859,UPI,Paid,69797
6860,6860,Credit Card,Paid,19590
6861,6861,COD,Paid,48466
6862,6862,Debit Card,Paid,16179
6863,6863,Debit Card,Paid,64300
6864,6864,Credit Card,Paid,62638
6865,6865,Net Banking,Paid,37587
6866,6866,Net Banking,Paid,39049
6867,6867,Credit Card,Paid,32750
6868,6868,COD,Paid,72238
6869,6869,Net Banking,Paid,53661
6870,6870,Debit Card,Paid,18809
6871,6871,Net Banking,Paid,22600
6872,6872,Credit Card,Paid,7308
6873,6873,Credit Card,Paid,32976
6874,6874,Net Banking,Paid,41199
6875,6875,Debit Card,Paid,25385
6876,6876,COD,Paid,88426
6877,6877,Debit Card,Paid,29838
6878,6878,Credit Card,Paid,41390
6879,6879,COD,Paid,50100
6880,6880,Credit Card,Paid,34438
6881,6881,Debit Card,Paid,20188
6882,6882,Net Banking,Paid,78392
6883,6883,Net Banking,Paid,35508
6884,6884,COD,Paid,80289
6885,6885,COD,Paid,69418
6886,6886,Debit Card,Paid,42436
6887,6887,COD,Paid,61804
6888,6888,UPI,Paid,96008
6889,6889,UPI,Paid,5138
6890,6890,Debit Card,Paid,36185
6891,6891,COD,Paid,55959
6892,6892,COD,Paid,18619
6893,6893,Debit Card,Paid,42670
6894,6894,UPI,Paid,48646
6895,6895,Debit Card,Paid,65797
6896,6896,Debit Card,Paid,26632
6897,6897,Credit Card,Paid,41812
6898,6898,Debit Card,Paid,29399
6899,6899,Debit Card,Paid,20068
6900,6900,UPI,Paid,22299
6901,6901,Credit Card,Paid,37894
6902,6902,Debit Card,Paid,56140
6903,6903,Credit Card,Paid,37957
6904,6904,COD,Paid,5036
6905,6905,Debit Card,Paid,21629
6906,6906,UPI,Paid,51906
6907,6907,Credit Card,Paid,70915
6908,6908,Credit Card,Paid,73659
6909,6909,UPI,Paid,37137
6910,6910,Credit Card,Paid,22546
6911,6911,Net Banking,Paid,17856
6912,6912,Net Banking,Paid,37445
6913,6913,Debit Card,Paid,9691
6914,6914,Debit Card,Paid,83996
6915,6915,Net Banking,Paid,42242
6916,6916,Debit Card,Paid,35415
6917,6917,Net Banking,Paid,1061
6918,6918,UPI,Paid,39809
6919,6919,Credit Card,Paid,30408
6920,6920,Net Banking,Paid,58908
6921,6921,Credit Card,Paid,61719
6922,6922,Net Banking,Paid,60715
6923,6923,COD,Paid,36915
6924,6924,Credit Card,Paid,74372
6925,6925,Credit Card,Paid,70912
6926,6926,Credit Card,Paid,38571
6927,6927,UPI,Paid,78986
6928,6928,Debit Card,Paid,51380
6929,6929,UPI,Paid,44309
6930,6930,Debit Card,Paid,55843
6931,6931,Net Banking,Paid,21273
6932,6932,Net Banking,Paid,71708
6933,6933,Credit Card,Paid,12958
6934,6934,UPI,Paid,22778
6935,6935,UPI,Paid,47324
6936,6936,Debit Card,Paid,15316
6937,6937,COD,Paid,30426
6938,6938,Debit Card,Paid,17088
6939,6939,COD,Paid,47195
6940,6940,UPI,Paid,40556
6941,6941,Credit Card,Paid,59975
6942,6942,Debit Card,Paid,18026
6943,6943,Credit Card,Paid,31675
6944,6944,COD,Paid,58594
6945,6945,Debit Card,Paid,55612
6946,6946,COD,Paid,46512
6947,6947,COD,Paid,57727
6948,6948,UPI,Paid,22574
6949,6949,Credit Card,Paid,23407
6950,6950,Credit Card,Paid,27976
6951,6951,UPI,Paid,20889
6952,6952,Debit Card,Paid,24302
6953,6953,UPI,Paid,29022
6954,6954,COD,Paid,14509
6955,6955,UPI,Paid,70507
6956,6956,Net Banking,Paid,28943
6957,6957,COD,Paid,50091
6958,6958,Net Banking,Paid,39399
6959,6959,Net Banking,Paid,46914
6960,6960,Net Banking,Paid,36405
6961,6961,UPI,Paid,44970
6962,6962,Debit Card,Paid,39294
6963,6963,COD,Paid,18446
6964,6964,UPI,Paid,40506
6965,6965,COD,Paid,76306
6966,6966,Debit Card,Paid,47980
6967,6967,Debit Card,Paid,5850
6968,6968,COD,Paid,43454
6969,6969,Net Banking,Paid,24094
6970,6970,COD,Paid,37899
6971,6971,COD,Paid,61324
6972,6972,Net Banking,Paid,26712
6973,6973,Debit Card,Paid,36392
6974,6974,Net Banking,Paid,8543
6975,6975,Credit Card,Paid,33102
6976,6976,Debit Card,Paid,56067
6977,6977,UPI,Paid,55705
6978,6978,Credit Card,Paid,38264
6979,6979,COD,Paid,2194
6980,6980,COD,Paid,34696
6981,6981,Net Banking,Paid,29865
6982,6982,COD,Paid,18524
6983,6983,Net Banking,Paid,32662
6984,6984,Net Banking,Paid,32414
6985,6985,Debit Card,Paid,34026
6986,6986,Credit Card,Paid,28599
6987,6987,UPI,Paid,32350
6988,6988,Net Banking,Paid,20446
6989,6989,UPI,Paid,79760
6990,6990,Debit Card,Paid,1600
6991,6991,Net Banking,Paid,13006
6992,6992,UPI,Paid,74902
6993,6993,Net Banking,Paid,18822
6994,6994,Debit Card,Paid,47972
6995,6995,Debit Card,Paid,56975
6996,6996,Net Banking,Paid,70573
6997,6997,Debit Card,Paid,37504
6998,6998,COD,Paid,78192
6999,6999,COD,Paid,39228
7000,7000,Debit Card,Paid,49729
7001,7001,COD,Paid,73689
7002,7002,COD,Paid,39490
7003,7003,COD,Paid,41754
7004,7004,Net Banking,Paid,24241
7005,7005,UPI,Paid,26887
7006,7006,UPI,Paid,94076
7007,7007,Credit Card,Paid,22956
7008,7008,Credit Card,Paid,7936
7009,7009,Debit Card,Paid,23045
7010,7010,Credit Card,Paid,26252
7011,7011,Debit Card,Paid,36644
7012,7012,Net Banking,Paid,47827
7013,7013,Debit Card,Paid,45359
7014,7014,Credit Card,Paid,14077
7015,7015,Debit Card,Paid,32379
7016,7016,Credit Card,Paid,23358
7017,7017,UPI,Paid,27200
7018,7018,UPI,Paid,21264
7019,7019,COD,Paid,43582
7020,7020,Net Banking,Paid,13858
7021,7021,Debit Card,Paid,43338
7022,7022,UPI,Paid,57428
7023,7023,COD,Paid,35404
7024,7024,Net Banking,Paid,13281
7025,7025,Net Banking,Paid,6897
7026,7026,Net Banking,Paid,64802
7027,7027,Credit Card,Paid,34075
7028,7028,COD,Paid,49783
7029,7029,UPI,Paid,21560
7030,7030,UPI,Paid,2878
7031,7031,Credit Card,Paid,80015
7032,7032,UPI,Paid,28892
7033,7033,Debit Card,Paid,62779
7034,7034,Net Banking,Paid,67120
7035,7035,Credit Card,Paid,22631
7036,7036,Net Banking,Paid,72918
7037,7037,UPI,Paid,19381
7038,7038,Net Banking,Paid,16480
7039,7039,Debit Card,Paid,12142
7040,7040,Credit Card,Paid,8629
7041,7041,COD,Paid,66728
7042,7042,Credit Card,Paid,33862
7043,7043,Credit Card,Paid,41042
7044,7044,Credit Card,Paid,31474
7045,7045,COD,Paid,16192
7046,7046,Credit Card,Paid,52782
7047,7047,Net Banking,Paid,78211
7048,7048,Net Banking,Paid,79210
7049,7049,COD,Paid,22118
7050,7050,Credit Card,Paid,23722
7051,7051,COD,Paid,93248
7052,7052,Net Banking,Paid,7777
7053,7053,COD,Paid,26729
7054,7054,Debit Card,Paid,17857
7055,7055,COD,Paid,50263
7056,7056,Net Banking,Paid,14732
7057,7057,Net Banking,Paid,61856
7058,7058,UPI,Paid,82250
7059,7059,UPI,Paid,56813
7060,7060,UPI,Paid,45329
7061,7061,Debit Card,Paid,48916
7062,7062,COD,Paid,37064
7063,7063,Credit Card,Paid,46324
7064,7064,Credit Card,Paid,3500
7065,7065,Net Banking,Paid,40913
7066,7066,Debit Card,Paid,29251
7067,7067,Debit Card,Paid,11649
7068,7068,Debit Card,Paid,62690
7069,7069,Net Banking,Paid,13246
7070,7070,Net Banking,Paid,14863
7071,7071,UPI,Paid,18314
7072,7072,Debit Card,Paid,38924
7073,7073,Debit Card,Paid,49129
7074,7074,COD,Paid,2445
7075,7075,Net Banking,Paid,9028
7076,7076,Net Banking,Paid,48464
7077,7077,Debit Card,Paid,34739
7078,7078,UPI,Paid,12348
7079,7079,UPI,Paid,46870
7080,7080,COD,Paid,61330
7081,7081,COD,Paid,30281
7082,7082,Net Banking,Paid,12080
7083,7083,UPI,Paid,22734
7084,7084,COD,Paid,15112
7085,7085,Credit Card,Paid,53380
7086,7086,COD,Paid,13654
7087,7087,UPI,Paid,69950
7088,7088,Net Banking,Paid,19426
7089,7089,Debit Card,Paid,18792
7090,7090,Credit Card,Paid,19633
7091,7091,Net Banking,Paid,68805
7092,7092,Debit Card,Paid,40077
7093,7093,Debit Card,Paid,51449
7094,7094,UPI,Paid,27130
7095,7095,Net Banking,Paid,26980
7096,7096,UPI,Paid,29653
7097,7097,Net Banking,Paid,21836
7098,7098,Net Banking,Paid,37233
7099,7099,Credit Card,Paid,103760
7100,7100,Debit Card,Paid,28332
7101,7101,COD,Paid,41655
7102,7102,Net Banking,Paid,19612
7103,7103,Debit Card,Paid,35043
7104,7104,UPI,Paid,37039
7105,7105,Credit Card,Paid,34098
7106,7106,COD,Paid,39169
7107,7107,Credit Card,Paid,21643
7108,7108,Debit Card,Paid,92832
7109,7109,COD,Paid,12234
7110,7110,Credit Card,Paid,75942
7111,7111,UPI,Paid,87070
7112,7112,UPI,Paid,3709
7113,7113,Net Banking,Paid,19593
7114,7114,UPI,Paid,59201
7115,7115,Credit Card,Paid,21770
7116,7116,Net Banking,Paid,4322
7117,7117,Credit Card,Paid,20370
7118,7118,COD,Paid,52785
7119,7119,COD,Paid,1135
7120,7120,UPI,Paid,61593
7121,7121,COD,Paid,36615
7122,7122,Debit Card,Paid,64766
7123,7123,UPI,Paid,4584
7124,7124,COD,Paid,18941
7125,7125,COD,Paid,47108
7126,7126,Net Banking,Paid,4052
7127,7127,UPI,Paid,76136
7128,7128,Credit Card,Paid,49529
7129,7129,Net Banking,Paid,24366
7130,7130,Debit Card,Paid,44524
7131,7131,Debit Card,Paid,29205
7132,7132,Credit Card,Paid,9128
7133,7133,UPI,Paid,41174
7134,7134,UPI,Paid,39595
7135,7135,Credit Card,Paid,2988
7136,7136,COD,Paid,1850
7137,7137,UPI,Paid,5939
7138,7138,UPI,Paid,17998
7139,7139,COD,Paid,2376
7140,7140,Net Banking,Paid,33684
7141,7141,Net Banking,Paid,25925
7142,7142,Net Banking,Paid,54923
7143,7143,COD,Paid,38542
7144,7144,UPI,Paid,19568
7145,7145,UPI,Paid,7637
7146,7146,Credit Card,Paid,49534
7147,7147,Debit Card,Paid,22002
7148,7148,Debit Card,Paid,70682
7149,7149,Debit Card,Paid,89032
7150,7150,UPI,Paid,23235
7151,7151,UPI,Paid,67113
7152,7152,Debit Card,Paid,35148
7153,7153,Credit Card,Paid,42937
7154,7154,Net Banking,Paid,54034
7155,7155,Net Banking,Paid,15432
7156,7156,UPI,Paid,70858
7157,7157,Debit Card,Paid,53627
7158,7158,Net Banking,Paid,90907
7159,7159,Debit Card,Paid,53010
7160,7160,Credit Card,Paid,55881
7161,7161,Debit Card,Paid,18502
7162,7162,Net Banking,Paid,83187
7163,7163,COD,Paid,43989
7164,7164,COD,Paid,4200
7165,7165,Debit Card,Paid,80723
7166,7166,Credit Card,Paid,49220
7167,7167,Debit Card,Paid,17347
7168,7168,Net Banking,Paid,44078
7169,7169,Debit Card,Paid,48250
7170,7170,Net Banking,Paid,28508
7171,7171,UPI,Paid,36218
7172,7172,Debit Card,Paid,7488
7173,7173,Debit Card,Paid,44662
7174,7174,Debit Card,Paid,58980
7175,7175,COD,Paid,53647
7176,7176,Net Banking,Paid,43254
7177,7177,COD,Paid,18854
7178,7178,UPI,Paid,34087
7179,7179,COD,Paid,44294
7180,7180,Net Banking,Paid,34760
7181,7181,Debit Card,Paid,49854
7182,7182,Credit Card,Paid,43598
7183,7183,Net Banking,Paid,66823
7184,7184,Net Banking,Paid,90362
7185,7185,Debit Card,Paid,36544
7186,7186,COD,Paid,58493
7187,7187,COD,Paid,36533
7188,7188,Net Banking,Paid,45058
7189,7189,Net Banking,Paid,49874
7190,7190,COD,Paid,40710
7191,7191,UPI,Paid,62862
7192,7192,UPI,Paid,65581
7193,7193,Credit Card,Paid,29534
7194,7194,Debit Card,Paid,43429
7195,7195,Credit Card,Paid,4307
7196,7196,UPI,Paid,21829
7197,7197,UPI,Paid,54890
7198,7198,Debit Card,Paid,70762
7199,7199,Credit Card,Paid,21087
7200,7200,Debit Card,Paid,19274
7201,7201,UPI,Paid,64054
7202,7202,Debit Card,Paid,18594
7203,7203,UPI,Paid,72652
7204,7204,Debit Card,Paid,18129
7205,7205,UPI,Paid,22399
7206,7206,UPI,Paid,32628
7207,7207,UPI,Paid,1430
7208,7208,Debit Card,Paid,76456
7209,7209,UPI,Paid,14786
7210,7210,UPI,Paid,32056
7211,7211,COD,Paid,61582
7212,7212,COD,Paid,58303
7213,7213,UPI,Paid,20938
7214,7214,Debit Card,Paid,74908
7215,7215,Credit Card,Paid,6580
7216,7216,UPI,Paid,19547
7217,7217,UPI,Paid,18028
7218,7218,Credit Card,Paid,4448
7219,7219,UPI,Paid,17296
7220,7220,Debit Card,Paid,25704
7221,7221,UPI,Paid,7663
7222,7222,COD,Paid,57292
7223,7223,Net Banking,Paid,5492
7224,7224,COD,Paid,3478
7225,7225,Net Banking,Paid,66854
7226,7226,UPI,Paid,39313
7227,7227,Debit Card,Paid,58056
7228,7228,COD,Paid,13920
7229,7229,COD,Paid,57684
7230,7230,Credit Card,Paid,18646
7231,7231,COD,Paid,27359
7232,7232,Net Banking,Paid,42646
7233,7233,UPI,Paid,34060
7234,7234,Credit Card,Paid,44102
7235,7235,Debit Card,Paid,34028
7236,7236,Credit Card,Paid,34004
7237,7237,Net Banking,Paid,24406
7238,7238,Net Banking,Paid,62971
7239,7239,Credit Card,Paid,20219
7240,7240,UPI,Paid,20632
7241,7241,UPI,Paid,19662
7242,7242,Debit Card,Paid,9071
7243,7243,Debit Card,Paid,16916
7244,7244,UPI,Paid,59174
7245,7245,Credit Card,Paid,34690
7246,7246,UPI,Paid,45639
7247,7247,Debit Card,Paid,23802
7248,7248,Credit Card,Paid,50115
7249,7249,UPI,Paid,48242
7250,7250,COD,Paid,44938
7251,7251,Credit Card,Paid,21293
7252,7252,Debit Card,Paid,12202
7253,7253,UPI,Paid,25476
7254,7254,Credit Card,Paid,9882
7255,7255,COD,Paid,49294
7256,7256,UPI,Paid,65665
7257,7257,UPI,Paid,8905
7258,7258,UPI,Paid,7192
7259,7259,Debit Card,Paid,49178
7260,7260,COD,Paid,37977
7261,7261,Debit Card,Paid,7229
7262,7262,COD,Paid,39191
7263,7263,Net Banking,Paid,76536
7264,7264,UPI,Paid,46822
7265,7265,COD,Paid,26316
7266,7266,Credit Card,Paid,23251
7267,7267,COD,Paid,18577
7268,7268,Debit Card,Paid,62723
7269,7269,COD,Paid,50831
7270,7270,Credit Card,Paid,53024
7271,7271,Debit Card,Paid,48380
7272,7272,UPI,Paid,59703
7273,7273,Debit Card,Paid,19828
7274,7274,Net Banking,Paid,23489
7275,7275,Credit Card,Paid,28079
7276,7276,COD,Paid,25567
7277,7277,Net Banking,Paid,6371
7278,7278,UPI,Paid,50912
7279,7279,Credit Card,Paid,24988
7280,7280,UPI,Paid,99800
7281,7281,Net Banking,Paid,3669
7282,7282,Net Banking,Paid,39278
7283,7283,Net Banking,Paid,83502
7284,7284,Debit Card,Paid,34600
7285,7285,Debit Card,Paid,34646
7286,7286,COD,Paid,33006
7287,7287,Debit Card,Paid,88970
7288,7288,Net Banking,Paid,4394
7289,7289,Debit Card,Paid,40079
7290,7290,Debit Card,Paid,13606
7291,7291,Net Banking,Paid,44924
7292,7292,Credit Card,Paid,56964
7293,7293,Debit Card,Paid,35159
7294,7294,COD,Paid,2027
7295,7295,COD,Paid,34404
7296,7296,Credit Card,Paid,49916
7297,7297,Debit Card,Paid,21648
7298,7298,Credit Card,Paid,21433
7299,7299,COD,Paid,17602
7300,7300,COD,Paid,26334
7301,7301,Net Banking,Paid,67681
7302,7302,COD,Paid,39592
7303,7303,UPI,Paid,40206
7304,7304,Net Banking,Paid,78797
7305,7305,Credit Card,Paid,9278
7306,7306,Debit Card,Paid,44122
7307,7307,Net Banking,Paid,23214
7308,7308,Net Banking,Paid,60536
7309,7309,Credit Card,Paid,59180
7310,7310,Debit Card,Paid,14214
7311,7311,Net Banking,Paid,48416
7312,7312,UPI,Paid,6816
7313,7313,UPI,Paid,56379
7314,7314,Credit Card,Paid,5441
7315,7315,UPI,Paid,61937
7316,7316,UPI,Paid,67216
7317,7317,COD,Paid,29329
7318,7318,Credit Card,Paid,28710
7319,7319,Net Banking,Paid,77950
7320,7320,Credit Card,Paid,13353
7321,7321,UPI,Paid,21185
7322,7322,COD,Paid,13809
7323,7323,Debit Card,Paid,19893
7324,7324,UPI,Paid,49782
7325,7325,Net Banking,Paid,67705
7326,7326,Net Banking,Paid,80280
7327,7327,Net Banking,Paid,38066
7328,7328,UPI,Paid,50422
7329,7329,Debit Card,Paid,71338
7330,7330,COD,Paid,39063
7331,7331,Credit Card,Paid,41686
7332,7332,COD,Paid,19246
7333,7333,UPI,Paid,22194
7334,7334,UPI,Paid,13881
7335,7335,Net Banking,Paid,35844
7336,7336,COD,Paid,74635
7337,7337,COD,Paid,58891
7338,7338,COD,Paid,79818
7339,7339,Net Banking,Paid,21134
7340,7340,Debit Card,Paid,2242
7341,7341,Debit Card,Paid,52733
7342,7342,COD,Paid,71289
7343,7343,Debit Card,Paid,40844
7344,7344,Credit Card,Paid,42391
7345,7345,UPI,Paid,14170
7346,7346,UPI,Paid,6970
7347,7347,COD,Paid,2088
7348,7348,UPI,Paid,33708
7349,7349,UPI,Paid,55294
7350,7350,Debit Card,Paid,96902
7351,7351,UPI,Paid,23839
7352,7352,UPI,Paid,50763
7353,7353,COD,Paid,41918
7354,7354,COD,Paid,4024
7355,7355,Net Banking,Paid,15008
7356,7356,Debit Card,Paid,42136
7357,7357,Credit Card,Paid,22934
7358,7358,Debit Card,Paid,39186
7359,7359,Net Banking,Paid,24399
7360,7360,UPI,Paid,12474
7361,7361,Credit Card,Paid,34108
7362,7362,Debit Card,Paid,49929
7363,7363,Credit Card,Paid,11654
7364,7364,Debit Card,Paid,90633
7365,7365,Net Banking,Paid,8358
7366,7366,Net Banking,Paid,61273
7367,7367,Credit Card,Paid,3195
7368,7368,UPI,Paid,31084
7369,7369,Credit Card,Paid,2984
7370,7370,Net Banking,Paid,81556
7371,7371,Debit Card,Paid,34076
7372,7372,Debit Card,Paid,34454
7373,7373,COD,Paid,66232
7374,7374,Debit Card,Paid,81022
7375,7375,Credit Card,Paid,26350
7376,7376,Debit Card,Paid,51338
7377,7377,Net Banking,Paid,39236
7378,7378,Debit Card,Paid,60948
7379,7379,UPI,Paid,30260
7380,7380,COD,Paid,84717
7381,7381,UPI,Paid,50868
7382,7382,UPI,Paid,10072
7383,7383,Credit Card,Paid,25175
7384,7384,Debit Card,Paid,54257
7385,7385,UPI,Paid,19323
7386,7386,COD,Paid,35050
7387,7387,UPI,Paid,22338
7388,7388,Debit Card,Paid,56646
7389,7389,Credit Card,Paid,60172
7390,7390,UPI,Paid,38447
7391,7391,UPI,Paid,104772
7392,7392,Debit Card,Paid,78238
7393,7393,Debit Card,Paid,41941
7394,7394,Credit Card,Paid,45118
7395,7395,Credit Card,Paid,45828
7396,7396,Net Banking,Paid,54806
7397,7397,UPI,Paid,90434
7398,7398,Debit Card,Paid,30366
7399,7399,COD,Paid,45762
7400,7400,COD,Paid,8555
7401,7401,UPI,Paid,92667
7402,7402,Debit Card,Paid,32984
7403,7403,COD,Paid,16974
7404,7404,COD,Paid,60677
7405,7405,UPI,Paid,38268
7406,7406,UPI,Paid,12482
7407,7407,COD,Paid,13241
7408,7408,UPI,Paid,50798
7409,7409,COD,Paid,45118
7410,7410,Credit Card,Paid,78194
7411,7411,UPI,Paid,13503
7412,7412,Credit Card,Paid,54022
7413,7413,Debit Card,Paid,41343
7414,7414,Net Banking,Paid,44194
7415,7415,UPI,Paid,39860
7416,7416,Credit Card,Paid,39414
7417,7417,Credit Card,Paid,22828
7418,7418,COD,Paid,94972
7419,7419,Debit Card,Paid,20177
7420,7420,UPI,Paid,5068
7421,7421,UPI,Paid,30851
7422,7422,COD,Paid,9132
7423,7423,UPI,Paid,109601
7424,7424,Credit Card,Paid,35528
7425,7425,Credit Card,Paid,7780
7426,7426,COD,Paid,23203
7427,7427,Debit Card,Paid,60682
7428,7428,Net Banking,Paid,26567
7429,7429,UPI,Paid,28958
7430,7430,UPI,Paid,18719
7431,7431,Net Banking,Paid,11807
7432,7432,Net Banking,Paid,7355
7433,7433,UPI,Paid,25772
7434,7434,COD,Paid,5901
7435,7435,Net Banking,Paid,72001
7436,7436,Credit Card,Paid,45442
7437,7437,Net Banking,Paid,56350
7438,7438,COD,Paid,50623
7439,7439,Net Banking,Paid,73658
7440,7440,UPI,Paid,43742
7441,7441,Credit Card,Paid,54104
7442,7442,Debit Card,Paid,44126
7443,7443,Credit Card,Paid,23552
7444,7444,Net Banking,Paid,65511
7445,7445,COD,Paid,22579
7446,7446,COD,Paid,55118
7447,7447,Debit Card,Paid,9032
7448,7448,Credit Card,Paid,11813
7449,7449,UPI,Paid,95774
7450,7450,Credit Card,Paid,66786
7451,7451,Credit Card,Paid,47121
7452,7452,COD,Paid,11827
7453,7453,Debit Card,Paid,10546
7454,7454,Net Banking,Paid,8308
7455,7455,Net Banking,Paid,53190
7456,7456,Net Banking,Paid,29286
7457,7457,Debit Card,Paid,43509
7458,7458,Debit Card,Paid,18173
7459,7459,UPI,Paid,13240
7460,7460,UPI,Paid,102900
7461,7461,Debit Card,Paid,14598
7462,7462,Debit Card,Paid,53804
7463,7463,Net Banking,Paid,19182
7464,7464,Credit Card,Paid,22826
7465,7465,Net Banking,Paid,20199
7466,7466,UPI,Paid,33762
7467,7467,COD,Paid,19672
7468,7468,Debit Card,Paid,1175
7469,7469,Net Banking,Paid,61622
7470,7470,Debit Card,Paid,11212
7471,7471,Debit Card,Paid,52970
7472,7472,COD,Paid,12377
7473,7473,COD,Paid,51933
7474,7474,Net Banking,Paid,45765
7475,7475,Net Banking,Paid,36442
7476,7476,Credit Card,Paid,1524
7477,7477,Credit Card,Paid,50513
7478,7478,Credit Card,Paid,74757
7479,7479,COD,Paid,60148
7480,7480,Debit Card,Paid,43576
7481,7481,Debit Card,Paid,25480
7482,7482,Credit Card,Paid,36796
7483,7483,COD,Paid,27748
7484,7484,COD,Paid,33808
7485,7485,COD,Paid,17572
7486,7486,UPI,Paid,28918
7487,7487,Debit Card,Paid,66334
7488,7488,UPI,Paid,21272
7489,7489,Net Banking,Paid,51261
7490,7490,Debit Card,Paid,80208
7491,7491,UPI,Paid,45483
7492,7492,UPI,Paid,25653
7493,7493,Debit Card,Paid,37695
7494,7494,COD,Paid,45563
7495,7495,UPI,Paid,38864
7496,7496,COD,Paid,67488
7497,7497,COD,Paid,20532
7498,7498,Credit Card,Paid,4829
7499,7499,UPI,Paid,62496
7500,7500,UPI,Paid,47855
7501,7501,Net Banking,Paid,7044
7502,7502,Debit Card,Paid,43682
7503,7503,UPI,Paid,37230
7504,7504,COD,Paid,68943
7505,7505,Net Banking,Paid,43949
7506,7506,COD,Paid,55235
7507,7507,UPI,Paid,22361
7508,7508,UPI,Paid,40444
7509,7509,Debit Card,Paid,44039
7510,7510,UPI,Paid,17461
7511,7511,COD,Paid,23840
7512,7512,Net Banking,Paid,74290
7513,7513,COD,Paid,34349
7514,7514,Net Banking,Paid,26882
7515,7515,UPI,Paid,32643
7516,7516,COD,Paid,27780
7517,7517,COD,Paid,23347
7518,7518,COD,Paid,72855
7519,7519,COD,Paid,29096
7520,7520,COD,Paid,27633
7521,7521,Credit Card,Paid,22488
7522,7522,UPI,Paid,46239
7523,7523,Debit Card,Paid,49644
7524,7524,COD,Paid,12711
7525,7525,Credit Card,Paid,35302
7526,7526,COD,Paid,79688
7527,7527,Debit Card,Paid,60908
7528,7528,COD,Paid,55264
7529,7529,Debit Card,Paid,42018
7530,7530,Credit Card,Paid,19752
7531,7531,COD,Paid,47896
7532,7532,UPI,Paid,47100
7533,7533,Debit Card,Paid,83230
7534,7534,COD,Paid,126668
7535,7535,Debit Card,Paid,12869
7536,7536,UPI,Paid,47570
7537,7537,Credit Card,Paid,44212
7538,7538,Net Banking,Paid,74519
7539,7539,Credit Card,Paid,50992
7540,7540,Debit Card,Paid,31524
7541,7541,COD,Paid,41960
7542,7542,Credit Card,Paid,71265
7543,7543,Net Banking,Paid,37460
7544,7544,Credit Card,Paid,66237
7545,7545,COD,Paid,36103
7546,7546,Debit Card,Paid,51117
7547,7547,Credit Card,Paid,16948
7548,7548,Credit Card,Paid,29077
7549,7549,Credit Card,Paid,65434
7550,7550,Credit Card,Paid,21808
7551,7551,COD,Paid,21335
7552,7552,Net Banking,Paid,14256
7553,7553,Net Banking,Paid,3223
7554,7554,Credit Card,Paid,43273
7555,7555,Credit Card,Paid,65804
7556,7556,UPI,Paid,66025
7557,7557,Debit Card,Paid,28974
7558,7558,COD,Paid,29974
7559,7559,Net Banking,Paid,28577
7560,7560,Credit Card,Paid,45937
7561,7561,Credit Card,Paid,79036
7562,7562,Debit Card,Paid,43977
7563,7563,UPI,Paid,24439
7564,7564,Credit Card,Paid,37410
7565,7565,Net Banking,Paid,2678
7566,7566,Credit Card,Paid,42690
7567,7567,Credit Card,Paid,37434
7568,7568,COD,Paid,77216
7569,7569,COD,Paid,71381
7570,7570,UPI,Paid,20695
7571,7571,Credit Card,Paid,48083
7572,7572,UPI,Paid,53402
7573,7573,Credit Card,Paid,25586
7574,7574,Debit Card,Paid,85760
7575,7575,UPI,Paid,26176
7576,7576,Credit Card,Paid,30031
7577,7577,UPI,Paid,42279
7578,7578,Net Banking,Paid,21209
7579,7579,COD,Paid,73036
7580,7580,UPI,Paid,3850
7581,7581,UPI,Paid,35371
7582,7582,Debit Card,Paid,63838
7583,7583,UPI,Paid,60042
7584,7584,COD,Paid,61552
7585,7585,Debit Card,Paid,21308
7586,7586,Credit Card,Paid,35847
7587,7587,UPI,Paid,60506
7588,7588,UPI,Paid,23044
7589,7589,COD,Paid,41375
7590,7590,Debit Card,Paid,67390
7591,7591,COD,Paid,65932
7592,7592,UPI,Paid,14002
7593,7593,COD,Paid,22802
7594,7594,Net Banking,Paid,18001
7595,7595,Net Banking,Paid,3961
7596,7596,UPI,Paid,14996
7597,7597,UPI,Paid,28492
7598,7598,Debit Card,Paid,102668
7599,7599,UPI,Paid,25177
7600,7600,Debit Card,Paid,2158
7601,7601,UPI,Paid,23818
7602,7602,COD,Paid,52665
7603,7603,COD,Paid,26258
7604,7604,Debit Card,Paid,21578
7605,7605,Credit Card,Paid,70722
7606,7606,Credit Card,Paid,37172
7607,7607,UPI,Paid,80626
7608,7608,Credit Card,Paid,48240
7609,7609,COD,Paid,27836
7610,7610,UPI,Paid,23673
7611,7611,Net Banking,Paid,10670
7612,7612,COD,Paid,17375
7613,7613,Debit Card,Paid,24791
7614,7614,Debit Card,Paid,110854
7615,7615,Debit Card,Paid,26926
7616,7616,Credit Card,Paid,30724
7617,7617,COD,Paid,68733
7618,7618,Net Banking,Paid,43043
7619,7619,UPI,Paid,35715
7620,7620,Net Banking,Paid,69848
7621,7621,UPI,Paid,55222
7622,7622,Credit Card,Paid,70458
7623,7623,UPI,Paid,30741
7624,7624,Credit Card,Paid,57627
7625,7625,Credit Card,Paid,21350
7626,7626,COD,Paid,28584
7627,7627,Net Banking,Paid,30390
7628,7628,UPI,Paid,24658
7629,7629,Net Banking,Paid,99342
7630,7630,UPI,Paid,22285
7631,7631,COD,Paid,69083
7632,7632,Net Banking,Paid,22515
7633,7633,COD,Paid,2772
7634,7634,Net Banking,Paid,14319
7635,7635,Credit Card,Paid,24346
7636,7636,UPI,Paid,4975
7637,7637,Net Banking,Paid,56990
7638,7638,COD,Paid,71534
7639,7639,Credit Card,Paid,50580
7640,7640,COD,Paid,18325
7641,7641,Credit Card,Paid,50279
7642,7642,Debit Card,Paid,42940
7643,7643,Debit Card,Paid,80114
7644,7644,Debit Card,Paid,23767
7645,7645,Debit Card,Paid,6845
7646,7646,Credit Card,Paid,16688
7647,7647,COD,Paid,18221
7648,7648,UPI,Paid,24851
7649,7649,Net Banking,Paid,72246
7650,7650,Net Banking,Paid,57525
7651,7651,COD,Paid,19459
7652,7652,Net Banking,Paid,9392
7653,7653,COD,Paid,75317
7654,7654,COD,Paid,7896
7655,7655,Credit Card,Paid,13684
7656,7656,Debit Card,Paid,28312
7657,7657,UPI,Paid,20971
7658,7658,Credit Card,Paid,50240
7659,7659,Credit Card,Paid,15652
7660,7660,Credit Card,Paid,19233
7661,7661,Credit Card,Paid,69437
7662,7662,Debit Card,Paid,48618
7663,7663,Debit Card,Paid,25020
7664,7664,Net Banking,Paid,2448
7665,7665,Net Banking,Paid,15255
7666,7666,UPI,Paid,23533
7667,7667,Debit Card,Paid,69361
7668,7668,COD,Paid,6794
7669,7669,Credit Card,Paid,74775
7670,7670,Debit Card,Paid,7740
7671,7671,Credit Card,Paid,101952
7672,7672,Credit Card,Paid,32516
7673,7673,Net Banking,Paid,42028
7674,7674,Net Banking,Paid,30536
7675,7675,COD,Paid,16741
7676,7676,Debit Card,Paid,38296
7677,7677,Credit Card,Paid,75691
7678,7678,Debit Card,Paid,62019
7679,7679,Debit Card,Paid,9387
7680,7680,Net Banking,Paid,56299
7681,7681,Net Banking,Paid,11340
7682,7682,Net Banking,Paid,63186
7683,7683,Debit Card,Paid,30650
7684,7684,UPI,Paid,50434
7685,7685,Debit Card,Paid,34076
7686,7686,Net Banking,Paid,65644
7687,7687,Debit Card,Paid,17998
7688,7688,Net Banking,Paid,8666
7689,7689,COD,Paid,39771
7690,7690,Debit Card,Paid,51854
7691,7691,Credit Card,Paid,58703
7692,7692,Credit Card,Paid,13466
7693,7693,UPI,Paid,8746
7694,7694,Net Banking,Paid,42124
7695,7695,Debit Card,Paid,33444
7696,7696,Net Banking,Paid,84712
7697,7697,Net Banking,Paid,16080
7698,7698,Debit Card,Paid,2658
7699,7699,UPI,Paid,21816
7700,7700,Net Banking,Paid,53698
7701,7701,Net Banking,Paid,11594
7702,7702,Debit Card,Paid,22909
7703,7703,Credit Card,Paid,23699
7704,7704,Net Banking,Paid,15014
7705,7705,UPI,Paid,51040
7706,7706,Debit Card,Paid,35352
7707,7707,Debit Card,Paid,80780
7708,7708,UPI,Paid,3396
7709,7709,COD,Paid,35760
7710,7710,Credit Card,Paid,58347
7711,7711,Debit Card,Paid,44159
7712,7712,Debit Card,Paid,89791
7713,7713,Credit Card,Paid,21519
7714,7714,Debit Card,Paid,15373
7715,7715,Debit Card,Paid,72184
7716,7716,Credit Card,Paid,12191
7717,7717,Credit Card,Paid,55797
7718,7718,Net Banking,Paid,61891
7719,7719,COD,Paid,29284
7720,7720,Debit Card,Paid,41644
7721,7721,Credit Card,Paid,48649
7722,7722,Credit Card,Paid,19493
7723,7723,Debit Card,Paid,52692
7724,7724,Net Banking,Paid,20270
7725,7725,Credit Card,Paid,57238
7726,7726,UPI,Paid,24021
7727,7727,Credit Card,Paid,79070
7728,7728,UPI,Paid,81392
7729,7729,Credit Card,Paid,65926
7730,7730,Credit Card,Paid,76902
7731,7731,Credit Card,Paid,14331
7732,7732,Debit Card,Paid,28491
7733,7733,UPI,Paid,99698
7734,7734,COD,Paid,69832
7735,7735,COD,Paid,56321
7736,7736,COD,Paid,47781
7737,7737,Debit Card,Paid,35744
7738,7738,Debit Card,Paid,36403
7739,7739,COD,Paid,25036
7740,7740,Net Banking,Paid,42406
7741,7741,Net Banking,Paid,116157
7742,7742,UPI,Paid,29078
7743,7743,Debit Card,Paid,44287
7744,7744,UPI,Paid,54134
7745,7745,Credit Card,Paid,71976
7746,7746,Credit Card,Paid,7224
7747,7747,Credit Card,Paid,30321
7748,7748,COD,Paid,30552
7749,7749,Debit Card,Paid,33322
7750,7750,COD,Paid,52544
7751,7751,COD,Paid,19740
7752,7752,Credit Card,Paid,33897
7753,7753,Debit Card,Paid,27996
7754,7754,Net Banking,Paid,15998
7755,7755,UPI,Paid,18078
7756,7756,Net Banking,Paid,12215
7757,7757,Debit Card,Paid,5286
7758,7758,Credit Card,Paid,1497
7759,7759,Debit Card,Paid,26861
7760,7760,COD,Paid,20960
7761,7761,Credit Card,Paid,34678
7762,7762,Credit Card,Paid,6291
7763,7763,Net Banking,Paid,28990
7764,7764,Debit Card,Paid,77872
7765,7765,Net Banking,Paid,59657
7766,7766,COD,Paid,53590
7767,7767,COD,Paid,4022
7768,7768,Net Banking,Paid,28994
7769,7769,Net Banking,Paid,3610
7770,7770,UPI,Paid,13921
7771,7771,COD,Paid,25742
7772,7772,Credit Card,Paid,43858
7773,7773,UPI,Paid,18691
7774,7774,Credit Card,Paid,23998
7775,7775,UPI,Paid,21797
7776,7776,COD,Paid,29855
7777,7777,Credit Card,Paid,50538
7778,7778,Debit Card,Paid,66038
7779,7779,UPI,Paid,67264
7780,7780,COD,Paid,58235
7781,7781,Debit Card,Paid,25609
7782,7782,Debit Card,Paid,64607
7783,7783,Net Banking,Paid,29416
7784,7784,COD,Paid,15695
7785,7785,Debit Card,Paid,62626
7786,7786,COD,Paid,48824
7787,7787,UPI,Paid,2581
7788,7788,Net Banking,Paid,28334
7789,7789,COD,Paid,53777
7790,7790,UPI,Paid,22003
7791,7791,Net Banking,Paid,36685
7792,7792,UPI,Paid,40662
7793,7793,COD,Paid,43229
7794,7794,UPI,Paid,37696
7795,7795,Debit Card,Paid,10366
7796,7796,COD,Paid,8033
7797,7797,Debit Card,Paid,20669
7798,7798,UPI,Paid,24599
7799,7799,COD,Paid,48698
7800,7800,Debit Card,Paid,41719
7801,7801,COD,Paid,33010
7802,7802,Credit Card,Paid,68745
7803,7803,Debit Card,Paid,16167
7804,7804,UPI,Paid,33278
7805,7805,UPI,Paid,83374
7806,7806,Net Banking,Paid,26210
7807,7807,Credit Card,Paid,18795
7808,7808,Credit Card,Paid,19234
7809,7809,Net Banking,Paid,122124
7810,7810,Debit Card,Paid,85951
7811,7811,UPI,Paid,11219
7812,7812,UPI,Paid,2832
7813,7813,Net Banking,Paid,70873
7814,7814,Debit Card,Paid,39340
7815,7815,Credit Card,Paid,73026
7816,7816,Net Banking,Paid,22471
7817,7817,COD,Paid,32752
7818,7818,COD,Paid,77578
7819,7819,UPI,Paid,74189
7820,7820,COD,Paid,63976
7821,7821,COD,Paid,61110
7822,7822,UPI,Paid,37735
7823,7823,UPI,Paid,65993
7824,7824,Net Banking,Paid,60192
7825,7825,Debit Card,Paid,11882
7826,7826,Net Banking,Paid,80147
7827,7827,COD,Paid,20242
7828,7828,Debit Card,Paid,53184
7829,7829,COD,Paid,6029
7830,7830,COD,Paid,64431
7831,7831,COD,Paid,53831
7832,7832,UPI,Paid,31058
7833,7833,Net Banking,Paid,84467
7834,7834,Debit Card,Paid,42106
7835,7835,Debit Card,Paid,59421
7836,7836,Net Banking,Paid,17898
7837,7837,Net Banking,Paid,41515
7838,7838,Credit Card,Paid,69980
7839,7839,UPI,Paid,24648
7840,7840,Net Banking,Paid,13332
7841,7841,Credit Card,Paid,41785
7842,7842,UPI,Paid,27268
7843,7843,Credit Card,Paid,7703
7844,7844,UPI,Paid,19138
7845,7845,COD,Paid,5837
7846,7846,UPI,Paid,30203
7847,7847,COD,Paid,33174
7848,7848,UPI,Paid,7844
7849,7849,UPI,Paid,62916
7850,7850,UPI,Paid,23711
7851,7851,Debit Card,Paid,71228
7852,7852,Debit Card,Paid,31252
7853,7853,UPI,Paid,21316
7854,7854,Net Banking,Paid,41096
7855,7855,Credit Card,Paid,2290
7856,7856,Credit Card,Paid,43971
7857,7857,Net Banking,Paid,33995
7858,7858,Net Banking,Paid,37824
7859,7859,Net Banking,Paid,59991
7860,7860,Credit Card,Paid,55238
7861,7861,UPI,Paid,52444
7862,7862,UPI,Paid,40912
7863,7863,Net Banking,Paid,41891
7864,7864,Net Banking,Paid,41608
7865,7865,Debit Card,Paid,45410
7866,7866,Credit Card,Paid,25957
7867,7867,UPI,Paid,45098
7868,7868,Net Banking,Paid,25838
7869,7869,Net Banking,Paid,31626
7870,7870,COD,Paid,19719
7871,7871,COD,Paid,14739
7872,7872,COD,Paid,49970
7873,7873,COD,Paid,37778
7874,7874,UPI,Paid,35906
7875,7875,Net Banking,Paid,56820
7876,7876,Net Banking,Paid,23622
7877,7877,Net Banking,Paid,50928
7878,7878,UPI,Paid,31236
7879,7879,COD,Paid,57084
7880,7880,COD,Paid,30008
7881,7881,Credit Card,Paid,75994
7882,7882,Debit Card,Paid,75178
7883,7883,Credit Card,Paid,18706
7884,7884,Debit Card,Paid,95952
7885,7885,Debit Card,Paid,15720
7886,7886,Net Banking,Paid,25380
7887,7887,UPI,Paid,4226
7888,7888,Net Banking,Paid,21674
7889,7889,Debit Card,Paid,17654
7890,7890,UPI,Paid,80196
7891,7891,UPI,Paid,31922
7892,7892,UPI,Paid,62964
7893,7893,COD,Paid,26664
7894,7894,Credit Card,Paid,51596
7895,7895,Credit Card,Paid,25004
7896,7896,Credit Card,Paid,80264
7897,7897,Net Banking,Paid,49642
7898,7898,UPI,Paid,64173
7899,7899,COD,Paid,59564
7900,7900,Debit Card,Paid,22007
7901,7901,Credit Card,Paid,47680
7902,7902,UPI,Paid,3491
7903,7903,Credit Card,Paid,59190
7904,7904,Net Banking,Paid,77762
7905,7905,COD,Paid,18080
7906,7906,UPI,Paid,40696
7907,7907,Debit Card,Paid,43648
7908,7908,COD,Paid,29422
7909,7909,Debit Card,Paid,61065
7910,7910,Net Banking,Paid,58942
7911,7911,Debit Card,Paid,37981
7912,7912,UPI,Paid,91545
7913,7913,Net Banking,Paid,38832
7914,7914,Debit Card,Paid,94887
7915,7915,UPI,Paid,12689
7916,7916,Net Banking,Paid,18851
7917,7917,COD,Paid,42471
7918,7918,UPI,Paid,16267
7919,7919,COD,Paid,50488
7920,7920,Net Banking,Paid,35817
7921,7921,Credit Card,Paid,39455
7922,7922,Debit Card,Paid,58392
7923,7923,Debit Card,Paid,45926
7924,7924,COD,Paid,35246
7925,7925,COD,Paid,55919
7926,7926,COD,Paid,20408
7927,7927,UPI,Paid,47219
7928,7928,COD,Paid,50181
7929,7929,COD,Paid,26714
7930,7930,UPI,Paid,45818
7931,7931,UPI,Paid,34827
7932,7932,Credit Card,Paid,67886
7933,7933,Debit Card,Paid,23280
7934,7934,Net Banking,Paid,59319
7935,7935,Net Banking,Paid,26415
7936,7936,UPI,Paid,12167
7937,7937,COD,Paid,31761
7938,7938,Debit Card,Paid,78604
7939,7939,Debit Card,Paid,12055
7940,7940,Net Banking,Paid,21248
7941,7941,Credit Card,Paid,31590
7942,7942,Debit Card,Paid,24872
7943,7943,Net Banking,Paid,32778
7944,7944,Net Banking,Paid,74564
7945,7945,COD,Paid,29700
7946,7946,Net Banking,Paid,45109
7947,7947,COD,Paid,49129
7948,7948,Credit Card,Paid,35386
7949,7949,Debit Card,Paid,88188
7950,7950,Net Banking,Paid,74544
7951,7951,Debit Card,Paid,53844
7952,7952,UPI,Paid,17229
7953,7953,Debit Card,Paid,18134
7954,7954,UPI,Paid,34771
7955,7955,UPI,Paid,83831
7956,7956,Net Banking,Paid,50079
7957,7957,Debit Card,Paid,77939
7958,7958,COD,Paid,27425
7959,7959,Net Banking,Paid,34494
7960,7960,COD,Paid,25187
7961,7961,Credit Card,Paid,30637
7962,7962,UPI,Paid,4817
7963,7963,Credit Card,Paid,57842
7964,7964,Debit Card,Paid,14464
7965,7965,UPI,Paid,80645
7966,7966,Debit Card,Paid,9185
7967,7967,Debit Card,Paid,18802
7968,7968,Debit Card,Paid,17046
7969,7969,Debit Card,Paid,29806
7970,7970,Credit Card,Paid,58313
7971,7971,Debit Card,Paid,19671
7972,7972,UPI,Paid,60922
7973,7973,UPI,Paid,58618
7974,7974,COD,Paid,24402
7975,7975,UPI,Paid,71798
7976,7976,Credit Card,Paid,55162
7977,7977,COD,Paid,65460
7978,7978,UPI,Paid,83574
7979,7979,COD,Paid,28648
7980,7980,COD,Paid,63432
7981,7981,Credit Card,Paid,48605
7982,7982,Credit Card,Paid,58303
7983,7983,Debit Card,Paid,114432
7984,7984,Debit Card,Paid,66806
7985,7985,UPI,Paid,47349
7986,7986,Net Banking,Paid,62058
7987,7987,UPI,Paid,19398
7988,7988,COD,Paid,1305
7989,7989,COD,Paid,35593
7990,7990,Credit Card,Paid,28486
7991,7991,Debit Card,Paid,63470
7992,7992,Credit Card,Paid,73466
7993,7993,Net Banking,Paid,70436
7994,7994,UPI,Paid,128296
7995,7995,COD,Paid,15726
7996,7996,COD,Paid,78466
7997,7997,UPI,Paid,58423
7998,7998,Credit Card,Paid,56331
7999,7999,COD,Paid,16280
8000,8000,Credit Card,Paid,24461
