RecommendationID,CustomerID,RecommendedProductID,Score
1,1183,320,0.78
2,1572,657,0.82
3,515,692,0.58
4,2000,372,0.52
5,1294,510,0.98
6,1781,694,0.73
7,1050,398,0.87
8,2631,20,0.81
9,337,64,0.7
10,1719,745,0.76
11,755,615,0.68
12,2982,820,0.72
13,2080,32,0.96
14,2996,146,0.67
15,641,689,0.75
16,987,420,0.71
17,2191,644,0.89
18,644,210,0.54
19,2868,451,0.75
20,2637,314,0.8
21,430,785,0.8
22,1256,574,0.62
23,1897,335,0.68
24,1321,303,0.77
25,1758,368,0.65
26,859,459,0.86
27,1965,136,0.97
28,442,849,0.6
29,1491,644,0.92
30,1195,94,0.96
31,1234,797,0.59
32,2024,210,0.58
33,1278,38,0.97
34,2942,754,0.96
35,369,229,0.63
36,1906,122,0.78
37,429,273,0.57
38,2411,921,0.89
39,2116,47,0.75
40,928,440,0.75
41,729,767,0.88
42,2965,982,0.52
43,1080,145,0.89
44,1510,905,0.96
45,2859,352,0.6
46,2718,260,0.93
47,672,571,0.79
48,1419,661,0.89
49,1686,160,0.57
50,2119,339,0.91
51,749,647,0.63
52,2599,166,0.86
53,1917,609,0.64
54,334,675,0.56
55,2426,440,0.52
56,2434,974,0.74
57,2623,565,0.96
58,2875,825,0.81
59,2060,984,0.94
60,1298,349,0.52
61,2665,471,0.54
62,2405,314,0.94
63,242,679,0.77
64,359,13,0.59
65,1423,313,0.56
66,2387,892,0.51
67,2403,644,0.74
68,34,666,0.67
69,2170,990,0.91
70,520,981,0.88
71,1070,836,0.95
72,662,476,0.75
73,1231,49,0.66
74,774,960,0.58
75,749,634,0.53
76,149,865,0.51
77,1332,813,0.93
78,383,554,0.81
79,2137,996,0.58
80,522,643,0.61
81,2123,68,0.63
82,2846,520,0.62
83,2115,754,0.71
84,1718,816,0.79
85,2526,755,0.53
86,2156,638,0.98
87,2079,928,0.7
88,1135,820,0.5
89,2592,782,0.66
90,154,534,0.57
91,2722,197,0.74
92,2346,256,0.59
93,2587,503,0.7
94,1632,572,0.83
95,264,914,0.55
96,2109,300,0.55
97,1858,381,0.52
98,2253,313,0.57
99,1932,419,0.92
100,2368,179,0.78
101,1872,818,0.59
102,2459,192,0.89
103,325,458,0.64
104,91,732,0.68
105,793,510,0.56
106,166,526,0.65
107,1364,79,0.54
108,1853,592,0.84
109,1039,451,0.93
110,715,962,0.54
111,1877,934,0.7
112,857,666,0.91
113,1182,792,0.75
114,1651,46,0.73
115,2003,256,0.97
116,2975,485,0.93
117,900,595,0.94
118,1562,6,0.85
119,2413,752,0.97
120,49,5,0.83
121,2079,864,0.75
122,807,765,0.55
123,1067,908,0.75
124,2406,836,0.89
125,840,715,0.76
126,2292,4,0.91
127,292,683,0.68
128,597,110,0.55
129,1244,826,0.87
130,772,832,0.79
131,2938,684,0.77
132,2634,400,0.72
133,857,916,0.62
134,2173,159,0.7
135,2140,32,0.63
136,2578,476,0.67
137,1543,472,0.79
138,1345,952,0.56
139,1747,44,0.74
140,1267,347,0.86
141,1712,501,0.63
142,670,176,0.64
143,696,17,0.96
144,2730,151,0.82
145,1083,437,0.94
146,644,119,0.98
147,1425,355,0.87
148,473,42,0.5
149,2813,231,0.75
150,57,158,0.81
151,506,990,0.92
152,1647,400,0.74
153,1307,440,0.71
154,1611,464,0.95
155,842,902,0.79
156,1074,81,0.87
157,1892,405,0.77
158,2611,411,0.91
159,2860,785,0.86
160,2228,22,0.59
161,2373,396,0.84
162,1031,218,0.82
163,2992,258,0.6
164,1915,720,0.8
165,2817,591,0.74
166,2311,572,0.78
167,1358,324,0.94
168,697,944,0.58
169,2230,783,0.67
170,587,614,0.58
171,1707,574,0.97
172,2133,22,0.64
173,1657,421,0.98
174,665,788,0.78
175,1098,928,0.9
176,433,446,0.65
177,220,341,0.7
178,1848,789,0.86
179,444,657,0.92
180,691,606,0.69
181,2155,280,0.5
182,1689,419,0.64
183,1962,133,0.53
184,2042,559,0.52
185,75,542,0.65
186,2900,154,0.56
187,2359,110,0.6
188,2705,99,0.88
189,172,355,0.81
190,2817,815,0.52
191,1670,333,0.82
192,1795,770,0.78
193,2146,790,0.83
194,659,93,0.79
195,2925,476,0.65
196,792,318,0.71
197,2585,566,0.92
198,1793,950,0.54
199,1495,254,0.68
200,923,37,0.69
201,1236,251,0.81
202,1079,709,0.78
203,1417,532,0.78
204,1281,105,0.81
205,1849,900,0.86
206,2207,548,0.92
207,771,164,0.56
208,647,554,0.76
209,2610,25,0.65
210,111,984,0.7
211,2070,305,0.74
212,2184,187,0.64
213,371,165,0.6
214,250,939,0.76
215,2187,889,0.92
216,972,456,0.5
217,1798,115,0.97
218,481,751,0.99
219,2588,122,0.55
220,2971,188,0.67
221,514,765,0.61
222,868,722,0.74
223,74,736,0.94
224,86,498,0.87
225,1785,947,0.58
226,1182,33,0.94
227,2376,313,0.75
228,1462,878,0.73
229,2102,551,0.87
230,710,441,0.92
231,2283,466,0.65
232,108,701,0.58
233,2608,729,0.89
234,2459,642,0.72
235,1259,356,0.96
236,2748,371,0.57
237,2230,310,0.64
238,1146,910,0.52
239,2904,982,0.94
240,1,572,0.54
241,760,529,0.85
242,1913,706,0.71
243,1858,216,0.68
244,2377,755,0.61
245,942,838,0.83
246,2394,620,0.51
247,698,590,0.58
248,2467,769,0.92
249,1955,78,0.5
250,2352,274,0.73
251,1742,408,0.65
252,190,405,0.95
253,2270,837,0.91
254,1662,195,0.86
255,564,373,0.97
256,253,759,0.65
257,1660,147,0.61
258,1154,803,0.97
259,2531,765,0.67
260,2545,107,0.91
261,298,527,0.88
262,2755,558,0.53
263,1150,974,0.72
264,2209,649,0.82
265,1984,230,0.96
266,5,945,0.89
267,1109,698,0.79
268,889,214,0.72
269,1909,958,0.83
270,2918,417,0.64
271,1231,800,0.59
272,464,465,0.82
273,800,37,0.5
274,2218,35,0.68
275,2219,382,0.55
276,2462,572,0.82
277,1939,502,0.7
278,2508,521,0.99
279,517,462,0.59
280,1660,550,0.98
281,1243,49,0.81
282,2495,911,0.57
283,1732,696,0.76
284,822,328,0.52
285,1905,919,0.68
286,1797,784,0.61
287,2013,602,0.52
288,1906,532,0.87
289,1394,177,0.99
290,776,331,0.58
291,849,95,0.84
292,645,195,0.56
293,1899,499,0.99
294,1541,348,0.77
295,2496,72,0.85
296,2639,440,0.53
297,2178,820,0.78
298,1678,516,0.83
299,1378,690,0.65
300,2224,680,0.64
301,754,842,0.61
302,767,410,0.59
303,672,675,0.78
304,2780,730,0.55
305,90,847,0.99
306,502,583,0.98
307,2765,394,0.79
308,689,658,0.95
309,9,664,0.98
310,2895,918,0.94
311,2704,56,0.56
312,2,859,0.56
313,926,74,0.69
314,2110,278,0.92
315,762,970,0.68
316,2389,379,0.65
317,1242,975,0.66
318,2940,869,0.98
319,1,195,0.73
320,2769,805,0.81
321,1891,316,0.79
322,897,869,0.58
323,73,853,0.83
324,866,443,0.55
325,2352,895,0.85
326,643,49,0.82
327,551,838,0.56
328,1291,603,0.71
329,1810,199,0.6
330,1895,792,0.93
331,2370,88,0.94
332,228,519,0.74
333,1877,110,0.79
334,2206,562,0.85
335,144,630,0.94
336,1461,781,0.95
337,1361,577,0.97
338,1118,566,0.84
339,1934,140,0.87
340,381,876,0.93
341,1630,271,0.58
342,1455,282,0.6
343,415,604,0.98
344,71,868,0.64
345,1871,125,0.84
346,1685,252,0.85
347,355,223,0.53
348,2178,192,0.89
349,2406,772,0.84
350,1190,928,0.99
351,941,886,0.91
352,2110,872,0.58
353,1028,325,0.69
354,1288,247,0.93
355,162,74,0.91
356,2786,572,0.53
357,1524,251,0.79
358,1547,632,0.91
359,425,178,0.53
360,2885,332,0.99
361,1252,771,0.63
362,2861,25,0.98
363,1311,832,0.71
364,1667,108,0.97
365,325,324,0.73
366,2428,890,0.59
367,1949,877,0.82
368,591,652,0.54
369,1644,228,0.65
370,483,181,0.68
371,2265,930,0.67
372,763,601,0.89
373,1834,103,0.95
374,1214,298,0.98
375,2835,678,0.57
376,2345,103,0.56
377,1234,743,0.81
378,1867,130,0.54
379,1082,779,0.96
380,2363,34,0.82
381,807,912,0.67
382,1946,637,0.84
383,2035,839,0.9
384,1834,273,0.93
385,723,274,0.96
386,151,851,0.69
387,2592,995,0.86
388,2430,85,0.89
389,590,133,0.61
390,2435,639,0.66
391,2154,832,0.62
392,2375,866,0.59
393,198,512,0.8
394,390,985,0.66
395,468,149,0.51
396,1428,527,0.81
397,57,536,0.64
398,2565,636,0.81
399,817,500,0.86
400,2447,841,0.63
401,1160,630,0.56
402,1940,680,0.86
403,1434,261,0.9
404,423,87,0.8
405,942,421,0.61
406,257,6,0.83
407,2595,478,0.85
408,2270,525,0.59
409,1479,921,0.65
410,1562,213,0.9
411,2,77,0.92
412,2074,577,0.89
413,1753,207,0.71
414,2597,924,0.89
415,2490,131,0.53
416,2283,920,0.62
417,1021,110,0.67
418,2010,934,0.72
419,2264,936,0.76
420,2020,428,0.55
421,2134,966,0.7
422,2625,602,0.84
423,857,532,0.97
424,248,557,0.79
425,1104,375,0.55
426,1572,235,0.76
427,2168,458,0.66
428,1584,146,0.67
429,562,192,0.94
430,978,335,0.78
431,574,531,0.64
432,565,694,0.93
433,1205,906,0.85
434,61,967,0.96
435,759,912,0.87
436,1919,738,0.83
437,2040,106,0.93
438,969,283,0.55
439,89,818,0.9
440,1764,712,0.88
441,2735,803,0.67
442,640,193,0.88
443,959,508,0.98
444,2934,203,0.7
445,165,59,0.69
446,1667,562,0.7
447,1753,639,0.87
448,514,804,0.51
449,1165,905,0.93
450,1601,632,0.62
451,2297,549,0.92
452,2279,53,0.84
453,117,849,0.56
454,2211,849,0.67
455,2871,377,0.75
456,2431,364,0.95
457,92,278,0.51
458,282,529,0.87
459,2983,921,0.7
460,202,544,0.84
461,1415,606,0.59
462,1491,262,0.79
463,2974,158,0.62
464,2239,348,0.92
465,2592,836,0.78
466,826,938,0.75
467,2196,27,0.84
468,106,397,0.99
469,2322,193,0.92
470,234,530,0.81
471,881,870,0.78
472,2771,477,0.98
473,1979,381,0.5
474,2547,441,0.92
475,2648,636,0.63
476,223,754,0.65
477,71,649,0.84
478,1324,688,0.86
479,651,460,0.79
480,9,924,0.59
481,1197,291,0.95
482,1333,409,0.87
483,2051,675,0.72
484,512,630,0.81
485,1590,84,0.63
486,548,344,0.81
487,499,165,0.72
488,1659,694,0.69
489,1343,432,0.7
490,2264,885,0.51
491,1270,38,0.66
492,500,686,0.65
493,1299,928,0.76
494,1806,567,0.77
495,1233,83,0.93
496,739,993,0.98
497,2873,711,0.86
498,45,912,0.87
499,474,679,0.75
500,658,69,0.83
501,70,304,0.53
502,1468,59,0.92
503,2082,375,0.9
504,2676,883,0.76
505,1671,429,0.89
506,802,260,0.82
507,2858,474,0.69
508,893,652,0.86
509,1979,561,0.69
510,1101,538,0.51
511,886,564,0.52
512,1636,673,0.69
513,1134,15,0.78
514,328,695,0.54
515,2099,146,0.81
516,443,170,0.81
517,2554,930,0.73
518,1136,382,0.71
519,2353,425,0.98
520,1271,129,0.68
521,2632,684,0.93
522,2923,109,0.62
523,2622,758,0.72
524,746,631,0.56
525,487,49,0.91
526,703,735,0.82
527,334,755,0.69
528,998,626,0.73
529,746,313,0.7
530,889,801,0.51
531,380,211,0.84
532,1547,491,0.55
533,2958,912,0.85
534,266,30,0.9
535,1446,264,0.88
536,820,34,0.5
537,483,690,0.6
538,2043,707,0.7
539,315,286,0.91
540,1402,391,0.92
541,2875,353,0.9
542,45,48,0.71
543,1550,734,0.7
544,2583,674,0.89
545,1908,154,0.94
546,865,226,0.72
547,1410,882,0.91
548,2014,198,0.75
549,2020,382,0.88
550,540,251,0.7
551,1808,892,0.74
552,2409,534,0.74
553,2135,659,0.7
554,1771,127,0.7
555,1663,147,0.8
556,1381,61,0.77
557,1228,654,0.63
558,2857,826,0.8
559,2230,633,0.51
560,2274,183,0.52
561,2507,508,0.64
562,1640,595,0.98
563,2040,845,0.52
564,1555,782,0.65
565,2726,773,0.67
566,1547,86,0.56
567,2067,512,0.56
568,2245,799,0.82
569,1596,818,0.95
570,80,830,0.83
571,2686,618,0.97
572,2737,296,0.56
573,153,196,0.73
574,1435,454,0.63
575,694,354,0.86
576,2260,187,0.59
577,2818,472,0.7
578,1129,188,0.51
579,2000,196,0.89
580,2648,527,0.98
581,596,972,0.79
582,1304,994,0.94
583,1483,588,0.86
584,2627,613,0.85
585,2742,935,0.88
586,572,496,0.61
587,446,880,0.64
588,2516,611,0.75
589,1498,192,0.54
590,2113,133,0.84
591,1873,405,0.65
592,1377,51,0.75
593,977,435,0.7
594,480,618,0.71
595,2159,392,0.64
596,694,818,0.73
597,95,580,0.7
598,1692,196,0.9
599,1666,67,0.82
600,17,967,0.97
601,2445,147,0.74
602,1574,38,0.97
603,1561,341,0.86
604,1099,909,0.89
605,1053,499,0.65
606,856,126,0.52
607,2046,125,0.86
608,621,542,0.95
609,655,708,0.55
610,1994,270,0.88
611,727,658,0.68
612,473,859,0.78
613,2734,737,0.58
614,814,20,0.56
615,1197,836,0.77
616,1706,999,0.59
617,2816,407,0.56
618,454,239,0.93
619,1227,227,0.74
620,2889,699,0.99
621,1033,769,0.61
622,1380,586,0.83
623,845,612,0.65
624,711,425,0.59
625,2061,799,0.52
626,2366,727,0.68
627,2713,677,0.78
628,2599,127,0.76
629,465,962,0.69
630,1010,849,0.93
631,1319,197,0.68
632,1964,204,0.96
633,991,602,0.99
634,2310,873,0.94
635,1010,924,0.58
636,2451,545,0.7
637,1947,101,0.5
638,1610,961,0.91
639,469,783,0.55
640,1619,845,0.76
641,1126,782,0.92
642,1370,863,0.67
643,195,26,0.64
644,1840,66,0.55
645,2442,267,0.78
646,414,285,0.54
647,1712,161,0.99
648,697,172,0.84
649,615,457,0.53
650,2199,486,0.93
651,631,9,0.74
652,978,279,0.53
653,769,803,0.63
654,430,970,0.81
655,1360,171,0.94
656,2753,993,0.77
657,1322,511,0.96
658,2343,776,0.71
659,2749,283,0.54
660,1349,282,0.63
661,344,960,0.97
662,1153,53,0.75
663,489,490,0.77
664,1987,820,0.54
665,1893,852,0.84
666,784,835,0.54
667,1193,688,0.52
668,2154,766,0.94
669,2244,134,0.92
670,2918,329,0.56
671,2163,631,0.76
672,611,982,0.71
673,925,430,0.96
674,463,507,0.65
675,735,67,0.73
676,190,749,0.61
677,2990,795,0.91
678,2832,900,0.68
679,1937,813,0.57
680,2644,549,0.82
681,2167,70,0.74
682,2387,946,0.88
683,1215,484,0.76
684,714,544,0.82
685,2200,922,0.93
686,2842,791,0.75
687,805,394,0.82
688,1649,367,0.6
689,2175,834,0.81
690,1082,115,0.68
691,2182,888,0.58
692,795,29,0.82
693,1861,924,0.73
694,1739,695,0.64
695,1654,196,0.65
696,1503,423,0.82
697,2620,202,0.95
698,2345,395,0.57
699,2093,26,0.79
700,651,388,0.54
701,673,200,0.97
702,944,381,0.98
703,1800,463,0.57
704,1359,619,0.77
705,2917,479,0.85
706,189,87,0.71
707,1079,170,0.67
708,2355,62,0.57
709,1329,582,0.7
710,933,342,0.63
711,2292,286,0.87
712,2807,952,0.92
713,289,58,0.56
714,2250,496,0.62
715,2576,315,0.82
716,1265,546,0.56
717,336,702,0.98
718,580,52,0.51
719,2012,67,0.6
720,1145,158,0.55
721,1881,966,0.93
722,2390,70,0.92
723,1887,995,0.86
724,2345,271,0.84
725,726,732,0.53
726,1038,181,0.97
727,1261,738,0.74
728,1231,542,0.9
729,2961,26,0.79
730,479,323,0.59
731,717,597,0.87
732,1774,26,0.65
733,2576,295,0.8
734,1165,960,0.97
735,2211,799,0.84
736,1711,400,0.58
737,1354,123,0.93
738,811,950,0.92
739,1863,430,0.88
740,1699,86,0.54
741,2788,855,0.53
742,2187,851,0.85
743,1859,247,0.63
744,2664,593,0.51
745,1912,674,0.67
746,2668,669,0.88
747,1704,475,0.83
748,1302,662,0.82
749,2770,110,0.6
750,2729,436,0.78
751,2899,773,0.89
752,1080,990,0.74
753,2673,970,0.82
754,2588,494,0.96
755,4,182,0.89
756,2893,824,0.88
757,438,599,0.62
758,38,772,0.62
759,300,993,0.59
760,1910,409,0.55
761,1962,820,0.55
762,1162,705,0.64
763,2678,609,0.51
764,1783,851,0.95
765,2344,157,0.7
766,2397,988,0.55
767,2155,437,0.56
768,219,96,0.67
769,2890,994,0.79
770,653,866,0.54
771,2595,878,0.68
772,884,941,0.92
773,1633,181,0.98
774,2299,659,0.83
775,668,494,0.96
776,1140,47,0.83
777,899,410,0.87
778,2650,88,0.74
779,1483,765,0.75
780,1558,496,0.68
781,1145,860,0.99
782,2816,469,0.9
783,2646,765,0.57
784,1589,607,0.85
785,592,30,0.9
786,1590,722,0.77
787,930,618,0.67
788,252,178,0.58
789,2938,903,0.52
790,2621,849,0.62
791,1290,42,0.7
792,2367,155,0.64
793,534,836,0.65
794,2178,394,0.75
795,709,951,0.74
796,525,441,0.64
797,588,234,0.55
798,155,973,0.61
799,1931,991,0.92
800,2000,836,0.85
801,1930,259,0.56
802,2857,806,0.73
803,2016,906,0.77
804,2748,39,0.78
805,2991,658,0.56
806,1972,32,0.82
807,2256,894,0.5
808,1410,927,0.91
809,239,335,0.89
810,1464,934,0.53
811,304,477,0.85
812,2720,900,0.98
813,1738,33,0.62
814,604,532,0.64
815,929,409,0.84
816,1852,956,0.95
817,622,425,0.75
818,1844,738,0.77
819,2377,641,0.97
820,1848,245,0.53
821,1191,117,0.72
822,816,628,0.59
823,2644,936,0.86
824,1524,724,0.74
825,2669,903,0.98
826,2211,584,0.61
827,598,241,0.55
828,91,509,0.98
829,2362,19,0.96
830,76,818,0.59
831,2822,950,0.64
832,805,440,0.66
833,2852,100,0.84
834,1967,159,0.96
835,2583,475,0.89
836,714,822,0.79
837,347,544,0.63
838,2698,319,0.52
839,16,36,0.64
840,854,268,0.86
841,1261,216,0.62
842,2832,12,0.55
843,209,143,0.85
844,774,236,0.67
845,2062,144,0.93
846,352,206,0.96
847,603,362,0.92
848,2398,391,0.85
849,618,366,0.88
850,1742,708,0.63
851,1774,638,0.78
852,1323,860,0.65
853,1475,349,0.96
854,821,341,0.94
855,2214,41,0.99
856,2461,384,0.64
857,613,477,0.88
858,1791,980,0.51
859,2501,165,0.61
860,1408,344,0.92
861,1793,360,0.53
862,2255,149,0.59
863,9,607,0.63
864,698,363,0.83
865,2183,449,0.54
866,1635,156,0.6
867,2351,532,0.91
868,1603,799,0.65
869,1006,133,0.5
870,1615,892,0.74
871,1843,782,0.65
872,1491,218,0.77
873,2385,72,0.52
874,1437,1,0.8
875,1052,725,0.51
876,242,23,0.96
877,1883,557,0.67
878,11,493,0.91
879,2439,88,0.94
880,2144,478,0.51
881,1739,241,0.7
882,1226,222,0.76
883,2553,863,0.59
884,1520,993,0.54
885,705,844,0.55
886,1741,437,0.78
887,2731,522,0.53
888,60,957,0.82
889,1166,724,0.69
890,2539,808,0.94
891,318,915,0.78
892,2204,480,0.92
893,2046,40,0.97
894,2382,636,0.84
895,818,731,0.76
896,2426,801,0.7
897,2108,922,0.73
898,849,319,0.92
899,2885,218,0.87
900,383,451,0.91
901,790,385,0.56
902,2725,135,0.51
903,2895,566,0.89
904,799,852,0.61
905,85,945,0.94
906,161,830,0.57
907,2870,734,0.6
908,60,616,0.76
909,948,24,0.64
910,2648,690,0.75
911,1881,861,0.62
912,1391,639,0.55
913,135,321,0.69
914,355,536,0.52
915,2134,535,0.69
916,651,2,0.62
917,992,614,0.98
918,2652,577,0.67
919,2273,404,0.83
920,1646,66,0.9
921,851,246,0.84
922,1308,669,0.55
923,1806,520,0.99
924,1106,377,0.75
925,2198,946,0.97
926,523,70,0.55
927,2773,445,0.7
928,590,891,0.64
929,743,161,0.91
930,661,535,0.68
931,2774,253,0.56
932,2918,5,0.5
933,2724,693,0.54
934,2701,707,0.76
935,1076,809,0.66
936,2135,214,0.61
937,2432,559,0.74
938,2363,429,0.71
939,2012,330,0.81
940,1955,235,0.67
941,1630,210,0.54
942,560,597,0.79
943,947,40,0.52
944,1154,57,0.85
945,2487,985,0.76
946,1551,626,0.78
947,223,746,0.75
948,1003,742,0.51
949,2464,214,0.91
950,2853,968,0.73
951,1204,109,0.91
952,2836,53,0.54
953,1194,84,0.57
954,395,936,0.89
955,2579,139,0.5
956,2474,653,0.88
957,2167,606,0.64
958,40,901,0.5
959,1887,776,0.8
960,572,853,0.8
961,602,136,0.58
962,404,140,0.93
963,1768,300,0.85
964,2383,778,0.69
965,2024,67,0.61
966,816,447,0.58
967,2237,243,0.54
968,602,251,0.66
969,1067,721,0.54
970,2006,58,0.52
971,1975,413,0.76
972,2724,254,0.81
973,963,336,0.62
974,1929,540,0.98
975,1592,632,0.86
976,2986,422,0.96
977,778,219,0.93
978,1806,658,0.5
979,2148,616,0.89
980,1422,675,0.54
981,115,954,0.67
982,365,800,0.87
983,2461,693,0.74
984,2618,70,0.76
985,2078,318,0.69
986,1892,605,0.79
987,1032,531,0.86
988,2712,425,0.72
989,2517,871,0.58
990,426,432,0.53
991,663,370,0.59
992,803,478,0.91
993,2947,237,0.91
994,956,865,0.7
995,767,312,0.92
996,2215,149,0.85
997,720,572,0.78
998,2020,836,0.88
999,992,817,0.81
1000,330,554,0.74
1001,1050,668,0.65
1002,867,347,0.65
1003,268,628,0.94
1004,587,780,0.91
1005,2884,655,0.87
1006,990,883,0.88
1007,1638,749,0.61
1008,1462,174,0.61
1009,1192,648,0.87
1010,2484,610,0.84
1011,468,281,0.61
1012,2254,757,0.79
1013,141,79,0.85
1014,2641,359,0.96
1015,1044,138,0.59
1016,1591,846,0.7
1017,1548,992,0.64
1018,2251,845,0.66
1019,2192,402,0.8
1020,1490,626,0.83
1021,1193,259,0.87
1022,2189,85,0.62
1023,1404,440,0.86
1024,2226,596,0.67
1025,1138,500,0.83
1026,2192,738,0.94
1027,2388,136,0.82
1028,318,754,0.84
1029,2411,525,0.96
1030,2818,774,0.51
1031,2228,162,0.56
1032,2134,247,0.75
1033,301,493,0.94
1034,761,920,0.92
1035,1405,425,0.77
1036,644,124,0.86
1037,1491,485,0.95
1038,2764,348,0.74
1039,1459,519,0.72
1040,1562,149,0.77
1041,343,978,0.82
1042,342,273,0.56
1043,311,627,0.58
1044,2539,533,0.94
1045,2680,203,0.74
1046,1057,534,0.87
1047,913,403,0.95
1048,669,403,0.54
1049,2629,422,0.69
1050,2756,922,0.51
1051,2389,405,0.85
1052,1678,250,0.64
1053,711,971,0.95
1054,1365,217,0.65
1055,2032,460,0.87
1056,1133,757,0.9
1057,124,289,0.67
1058,1631,962,0.87
1059,577,664,0.65
1060,1570,114,0.75
1061,1261,640,0.86
1062,1817,900,0.82
1063,344,348,0.69
1064,2849,899,0.83
1065,1862,916,0.85
1066,2127,405,0.67
1067,210,234,0.98
1068,2410,543,0.79
1069,1542,469,0.57
1070,2031,832,0.89
1071,531,962,0.79
1072,1620,981,0.95
1073,2924,689,0.69
1074,947,928,0.77
1075,2337,733,0.73
1076,2979,732,0.95
1077,1375,724,0.53
1078,2134,404,0.87
1079,2298,581,0.85
1080,237,277,0.92
1081,1816,507,0.89
1082,1941,521,0.6
1083,2248,572,0.65
1084,412,481,0.68
1085,1333,802,0.9
1086,2724,383,0.72
1087,1884,938,0.71
1088,453,834,0.82
1089,504,870,0.86
1090,2360,285,0.59
1091,836,547,0.56
1092,517,246,0.7
1093,2132,887,0.71
1094,1128,220,0.91
1095,2456,81,0.7
1096,645,924,0.61
1097,2576,950,0.7
1098,897,609,0.69
1099,1765,327,0.85
1100,859,488,0.6
1101,1605,141,0.5
1102,1921,768,0.97
1103,2733,501,0.8
1104,2542,178,0.59
1105,677,683,0.51
1106,1607,739,0.59
1107,1269,641,0.63
1108,170,369,0.98
1109,2432,424,0.57
1110,2682,837,0.91
1111,1263,4,0.71
1112,2709,31,0.67
1113,45,979,0.66
1114,1989,362,0.89
1115,1162,183,0.63
1116,1522,203,0.65
1117,1495,259,0.5
1118,502,118,0.83
1119,796,713,0.65
1120,1057,157,0.89
1121,2940,615,0.91
1122,1324,154,0.88
1123,31,58,0.92
1124,1783,465,0.61
1125,2569,382,0.89
1126,978,89,0.81
1127,608,126,0.66
1128,2844,996,0.62
1129,2205,370,0.65
1130,1999,78,0.5
1131,298,240,0.71
1132,1042,132,0.6
1133,83,769,0.87
1134,1888,235,0.8
1135,1215,518,0.53
1136,189,895,0.84
1137,2677,204,0.94
1138,227,991,0.58
1139,2741,279,0.88
1140,2888,635,0.75
1141,1914,873,0.96
1142,2758,171,0.52
1143,2883,744,0.53
1144,2005,628,0.9
1145,866,470,0.65
1146,964,438,0.61
1147,318,224,0.92
1148,2038,424,0.86
1149,1852,788,0.98
1150,1203,432,0.76
1151,740,659,0.81
1152,1538,829,0.57
1153,1443,700,0.64
1154,2422,545,0.63
1155,1918,639,0.88
1156,314,145,0.79
1157,1137,949,0.68
1158,44,907,0.9
1159,52,646,0.91
1160,954,186,0.86
1161,1163,119,0.67
1162,497,133,0.92
1163,1900,176,0.83
1164,2695,829,0.95
1165,1453,95,0.59
1166,837,176,0.79
1167,1301,987,0.74
1168,2526,950,0.84
1169,1143,891,0.79
1170,433,33,0.6
1171,2023,622,0.91
1172,2030,255,0.87
1173,2700,743,0.68
1174,1435,387,0.78
1175,2914,699,0.89
1176,4,676,0.54
1177,2659,15,0.74
1178,2747,612,0.68
1179,2940,3,0.54
1180,2146,88,0.57
1181,2974,514,0.87
1182,1968,861,0.85
1183,2662,885,0.71
1184,2856,456,0.98
1185,392,438,0.73
1186,321,560,0.95
1187,1308,331,0.72
1188,1267,195,0.85
1189,712,662,0.85
1190,1121,456,0.9
1191,1998,103,0.53
1192,189,936,0.66
1193,548,247,0.66
1194,2326,290,0.56
1195,1649,794,0.73
1196,2061,568,0.73
1197,1926,452,0.91
1198,1928,967,0.75
1199,2379,746,0.72
1200,1223,939,0.51
1201,1017,329,0.75
1202,1804,800,0.57
1203,2158,463,0.71
1204,808,166,0.74
1205,1342,151,0.61
1206,2501,661,0.7
1207,2488,233,0.8
1208,1818,255,0.72
1209,281,299,0.71
1210,1883,722,0.65
1211,1085,418,0.8
1212,446,217,0.91
1213,409,674,0.71
1214,2429,112,0.72
1215,1009,687,0.84
1216,820,349,0.71
1217,342,418,0.66
1218,280,353,0.74
1219,1083,653,0.94
1220,2971,423,0.56
1221,2809,547,0.95
1222,2003,560,0.68
1223,1974,850,0.84
1224,1920,410,0.72
1225,1422,469,0.86
1226,2854,778,0.79
1227,983,610,0.87
1228,463,166,0.76
1229,836,809,0.86
1230,353,958,0.69
1231,2871,223,0.7
1232,164,847,0.63
1233,853,133,0.83
1234,25,270,0.88
1235,868,640,0.63
1236,2658,83,0.81
1237,185,297,0.59
1238,2674,489,0.85
1239,2428,35,0.66
1240,767,257,0.69
1241,1091,597,0.6
1242,2126,868,0.75
1243,250,930,0.55
1244,2087,575,0.54
1245,1676,382,0.85
1246,1981,414,0.61
1247,2718,935,0.59
1248,2975,586,0.8
1249,694,339,0.56
1250,2525,311,0.56
1251,1707,130,0.54
1252,2295,878,0.91
1253,1926,549,0.94
1254,1804,912,0.77
1255,991,638,0.68
1256,1299,148,0.7
1257,783,617,0.9
1258,10,175,0.96
1259,707,965,0.89
1260,420,335,0.72
1261,682,708,0.68
1262,1259,852,0.52
1263,1450,489,0.64
1264,2794,438,0.84
1265,2670,349,0.72
1266,1348,8,0.55
1267,1446,697,0.7
1268,2419,522,0.66
1269,2884,981,0.89
1270,1816,493,0.62
1271,1279,619,0.91
1272,951,369,0.58
1273,2239,197,0.83
1274,52,636,0.7
1275,8,299,0.93
1276,2719,89,0.75
1277,2594,891,0.87
1278,397,697,0.68
1279,1366,910,0.57
1280,1790,395,0.57
1281,2276,256,0.57
1282,2828,45,0.96
1283,1503,37,0.68
1284,1407,63,0.58
1285,398,586,0.67
1286,1208,41,0.72
1287,248,736,0.96
1288,976,821,0.59
1289,1688,183,0.78
1290,507,542,0.6
1291,1410,639,0.5
1292,2565,248,0.61
1293,404,445,0.86
1294,2542,604,0.93
1295,650,676,0.54
1296,1113,81,0.79
1297,1409,60,0.69
1298,1360,359,0.78
1299,1330,764,0.64
1300,165,24,0.68
1301,53,87,0.61
1302,328,403,0.85
1303,535,584,0.69
1304,2282,136,0.67
1305,2962,430,0.98
1306,2974,671,0.94
1307,1065,646,0.89
1308,52,941,0.56
1309,2190,930,0.85
1310,112,867,0.87
1311,2502,838,0.5
1312,1931,471,0.97
1313,2790,963,0.7
1314,2593,42,0.61
1315,1543,239,0.96
1316,608,696,0.53
1317,1742,403,0.71
1318,97,186,0.55
1319,514,864,0.54
1320,2062,275,0.83
1321,2368,785,0.68
1322,2477,355,0.77
1323,890,891,0.92
1324,1970,730,0.79
1325,57,262,0.88
1326,2929,654,0.72
1327,1783,976,0.68
1328,2062,577,0.61
1329,2506,88,0.88
1330,550,500,0.6
1331,2865,695,0.95
1332,2969,253,0.55
1333,2220,586,0.55
1334,1437,377,0.96
1335,2064,189,0.52
1336,1439,419,0.58
1337,2489,436,0.54
1338,1382,381,0.67
1339,2190,348,0.83
1340,1017,733,0.6
1341,1635,243,0.6
1342,188,545,0.72
1343,1474,227,0.93
1344,1938,914,0.9
1345,346,930,0.61
1346,280,209,0.98
1347,2110,591,0.81
1348,1424,74,0.85
1349,1091,271,0.84
1350,2169,74,0.67
1351,2376,214,0.54
1352,2699,684,0.68
1353,1377,287,0.56
1354,2389,518,0.98
1355,2541,112,0.71
1356,709,842,0.8
1357,1955,48,0.63
1358,484,633,0.7
1359,863,854,0.99
1360,1574,522,0.69
1361,2271,867,0.69
1362,1728,66,0.6
1363,617,138,0.95
1364,2741,252,0.85
1365,2948,670,0.7
1366,1405,630,0.66
1367,2832,579,0.62
1368,119,336,0.65
1369,1826,916,0.7
1370,1605,149,0.6
1371,1623,908,0.7
1372,1829,540,0.65
1373,1853,360,0.72
1374,1249,630,0.63
1375,1991,659,0.63
1376,1798,870,0.66
1377,1138,456,0.51
1378,1673,995,0.84
1379,196,230,0.74
1380,678,62,0.56
1381,2221,515,0.56
1382,1118,214,0.8
1383,1110,545,0.91
1384,1435,332,0.58
1385,1962,235,0.87
1386,1597,175,0.95
1387,1774,482,0.61
1388,937,376,0.99
1389,2163,519,0.67
1390,2360,629,0.88
1391,2943,532,0.93
1392,2940,751,0.75
1393,1338,732,0.92
1394,1572,244,0.51
1395,1689,167,0.58
1396,2612,681,0.93
1397,896,333,0.68
1398,753,694,0.9
1399,886,936,0.62
1400,2127,242,0.87
1401,1255,483,0.9
1402,402,132,0.52
1403,1718,306,0.66
1404,1035,771,0.93
1405,343,44,0.93
1406,1835,987,0.85
1407,1063,377,0.76
1408,865,58,0.89
1409,951,679,0.65
1410,2325,61,0.75
1411,1221,294,0.87
1412,1888,703,0.62
1413,1176,960,0.99
1414,1966,827,0.55
1415,1609,507,0.75
1416,657,862,0.63
1417,473,996,0.86
1418,336,454,0.64
1419,1806,645,0.84
1420,579,10,0.97
1421,430,863,0.77
1422,1120,518,0.85
1423,2533,14,0.87
1424,1638,765,0.88
1425,2192,615,0.84
1426,641,383,0.89
1427,578,526,0.73
1428,2763,959,0.89
1429,2530,657,0.86
1430,945,889,0.52
1431,2434,867,0.81
1432,1069,78,0.51
1433,2937,38,0.62
1434,1293,239,0.56
1435,84,867,0.72
1436,150,899,0.57
1437,1723,867,0.7
1438,1922,881,0.99
1439,2665,554,0.58
1440,860,800,0.77
1441,1333,799,0.5
1442,1883,343,0.56
1443,736,116,0.55
1444,2121,788,0.92
1445,2603,503,0.93
1446,2587,362,0.57
1447,2794,602,0.79
1448,1083,602,0.65
1449,1179,692,0.55
1450,2212,550,0.89
1451,471,887,0.97
1452,705,441,0.63
1453,1534,586,0.69
1454,703,116,0.76
1455,2582,587,0.55
1456,2517,755,0.57
1457,2512,904,0.87
1458,2402,85,0.81
1459,445,713,0.74
1460,632,729,0.69
1461,581,265,0.61
1462,2488,467,0.88
1463,714,531,0.6
1464,558,547,0.76
1465,1871,617,0.8
1466,1737,954,0.67
1467,2724,150,0.97
1468,2253,417,0.6
1469,1047,625,0.86
1470,1082,646,0.66
1471,942,595,0.96
1472,2044,525,0.6
1473,1185,899,0.59
1474,1171,671,0.86
1475,2841,761,0.88
1476,2249,718,0.91
1477,2664,823,0.61
1478,2273,727,0.87
1479,2242,530,0.8
1480,770,837,0.69
1481,3,935,0.97
1482,2507,471,0.68
1483,2441,805,0.71
1484,1909,942,0.88
1485,2260,310,0.55
1486,502,289,0.67
1487,1601,670,0.77
1488,987,918,0.97
1489,586,870,0.64
1490,1998,147,0.74
1491,1402,315,0.73
1492,783,76,0.54
1493,2565,605,0.77
1494,1838,848,0.73
1495,1984,83,0.63
1496,288,453,0.78
1497,1204,204,0.84
1498,1102,650,0.52
1499,962,97,0.88
1500,2431,101,0.87
1501,1930,554,0.86
1502,1894,556,0.63
1503,2560,231,0.58
1504,2697,994,0.63
1505,2514,412,0.51
1506,645,842,0.99
1507,2624,464,0.64
1508,1105,984,0.66
1509,2349,21,0.98
1510,1854,224,0.65
1511,1019,917,0.91
1512,2831,108,0.81
1513,1820,364,0.93
1514,1464,223,0.96
1515,2479,229,0.64
1516,2550,175,0.87
1517,445,778,0.84
1518,655,503,0.91
1519,2735,929,0.82
1520,1945,420,0.99
1521,2984,79,0.61
1522,2835,74,0.63
1523,2236,393,0.87
1524,1352,758,0.94
1525,203,721,0.57
1526,2424,533,0.79
1527,2929,442,0.58
1528,2216,732,0.71
1529,61,724,0.58
1530,1857,46,0.92
1531,1295,696,0.56
1532,2276,960,0.81
1533,2635,950,0.61
1534,2759,759,0.89
1535,1834,623,0.7
1536,2924,859,0.98
1537,2571,857,0.55
1538,568,658,0.61
1539,1560,105,0.9
1540,2275,325,0.71
1541,994,652,0.53
1542,1573,348,0.85
1543,2898,432,0.69
1544,1003,7,0.86
1545,1603,562,0.74
1546,2906,731,0.91
1547,795,370,0.64
1548,1741,989,0.57
1549,1250,612,0.54
1550,2804,246,0.58
1551,1709,840,0.64
1552,78,797,0.61
1553,2673,641,0.64
1554,2572,712,0.74
1555,207,690,0.85
1556,2012,165,0.73
1557,703,449,0.68
1558,1326,596,0.87
1559,2108,243,0.72
1560,2891,207,0.61
1561,2419,133,0.65
1562,2883,207,0.82
1563,2338,244,0.56
1564,1248,108,0.95
1565,883,615,0.75
1566,1302,294,0.53
1567,627,699,0.71
1568,342,589,0.92
1569,303,170,0.79
1570,442,377,0.74
1571,2763,118,0.65
1572,2030,963,0.68
1573,1019,473,0.88
1574,2996,927,0.65
1575,305,601,0.69
1576,234,71,0.8
1577,2398,361,0.54
1578,978,221,0.53
1579,754,571,0.56
1580,1296,879,0.61
1581,382,543,0.92
1582,1414,352,0.53
1583,1396,173,0.76
1584,1384,671,0.53
1585,902,590,0.63
1586,37,851,0.85
1587,144,744,0.81
1588,1371,812,0.95
1589,2981,488,0.86
1590,1515,496,0.73
1591,388,540,0.92
1592,585,443,0.95
1593,977,390,0.73
1594,2399,750,0.95
1595,1624,625,0.54
1596,327,181,0.87
1597,2131,260,0.71
1598,1851,594,0.7
1599,2497,925,0.78
1600,2440,613,0.64
1601,1041,19,0.97
1602,395,864,0.82
1603,808,306,0.98
1604,2774,457,0.82
1605,1859,865,0.53
1606,2054,823,0.78
1607,1284,192,0.91
1608,1741,356,0.64
1609,746,601,0.88
1610,2756,901,0.7
1611,375,220,0.71
1612,2098,82,0.69
1613,2110,592,0.74
1614,2159,945,0.84
1615,2309,841,0.54
1616,922,128,0.77
1617,1619,211,0.99
1618,495,443,0.55
1619,2450,835,0.72
1620,2469,77,0.73
1621,155,201,0.8
1622,2098,210,0.74
1623,298,642,0.66
1624,60,276,0.54
1625,2137,538,0.66
1626,2732,961,0.54
1627,107,753,0.81
1628,1068,920,0.71
1629,1035,536,0.96
1630,1615,646,0.63
1631,1756,733,0.95
1632,917,824,0.51
1633,122,541,0.57
1634,1548,428,0.59
1635,1783,893,0.5
1636,2112,125,0.55
1637,929,52,0.57
1638,1933,948,0.54
1639,1753,270,0.79
1640,12,111,0.61
1641,2956,311,0.99
1642,1141,258,0.59
1643,2945,411,0.7
1644,1010,962,0.97
1645,2319,41,0.76
1646,1882,237,0.54
1647,29,4,0.91
1648,1855,767,0.99
1649,882,979,0.68
1650,814,56,0.91
1651,2701,742,0.77
1652,1371,403,0.85
1653,2022,459,0.69
1654,388,183,0.98
1655,2726,652,0.63
1656,545,447,0.77
1657,2657,42,0.96
1658,2012,309,0.54
1659,1147,445,0.61
1660,757,106,0.83
1661,1030,218,0.81
1662,1799,104,0.92
1663,625,259,0.83
1664,1052,965,0.7
1665,950,742,0.94
1666,1181,902,0.66
1667,65,403,0.87
1668,274,132,0.83
1669,83,248,0.72
1670,1261,57,0.8
1671,257,500,0.96
1672,1988,487,0.56
1673,321,204,0.56
1674,872,306,0.77
1675,2028,288,0.56
1676,1432,927,0.79
1677,1974,505,0.67
1678,882,244,0.75
1679,1613,407,0.66
1680,272,958,0.98
1681,574,718,0.66
1682,1317,187,0.64
1683,1034,509,0.61
1684,864,107,0.66
1685,2665,94,0.74
1686,380,313,0.76
1687,338,832,0.59
1688,1823,802,0.76
1689,2161,769,0.58
1690,298,280,0.76
1691,734,940,0.68
1692,2650,21,0.77
1693,2677,281,0.51
1694,2485,374,0.9
1695,2907,694,0.86
1696,1282,442,0.88
1697,228,761,0.95
1698,1717,149,0.76
1699,1836,102,0.87
1700,567,538,0.62
1701,946,122,0.85
1702,1074,438,0.86
1703,1765,449,0.87
1704,1671,770,0.55
1705,365,101,0.91
1706,1685,736,0.8
1707,1503,338,0.75
1708,1769,926,0.6
1709,2616,854,0.72
1710,597,475,0.61
1711,1403,574,0.69
1712,2661,748,0.55
1713,52,630,0.72
1714,354,319,0.67
1715,514,564,0.95
1716,1375,42,0.78
1717,882,146,0.95
1718,2826,434,0.63
1719,2658,581,0.81
1720,774,965,0.77
1721,318,752,0.72
1722,817,417,0.57
1723,600,974,0.78
1724,1815,896,0.57
1725,575,439,0.92
1726,2674,63,0.91
1727,13,460,0.78
1728,999,319,0.81
1729,2336,89,0.86
1730,1117,268,0.92
1731,2810,316,0.82
1732,1952,806,0.91
1733,1007,218,0.87
1734,855,984,0.98
1735,55,912,0.71
1736,1299,912,0.61
1737,1772,388,0.76
1738,2519,378,0.87
1739,73,578,0.95
1740,981,625,0.65
1741,157,300,0.8
1742,2835,350,0.63
1743,2197,678,0.87
1744,1976,138,0.56
1745,2851,508,0.65
1746,242,48,0.73
1747,950,735,0.9
1748,2809,645,0.81
1749,2452,597,0.89
1750,1820,816,0.91
1751,1064,843,0.54
1752,2324,756,0.63
1753,863,538,0.74
1754,1539,342,0.6
1755,2201,601,0.95
1756,1129,379,0.71
1757,1412,869,0.94
1758,2932,527,0.81
1759,2988,895,0.65
1760,1985,765,0.82
1761,199,944,0.61
1762,851,548,0.93
1763,2975,835,0.67
1764,54,188,0.65
1765,793,247,0.93
1766,475,908,0.89
1767,2669,512,0.76
1768,1333,303,0.53
1769,2511,749,0.66
1770,478,621,0.62
1771,1468,270,0.86
1772,438,503,0.96
1773,2082,207,0.5
1774,2708,38,0.51
1775,2274,6,0.68
1776,1456,362,0.86
1777,1879,927,0.62
1778,2691,532,0.99
1779,2032,761,0.77
1780,2227,557,0.52
1781,151,331,0.64
1782,289,245,0.52
1783,2844,246,0.93
1784,2970,281,0.65
1785,2272,881,0.88
1786,2310,452,0.63
1787,510,106,0.74
1788,2525,868,0.64
1789,2707,996,0.99
1790,2341,189,0.76
1791,2162,168,0.6
1792,611,722,0.98
1793,1822,721,0.89
1794,2842,62,0.75
1795,578,163,0.63
1796,2582,910,0.69
1797,429,770,0.83
1798,2363,668,0.66
1799,1926,397,0.92
1800,1052,649,0.84
1801,725,841,0.58
1802,2452,386,0.74
1803,1227,162,0.79
1804,600,341,0.93
1805,2125,613,0.92
1806,2814,887,0.97
1807,1400,825,0.77
1808,306,39,0.81
1809,2877,628,0.74
1810,2776,176,0.65
1811,2363,519,0.82
1812,1845,689,0.86
1813,143,983,0.67
1814,2258,702,0.63
1815,355,487,0.91
1816,593,147,0.52
1817,578,492,0.7
1818,850,283,0.52
1819,1383,428,0.83
1820,2406,275,0.81
1821,2970,524,0.58
1822,910,679,0.67
1823,1784,634,0.6
1824,544,84,0.61
1825,200,744,0.59
1826,1993,42,0.67
1827,1922,464,0.91
1828,432,409,0.68
1829,2099,247,0.84
1830,1792,185,0.98
1831,902,357,0.85
1832,354,246,0.86
1833,2665,910,0.53
1834,2219,507,0.74
1835,2779,524,0.62
1836,2582,770,0.98
1837,1892,439,0.52
1838,1688,775,0.91
1839,2594,544,0.76
1840,865,963,0.82
1841,2892,841,0.58
1842,312,183,0.97
1843,325,960,0.51
1844,1748,922,0.56
1845,2339,7,0.86
1846,1132,612,0.85
1847,1464,461,0.5
1848,2105,525,0.96
1849,2962,371,0.99
1850,562,800,0.66
1851,1829,177,0.84
1852,2732,939,0.96
1853,2109,635,0.88
1854,2018,618,0.57
1855,39,20,0.79
1856,1525,4,0.58
1857,2833,401,0.95
1858,2418,104,0.58
1859,1474,811,0.63
1860,2240,357,0.63
1861,1352,720,0.52
1862,748,557,0.77
1863,2723,121,0.61
1864,2069,456,0.62
1865,1527,315,0.95
1866,977,179,0.71
1867,2013,937,0.95
1868,985,133,0.85
1869,2776,913,0.82
1870,268,686,0.68
1871,1069,780,0.68
1872,1706,509,0.95
1873,2267,204,0.59
1874,1948,271,0.67
1875,1281,56,0.72
1876,1898,76,0.8
1877,142,167,0.68
1878,908,474,0.83
1879,1590,166,0.52
1880,2153,496,0.62
1881,1992,108,0.8
1882,1295,750,0.64
1883,2732,390,0.77
1884,1353,389,0.52
1885,1634,512,0.84
1886,460,737,0.58
1887,273,706,0.75
1888,1431,505,0.73
1889,2681,702,0.86
1890,2936,553,0.85
1891,321,355,0.86
1892,2964,563,0.86
1893,32,494,0.89
1894,1222,477,0.63
1895,2721,149,0.59
1896,679,938,0.51
1897,1903,509,0.79
1898,441,211,0.61
1899,1424,5,0.79
1900,2509,402,0.71
1901,154,594,0.77
1902,1909,813,0.79
1903,495,837,0.59
1904,2974,440,0.98
1905,1143,915,0.59
1906,1919,177,0.98
1907,2434,535,0.68
1908,1331,52,0.86
1909,2766,191,0.84
1910,1825,343,0.71
1911,619,337,0.81
1912,2740,144,0.53
1913,923,110,0.54
1914,2346,791,0.96
1915,2132,915,0.95
1916,1335,93,0.6
1917,1566,574,0.58
1918,2023,51,0.69
1919,454,645,0.84
1920,1500,846,0.81
1921,1805,247,0.73
1922,1024,140,0.92
1923,1240,321,0.91
1924,217,576,0.93
1925,709,151,0.59
1926,617,311,0.85
1927,1772,204,0.65
1928,230,288,0.85
1929,1891,147,0.74
1930,2402,510,0.86
1931,781,592,0.52
1932,2568,940,0.7
1933,318,1000,0.7
1934,953,368,0.86
1935,415,692,0.62
1936,1364,876,0.75
1937,490,140,0.7
1938,2448,200,0.62
1939,166,622,0.85
1940,1278,590,0.87
1941,1922,859,0.72
1942,607,23,0.9
1943,2074,546,0.72
1944,2485,507,0.78
1945,312,719,0.6
1946,1370,413,0.55
1947,555,207,0.52
1948,1380,800,0.69
1949,173,799,0.88
1950,1527,946,0.84
1951,2443,928,0.93
1952,1185,358,0.85
1953,179,868,0.78
1954,2127,423,0.55
1955,179,706,0.94
1956,2238,31,0.83
1957,1268,875,0.57
1958,1491,936,0.88
1959,2472,805,0.56
1960,785,894,0.99
1961,2565,456,0.87
1962,2490,655,0.52
1963,1839,456,0.77
1964,455,247,0.57
1965,516,361,0.62
1966,2221,731,0.78
1967,225,476,0.63
1968,1565,140,0.74
1969,2831,908,0.97
1970,2779,351,0.67
1971,850,233,0.75
1972,2702,512,0.65
1973,2083,785,0.93
1974,2882,202,0.85
1975,2466,211,0.91
1976,2571,145,0.5
1977,108,84,0.76
1978,2402,826,0.99
1979,1660,985,0.88
1980,1995,213,0.51
1981,413,865,0.88
1982,2650,38,0.99
1983,355,962,0.51
1984,1342,655,0.69
1985,643,300,0.88
1986,1055,366,0.59
1987,474,602,0.82
1988,373,635,0.68
1989,1521,827,0.94
1990,341,734,0.64
1991,2840,571,0.67
1992,626,920,0.58
1993,1764,419,0.86
1994,531,448,0.91
1995,209,867,0.68
1996,2931,890,0.97
1997,1905,895,0.81
1998,289,263,0.67
1999,571,557,0.74
2000,395,796,0.57
2001,1253,256,0.95
2002,489,340,0.58
2003,2345,316,0.87
2004,1119,784,0.91
2005,180,859,0.52
2006,1902,940,0.8
2007,1988,549,0.96
2008,2702,431,0.9
2009,2760,178,0.87
2010,1630,286,0.68
2011,1306,598,0.5
2012,2223,987,0.91
2013,2588,83,0.77
2014,2323,377,0.98
2015,154,814,0.93
2016,300,703,0.98
2017,471,907,0.57
2018,1352,576,0.63
2019,1149,959,0.89
2020,1046,662,0.77
2021,332,872,0.85
2022,2957,494,0.73
2023,2548,257,0.58
2024,1723,668,0.63
2025,2655,483,0.72
2026,1547,639,0.59
2027,1563,418,0.98
2028,2327,445,0.7
2029,2676,832,0.56
2030,117,589,0.93
2031,2174,796,0.58
2032,2546,165,0.58
2033,925,596,0.87
2034,920,839,0.63
2035,1234,118,0.77
2036,2336,933,0.57
2037,1724,289,0.7
2038,604,889,0.77
2039,2041,867,0.82
2040,107,860,0.94
2041,159,602,0.82
2042,2273,482,0.75
2043,2466,377,0.52
2044,1434,739,0.77
2045,2699,566,0.83
2046,2976,171,0.89
2047,979,629,0.79
2048,1833,173,0.53
2049,2196,792,0.56
2050,621,82,0.94
2051,2005,11,0.75
2052,1157,868,0.72
2053,162,333,0.56
2054,1997,697,0.87
2055,196,23,0.51
2056,56,602,0.76
2057,636,14,0.97
2058,866,282,0.75
2059,2161,175,0.76
2060,92,934,0.71
2061,1419,602,0.64
2062,2749,102,0.72
2063,1082,48,0.59
2064,2265,213,0.54
2065,2120,940,0.7
2066,2647,31,0.8
2067,182,705,0.81
2068,1339,951,0.51
2069,1561,742,0.8
2070,1838,414,0.83
2071,1269,620,0.89
2072,2127,490,0.86
2073,1937,940,0.68
2074,1320,894,0.67
2075,2574,432,0.67
2076,2143,799,0.76
2077,1158,74,0.91
2078,1154,2,0.97
2079,2893,984,0.77
2080,728,485,0.76
2081,1458,582,0.87
2082,1411,408,0.9
2083,448,245,0.62
2084,2200,416,0.91
2085,1891,346,0.62
2086,2647,780,0.81
2087,2307,310,0.5
2088,2775,794,0.9
2089,2492,900,0.94
2090,1398,447,0.66
2091,1573,198,0.72
2092,8,437,0.98
2093,2826,403,0.82
2094,1615,513,0.96
2095,429,623,0.53
2096,1797,228,0.69
2097,2562,652,0.55
2098,2466,507,0.97
2099,2620,468,0.72
2100,37,758,0.86
2101,686,298,0.51
2102,2162,527,0.8
2103,1766,772,0.56
2104,2505,645,0.63
2105,1113,727,0.53
2106,1405,654,0.65
2107,2395,28,0.97
2108,1933,284,0.77
2109,1174,785,0.77
2110,2858,975,0.89
2111,2651,43,0.88
2112,1261,698,0.8
2113,801,383,0.66
2114,2843,339,0.75
2115,2725,505,0.96
2116,1378,553,0.66
2117,496,189,0.51
2118,253,656,0.73
2119,593,655,0.52
2120,931,936,0.72
2121,2063,540,0.86
2122,622,678,0.58
2123,2547,716,0.68
2124,77,291,0.86
2125,2427,169,0.62
2126,964,220,0.99
2127,2898,36,0.94
2128,1534,734,0.68
2129,771,239,0.8
2130,1199,477,0.59
2131,1832,305,0.83
2132,2250,735,0.68
2133,1828,121,0.51
2134,918,908,0.94
2135,125,710,0.84
2136,1015,827,0.58
2137,2726,667,0.78
2138,179,922,0.55
2139,1391,882,0.5
2140,2382,466,0.97
2141,2776,83,0.85
2142,1200,266,0.88
2143,740,31,0.83
2144,997,451,0.65
2145,1795,263,0.77
2146,575,408,0.58
2147,2858,636,0.77
2148,720,675,0.89
2149,1251,273,0.56
2150,332,551,0.57
2151,2547,181,0.86
2152,824,384,0.84
2153,837,886,0.62
2154,900,105,0.64
2155,16,883,0.86
2156,399,146,0.66
2157,1936,762,0.75
2158,1292,791,0.96
2159,522,124,0.67
2160,676,585,0.72
2161,2624,957,0.54
2162,887,302,0.79
2163,2814,610,0.85
2164,1227,864,0.81
2165,2706,938,0.72
2166,2492,5,0.85
2167,629,236,0.67
2168,586,457,0.69
2169,706,383,0.55
2170,2541,895,0.79
2171,1871,930,0.51
2172,432,821,0.61
2173,1073,873,0.67
2174,1691,432,0.81
2175,1719,95,0.96
2176,2335,116,0.86
2177,679,950,0.86
2178,297,707,0.64
2179,2909,340,0.79
2180,1848,637,0.89
2181,2445,915,0.54
2182,98,264,0.52
2183,1157,22,0.64
2184,2602,827,0.58
2185,2895,220,0.91
2186,2318,257,0.61
2187,1398,900,0.72
2188,2268,780,0.61
2189,2546,583,0.76
2190,1183,745,0.98
2191,2744,459,0.63
2192,173,12,0.95
2193,2715,802,0.5
2194,1355,143,0.78
2195,1507,934,0.79
2196,2854,465,0.77
2197,585,967,0.6
2198,401,236,0.88
2199,1380,254,0.54
2200,2958,38,0.89
2201,2649,765,0.52
2202,1242,938,0.89
2203,1323,306,0.61
2204,1236,841,0.76
2205,1797,409,0.74
2206,497,663,0.94
2207,622,973,0.51
2208,2518,892,0.66
2209,718,427,0.94
2210,758,229,0.72
2211,2251,143,0.76
2212,1323,156,0.97
2213,1291,803,0.69
2214,712,76,0.68
2215,1348,926,0.95
2216,2584,198,0.99
2217,1950,331,0.77
2218,2668,320,0.8
2219,2625,548,0.99
2220,1743,473,0.83
2221,1868,779,0.86
2222,2873,443,0.58
2223,2243,916,0.78
2224,528,118,0.6
2225,2283,964,0.52
2226,1404,694,0.69
2227,1939,96,0.88
2228,1771,165,0.72
2229,2615,778,0.94
2230,1676,830,0.57
2231,982,234,0.68
2232,1059,555,0.63
2233,1829,17,0.56
2234,1443,800,0.58
2235,1932,163,0.52
2236,1908,206,0.95
2237,1471,720,0.93
2238,2412,621,0.78
2239,624,115,0.54
2240,2631,480,0.59
2241,1270,742,0.64
2242,2241,977,0.82
2243,1454,380,0.8
2244,2526,253,0.94
2245,439,528,0.6
2246,212,429,0.6
2247,1028,749,0.54
2248,1913,883,0.56
2249,176,264,0.73
2250,1668,342,0.56
2251,361,715,0.53
2252,2934,658,0.74
2253,702,603,0.71
2254,994,519,0.53
2255,2973,600,0.93
2256,2459,471,0.79
2257,1527,451,0.63
2258,2366,463,0.92
2259,2026,422,0.53
2260,253,461,0.98
2261,1868,224,0.8
2262,2942,358,0.77
2263,485,880,0.68
2264,1902,791,0.92
2265,421,979,0.84
2266,1168,427,0.6
2267,290,249,0.97
2268,1241,113,0.82
2269,2793,659,0.52
2270,316,188,0.66
2271,1881,283,0.63
2272,554,200,0.97
2273,2801,599,0.58
2274,2324,662,0.65
2275,1997,545,0.92
2276,2279,512,0.96
2277,1342,788,0.59
2278,2429,298,0.95
2279,1927,558,0.87
2280,595,695,0.53
2281,1068,719,0.63
2282,1977,520,0.78
2283,2324,159,0.71
2284,2993,684,0.54
2285,1604,876,0.51
2286,1055,407,0.56
2287,349,658,0.67
2288,1780,681,0.63
2289,474,723,0.57
2290,1655,622,0.76
2291,1090,956,0.54
2292,103,609,0.71
2293,1584,661,0.91
2294,1563,108,0.7
2295,2078,628,0.82
2296,1217,180,0.57
2297,2587,645,0.87
2298,163,109,0.55
2299,1557,828,0.97
2300,2026,806,0.72
2301,2554,354,0.9
2302,272,559,0.53
2303,1768,330,0.57
2304,2888,933,0.55
2305,338,615,0.98
2306,67,553,0.5
2307,2502,1000,0.89
2308,1938,913,0.58
2309,2890,725,0.91
2310,134,695,0.93
2311,1781,14,0.81
2312,1208,595,0.53
2313,835,3,0.96
2314,2399,858,0.73
2315,1918,331,0.91
2316,1743,504,0.82
2317,330,574,0.96
2318,731,324,0.52
2319,23,65,0.99
2320,911,834,0.74
2321,2005,728,0.84
2322,697,868,0.55
2323,810,112,0.82
2324,1612,759,0.79
2325,2387,866,0.75
2326,191,597,0.68
2327,2503,664,0.89
2328,420,961,0.91
2329,1080,129,0.66
2330,1025,808,0.96
2331,2148,101,0.61
2332,2607,154,0.62
2333,1031,333,0.94
2334,1055,310,0.54
2335,1928,128,0.83
2336,1987,219,0.95
2337,2110,547,0.61
2338,1702,198,0.88
2339,531,264,0.64
2340,29,653,0.89
2341,834,424,0.67
2342,2304,198,0.87
2343,1100,949,0.53
2344,400,246,0.52
2345,2271,781,0.96
2346,1333,475,0.53
2347,144,352,0.94
2348,2892,233,0.88
2349,860,936,0.77
2350,2387,180,0.57
2351,452,847,0.94
2352,1771,599,0.61
2353,989,778,0.83
2354,1976,902,0.63
2355,1532,145,0.5
2356,107,521,0.75
2357,2757,282,0.81
2358,1292,534,0.59
2359,934,469,0.89
2360,1148,1000,0.91
2361,2995,65,0.64
2362,740,153,0.64
2363,1848,423,0.98
2364,1300,739,0.92
2365,1116,468,0.92
2366,1593,584,0.5
2367,130,131,0.82
2368,2211,296,0.71
2369,1216,231,0.9
2370,1299,50,0.85
2371,2539,139,0.75
2372,1515,421,0.7
2373,104,722,0.65
2374,919,727,0.88
2375,163,660,0.58
2376,1501,236,0.57
2377,2693,166,0.98
2378,1155,275,0.95
2379,1002,963,0.75
2380,2071,125,0.5
2381,2732,984,0.78
2382,2342,99,0.96
2383,661,190,0.63
2384,1478,408,0.59
2385,5,74,0.89
2386,902,640,0.71
2387,305,659,0.81
2388,665,417,0.97
2389,436,170,0.56
2390,1399,583,0.64
2391,2332,596,0.7
2392,1531,917,0.81
2393,301,368,0.5
2394,834,165,0.96
2395,1900,451,0.75
2396,1708,216,0.77
2397,910,556,0.73
2398,2405,30,0.59
2399,800,85,0.62
2400,647,206,0.75
2401,547,843,0.62
2402,162,840,0.73
2403,111,438,0.81
2404,1148,310,0.53
2405,1813,878,0.88
2406,781,627,0.76
2407,148,516,0.93
2408,1303,960,0.78
2409,364,435,0.71
2410,2407,732,0.82
2411,28,700,0.73
2412,50,786,0.56
2413,2991,55,0.94
2414,1525,692,0.57
2415,1151,197,0.88
2416,2145,166,0.54
2417,323,206,0.51
2418,1156,595,0.57
2419,2084,828,0.96
2420,1897,248,0.87
2421,1067,200,0.98
2422,2731,955,0.71
2423,2886,164,0.75
2424,1043,91,0.55
2425,1205,589,0.76
2426,2589,805,0.96
2427,1427,131,0.63
2428,2614,878,0.63
2429,532,396,0.57
2430,173,625,0.83
2431,335,769,0.82
2432,2165,774,0.93
2433,2582,119,0.9
2434,1438,992,0.83
2435,1542,400,0.98
2436,533,996,0.92
2437,1670,711,0.68
2438,1445,992,0.56
2439,1409,149,0.58
2440,1643,638,0.85
2441,978,40,0.94
2442,324,326,0.6
2443,728,394,0.82
2444,1048,367,0.88
2445,917,704,0.97
2446,946,522,0.6
2447,2553,171,0.57
2448,1656,604,0.9
2449,1517,39,0.9
2450,124,611,0.66
2451,307,199,0.63
2452,1208,914,0.86
2453,1,980,0.56
2454,236,149,0.66
2455,2416,908,0.91
2456,22,319,0.98
2457,743,826,0.69
2458,2567,833,0.78
2459,1007,26,0.78
2460,2853,662,0.62
2461,2937,779,0.5
2462,1864,533,0.86
2463,673,548,0.97
2464,1025,178,0.61
2465,2660,971,0.77
2466,292,700,0.98
2467,852,550,0.94
2468,125,474,0.52
2469,1667,138,0.54
2470,1342,174,0.73
2471,113,262,0.61
2472,1437,428,0.83
2473,1811,119,0.71
2474,2521,829,0.94
2475,1898,773,0.76
2476,1816,23,0.53
2477,1028,28,0.94
2478,1502,333,0.81
2479,188,348,0.87
2480,1897,121,0.87
2481,1609,107,0.61
2482,1406,398,0.68
2483,2669,5,0.91
2484,1340,285,0.8
2485,1038,169,0.85
2486,1825,644,0.62
2487,530,984,0.53
2488,2376,615,0.56
2489,2308,262,0.84
2490,973,186,0.81
2491,2259,95,0.81
2492,1294,957,0.63
2493,1871,106,0.69
2494,1930,860,0.78
2495,1297,32,0.8
2496,488,801,0.64
2497,1909,595,0.62
2498,2422,490,0.66
2499,2332,480,0.57
2500,700,712,0.71
2501,260,783,0.69
2502,1231,655,0.66
2503,604,288,0.78
2504,2594,362,0.8
2505,2334,226,0.98
2506,999,261,0.62
2507,1103,396,0.97
2508,1964,595,0.51
2509,882,895,0.63
2510,2063,200,0.86
2511,1111,959,0.88
2512,1130,322,0.76
2513,1653,586,0.56
2514,1853,912,0.75
2515,2932,642,0.94
2516,1993,147,0.62
2517,402,672,0.6
2518,549,902,0.73
2519,1192,432,0.62
2520,1200,710,0.86
2521,2106,629,0.91
2522,556,140,0.57
2523,1192,959,0.72
2524,202,794,0.74
2525,220,943,0.52
2526,456,253,0.89
2527,689,33,0.63
2528,2745,513,0.65
2529,1826,495,0.67
2530,460,293,0.78
2531,243,584,0.73
2532,1463,93,0.91
2533,2887,211,0.86
2534,1068,460,0.7
2535,2950,748,0.59
2536,160,357,0.57
2537,2719,136,0.56
2538,519,129,0.62
2539,613,409,0.53
2540,27,129,0.64
2541,1396,149,0.74
2542,1438,611,0.84
2543,1913,670,0.6
2544,2964,615,0.75
2545,2344,585,0.93
2546,1880,904,0.59
2547,626,468,0.6
2548,798,480,0.62
2549,2553,452,0.71
2550,2700,480,0.65
2551,1237,687,0.59
2552,2504,478,0.97
2553,2145,861,0.9
2554,554,770,0.92
2555,49,611,0.67
2556,185,239,0.91
2557,328,893,0.75
2558,1259,133,0.7
2559,2060,160,0.75
2560,1412,292,0.78
2561,2155,519,0.59
2562,2697,46,0.69
2563,552,544,0.68
2564,1531,999,0.97
2565,2226,55,0.78
2566,541,273,0.92
2567,1472,687,0.62
2568,1200,874,0.69
2569,253,436,0.65
2570,578,625,0.85
2571,572,831,0.93
2572,2052,145,0.98
2573,409,197,0.68
2574,996,277,0.51
2575,1584,601,0.84
2576,2505,485,0.67
2577,59,439,0.78
2578,1393,208,0.75
2579,2749,932,0.93
2580,1179,41,0.91
2581,475,270,0.76
2582,646,779,0.58
2583,2293,824,0.92
2584,2757,276,0.75
2585,1754,567,0.7
2586,1976,98,0.66
2587,2662,81,0.64
2588,2936,101,0.73
2589,1576,542,0.71
2590,2438,714,0.86
2591,650,297,0.77
2592,2050,847,0.68
2593,2325,268,0.73
2594,1187,525,0.56
2595,585,954,0.61
2596,2248,609,0.57
2597,1530,786,0.58
2598,133,896,0.83
2599,99,485,0.79
2600,1843,423,0.89
2601,922,575,0.73
2602,727,105,0.69
2603,1598,548,0.64
2604,2790,164,0.62
2605,378,189,0.9
2606,2817,611,0.72
2607,1759,322,0.5
2608,1486,381,0.57
2609,1337,309,0.69
2610,2593,644,0.59
2611,93,798,0.94
2612,1306,244,0.98
2613,1659,973,0.92
2614,2701,908,0.6
2615,1501,991,0.69
2616,2194,548,0.69
2617,1354,345,0.66
2618,2890,580,0.9
2619,962,716,0.5
2620,625,430,0.96
2621,252,795,0.98
2622,2393,799,0.95
2623,1575,234,0.6
2624,1987,362,0.8
2625,76,720,0.72
2626,2066,772,0.72
2627,46,799,0.53
2628,56,195,0.89
2629,812,956,0.94
2630,355,840,0.76
2631,2826,709,0.6
2632,1881,926,0.84
2633,2991,68,0.85
2634,1362,750,0.78
2635,834,378,0.95
2636,622,622,0.72
2637,1988,256,0.95
2638,1793,341,0.55
2639,1710,46,0.84
2640,577,996,0.93
2641,1233,918,0.91
2642,182,32,0.8
2643,217,800,0.78
2644,409,75,0.71
2645,2043,673,0.55
2646,903,391,0.53
2647,1105,136,0.96
2648,1774,443,0.77
2649,2514,494,0.52
2650,2765,761,0.9
2651,466,769,0.83
2652,1592,205,0.51
2653,665,241,0.78
2654,1382,76,0.87
2655,1349,156,0.5
2656,1107,709,0.61
2657,404,812,0.59
2658,1087,79,0.59
2659,88,578,0.79
2660,2112,44,0.66
2661,1362,305,0.92
2662,1784,732,0.75
2663,1453,452,0.66
2664,1465,670,0.75
2665,1353,180,0.89
2666,2011,884,0.75
2667,1255,309,0.61
2668,814,184,0.68
2669,1045,199,0.72
2670,269,635,0.93
2671,527,462,0.92
2672,444,765,0.98
2673,2098,565,0.93
2674,1881,444,0.72
2675,2941,55,0.91
2676,2702,536,0.52
2677,3,369,0.79
2678,57,811,0.71
2679,2740,948,0.57
2680,2522,437,0.88
2681,2938,313,0.86
2682,1720,200,0.67
2683,1780,57,0.92
2684,1437,309,0.6
2685,1961,132,0.74
2686,251,941,0.85
2687,2798,560,0.67
2688,1080,8,0.86
2689,913,237,0.58
2690,2109,570,0.56
2691,2064,948,0.96
2692,2329,648,0.8
2693,2211,369,0.68
2694,2655,144,0.89
2695,981,838,0.82
2696,164,139,0.89
2697,1069,924,0.81
2698,937,957,0.68
2699,981,690,0.69
2700,2060,630,0.84
2701,2906,386,0.52
2702,1097,378,0.5
2703,2204,48,0.84
2704,2420,382,0.68
2705,96,816,0.55
2706,1135,411,0.87
2707,1939,698,0.84
2708,1831,92,0.7
2709,2752,781,0.53
2710,1800,396,0.62
2711,658,7,0.51
2712,2968,806,0.87
2713,1984,580,0.65
2714,2250,177,0.89
2715,113,42,0.75
2716,2502,691,0.67
2717,189,148,0.52
2718,24,233,0.56
2719,1498,64,0.86
2720,2118,704,0.62
2721,2450,93,0.66
2722,2256,283,0.67
2723,1765,40,0.53
2724,2394,358,0.88
2725,1989,679,0.64
2726,398,640,0.71
2727,1563,266,0.86
2728,1130,347,0.52
2729,39,537,0.96
2730,2975,536,0.74
2731,1183,326,0.55
2732,1446,885,0.66
2733,495,496,0.79
2734,197,655,0.64
2735,1384,721,0.7
2736,2199,635,0.86
2737,2892,73,0.66
2738,338,930,0.92
2739,190,403,0.89
2740,2834,891,0.9
2741,976,261,0.82
2742,1285,950,0.7
2743,2068,759,0.93
2744,474,728,0.96
2745,2301,238,0.9
2746,2502,930,0.73
2747,2664,344,0.53
2748,2697,70,0.95
2749,1924,130,0.81
2750,22,343,0.6
2751,583,179,0.68
2752,1053,996,0.69
2753,2581,564,0.83
2754,166,440,0.86
2755,708,912,0.95
2756,2182,77,0.78
2757,1510,207,0.57
2758,2793,12,0.62
2759,1162,239,0.78
2760,1936,246,0.69
2761,415,970,0.96
2762,2944,939,0.58
2763,605,532,0.56
2764,1054,837,0.79
2765,2283,153,0.8
2766,2221,190,0.95
2767,860,369,0.54
2768,376,884,0.84
2769,1998,475,0.8
2770,338,782,0.79
2771,1761,94,0.88
2772,2053,613,0.7
2773,1773,57,0.97
2774,1467,175,0.79
2775,604,216,0.59
2776,2077,686,0.81
2777,989,958,0.85
2778,1324,128,0.77
2779,558,203,0.9
2780,1145,114,0.94
2781,523,583,0.85
2782,2799,928,0.94
2783,2535,795,0.79
2784,220,40,0.57
2785,1835,981,0.59
2786,2551,960,0.63
2787,1602,62,0.68
2788,857,19,0.73
2789,2632,15,0.72
2790,2502,772,0.58
2791,2783,962,0.74
2792,147,4,0.99
2793,2514,528,0.69
2794,2849,13,0.67
2795,1370,709,0.79
2796,2548,980,0.53
2797,1168,888,0.86
2798,2644,854,0.8
2799,347,727,0.68
2800,345,508,0.56
2801,533,76,0.81
2802,2661,60,0.77
2803,420,885,0.84
2804,681,247,0.77
2805,731,650,0.64
2806,457,647,0.67
2807,2629,282,0.98
2808,1588,572,0.89
2809,2972,514,0.76
2810,1553,508,0.69
2811,952,785,0.87
2812,274,454,0.91
2813,1234,974,0.91
2814,2789,431,0.77
2815,2138,460,0.94
2816,2122,695,0.96
2817,2404,188,0.98
2818,2538,989,0.94
2819,1821,130,0.56
2820,683,467,0.55
2821,2907,461,0.65
2822,1191,6,0.83
2823,1474,416,0.74
2824,2886,395,0.51
2825,1274,324,0.65
2826,1886,204,0.78
2827,1820,49,0.93
2828,632,841,0.97
2829,2518,209,0.95
2830,1890,615,0.52
2831,2654,543,0.57
2832,2456,353,0.74
2833,1943,468,0.85
2834,725,733,0.77
2835,2908,74,0.69
2836,288,440,0.67
2837,312,490,0.69
2838,2818,80,0.55
2839,1051,75,0.82
2840,1526,738,0.73
2841,2279,68,0.83
2842,686,889,0.61
2843,1624,882,0.79
2844,504,867,0.5
2845,1531,698,0.79
2846,330,535,0.93
2847,2211,660,0.97
2848,2769,435,0.82
2849,278,237,0.5
2850,2051,865,0.65
2851,2786,107,0.57
2852,336,398,0.84
2853,2936,24,0.92
2854,1722,443,0.66
2855,1355,672,0.69
2856,1635,222,0.73
2857,1612,908,0.56
2858,2838,568,0.85
2859,1308,823,0.81
2860,637,869,0.96
2861,1186,984,0.91
2862,1254,385,0.81
2863,162,143,0.97
2864,1948,180,0.82
2865,1673,780,0.84
2866,2715,891,0.86
2867,188,719,0.9
2868,767,410,0.65
2869,2025,516,0.57
2870,2077,711,0.88
2871,2637,299,0.96
2872,533,615,0.8
2873,2592,576,0.52
2874,719,132,0.79
2875,354,817,0.56
2876,567,713,0.59
2877,707,222,0.9
2878,596,437,0.95
2879,2953,860,0.5
2880,531,46,0.93
2881,1823,942,0.8
2882,1428,45,0.96
2883,1089,453,0.52
2884,2186,770,0.61
2885,1410,67,0.71
2886,886,699,0.79
2887,2827,654,0.85
2888,520,640,0.7
2889,2247,234,0.91
2890,2,700,0.85
2891,449,33,0.72
2892,755,811,0.83
2893,1486,192,0.54
2894,744,886,0.5
2895,1291,865,0.68
2896,2622,699,0.98
2897,2393,452,0.54
2898,1930,189,0.84
2899,1036,696,0.59
2900,1454,298,0.68
2901,631,685,0.67
2902,1816,290,0.86
2903,2344,836,0.58
2904,1950,965,0.73
2905,729,388,0.74
2906,2293,847,0.65
2907,1772,930,0.89
2908,464,594,0.6
2909,1624,227,0.8
2910,2807,679,0.8
2911,1612,110,0.94
2912,236,871,0.67
2913,2009,277,0.86
2914,2007,206,0.69
2915,71,993,0.8
2916,1747,156,0.77
2917,1695,409,0.58
2918,273,324,0.76
2919,1464,69,0.78
2920,1245,100,0.62
2921,831,996,0.59
2922,867,372,0.87
2923,954,871,0.61
2924,2708,419,0.65
2925,2901,498,0.5
2926,457,830,0.83
2927,553,286,0.84
2928,2334,628,0.51
2929,2258,600,0.71
2930,447,233,0.84
2931,91,859,0.97
2932,1033,804,0.57
2933,160,589,0.99
2934,2710,490,0.75
2935,570,568,0.57
2936,2321,33,0.59
2937,1516,779,0.81
2938,1523,901,0.93
2939,1064,818,0.72
2940,1890,235,0.6
2941,129,609,0.99
2942,829,29,0.78
2943,1643,508,0.91
2944,1179,500,0.86
2945,2327,28,0.87
2946,2766,234,0.75
2947,2992,736,0.59
2948,2993,503,0.9
2949,2910,746,0.97
2950,1829,205,0.92
2951,2484,660,0.63
2952,291,436,0.5
2953,1104,91,0.73
2954,1142,755,0.88
2955,1674,556,0.71
2956,2837,549,0.65
2957,2488,632,0.62
2958,1094,502,0.84
2959,690,691,0.7
2960,1971,632,0.69
2961,1897,664,0.78
2962,1072,508,0.67
2963,1647,560,0.82
2964,1270,283,0.76
2965,2379,512,0.71
2966,1428,503,0.93
2967,1836,561,0.82
2968,287,408,0.89
2969,1347,654,0.92
2970,2781,361,0.99
2971,643,615,0.89
2972,2586,53,0.72
2973,1890,716,0.94
2974,759,630,0.55
2975,1706,765,0.99
2976,1690,266,0.67
2977,39,171,0.54
2978,1153,424,0.95
2979,88,843,0.86
2980,894,98,0.97
2981,1408,712,0.57
2982,1430,468,0.54
2983,17,528,0.63
2984,2061,17,0.93
2985,1442,319,0.91
2986,92,618,0.66
2987,849,986,0.57
2988,1674,772,0.69
2989,863,77,0.55
2990,1698,992,0.69
2991,820,218,0.82
2992,2511,746,0.68
2993,1829,95,0.54
2994,1578,129,0.77
2995,440,138,0.52
2996,2988,636,0.69
2997,2577,657,0.96
2998,909,754,0.97
2999,636,605,0.71
3000,1348,417,0.88
3001,2427,89,0.62
3002,1106,389,0.62
3003,2831,504,0.93
3004,581,164,0.65
3005,1126,221,0.53
3006,2067,479,0.55
3007,2542,580,0.86
3008,1044,985,0.67
3009,597,676,0.51
3010,430,580,0.71
3011,547,372,0.92
3012,2174,700,0.85
3013,483,948,0.78
3014,1620,671,0.58
3015,2340,982,0.97
3016,1167,952,0.52
3017,1319,644,0.96
3018,1951,67,0.96
3019,2663,345,0.56
3020,1842,232,0.98
3021,146,928,0.86
3022,1689,409,0.68
3023,2063,81,0.52
3024,2407,440,0.74
3025,894,707,0.6
3026,1843,681,0.7
3027,2161,644,0.91
3028,458,63,0.69
3029,278,130,0.53
3030,109,144,0.87
3031,513,674,0.83
3032,506,543,0.62
3033,2798,793,0.79
3034,1409,391,0.5
3035,1218,927,0.57
3036,2913,243,0.69
3037,369,509,0.63
3038,2873,336,0.84
3039,2138,317,0.6
3040,1812,211,0.64
3041,1105,938,0.81
3042,84,761,0.85
3043,551,859,0.98
3044,95,555,0.91
3045,842,911,0.68
3046,2282,64,0.92
3047,839,231,0.83
3048,1901,925,0.74
3049,2429,417,0.78
3050,1426,738,0.69
3051,923,97,0.52
3052,642,506,0.61
3053,685,868,0.52
3054,91,395,0.84
3055,2713,191,0.72
3056,2654,808,0.9
3057,1055,828,0.66
3058,10,753,0.93
3059,648,160,0.92
3060,99,701,0.52
3061,1765,817,0.55
3062,434,357,0.83
3063,1053,108,0.67
3064,2810,241,0.77
3065,474,742,0.7
3066,126,43,0.94
3067,390,667,0.93
3068,1040,124,0.8
3069,2907,220,0.93
3070,1320,426,0.57
3071,1128,537,0.71
3072,504,684,0.97
3073,1244,358,0.9
3074,2595,7,0.62
3075,545,235,0.95
3076,523,980,0.87
3077,2584,611,0.86
3078,371,10,0.7
3079,1527,621,0.53
3080,1781,477,0.67
3081,36,739,0.63
3082,2353,869,0.81
3083,1357,900,0.68
3084,2213,953,0.94
3085,2817,284,0.55
3086,1760,762,0.65
3087,2626,155,0.91
3088,1689,731,0.56
3089,2314,645,0.82
3090,492,169,0.69
3091,1607,376,0.69
3092,168,904,0.55
3093,1253,708,0.63
3094,1926,523,0.61
3095,2537,32,0.71
3096,1248,553,0.68
3097,2647,542,0.96
3098,2713,132,0.85
3099,2207,721,0.66
3100,909,836,0.54
3101,2583,214,0.95
3102,1783,543,0.72
3103,1359,585,0.84
3104,1369,68,0.71
3105,1761,349,0.86
3106,289,691,0.79
3107,1505,692,0.82
3108,843,272,0.9
3109,1347,157,0.57
3110,627,173,0.59
3111,1988,535,0.68
3112,1834,912,0.52
3113,1057,134,0.72
3114,1276,308,0.77
3115,1584,812,0.97
3116,125,662,0.87
3117,2392,123,0.99
3118,2549,254,0.92
3119,259,905,0.92
3120,825,913,0.9
3121,871,99,0.8
3122,873,191,0.95
3123,928,947,0.84
3124,381,776,0.54
3125,2095,244,0.64
3126,1409,737,0.97
3127,2454,744,0.66
3128,694,108,0.68
3129,2470,363,0.5
3130,2457,680,0.98
3131,1793,789,0.7
3132,222,221,0.96
3133,56,384,0.78
3134,230,621,0.77
3135,1283,306,0.83
3136,563,749,0.82
3137,927,52,0.95
3138,515,663,0.68
3139,1671,493,0.95
3140,2920,30,0.67
3141,1059,358,0.81
3142,1296,88,0.56
3143,1615,842,0.67
3144,2566,827,0.55
3145,1045,74,0.88
3146,139,472,0.95
3147,733,770,0.89
3148,508,624,0.83
3149,2997,24,0.84
3150,2680,994,0.86
3151,1134,480,0.9
3152,2645,534,0.83
3153,1444,452,0.97
3154,1924,371,0.7
3155,2294,652,0.82
3156,1276,836,0.72
3157,2560,133,0.89
3158,1100,31,0.58
3159,2490,95,0.91
3160,2574,14,0.75
3161,2473,701,0.6
3162,735,901,0.97
3163,1946,887,0.55
3164,818,15,0.62
3165,257,127,0.97
3166,2722,151,0.95
3167,136,126,0.83
3168,372,270,0.95
3169,1922,55,0.58
3170,702,511,0.69
3171,1242,945,0.95
3172,1643,231,0.68
3173,302,410,0.87
3174,2341,788,0.72
3175,1781,430,0.55
3176,2684,288,0.69
3177,2260,25,0.89
3178,2634,186,0.71
3179,606,784,0.9
3180,1155,3,0.52
3181,809,765,0.85
3182,2359,612,0.71
3183,2559,813,0.8
3184,987,865,0.76
3185,882,432,0.72
3186,325,508,0.51
3187,299,771,0.54
3188,2337,910,0.73
3189,490,453,0.62
3190,1881,33,0.65
3191,1072,339,0.78
3192,2327,618,0.56
3193,2111,3,0.55
3194,733,555,0.82
3195,172,973,0.63
3196,2936,836,0.92
3197,164,17,0.62
3198,1251,66,0.62
3199,1966,696,0.96
3200,1077,85,0.88
3201,1835,363,0.71
3202,1151,683,0.89
3203,763,215,0.72
3204,266,490,0.99
3205,2800,442,0.89
3206,2232,515,0.59
3207,1865,230,0.79
3208,1469,36,0.57
3209,1332,336,0.92
3210,1641,91,0.83
3211,156,668,0.7
3212,1097,368,0.82
3213,867,886,0.78
3214,2279,637,0.74
3215,1008,69,0.78
3216,682,796,0.85
3217,2218,55,0.92
3218,1285,871,0.54
3219,2060,543,0.72
3220,1101,470,0.54
3221,1566,62,0.68
3222,1207,522,0.73
3223,2234,39,0.8
3224,1234,761,0.76
3225,1129,749,0.52
3226,1511,242,0.66
3227,2387,727,0.72
3228,1695,969,0.67
3229,1849,327,0.86
3230,1703,396,0.85
3231,1660,117,0.87
3232,2525,666,0.52
3233,1374,712,0.79
3234,2660,683,0.54
3235,870,675,0.69
3236,1401,317,0.78
3237,1663,853,0.7
3238,2912,252,0.59
3239,284,808,0.61
3240,2182,998,0.86
3241,1392,3,0.87
3242,2851,690,0.84
3243,357,202,0.77
3244,2043,612,0.58
3245,1312,708,0.57
3246,357,284,0.65
3247,383,161,0.79
3248,1853,451,0.94
3249,923,76,0.92
3250,1323,825,0.63
3251,85,158,0.83
3252,2812,229,0.93
3253,229,813,0.56
3254,879,925,0.67
3255,322,728,0.82
3256,912,59,0.72
3257,2271,910,0.61
3258,1413,902,0.82
3259,602,970,0.55
3260,1372,470,0.61
3261,1386,110,0.55
3262,758,719,0.88
3263,2567,343,0.59
3264,609,494,0.85
3265,349,290,0.9
3266,1201,812,0.73
3267,40,358,0.61
3268,1923,86,0.51
3269,29,820,0.9
3270,1871,683,0.51
3271,2482,119,0.67
3272,294,174,0.74
3273,1998,208,0.92
3274,592,666,0.6
3275,2157,867,0.78
3276,2209,670,0.87
3277,431,202,0.7
3278,2814,628,0.54
3279,2439,394,0.61
3280,278,303,0.79
3281,1882,521,0.95
3282,629,2,0.65
3283,1335,789,0.7
3284,1377,922,0.57
3285,2379,89,0.65
3286,1522,286,0.88
3287,733,102,0.55
3288,2408,53,0.67
3289,579,161,0.54
3290,1116,518,0.73
3291,1895,103,0.9
3292,2573,156,0.66
3293,893,933,0.88
3294,1791,370,0.74
3295,974,276,0.52
3296,432,820,0.6
3297,1208,778,0.97
3298,708,863,0.84
3299,2229,604,0.8
3300,2472,906,0.92
3301,2320,643,0.7
3302,1929,598,0.89
3303,2808,629,0.53
3304,1564,195,0.78
3305,1928,519,0.79
3306,2103,19,0.98
3307,2475,91,0.99
3308,2998,823,0.52
3309,2948,318,0.93
3310,2583,308,0.78
3311,2162,536,0.97
3312,1164,3,0.52
3313,315,716,0.55
3314,2840,102,0.51
3315,752,290,0.51
3316,2885,16,0.77
3317,1047,760,0.76
3318,104,427,0.71
3319,550,16,0.92
3320,690,292,0.7
3321,1683,111,0.52
3322,578,485,0.95
3323,896,797,0.89
3324,1444,426,0.62
3325,1379,21,0.69
3326,2185,676,0.86
3327,2018,815,0.75
3328,934,666,0.84
3329,2538,710,0.89
3330,517,939,0.6
3331,733,87,0.66
3332,578,191,0.51
3333,2134,641,0.74
3334,2342,130,0.69
3335,660,856,0.86
3336,998,892,0.85
3337,1951,992,0.57
3338,365,375,0.66
3339,1330,188,0.54
3340,542,878,0.87
3341,973,463,0.51
3342,2594,5,0.85
3343,2804,368,0.9
3344,1076,446,0.87
3345,2490,346,0.71
3346,11,256,0.8
3347,512,269,0.61
3348,981,733,0.84
3349,775,654,0.72
3350,2692,726,0.97
3351,2904,476,0.9
3352,2633,911,0.88
3353,1494,158,0.93
3354,2412,855,0.98
3355,2943,572,0.86
3356,15,743,0.82
3357,1757,723,0.64
3358,467,871,0.79
3359,2241,514,0.69
3360,2585,141,0.99
3361,2649,441,0.66
3362,901,367,0.55
3363,309,807,0.88
3364,2907,137,0.82
3365,61,464,0.88
3366,2689,790,0.72
3367,470,73,0.68
3368,2221,188,0.96
3369,423,709,0.62
3370,275,627,0.56
3371,615,441,0.79
3372,496,455,0.77
3373,357,427,0.56
3374,45,740,0.62
3375,1728,853,0.74
3376,2204,612,0.83
3377,52,184,0.84
3378,1991,5,0.9
3379,2311,645,0.61
3380,416,518,0.56
3381,639,828,0.81
3382,1122,879,0.69
3383,2408,783,0.84
3384,1660,599,0.75
3385,1786,545,0.57
3386,1738,942,0.51
3387,1792,45,0.51
3388,1031,24,0.64
3389,2277,104,0.75
3390,2030,267,0.76
3391,1310,650,0.6
3392,1765,189,0.51
3393,1052,254,0.79
3394,858,838,0.61
3395,331,637,0.81
3396,2436,456,0.57
3397,69,416,0.62
3398,1305,909,0.8
3399,2452,391,0.97
3400,1440,78,0.75
3401,1113,468,0.55
3402,1308,515,0.52
3403,1055,203,0.71
3404,1842,196,0.9
3405,369,233,0.67
3406,539,628,0.85
3407,318,114,0.88
3408,1099,938,0.96
3409,514,747,0.93
3410,829,391,0.88
3411,2073,466,0.5
3412,2868,188,0.84
3413,482,34,0.88
3414,2030,717,0.7
3415,1073,983,0.86
3416,1609,903,0.72
3417,1878,332,0.51
3418,716,663,0.66
3419,2519,247,0.62
3420,2310,14,0.5
3421,1720,856,0.84
3422,2806,917,0.96
3423,1859,830,0.55
3424,840,419,0.99
3425,2847,383,0.9
3426,2943,882,0.78
3427,1455,340,0.66
3428,586,360,0.93
3429,1435,781,0.93
3430,2477,732,0.51
3431,1075,898,0.89
3432,1433,427,0.93
3433,1727,74,0.78
3434,43,612,0.9
3435,1314,520,0.68
3436,788,605,0.7
3437,668,887,0.64
3438,615,609,0.99
3439,440,736,0.98
3440,382,806,0.97
3441,63,230,0.59
3442,910,21,0.93
3443,290,96,0.88
3444,1154,865,0.91
3445,636,314,0.69
3446,597,539,0.98
3447,2893,407,0.59
3448,1557,73,0.98
3449,1141,814,0.88
3450,2067,56,0.82
3451,339,873,0.81
3452,567,626,0.73
3453,459,741,0.81
3454,1421,719,0.81
3455,1066,455,0.83
3456,243,81,0.62
3457,625,277,0.63
3458,2243,758,0.82
3459,483,488,0.62
3460,2404,81,0.82
3461,802,72,0.97
3462,628,946,0.99
3463,1863,123,0.56
3464,692,871,0.64
3465,523,177,0.6
3466,2846,111,0.97
3467,521,320,0.93
3468,2993,964,0.7
3469,2655,237,0.64
3470,1200,3,0.88
3471,973,779,0.97
3472,2783,558,0.83
3473,822,559,0.69
3474,2176,991,0.81
3475,626,824,0.81
3476,2384,942,0.86
3477,950,215,0.91
3478,1664,748,0.5
3479,1309,380,0.8
3480,2585,541,0.59
3481,2149,639,0.95
3482,286,555,0.51
3483,479,760,0.67
3484,1608,30,0.92
3485,788,774,0.84
3486,2686,594,0.91
3487,2154,701,0.51
3488,1662,20,0.79
3489,2595,386,0.7
3490,714,166,0.96
3491,2717,966,0.64
3492,2598,569,0.62
3493,2809,5,0.92
3494,1510,835,0.64
3495,63,116,0.85
3496,533,504,0.57
3497,2354,783,0.86
3498,73,705,0.73
3499,1383,37,0.85
3500,2907,872,0.59
3501,1381,707,0.96
3502,702,52,0.52
3503,1578,736,0.51
3504,444,832,0.96
3505,1416,879,0.98
3506,1378,452,0.87
3507,20,464,0.74
3508,310,987,0.95
3509,1999,431,0.93
3510,359,726,0.73
3511,366,257,0.73
3512,1381,367,0.63
3513,1224,326,0.75
3514,2166,789,0.61
3515,2770,190,0.5
3516,1868,4,0.66
3517,649,659,0.84
3518,414,602,0.84
3519,1537,55,0.56
3520,1150,275,0.81
3521,2511,755,0.65
3522,2809,595,0.77
3523,552,474,0.89
3524,772,924,0.8
3525,2212,694,0.96
3526,552,675,0.84
3527,2200,315,0.88
3528,112,30,0.57
3529,2469,973,0.95
3530,1642,685,0.98
3531,2349,235,0.92
3532,2148,964,0.55
3533,1989,915,0.56
3534,1434,177,0.82
3535,1000,915,0.85
3536,2278,275,0.63
3537,907,166,0.57
3538,556,571,0.87
3539,733,398,0.9
3540,1763,417,0.91
3541,1099,342,0.94
3542,295,556,0.83
3543,2834,860,0.85
3544,2360,832,0.88
3545,2077,562,0.62
3546,2376,293,0.85
3547,1207,28,0.79
3548,1595,56,0.54
3549,34,59,0.74
3550,2701,605,0.64
3551,2458,561,0.84
3552,1194,352,0.99
3553,1219,959,0.58
3554,35,688,0.59
3555,274,82,0.78
3556,975,44,0.78
3557,65,641,0.85
3558,65,777,0.93
3559,2537,687,0.5
3560,1359,913,0.85
3561,2228,496,0.92
3562,573,487,0.72
3563,2095,620,0.68
3564,2912,293,0.91
3565,924,551,0.84
3566,2919,490,0.7
3567,484,549,0.7
3568,1067,687,0.66
3569,695,745,0.6
3570,599,154,0.54
3571,1576,363,0.88
3572,2628,74,0.71
3573,889,224,0.64
3574,1647,269,0.51
3575,1931,814,0.67
3576,1598,216,0.98
3577,1336,770,0.67
3578,1093,719,0.81
3579,1457,72,0.62
3580,578,166,0.58
3581,2070,280,0.66
3582,541,907,0.91
3583,2170,804,0.67
3584,1679,669,0.83
3585,1786,521,0.65
3586,167,923,0.79
3587,2215,84,0.77
3588,2406,457,0.77
3589,386,361,0.65
3590,943,853,0.91
3591,2875,637,0.79
3592,1086,719,0.95
3593,1091,547,0.64
3594,1166,643,0.82
3595,1602,447,0.75
3596,464,674,0.55
3597,495,95,0.69
3598,571,751,0.93
3599,1327,211,0.87
3600,185,313,0.86
3601,1254,5,0.74
3602,2466,688,0.58
3603,23,738,0.68
3604,359,475,0.54
3605,2828,65,0.72
3606,939,607,0.71
3607,1346,590,0.52
3608,281,219,0.54
3609,1108,297,0.79
3610,2718,197,0.65
3611,525,396,0.55
3612,537,267,0.8
3613,1758,924,0.84
3614,17,838,0.53
3615,2507,964,0.83
3616,2788,10,0.62
3617,634,874,0.65
3618,2065,222,0.77
3619,401,408,0.67
3620,2941,712,0.96
3621,394,1,0.65
3622,180,877,0.79
3623,843,973,0.51
3624,2299,462,0.83
3625,849,197,0.71
3626,1755,830,0.8
3627,2613,378,0.55
3628,419,539,0.82
3629,1521,1,0.66
3630,27,108,0.69
3631,75,132,0.9
3632,1329,214,0.8
3633,1419,927,0.76
3634,1294,674,0.52
3635,2272,635,0.65
3636,911,695,0.92
3637,2633,187,0.56
3638,2230,269,0.71
3639,1921,768,0.81
3640,2416,771,0.54
3641,2964,512,0.55
3642,585,33,0.8
3643,2832,67,0.63
3644,2292,537,0.75
3645,1171,442,0.67
3646,1754,911,0.52
3647,975,128,0.84
3648,270,993,0.96
3649,378,599,0.69
3650,1692,432,0.7
3651,1886,424,0.75
3652,428,37,0.73
3653,2294,26,0.54
3654,1115,894,0.57
3655,2582,456,0.77
3656,578,666,0.86
3657,1759,414,0.89
3658,957,342,0.61
3659,1427,653,0.94
3660,1147,411,0.95
3661,364,509,0.76
3662,455,502,0.79
3663,1715,752,0.67
3664,2163,36,0.67
3665,2231,568,0.92
3666,2315,915,0.89
3667,1811,613,0.89
3668,391,14,0.65
3669,884,5,0.96
3670,2892,712,0.86
3671,483,467,0.66
3672,1984,504,0.54
3673,2492,609,0.79
3674,2365,564,0.87
3675,196,24,0.97
3676,837,390,0.52
3677,164,643,0.79
3678,2193,271,0.65
3679,739,322,0.71
3680,2202,560,0.7
3681,2559,615,0.59
3682,1902,960,0.91
3683,983,979,0.94
3684,1436,769,0.92
3685,1344,199,0.5
3686,1568,211,0.72
3687,959,345,0.82
3688,308,677,0.67
3689,2169,308,0.77
3690,190,91,0.86
3691,2874,635,0.52
3692,653,581,0.6
3693,672,80,0.96
3694,184,484,0.64
3695,597,570,0.73
3696,38,408,0.66
3697,316,221,0.93
3698,2285,394,0.65
3699,1717,150,0.89
3700,1255,253,0.52
3701,1913,16,0.56
3702,79,266,0.82
3703,3,862,0.63
3704,2258,220,0.96
3705,1858,773,0.7
3706,1223,304,0.64
3707,2956,667,0.95
3708,2200,110,0.79
3709,2492,830,0.82
3710,588,537,0.88
3711,9,663,0.96
3712,2395,443,0.95
3713,1023,922,0.67
3714,2753,507,0.81
3715,216,338,0.67
3716,1877,167,0.51
3717,1728,965,0.89
3718,2601,847,0.82
3719,1745,353,0.58
3720,458,723,0.66
3721,1251,628,0.93
3722,105,288,0.84
3723,1454,994,0.76
3724,1795,816,0.7
3725,2211,778,0.83
3726,1818,66,0.63
3727,2309,329,0.56
3728,2872,848,0.66
3729,1125,176,0.71
3730,185,663,0.71
3731,274,145,0.77
3732,123,932,0.67
3733,292,31,0.98
3734,90,477,0.86
3735,2374,578,0.58
3736,348,552,0.81
3737,605,317,0.93
3738,2662,936,0.78
3739,2824,919,0.57
3740,506,866,0.96
3741,1666,642,0.63
3742,2626,491,0.56
3743,498,483,0.72
3744,1381,283,0.81
3745,1004,348,0.89
3746,1051,910,0.9
3747,1606,43,0.97
3748,1784,153,0.62
3749,846,889,0.54
3750,57,412,0.92
3751,814,372,0.98
3752,1799,818,0.7
3753,1539,937,0.72
3754,1122,75,0.96
3755,2825,788,0.96
3756,498,960,0.72
3757,2613,111,0.51
3758,1558,457,0.72
3759,37,343,0.79
3760,2164,291,0.59
3761,1489,414,0.9
3762,720,1000,0.95
3763,2884,437,0.57
3764,2096,821,0.82
3765,466,602,0.78
3766,2123,365,0.54
3767,532,318,0.89
3768,2972,342,0.8
3769,2250,636,0.78
3770,1254,927,0.85
3771,521,86,0.88
3772,1567,858,0.94
3773,2538,712,0.78
3774,2864,223,0.74
3775,357,359,0.83
3776,223,284,0.82
3777,527,599,0.91
3778,2468,996,0.63
3779,923,242,0.66
3780,1883,934,0.9
3781,2295,446,0.61
3782,2214,565,0.57
3783,562,930,0.89
3784,350,206,0.73
3785,902,478,0.87
3786,1787,733,0.53
3787,2798,163,0.88
3788,762,442,0.81
3789,2686,757,0.87
3790,619,262,0.78
3791,2906,563,0.96
3792,946,688,0.92
3793,2547,298,0.66
3794,1334,812,0.89
3795,2883,872,0.54
3796,2419,719,0.89
3797,787,819,0.54
3798,1404,785,0.62
3799,2490,817,0.71
3800,2996,417,0.6
3801,1385,822,0.7
3802,2161,905,0.82
3803,1467,88,0.75
3804,1938,76,0.89
3805,515,402,0.57
3806,965,905,0.78
3807,1333,129,0.79
3808,1663,807,0.72
3809,2397,23,0.8
3810,2638,684,0.74
3811,1379,864,0.71
3812,2966,259,0.74
3813,355,956,0.91
3814,29,482,0.55
3815,1482,3,0.66
3816,1006,488,0.76
3817,312,733,0.62
3818,1348,537,0.82
3819,2556,974,0.93
3820,631,738,0.9
3821,1145,511,0.62
3822,511,632,0.58
3823,2004,352,0.86
3824,1100,59,0.87
3825,1877,381,0.6
3826,1965,637,0.72
3827,681,950,0.66
3828,2162,277,0.87
3829,2524,99,0.53
3830,2503,343,0.75
3831,2054,288,0.61
3832,2358,407,0.85
3833,2635,2,0.89
3834,1313,99,0.58
3835,568,145,0.88
3836,1335,473,0.54
3837,2521,876,0.87
3838,111,426,0.82
3839,1544,373,0.84
3840,213,620,0.59
3841,2113,536,0.81
3842,1022,751,0.67
3843,2140,87,0.84
3844,894,58,0.77
3845,2244,24,0.73
3846,661,483,0.65
3847,83,639,0.79
3848,2962,36,0.76
3849,17,249,0.78
3850,8,904,0.59
3851,1574,794,0.59
3852,2797,536,0.58
3853,669,584,0.99
3854,2735,391,0.96
3855,2820,586,0.81
3856,2907,538,0.8
3857,391,185,0.92
3858,847,865,0.51
3859,551,486,0.57
3860,2328,412,0.75
3861,1658,641,0.62
3862,352,119,0.92
3863,1925,333,0.87
3864,1901,498,0.57
3865,1047,860,0.51
3866,2830,840,0.61
3867,1355,12,0.59
3868,926,956,0.56
3869,2058,555,0.73
3870,2204,902,0.63
3871,1309,984,0.7
3872,2388,446,0.53
3873,1889,58,0.89
3874,670,133,0.89
3875,1722,550,0.82
3876,1419,818,0.67
3877,151,582,0.66
3878,2990,231,0.75
3879,1828,503,0.77
3880,2977,599,0.76
3881,236,475,0.53
3882,575,705,0.65
3883,83,106,0.52
3884,1162,88,0.92
3885,2222,195,0.95
3886,1810,164,0.67
3887,2502,480,0.75
3888,984,182,0.55
3889,2729,618,0.65
3890,1931,556,0.89
3891,1039,327,0.65
3892,91,442,0.98
3893,2828,611,0.64
3894,1678,253,0.7
3895,1104,438,0.56
3896,2691,402,0.58
3897,300,912,0.82
3898,2577,99,0.92
3899,2883,819,0.69
3900,2663,874,0.9
3901,1815,940,0.89
3902,614,901,0.68
3903,1071,294,0.79
3904,914,424,0.76
3905,673,921,0.5
3906,2514,827,0.94
3907,736,533,0.7
3908,1736,382,0.75
3909,1070,941,0.82
3910,1967,472,0.73
3911,1603,439,0.71
3912,1791,207,0.82
3913,1570,582,0.8
3914,561,988,0.6
3915,2336,412,0.76
3916,595,623,0.51
3917,1943,168,0.78
3918,1137,748,0.71
3919,1733,931,0.61
3920,1432,747,0.96
3921,501,42,0.98
3922,153,93,0.57
3923,517,219,0.97
3924,393,899,0.71
3925,953,356,0.9
3926,726,762,0.88
3927,1420,839,0.58
3928,2498,797,0.65
3929,1869,589,0.75
3930,1079,111,0.93
3931,2468,785,0.97
3932,2985,205,0.7
3933,30,572,0.98
3934,2626,638,0.88
3935,2224,868,0.56
3936,777,207,0.89
3937,77,180,0.98
3938,1248,783,0.68
3939,1584,89,0.95
3940,403,967,0.92
3941,898,762,0.84
3942,2745,1,0.82
3943,1410,891,0.75
3944,1714,916,0.66
3945,1787,334,0.59
3946,644,988,0.96
3947,1561,765,0.84
3948,2197,827,0.5
3949,939,626,0.96
3950,1283,492,0.85
3951,883,680,0.56
3952,920,560,0.92
3953,1903,757,0.52
3954,655,367,0.63
3955,746,6,0.62
3956,2418,636,0.75
3957,2901,50,0.92
3958,654,963,0.56
3959,2496,987,0.5
3960,1851,370,0.63
3961,2757,300,0.9
3962,674,341,0.96
3963,2748,826,0.58
3964,2269,293,0.79
3965,2265,464,0.63
3966,1283,887,0.51
3967,1471,682,0.79
3968,2672,920,0.91
3969,2946,753,0.53
3970,342,282,0.76
3971,2713,125,0.54
3972,2786,13,0.9
3973,2466,108,0.77
3974,1632,335,0.77
3975,2737,484,0.77
3976,1161,409,0.86
3977,1740,652,0.54
3978,2281,496,0.54
3979,2278,698,0.55
3980,2417,863,0.64
3981,242,771,0.86
3982,26,624,0.67
3983,158,980,0.77
3984,1155,186,0.99
3985,960,907,0.63
3986,2997,374,0.74
3987,2607,994,0.71
3988,1783,676,0.73
3989,2153,946,0.66
3990,144,213,0.6
3991,2307,516,0.56
3992,2445,125,0.71
3993,2634,534,0.84
3994,372,153,0.68
3995,2673,379,0.98
3996,1794,952,0.71
3997,2386,699,0.94
3998,1396,5,0.63
3999,1508,482,0.7
4000,2065,659,0.7
4001,1616,781,0.91
4002,2733,828,0.89
4003,1107,490,0.69
4004,2940,756,0.62
4005,962,975,0.96
4006,2742,255,0.9
4007,1502,804,0.81
4008,303,93,0.87
4009,2124,660,0.72
4010,153,784,0.58
4011,402,273,0.51
4012,422,218,0.57
4013,2574,892,0.83
4014,418,827,0.88
4015,1189,65,0.68
4016,1039,859,0.72
4017,2843,525,0.51
4018,2425,767,0.88
4019,2079,283,0.95
4020,1960,113,0.57
4021,1289,340,0.54
4022,37,705,0.52
4023,848,22,0.58
4024,556,255,0.63
4025,2321,536,0.66
4026,2010,475,0.75
4027,2002,940,0.72
4028,2812,447,0.9
4029,175,325,0.56
4030,2801,894,0.88
4031,731,288,0.87
4032,2613,319,0.71
4033,1141,323,0.73
4034,471,614,0.77
4035,2709,213,0.67
4036,1977,323,0.72
4037,765,453,0.85
4038,497,60,0.8
4039,2954,274,0.71
4040,2540,134,0.54
4041,1501,508,0.93
4042,498,69,0.88
4043,2480,659,0.72
4044,1229,351,0.52
4045,876,22,0.82
4046,828,869,0.66
4047,2448,116,0.95
4048,2718,195,0.58
4049,731,571,0.66
4050,710,37,0.59
4051,2404,99,0.57
4052,605,225,0.96
4053,1125,973,0.63
4054,1802,135,0.94
4055,2282,687,0.7
4056,781,976,0.87
4057,1101,432,0.79
4058,937,974,0.79
4059,2918,340,0.51
4060,2001,849,0.53
4061,2634,33,0.75
4062,828,967,0.66
4063,2632,12,0.98
4064,2226,838,0.89
4065,1966,807,0.78
4066,622,415,0.83
4067,2206,932,0.55
4068,780,160,0.53
4069,1396,958,0.86
4070,375,883,0.51
4071,1836,976,0.53
4072,1304,291,0.71
4073,249,147,0.85
4074,137,842,0.51
4075,2527,920,0.79
4076,1388,525,0.87
4077,2396,918,0.79
4078,1492,556,0.66
4079,2262,986,0.6
4080,1340,99,0.73
4081,1698,70,0.54
4082,32,695,0.72
4083,2771,370,0.89
4084,717,128,0.98
4085,2253,521,0.54
4086,523,879,0.73
4087,781,603,0.92
4088,457,578,0.5
4089,2308,501,0.53
4090,2945,786,0.79
4091,648,853,0.97
4092,1627,957,0.84
4093,1768,962,0.6
4094,463,313,0.75
4095,1081,329,0.63
4096,797,853,0.98
4097,2482,390,0.64
4098,2443,745,0.99
4099,2611,251,0.66
4100,1168,432,0.78
4101,2217,582,0.96
4102,111,646,0.81
4103,1268,300,0.7
4104,2189,639,0.97
4105,835,746,0.52
4106,1766,945,0.86
4107,1776,885,0.84
4108,637,825,0.7
4109,2625,256,0.75
4110,2657,473,0.55
4111,210,447,0.99
4112,2366,705,0.88
4113,217,713,0.98
4114,2059,558,0.75
4115,22,238,0.52
4116,1349,885,0.51
4117,628,482,0.88
4118,2437,433,0.94
4119,1005,676,0.56
4120,495,695,0.73
4121,2889,344,0.74
4122,342,571,0.73
4123,2645,908,0.69
4124,2374,175,0.66
4125,891,927,0.79
4126,2199,12,0.9
4127,2993,278,0.69
4128,1273,708,0.86
4129,986,37,0.99
4130,1913,815,0.82
4131,2733,663,0.91
4132,1772,621,0.95
4133,397,935,0.65
4134,2143,455,0.67
4135,196,253,0.96
4136,1653,151,0.74
4137,2489,177,0.65
4138,58,288,0.63
4139,2756,523,0.55
4140,290,283,0.52
4141,265,29,0.62
4142,53,938,0.71
4143,1999,292,0.93
4144,2766,4,0.61
4145,2665,392,0.95
4146,2621,891,0.57
4147,2388,952,0.58
4148,10,434,0.99
4149,1644,109,0.68
4150,635,780,0.65
4151,1210,105,0.52
4152,273,951,0.58
4153,552,84,0.9
4154,1281,386,0.73
4155,1512,215,0.5
4156,2762,152,0.66
4157,35,203,0.52
4158,28,811,0.78
4159,2381,446,0.65
4160,287,469,0.57
4161,1328,426,0.86
4162,1608,211,0.57
4163,1653,88,0.85
4164,1509,874,0.61
4165,387,971,0.84
4166,1380,140,0.53
4167,207,112,0.78
4168,503,506,0.74
4169,925,430,0.88
4170,272,999,0.87
4171,2157,412,0.97
4172,1982,109,0.53
4173,2396,324,0.55
4174,2643,280,0.54
4175,147,797,0.71
4176,2613,294,0.83
4177,2874,574,0.59
4178,92,675,0.74
4179,2936,269,0.82
4180,2356,334,0.78
4181,2675,240,0.97
4182,447,938,0.94
4183,2456,330,0.73
4184,395,451,0.81
4185,2707,825,0.8
4186,2460,397,0.79
4187,2211,263,0.94
4188,2492,75,0.83
4189,570,564,0.73
4190,2339,827,0.87
4191,1025,760,0.94
4192,626,149,0.65
4193,1812,50,0.56
4194,1032,841,0.68
4195,370,484,0.73
4196,1167,568,0.99
4197,2884,245,0.89
4198,2061,506,0.98
4199,1641,586,0.94
4200,2610,579,0.85
4201,174,167,0.85
4202,2878,315,0.63
4203,2111,980,0.57
4204,1610,296,0.81
4205,2159,454,0.92
4206,1659,741,0.88
4207,1300,859,0.88
4208,1617,760,0.7
4209,353,604,0.61
4210,411,371,0.95
4211,54,2,0.75
4212,1880,69,0.73
4213,2473,595,0.58
4214,2908,470,0.61
4215,1591,594,0.89
4216,862,865,0.5
4217,695,251,0.88
4218,2096,944,0.87
4219,496,29,0.92
4220,2188,788,0.81
4221,1250,54,0.56
4222,1758,247,0.56
4223,2069,380,0.62
4224,999,187,0.87
4225,823,199,0.57
4226,2520,699,0.64
4227,504,942,0.59
4228,2592,388,0.77
4229,1274,727,0.86
4230,2411,640,0.7
4231,1144,129,0.92
4232,2098,571,0.53
4233,1319,904,0.58
4234,1528,316,0.98
4235,463,750,0.71
4236,2441,892,0.7
4237,2836,808,0.88
4238,462,221,0.58
4239,2217,563,0.84
4240,2833,488,0.57
4241,1692,783,0.74
4242,1551,634,0.5
4243,645,173,0.83
4244,2208,730,0.63
4245,1120,884,0.99
4246,364,733,0.74
4247,2416,924,0.91
4248,777,299,0.8
4249,1388,287,0.57
4250,105,997,0.89
4251,2680,591,0.74
4252,2815,670,0.55
4253,547,808,0.84
4254,1960,964,0.88
4255,1341,831,0.69
4256,2762,449,0.66
4257,2992,529,0.93
4258,359,424,0.9
4259,2236,792,0.56
4260,679,913,0.75
4261,609,619,0.54
4262,677,456,0.85
4263,1433,377,0.73
4264,1090,120,0.58
4265,1618,244,0.89
4266,1483,253,0.89
4267,847,45,0.81
4268,1049,968,0.91
4269,682,590,0.76
4270,379,67,0.57
4271,1254,333,0.51
4272,2891,302,0.51
4273,979,43,0.7
4274,126,981,0.57
4275,362,137,0.89
4276,1555,623,0.96
4277,59,582,0.54
4278,176,158,0.96
4279,646,782,0.81
4280,2104,392,0.88
4281,260,576,0.69
4282,1344,842,0.63
4283,2904,516,0.58
4284,2531,160,0.87
4285,2827,590,0.8
4286,2591,994,0.73
4287,618,800,0.81
4288,93,724,0.88
4289,2548,51,0.5
4290,1464,927,0.82
4291,2142,458,0.57
4292,2844,589,0.78
4293,980,978,0.85
4294,2428,680,0.93
4295,548,753,0.89
4296,2000,762,0.85
4297,2264,262,0.64
4298,1819,689,0.98
4299,1480,508,0.6
4300,2707,278,0.89
4301,43,529,0.55
4302,209,969,0.7
4303,674,389,0.83
4304,2719,56,0.51
4305,1605,520,0.77
4306,950,506,0.74
4307,1335,250,0.8
4308,837,82,0.66
4309,2732,22,0.82
4310,694,613,0.89
4311,262,50,0.69
4312,660,697,0.91
4313,2225,727,0.82
4314,750,709,0.68
4315,763,920,0.72
4316,673,1000,0.88
4317,2221,265,0.92
4318,370,666,0.57
4319,2886,464,0.94
4320,265,358,0.87
4321,2979,695,0.72
4322,201,694,0.89
4323,2730,678,0.7
4324,397,12,0.97
4325,607,923,0.55
4326,235,782,0.73
4327,2935,25,0.67
4328,1919,83,0.83
4329,638,228,0.85
4330,2254,296,0.64
4331,337,98,0.84
4332,582,683,0.7
4333,2536,414,0.89
4334,1990,21,0.96
4335,1620,695,0.76
4336,1636,577,0.97
4337,193,685,0.84
4338,273,948,0.62
4339,640,201,0.9
4340,2586,152,0.89
4341,160,345,0.88
4342,181,897,0.52
4343,2862,360,0.58
4344,878,327,0.59
4345,632,782,0.82
4346,2106,870,0.53
4347,962,328,0.56
4348,1179,391,0.57
4349,1457,792,0.72
4350,401,202,0.83
4351,1094,986,0.7
4352,2563,100,0.61
4353,1110,205,0.97
4354,1552,586,0.64
4355,1287,532,0.8
4356,1660,833,0.78
4357,78,266,0.98
4358,397,756,0.79
4359,876,61,0.81
4360,2705,410,0.7
4361,1151,896,0.85
4362,2158,522,0.94
4363,2041,877,0.69
4364,2907,618,0.67
4365,963,411,0.8
4366,2604,573,0.95
4367,402,5,0.85
4368,1404,524,0.51
4369,1548,89,0.81
4370,1361,727,0.8
4371,2211,235,0.7
4372,2575,767,0.53
4373,222,689,0.81
4374,1395,172,0.9
4375,2318,984,0.75
4376,2608,722,0.75
4377,1299,541,0.65
4378,370,760,0.51
4379,2474,651,0.61
4380,2406,475,0.52
4381,2453,807,0.95
4382,2223,867,0.51
4383,2220,651,0.98
4384,2209,591,0.92
4385,2119,143,0.84
4386,1022,48,0.78
4387,1268,872,0.83
4388,1231,654,0.7
4389,761,505,0.63
4390,2549,820,0.56
4391,1083,300,0.92
4392,2661,740,0.75
4393,979,807,0.52
4394,1064,935,0.56
4395,203,153,0.74
4396,353,624,0.61
4397,1507,787,0.6
4398,2414,683,0.73
4399,1951,393,0.62
4400,2823,385,0.53
4401,2229,596,0.69
4402,1432,134,0.58
4403,1160,819,0.94
4404,244,367,0.78
4405,2608,770,0.95
4406,1641,332,0.73
4407,1606,551,0.56
4408,2445,749,0.71
4409,772,109,0.79
4410,187,567,0.74
4411,2811,14,0.91
4412,277,770,0.91
4413,2016,694,0.64
4414,2727,231,0.85
4415,2705,382,0.64
4416,1165,143,0.59
4417,1602,106,0.56
4418,887,523,0.59
4419,1106,654,0.53
4420,1290,745,0.8
4421,2139,996,0.98
4422,901,672,0.55
4423,2458,823,0.9
4424,2633,128,0.67
4425,39,191,0.71
4426,473,783,0.62
4427,2128,616,0.84
4428,2774,462,0.51
4429,1205,794,0.61
4430,1380,724,0.9
4431,393,444,0.95
4432,1979,796,0.58
4433,579,749,0.83
4434,1723,813,0.78
4435,918,434,0.97
4436,769,420,0.83
4437,2831,77,0.53
4438,2769,430,0.86
4439,2944,869,0.7
4440,799,480,0.76
4441,388,28,0.87
4442,892,809,0.54
4443,1536,273,0.77
4444,269,845,0.72
4445,653,975,0.59
4446,1479,918,0.76
4447,1367,589,0.51
4448,984,407,0.85
4449,30,618,0.87
4450,400,393,0.66
4451,1637,816,0.81
4452,2971,388,0.53
4453,1188,353,0.84
4454,2696,666,0.78
4455,2605,577,0.71
4456,634,428,0.64
4457,2765,221,0.95
4458,2379,681,0.69
4459,676,701,0.87
4460,1797,476,0.71
4461,1648,49,0.66
4462,2701,52,0.85
4463,2240,455,0.88
4464,905,509,0.78
4465,2191,521,0.89
4466,2993,619,0.75
4467,770,283,0.71
4468,2225,967,0.65
4469,2137,5,0.8
4470,2975,876,0.84
4471,2451,200,0.64
4472,2335,557,0.98
4473,1262,187,0.63
4474,370,66,0.84
4475,2501,814,0.89
4476,191,739,0.73
4477,749,364,0.78
4478,2447,805,0.81
4479,1654,517,0.5
4480,2079,509,0.77
4481,2281,516,0.9
4482,552,696,0.71
4483,700,904,0.69
4484,1962,494,0.61
4485,633,614,0.54
4486,50,68,0.94
4487,877,529,0.52
4488,2410,825,0.64
4489,487,199,0.94
4490,2472,384,0.56
4491,2338,745,0.81
4492,1911,457,0.73
4493,2791,578,0.96
4494,1491,762,0.95
4495,2371,719,0.97
4496,2497,739,0.96
4497,2512,547,0.84
4498,1464,306,0.73
4499,752,52,0.89
4500,1357,406,0.99
4501,607,238,0.83
4502,3,566,0.65
4503,2870,708,0.54
4504,2063,106,0.76
4505,1144,189,0.87
4506,2533,904,0.51
4507,779,509,0.9
4508,2973,778,0.56
4509,523,764,0.57
4510,2918,124,0.88
4511,2592,328,0.66
4512,371,714,0.76
4513,2091,67,0.55
4514,1072,529,0.62
4515,1379,217,0.88
4516,856,188,0.64
4517,313,531,0.81
4518,1770,514,0.51
4519,461,484,0.8
4520,1913,530,0.51
4521,2273,232,0.57
4522,1283,541,0.92
4523,1206,675,0.83
4524,250,870,0.86
4525,2385,324,0.65
4526,2936,679,0.72
4527,2046,383,0.82
4528,2327,964,0.98
4529,483,254,0.61
4530,350,12,0.78
4531,88,439,0.65
4532,27,541,0.97
4533,2335,189,0.85
4534,651,769,0.8
4535,2528,489,0.82
4536,126,161,0.98
4537,2659,339,0.52
4538,433,486,0.61
4539,2698,319,0.73
4540,2690,723,0.79
4541,1453,990,0.97
4542,1692,52,0.66
4543,196,94,0.93
4544,2168,156,0.91
4545,1895,453,0.67
4546,184,782,0.95
4547,687,634,0.93
4548,2400,319,0.74
4549,2003,662,0.54
4550,1609,92,0.55
4551,449,292,0.84
4552,1477,87,0.91
4553,88,142,0.62
4554,212,994,0.97
4555,2257,337,0.91
4556,42,270,0.95
4557,731,95,0.91
4558,209,921,0.87
4559,90,812,0.67
4560,1520,764,0.83
4561,1377,917,0.94
4562,2802,19,0.88
4563,1948,256,0.66
4564,1976,511,0.84
4565,991,787,0.84
4566,1438,968,0.89
4567,1999,991,0.73
4568,270,249,0.7
4569,1999,976,0.52
4570,470,816,0.81
4571,2447,223,0.9
4572,912,215,0.65
4573,2579,224,0.52
4574,990,25,0.78
4575,5,11,0.8
4576,1222,913,0.75
4577,119,877,0.79
4578,2440,614,0.76
4579,426,61,0.55
4580,1583,925,0.87
4581,1825,84,0.8
4582,2303,676,0.81
4583,411,74,0.58
4584,391,604,0.7
4585,1580,77,0.98
4586,1332,34,0.51
4587,1386,204,0.98
4588,708,286,0.9
4589,1234,778,0.55
4590,1439,75,0.75
4591,96,100,0.98
4592,861,77,0.92
4593,2949,126,0.78
4594,1654,790,0.87
4595,1866,765,0.66
4596,1940,794,0.66
4597,731,545,0.63
4598,256,591,0.51
4599,2399,855,0.66
4600,1674,869,0.65
4601,718,992,0.54
4602,769,622,0.77
4603,2070,505,0.59
4604,2339,154,0.55
4605,2753,374,0.63
4606,1842,895,0.92
4607,1398,705,0.58
4608,345,75,0.66
4609,1168,324,0.7
4610,2847,618,0.94
4611,1983,170,0.74
4612,2923,325,0.65
4613,2429,51,0.86
4614,410,277,0.51
4615,813,229,0.7
4616,2382,749,0.84
4617,1871,91,0.55
4618,2880,679,0.73
4619,1086,809,0.81
4620,1616,830,0.96
4621,1042,345,0.53
4622,57,290,0.57
4623,183,901,0.82
4624,2495,640,0.55
4625,370,986,0.93
4626,766,124,0.76
4627,1739,641,0.83
4628,421,942,0.96
4629,908,193,0.66
4630,2123,228,0.61
4631,991,880,0.61
4632,1798,13,0.79
4633,2564,650,0.95
4634,2265,66,0.86
4635,1813,860,0.8
4636,2763,388,0.62
4637,888,181,0.7
4638,935,646,0.62
4639,2303,597,0.77
4640,36,50,0.56
4641,2716,595,0.54
4642,1957,621,0.98
4643,2921,269,0.7
4644,1072,330,0.53
4645,531,829,0.67
4646,2529,854,0.67
4647,1597,357,0.87
4648,1952,407,0.58
4649,2577,444,0.82
4650,2855,462,0.71
4651,89,524,0.57
4652,2119,387,0.75
4653,2913,385,0.78
4654,2611,706,0.67
4655,1511,477,0.92
4656,2404,210,0.6
4657,687,239,0.87
4658,909,494,0.7
4659,2226,328,0.86
4660,463,438,0.8
4661,2713,964,0.86
4662,2396,179,0.98
4663,2295,481,0.75
4664,2343,400,0.95
4665,1212,407,0.9
4666,1790,313,0.7
4667,10,887,0.82
4668,65,200,0.94
4669,1188,102,0.52
4670,2222,19,0.95
4671,2810,715,0.86
4672,2908,394,0.62
4673,247,22,0.9
4674,885,459,0.79
4675,1981,153,0.81
4676,820,735,0.77
4677,867,828,0.64
4678,2993,604,0.91
4679,2270,159,0.68
4680,2359,293,0.91
4681,1455,198,0.8
4682,1148,686,0.84
4683,2215,770,0.8
4684,844,142,0.71
4685,2214,399,0.72
4686,2567,839,0.51
4687,352,290,0.79
4688,1317,488,0.96
4689,931,35,0.61
4690,1236,947,0.69
4691,1944,296,0.75
4692,2312,674,0.73
4693,2395,545,0.69
4694,34,522,0.52
4695,2095,119,0.85
4696,1121,59,0.57
4697,951,376,0.9
4698,2088,113,0.72
4699,1969,147,0.94
4700,177,483,0.57
4701,1673,810,0.79
4702,961,688,0.57
4703,2951,85,0.53
4704,1140,59,0.92
4705,529,344,0.58
4706,2379,298,0.8
4707,483,659,0.52
4708,1672,214,0.91
4709,1558,951,0.82
4710,2553,422,0.57
4711,323,487,0.81
4712,2909,730,0.73
4713,718,161,0.79
4714,317,885,0.64
4715,902,206,0.53
4716,154,834,0.88
4717,1975,566,0.94
4718,1273,48,0.96
4719,375,904,0.8
4720,2596,205,0.73
4721,2660,170,0.71
4722,122,974,0.89
4723,1719,377,0.77
4724,737,196,0.51
4725,430,833,0.58
4726,912,33,0.85
4727,862,253,0.74
4728,173,906,0.91
4729,2408,52,0.98
4730,1382,522,0.77
4731,1192,19,0.55
4732,2272,917,0.5
4733,1602,543,0.52
4734,2183,116,0.82
4735,378,382,0.54
4736,759,969,0.97
4737,2009,385,0.94
4738,1608,909,0.67
4739,817,417,0.93
4740,2505,311,0.54
4741,2278,448,0.82
4742,1958,288,0.85
4743,672,789,0.52
4744,1061,204,0.58
4745,2282,55,0.62
4746,1353,216,0.75
4747,361,507,0.92
4748,974,858,0.5
4749,2383,130,0.69
4750,1472,347,0.98
4751,796,8,0.78
4752,996,242,0.59
4753,214,537,0.58
4754,411,5,0.56
4755,1712,649,0.97
4756,2943,823,0.99
4757,1480,802,0.82
4758,392,275,0.85
4759,237,384,0.5
4760,987,227,0.62
4761,2788,240,0.79
4762,2364,196,0.88
4763,1152,156,0.76
4764,2412,350,0.91
4765,1849,293,0.5
4766,76,262,0.76
4767,2748,453,0.76
4768,1287,302,0.73
4769,924,971,0.69
4770,97,351,0.78
4771,2608,206,0.96
4772,138,356,0.94
4773,2933,234,0.96
4774,1891,931,0.67
4775,45,616,0.83
4776,230,5,0.95
4777,1463,69,0.73
4778,1818,646,0.81
4779,1154,113,0.77
4780,965,262,0.9
4781,1977,935,0.71
4782,434,544,0.84
4783,517,179,0.9
4784,890,545,0.67
4785,231,447,0.58
4786,983,370,0.8
4787,620,41,0.94
4788,1537,25,0.56
4789,1123,820,0.72
4790,1445,123,0.68
4791,1380,3,0.77
4792,1319,711,0.92
4793,1928,471,0.88
4794,556,973,0.52
4795,266,23,0.74
4796,1672,536,0.99
4797,2056,627,0.71
4798,217,137,0.94
4799,1633,722,0.81
4800,1639,39,0.68
4801,229,33,0.87
4802,329,545,0.65
4803,748,621,0.96
4804,1015,792,0.79
4805,2566,907,0.73
4806,2927,494,0.53
4807,2269,477,0.9
4808,564,822,0.96
4809,2556,163,0.92
4810,1119,599,0.93
4811,1555,927,0.63
4812,2545,825,0.77
4813,651,373,0.96
4814,2698,402,0.86
4815,1033,420,0.77
4816,29,879,0.89
4817,762,914,0.74
4818,2432,274,0.83
4819,1638,758,0.81
4820,38,41,0.74
4821,19,790,0.81
4822,1767,406,0.67
4823,1031,786,0.68
4824,1649,112,0.8
4825,1209,475,0.66
4826,2277,71,0.67
4827,962,205,0.86
4828,1305,30,0.93
4829,515,530,0.77
4830,1277,756,0.62
4831,432,65,0.62
4832,2857,353,0.63
4833,2192,808,0.76
4834,1718,824,0.76
4835,133,2,0.98
4836,485,451,0.91
4837,2910,484,0.94
4838,142,108,0.83
4839,1086,807,0.64
4840,2919,385,0.64
4841,241,305,0.68
4842,946,160,0.83
4843,507,283,0.6
4844,621,714,0.99
4845,1023,59,0.5
4846,2523,609,0.64
4847,1341,845,0.91
4848,673,341,0.96
4849,2777,572,0.91
4850,2358,918,0.83
4851,1040,303,0.58
4852,1112,170,0.6
4853,1481,821,0.65
4854,2295,828,0.58
4855,617,217,0.62
4856,704,642,0.57
4857,280,309,0.74
4858,2235,418,0.56
4859,347,54,0.63
4860,611,415,0.66
4861,1925,427,0.92
4862,887,944,0.96
4863,899,837,0.6
4864,901,62,0.73
4865,2503,677,0.9
4866,386,235,0.75
4867,626,670,0.75
4868,401,486,0.66
4869,1047,408,0.73
4870,357,399,0.84
4871,2615,581,0.92
4872,1855,60,0.88
4873,982,561,0.93
4874,1031,663,0.88
4875,2404,506,0.85
4876,1444,416,0.66
4877,1493,38,0.9
4878,2041,269,0.51
4879,2211,940,0.71
4880,1104,602,0.86
4881,1956,944,0.79
4882,130,353,0.8
4883,1014,428,0.53
4884,592,753,0.91
4885,664,576,0.56
4886,1595,544,0.72
4887,2587,536,0.6
4888,781,415,0.5
4889,2570,243,0.67
4890,237,403,0.61
4891,600,805,0.53
4892,2738,583,0.54
4893,267,947,0.56
4894,930,375,0.78
4895,1011,444,0.8
4896,242,549,0.74
4897,2157,944,0.83
4898,1701,319,0.62
4899,1888,661,0.68
4900,1309,560,0.85
4901,2485,390,0.88
4902,1579,884,0.95
4903,741,469,0.61
4904,1853,348,0.96
4905,687,449,0.55
4906,455,603,0.52
4907,1806,666,0.62
4908,643,223,0.87
4909,502,34,0.54
4910,1571,392,0.96
4911,915,732,0.61
4912,748,448,0.85
4913,1327,901,0.84
4914,2369,740,0.92
4915,2405,916,0.72
4916,898,430,0.56
4917,69,208,0.88
4918,1185,562,0.91
4919,1545,10,0.9
4920,2966,725,0.82
4921,1260,598,0.85
4922,2537,948,0.52
4923,53,240,0.99
4924,2462,271,0.55
4925,750,139,0.68
4926,2684,385,0.72
4927,1754,885,0.63
4928,1624,569,0.5
4929,1169,688,0.59
4930,1866,743,0.61
4931,92,45,0.66
4932,1546,755,0.56
4933,499,15,0.85
4934,1728,959,0.69
4935,2545,414,0.72
4936,2357,411,0.65
4937,2487,754,0.57
4938,2556,146,0.53
4939,1153,332,0.95
4940,2877,643,0.86
4941,602,37,0.62
4942,2582,230,0.61
4943,1642,130,0.65
4944,1713,497,0.74
4945,2507,555,0.84
4946,738,783,0.93
4947,1433,11,0.76
4948,1703,318,0.97
4949,2591,409,0.65
4950,525,993,0.83
4951,2299,808,0.99
4952,679,382,0.51
4953,1971,377,0.77
4954,1063,528,0.96
4955,2840,28,0.98
4956,759,348,0.5
4957,825,325,0.74
4958,1448,616,0.51
4959,650,823,0.84
4960,2427,997,0.92
4961,423,60,0.82
4962,1126,995,0.8
4963,2808,290,0.5
4964,793,824,0.85
4965,2873,778,0.8
4966,2806,324,0.71
4967,1293,609,0.78
4968,220,333,0.78
4969,98,527,0.77
4970,913,301,0.75
4971,1312,8,0.56
4972,2602,343,0.96
4973,1562,183,0.55
4974,1858,930,0.96
4975,544,841,0.68
4976,1290,574,0.98
4977,900,129,0.96
4978,1320,768,0.91
4979,1388,169,0.64
4980,428,919,0.53
4981,1999,174,0.91
4982,2910,810,0.78
4983,778,206,0.56
4984,554,530,0.83
4985,2071,211,0.85
4986,1822,576,0.83
4987,2708,874,0.73
4988,1329,557,0.96
4989,183,158,0.58
4990,2247,482,0.76
4991,239,275,0.56
4992,2180,692,0.56
4993,1270,103,0.69
4994,1913,284,0.57
4995,188,363,0.87
4996,2104,121,0.57
4997,1310,76,0.81
4998,412,560,0.6
4999,2643,415,0.84
5000,1813,699,0.54
5001,1889,200,0.73
5002,2074,812,0.76
5003,1781,707,0.86
5004,2428,687,0.52
5005,95,650,0.66
5006,638,400,0.53
5007,1986,578,0.82
5008,2386,493,0.8
5009,2012,212,0.92
5010,1792,711,0.58
5011,526,721,0.69
5012,702,183,0.84
5013,1207,206,0.6
5014,1705,817,0.59
5015,2591,594,0.75
5016,1672,911,0.73
5017,2331,575,0.86
5018,2574,643,0.71
5019,2984,875,0.94
5020,730,880,0.51
5021,937,412,0.63
5022,168,200,0.74
5023,80,421,0.74
5024,1575,558,0.58
5025,1684,324,0.65
5026,1721,664,0.61
5027,998,942,0.53
5028,1122,118,0.68
5029,152,200,0.83
5030,1842,763,0.58
5031,2445,60,0.87
5032,1650,231,0.7
5033,354,922,0.97
5034,874,630,0.92
5035,2381,133,0.72
5036,1683,144,0.83
5037,1336,220,0.92
5038,1272,769,0.93
5039,1467,980,0.52
5040,2674,389,0.72
5041,1680,980,0.68
5042,285,920,0.61
5043,949,73,0.9
5044,1763,990,0.59
5045,2069,812,0.86
5046,1518,491,0.97
5047,2746,14,0.92
5048,1239,892,0.81
5049,2044,858,0.84
5050,2587,909,0.72
5051,2847,434,0.86
5052,181,899,0.73
5053,2592,457,0.94
5054,482,698,0.56
5055,2465,951,0.55
5056,21,686,0.87
5057,2079,765,0.55
5058,1476,981,0.97
5059,2792,881,0.69
5060,2821,267,0.78
5061,2238,468,0.68
5062,1578,844,0.85
5063,1751,292,0.55
5064,2022,256,0.88
5065,22,452,0.82
5066,1955,303,0.83
5067,2369,835,0.72
5068,2674,83,0.73
5069,1423,524,0.88
5070,2533,365,0.88
5071,537,356,0.79
5072,727,753,0.92
5073,2449,735,0.69
5074,2368,745,0.95
5075,499,553,0.97
5076,715,830,0.75
5077,1148,987,0.82
5078,97,67,0.77
5079,1239,727,0.94
5080,1494,71,0.57
5081,2975,890,0.62
5082,1447,228,0.87
5083,1196,656,0.87
5084,744,124,0.97
5085,2229,619,0.83
5086,483,39,0.66
5087,536,779,0.74
5088,290,502,0.9
5089,1130,992,0.63
5090,2456,308,0.67
5091,517,480,0.51
5092,2737,661,0.5
5093,487,70,0.79
5094,2069,68,0.62
5095,1733,603,0.9
5096,2859,878,0.71
5097,557,837,0.66
5098,1998,471,0.54
5099,2284,100,0.99
5100,720,490,0.9
5101,1071,329,0.82
5102,1603,513,0.88
5103,461,726,0.59
5104,1866,324,0.96
5105,998,55,0.88
5106,610,899,0.87
5107,1391,35,0.71
5108,1742,205,0.92
5109,922,897,0.99
5110,2679,310,0.64
5111,2828,757,0.96
5112,2294,609,0.62
5113,2430,669,0.96
5114,516,637,0.52
5115,1237,612,0.61
5116,1406,769,0.73
5117,1501,720,0.88
5118,1756,47,0.56
5119,1983,300,0.69
5120,2063,138,0.62
5121,2071,117,0.99
5122,1630,786,0.52
5123,339,255,0.9
5124,1752,825,0.66
5125,2645,581,0.73
5126,206,368,0.86
5127,2714,544,0.98
5128,1977,865,0.84
5129,2288,466,0.81
5130,1572,514,0.84
5131,85,230,0.91
5132,392,288,0.93
5133,322,688,0.98
5134,2818,835,0.56
5135,91,799,0.63
5136,1725,769,0.99
5137,426,850,0.65
5138,1857,505,0.55
5139,1661,869,0.53
5140,1506,110,0.82
5141,2999,605,0.92
5142,1344,512,0.66
5143,1420,51,0.74
5144,2155,176,0.77
5145,2458,348,0.75
5146,174,60,0.93
5147,2844,742,0.85
5148,2859,147,0.74
5149,324,877,0.62
5150,758,762,0.54
5151,2626,591,0.92
5152,592,223,0.9
5153,354,751,0.67
5154,1822,947,0.91
5155,2787,121,0.8
5156,2596,708,0.68
5157,1670,337,0.56
5158,1024,151,0.76
5159,261,407,0.86
5160,89,349,0.8
5161,190,790,0.74
5162,2403,255,0.57
5163,1021,132,0.62
5164,827,220,0.76
5165,1522,888,0.89
5166,324,684,0.51
5167,465,219,0.71
5168,772,46,0.83
5169,2668,586,0.65
5170,1990,271,0.92
5171,1959,475,0.55
5172,2537,149,0.92
5173,2968,872,0.74
5174,44,812,0.96
5175,91,327,0.81
5176,497,419,0.89
5177,1302,461,0.91
5178,2864,828,0.83
5179,2119,911,0.98
5180,853,445,0.65
5181,2068,148,0.57
5182,1188,38,0.83
5183,483,384,0.98
5184,1173,352,0.63
5185,1153,870,0.92
5186,2391,490,0.68
5187,1512,624,0.7
5188,1167,824,0.73
5189,2506,921,0.9
5190,2295,261,0.84
5191,1628,500,0.88
5192,1438,611,0.62
5193,1593,888,0.84
5194,189,634,0.74
5195,2320,477,0.68
5196,1399,212,0.86
5197,2706,614,0.67
5198,715,977,0.83
5199,592,586,0.56
5200,1610,968,0.52
5201,844,180,0.57
5202,1192,688,0.64
5203,2647,62,0.51
5204,2636,350,0.7
5205,877,431,0.55
5206,977,113,0.53
5207,2975,817,0.57
5208,838,635,0.67
5209,1973,990,0.92
5210,35,182,0.84
5211,2197,230,0.65
5212,350,133,0.73
5213,2091,73,0.9
5214,2059,62,0.54
5215,1559,487,0.76
5216,164,655,0.82
5217,2522,467,0.53
5218,2202,67,0.91
5219,1719,487,0.53
5220,175,651,0.59
5221,2722,536,0.64
5222,786,990,0.59
5223,976,477,0.71
5224,2130,263,0.68
5225,1576,495,0.63
5226,2614,766,0.6
5227,2271,201,0.83
5228,1344,944,0.65
5229,2414,735,0.82
5230,2440,103,0.73
5231,2972,176,0.56
5232,2179,169,0.83
5233,1415,911,0.58
5234,954,290,0.93
5235,1768,873,0.67
5236,2891,605,0.51
5237,1163,537,0.83
5238,2416,179,0.9
5239,2197,576,0.62
5240,299,12,0.65
5241,1910,435,0.94
5242,2384,813,0.97
5243,1932,320,0.54
5244,515,523,0.95
5245,2067,949,0.5
5246,2827,720,0.75
5247,342,928,0.74
5248,380,150,0.71
5249,290,410,0.79
5250,466,115,0.98
5251,550,898,0.58
5252,2751,972,0.67
5253,835,773,0.93
5254,2822,103,0.93
5255,1429,565,0.91
5256,56,373,0.57
5257,1154,453,0.69
5258,312,555,0.7
5259,2626,770,0.92
5260,395,847,0.69
5261,1484,156,0.7
5262,1714,695,0.8
5263,1809,276,0.71
5264,1729,136,0.91
5265,327,555,0.65
5266,1676,58,0.77
5267,2831,878,0.75
5268,2808,843,0.84
5269,514,33,0.93
5270,571,483,0.59
5271,1459,990,0.72
5272,951,963,0.76
5273,1448,599,0.6
5274,1735,29,0.55
5275,2183,47,0.53
5276,2049,649,0.93
5277,2067,580,0.55
5278,55,429,0.91
5279,2860,929,0.86
5280,73,909,0.58
5281,356,268,0.84
5282,1140,998,0.95
5283,373,839,0.73
5284,2983,29,0.92
5285,2178,683,0.57
5286,2929,564,0.51
5287,1949,223,0.67
5288,2247,802,0.63
5289,2174,984,0.69
5290,2811,552,0.69
5291,1853,193,0.81
5292,2657,144,0.99
5293,961,209,0.82
5294,1607,990,0.54
5295,854,126,0.77
5296,2729,80,0.58
5297,1862,953,0.86
5298,2699,540,0.54
5299,397,187,0.55
5300,656,706,0.59
5301,2933,355,0.83
5302,1274,715,0.96
5303,1322,622,0.79
5304,2483,561,0.77
5305,2266,85,0.63
5306,1043,201,0.81
5307,1057,149,0.84
5308,2321,974,0.85
5309,1706,342,0.51
5310,1625,178,0.95
5311,2553,794,0.54
5312,2946,919,0.57
5313,1253,1,0.94
5314,2575,456,0.59
5315,828,834,0.9
5316,407,281,0.56
5317,2339,534,0.72
5318,1627,473,0.89
5319,474,309,0.84
5320,849,267,0.6
5321,2798,146,0.83
5322,2944,117,0.67
5323,936,375,0.76
5324,683,189,0.86
5325,2454,889,0.97
5326,1863,824,0.53
5327,1013,361,0.96
5328,2027,664,0.81
5329,2214,279,0.72
5330,43,926,0.97
5331,95,544,0.86
5332,1125,357,0.58
5333,2940,645,0.86
5334,534,479,0.64
5335,315,382,0.99
5336,2160,228,0.51
5337,1018,960,0.87
5338,1767,559,0.78
5339,2040,742,0.91
5340,1471,453,0.94
5341,690,910,0.57
5342,2907,168,0.85
5343,799,771,0.91
5344,693,673,0.61
5345,520,548,0.98
5346,2801,15,0.63
5347,1771,55,0.74
5348,2874,371,0.72
5349,2908,997,0.95
5350,1486,616,0.68
5351,1386,8,0.56
5352,1253,884,0.64
5353,1630,610,0.78
5354,2610,110,0.88
5355,2338,406,0.97
5356,2927,402,0.57
5357,680,413,0.59
5358,1558,307,0.82
5359,2523,776,0.62
5360,803,623,0.8
5361,2129,340,0.61
5362,1380,468,0.8
5363,360,132,0.69
5364,747,985,0.73
5365,1683,82,0.97
5366,2510,3,0.55
5367,2072,706,0.58
5368,802,711,0.58
5369,1612,265,0.66
5370,869,909,0.67
5371,1005,19,0.92
5372,1866,250,0.51
5373,2673,312,0.77
5374,1984,638,0.9
5375,796,177,0.61
5376,1859,221,0.93
5377,2850,159,0.8
5378,1598,237,0.75
5379,2962,876,0.6
5380,751,214,0.66
5381,546,50,0.9
5382,28,903,0.73
5383,1083,901,0.94
5384,751,586,0.84
5385,280,625,0.75
5386,1612,277,0.89
5387,1402,316,0.87
5388,17,919,0.56
5389,644,990,0.77
5390,66,744,0.86
5391,2821,778,0.65
5392,795,339,0.56
5393,2961,116,0.79
5394,2969,661,0.75
5395,2807,169,0.82
5396,632,484,0.74
5397,2221,437,0.86
5398,1796,131,0.53
5399,1891,268,0.91
5400,1368,515,0.85
5401,2947,861,0.79
5402,2457,548,0.8
5403,1022,869,0.53
5404,146,584,0.88
5405,425,907,0.79
5406,781,436,0.82
5407,477,597,0.57
5408,2282,441,0.83
5409,1542,445,0.59
5410,2225,62,0.53
5411,1832,841,0.64
5412,2840,865,0.6
5413,1939,823,0.51
5414,777,688,0.63
5415,1413,247,0.81
5416,812,63,0.58
5417,124,920,0.68
5418,2335,682,0.85
5419,1916,30,0.54
5420,565,845,0.74
5421,906,396,0.76
5422,2162,591,0.52
5423,1982,954,0.91
5424,79,151,0.73
5425,1707,832,0.58
5426,2338,975,0.72
5427,2566,520,0.55
5428,2938,995,0.91
5429,1007,284,0.57
5430,181,155,0.83
5431,2950,138,0.68
5432,949,735,0.61
5433,2072,568,0.84
5434,724,149,0.73
5435,249,641,0.53
5436,2020,994,0.77
5437,384,874,0.98
5438,554,715,0.75
5439,963,929,0.88
5440,1676,506,0.8
5441,2056,857,0.83
5442,2829,127,0.67
5443,101,593,0.95
5444,2133,211,0.73
5445,2324,976,0.57
5446,1074,919,0.96
5447,2986,972,0.96
5448,1302,759,0.84
5449,1381,857,0.79
5450,2462,794,0.63
5451,922,34,0.87
5452,2987,569,0.77
5453,912,306,0.52
5454,978,290,0.88
5455,1521,898,0.57
5456,629,397,0.52
5457,2684,843,0.62
5458,2677,560,0.89
5459,2062,157,0.97
5460,2474,894,0.88
5461,1133,141,0.78
5462,1257,672,0.59
5463,175,762,0.5
5464,1771,255,0.64
5465,1439,28,0.74
5466,2401,531,0.66
5467,1430,731,0.54
5468,2232,329,0.91
5469,1557,628,0.69
5470,2805,274,0.95
5471,2649,346,0.94
5472,1731,101,0.88
5473,817,111,0.95
5474,2383,548,0.72
5475,1496,727,0.68
5476,1397,338,0.84
5477,1002,773,0.88
5478,1317,453,0.7
5479,1664,955,0.98
5480,203,443,0.74
5481,1184,782,0.65
5482,2955,498,0.83
5483,2184,263,0.59
5484,1809,505,0.86
5485,2582,22,0.78
5486,2676,629,0.81
5487,832,671,0.7
5488,1578,98,0.86
5489,483,564,0.72
5490,894,555,0.88
5491,1829,705,0.87
5492,2011,871,0.89
5493,1543,429,0.72
5494,2367,150,0.71
5495,1485,200,0.95
5496,574,990,0.61
5497,2255,282,0.88
5498,844,351,0.65
5499,2697,446,0.84
5500,915,216,0.89
5501,26,515,0.55
5502,2264,278,0.78
5503,2757,369,0.98
5504,1034,411,0.69
5505,120,651,0.62
5506,1547,425,0.94
5507,1179,761,0.69
5508,1179,500,0.72
5509,721,167,0.77
5510,2797,665,0.91
5511,1968,687,0.96
5512,329,15,0.67
5513,395,881,0.92
5514,1010,171,0.91
5515,1742,454,0.7
5516,762,659,0.61
5517,2862,634,0.6
5518,112,988,0.73
5519,1396,419,0.64
5520,1097,343,0.89
5521,2944,432,0.74
5522,2081,705,0.71
5523,94,379,0.53
5524,255,155,0.73
5525,678,430,0.6
5526,313,629,0.54
5527,1644,514,0.85
5528,2557,38,0.96
5529,931,559,0.86
5530,1907,328,0.62
5531,2420,382,0.84
5532,1370,571,0.73
5533,576,610,0.55
5534,2783,635,0.69
5535,2000,688,0.71
5536,2618,330,0.72
5537,2824,392,0.71
5538,810,299,0.93
5539,2835,258,0.67
5540,823,915,0.84
5541,1395,763,0.78
5542,916,970,0.87
5543,1979,347,0.61
5544,592,337,0.84
5545,631,596,0.87
5546,950,888,0.54
5547,1140,857,0.73
5548,286,220,0.9
5549,1371,951,0.53
5550,1195,888,0.58
5551,972,610,0.82
5552,193,469,0.89
5553,2693,164,0.76
5554,526,707,0.86
5555,2116,520,0.61
5556,143,740,0.93
5557,891,741,0.89
5558,1729,622,0.58
5559,2069,263,0.9
5560,2600,900,0.67
5561,38,388,0.77
5562,1439,424,0.79
5563,27,128,0.96
5564,2194,187,0.88
5565,517,48,0.78
5566,857,27,0.69
5567,2583,327,0.9
5568,2320,429,0.68
5569,1207,384,0.7
5570,1958,490,0.53
5571,1838,966,0.53
5572,1547,815,0.87
5573,960,494,0.8
5574,1486,743,0.75
5575,885,35,0.63
5576,2829,846,0.77
5577,94,324,0.55
5578,893,6,0.83
5579,2408,111,0.78
5580,24,274,0.85
5581,322,983,0.76
5582,913,53,0.63
5583,2657,664,0.64
5584,2193,652,0.74
5585,2827,315,0.94
5586,1138,960,0.61
5587,1262,702,0.99
5588,1167,794,0.52
5589,1187,122,0.92
5590,847,152,0.62
5591,1793,253,0.96
5592,2694,262,0.95
5593,2025,227,0.74
5594,765,306,0.99
5595,2677,725,0.78
5596,1968,876,0.52
5597,2930,977,0.55
5598,2290,472,0.5
5599,1390,719,0.74
5600,2662,174,0.89
5601,28,426,0.95
5602,627,497,0.78
5603,962,194,0.79
5604,1110,492,0.8
5605,518,513,0.53
5606,1654,347,0.53
5607,2078,274,0.63
5608,2016,100,0.88
5609,2471,966,0.94
5610,2451,470,0.53
5611,1536,628,0.67
5612,1953,256,0.78
5613,2317,592,0.65
5614,840,327,0.64
5615,2869,651,0.9
5616,253,322,0.92
5617,2727,553,0.86
5618,703,122,0.76
5619,2723,930,0.73
5620,2970,670,0.57
5621,312,430,0.88
5622,1434,918,0.78
5623,2283,245,0.78
5624,884,937,0.78
5625,1972,644,0.64
5626,2056,738,0.85
5627,2403,310,0.84
5628,2019,668,0.59
5629,2692,333,0.72
5630,55,188,0.84
5631,115,453,0.71
5632,1382,582,0.84
5633,1182,643,0.67
5634,582,31,0.62
5635,2752,360,0.89
5636,458,637,0.56
5637,509,843,0.64
5638,92,808,0.97
5639,1013,620,0.6
5640,2164,90,0.69
5641,2230,578,0.78
5642,330,705,0.8
5643,894,6,0.91
5644,2255,361,0.78
5645,1553,660,0.64
5646,160,264,0.55
5647,883,778,0.73
5648,102,134,0.57
5649,1892,270,0.67
5650,1480,457,0.73
5651,1797,499,0.92
5652,2142,594,0.89
5653,659,613,0.65
5654,2953,38,0.59
5655,1842,296,0.92
5656,1656,404,0.69
5657,2852,945,0.9
5658,1387,156,0.85
5659,2847,534,0.76
5660,2468,83,0.66
5661,2350,376,0.58
5662,2478,715,0.79
5663,2436,570,0.75
5664,2917,241,0.69
5665,2665,992,0.69
5666,770,47,0.65
5667,2752,1000,0.65
5668,1719,561,0.94
5669,1223,680,0.89
5670,1816,268,0.9
5671,1494,132,0.68
5672,56,318,0.74
5673,2614,919,0.71
5674,1374,456,0.89
5675,62,319,0.65
5676,2302,180,0.61
5677,2802,316,0.77
5678,78,777,0.81
5679,1918,131,0.84
5680,569,24,0.76
5681,828,912,0.75
5682,2130,125,0.95
5683,1731,173,0.97
5684,1277,179,0.83
5685,923,651,0.87
5686,2800,191,0.59
5687,434,231,0.62
5688,1056,256,0.78
5689,1632,452,0.82
5690,2234,826,0.58
5691,1797,842,0.87
5692,1016,987,0.67
5693,268,202,0.62
5694,2704,942,0.9
5695,2813,169,0.68
5696,2908,527,0.77
5697,2036,70,0.9
5698,334,27,0.92
5699,221,634,0.65
5700,2105,723,0.81
5701,82,779,0.97
5702,1517,371,0.69
5703,22,416,0.68
5704,697,454,0.51
5705,1721,870,0.81
5706,2172,808,0.57
5707,139,14,0.72
5708,1347,341,0.76
5709,2354,306,0.61
5710,2687,436,0.99
5711,1164,72,0.66
5712,895,384,0.83
5713,1356,888,0.98
5714,1282,87,0.56
5715,73,547,0.51
5716,922,601,0.96
5717,1074,212,0.59
5718,1935,498,0.7
5719,1872,471,0.62
5720,652,527,0.53
5721,815,461,0.88
5722,2145,814,0.88
5723,1806,843,0.74
5724,1946,545,0.82
5725,2756,169,0.99
5726,2284,931,0.65
5727,1722,307,0.67
5728,2632,301,0.95
5729,1482,820,0.99
5730,1062,393,0.89
5731,347,547,0.96
5732,2428,6,0.72
5733,2034,538,0.88
5734,1306,108,0.59
5735,870,844,0.93
5736,2385,10,0.59
5737,730,324,0.58
5738,1845,479,0.92
5739,1697,276,0.67
5740,1662,642,0.9
5741,1599,9,0.81
5742,1957,228,0.74
5743,2344,544,0.77
5744,2963,60,0.93
5745,1420,952,0.73
5746,111,995,0.56
5747,1142,689,0.78
5748,853,273,0.8
5749,642,299,0.81
5750,29,874,0.74
5751,517,514,0.85
5752,271,213,0.88
5753,842,701,0.79
5754,966,507,0.98
5755,1777,280,0.54
5756,2404,801,0.8
5757,201,911,0.54
5758,1889,165,0.63
5759,2931,700,0.82
5760,2826,978,0.69
5761,2960,219,0.63
5762,1157,164,0.59
5763,1420,1000,0.5
5764,145,513,0.98
5765,1579,218,0.87
5766,2220,4,0.85
5767,2380,275,0.86
5768,2364,597,0.8
5769,2004,25,0.91
5770,2842,876,0.83
5771,2520,194,0.63
5772,2091,863,0.57
5773,2636,954,0.9
5774,2607,701,0.84
5775,1653,564,0.74
5776,1654,808,0.98
5777,2045,509,0.86
5778,724,457,0.74
5779,1618,731,0.77
5780,2015,771,0.61
5781,2504,531,0.53
5782,766,751,0.72
5783,195,490,0.63
5784,83,879,0.75
5785,1989,943,0.61
5786,1069,95,0.8
5787,1613,67,0.72
5788,1499,462,0.65
5789,606,41,0.96
5790,1556,840,0.55
5791,2486,595,0.79
5792,2317,589,0.89
5793,1711,647,0.83
5794,62,65,0.73
5795,773,647,0.97
5796,1787,311,0.61
5797,2774,124,0.93
5798,1627,964,0.79
5799,2924,859,0.84
5800,2245,978,0.68
5801,1388,344,0.91
5802,2295,594,0.83
5803,876,336,0.85
5804,2094,298,0.89
5805,568,758,0.78
5806,2946,967,0.97
5807,329,139,0.74
5808,1898,697,0.58
5809,366,451,0.61
5810,380,655,0.67
5811,581,6,0.89
5812,547,416,0.75
5813,1610,422,0.7
5814,47,904,0.84
5815,761,704,0.53
5816,1200,655,0.9
5817,2054,624,0.88
5818,1670,605,0.81
5819,2556,50,0.85
5820,576,335,0.51
5821,1451,626,0.58
5822,2108,738,0.66
5823,2415,926,0.64
5824,857,166,0.73
5825,593,774,0.51
5826,340,862,0.94
5827,1066,311,0.6
5828,1401,395,0.88
5829,1599,885,0.84
5830,353,49,0.78
5831,2805,431,0.6
5832,2600,335,0.8
5833,2366,541,0.79
5834,2116,899,0.72
5835,1314,745,0.87
5836,961,431,0.77
5837,1217,886,0.88
5838,2025,431,0.98
5839,2856,251,0.62
5840,1526,715,0.89
5841,2414,37,0.67
5842,473,295,0.63
5843,744,357,0.7
5844,749,977,0.94
5845,2758,604,0.58
5846,412,607,0.62
5847,1099,377,0.57
5848,2729,813,0.74
5849,2030,57,0.57
5850,1698,98,0.62
5851,2213,313,0.91
5852,992,394,0.81
5853,1104,383,0.88
5854,1199,806,0.73
5855,1150,586,0.62
5856,2962,505,0.68
5857,1158,126,0.88
5858,2627,774,0.8
5859,2961,649,0.69
5860,2084,799,0.89
5861,1226,44,0.79
5862,1356,515,0.51
5863,1522,64,0.53
5864,2021,611,0.67
5865,1413,745,0.8
5866,2362,369,0.97
5867,85,138,0.58
5868,1519,379,0.85
5869,2825,631,0.73
5870,368,106,0.67
5871,976,523,0.69
5872,1249,851,0.72
5873,2980,740,0.77
5874,2092,953,0.94
5875,2646,145,0.95
5876,1251,90,0.58
5877,430,931,0.61
5878,1689,445,0.69
5879,246,847,0.67
5880,949,371,0.75
5881,1545,193,0.57
5882,2314,83,0.85
5883,1002,911,0.69
5884,2954,585,0.94
5885,682,76,0.71
5886,767,73,0.91
5887,717,784,0.74
5888,982,908,0.58
5889,1619,402,0.99
5890,2316,867,0.51
5891,1793,163,0.76
5892,1782,699,0.54
5893,2451,39,0.73
5894,1001,449,0.53
5895,1567,827,0.83
5896,2995,340,0.86
5897,2616,338,0.88
5898,1145,616,0.56
5899,810,236,0.62
5900,697,640,0.57
5901,2504,489,0.77
5902,697,175,0.81
5903,1488,701,0.68
5904,1665,106,0.61
5905,2098,68,0.57
5906,681,463,0.97
5907,2988,977,0.87
5908,44,2,0.62
5909,2461,769,0.83
5910,2656,186,0.79
5911,2507,282,0.92
5912,173,652,0.94
5913,2408,505,0.73
5914,1184,424,0.9
5915,1499,36,0.74
5916,296,204,0.73
5917,2592,689,0.72
5918,1398,967,0.69
5919,223,76,0.51
5920,2007,250,0.78
5921,784,568,0.71
5922,1612,115,0.78
5923,132,484,0.55
5924,2770,540,0.83
5925,227,208,0.92
5926,688,608,0.61
5927,1149,618,0.59
5928,1077,52,0.97
5929,2599,544,0.99
5930,215,338,0.78
5931,2438,441,0.54
5932,2112,980,0.95
5933,2627,789,0.88
5934,1061,846,0.75
5935,2738,814,0.7
5936,2399,87,0.78
5937,1966,545,0.99
5938,1253,81,0.87
5939,2310,65,0.52
5940,1235,100,0.69
5941,2057,925,0.53
5942,1229,311,0.67
5943,2174,781,0.97
5944,950,471,0.62
5945,1547,811,0.63
5946,294,251,0.96
5947,2757,955,0.86
5948,79,145,0.87
5949,2287,382,0.77
5950,2668,931,0.66
5951,2890,359,0.77
5952,1542,903,0.94
5953,481,88,0.76
5954,2646,685,0.52
5955,31,1000,0.69
5956,1200,670,0.52
5957,1928,33,0.54
5958,2198,194,0.85
5959,232,887,0.54
5960,841,222,0.6
5961,628,346,0.93
5962,348,435,0.65
5963,1364,32,0.98
5964,2532,928,0.92
5965,2174,823,0.9
5966,2747,133,0.56
5967,1652,212,0.76
5968,2371,932,0.91
5969,1685,814,0.63
5970,617,333,0.57
5971,2005,71,0.66
5972,1883,244,0.57
5973,802,512,0.9
5974,1054,249,0.83
5975,269,43,0.75
5976,2764,201,0.62
5977,1957,584,0.91
5978,24,988,0.96
5979,999,104,0.91
5980,561,191,0.72
5981,996,882,0.63
5982,2059,444,0.96
5983,203,73,0.9
5984,2720,870,0.56
5985,189,496,0.69
5986,320,525,0.52
5987,2509,526,0.91
5988,468,781,0.93
5989,1142,384,0.68
5990,1413,628,0.51
5991,653,809,0.57
5992,1738,833,0.74
5993,1080,630,0.55
5994,561,928,0.61
5995,1140,534,0.56
5996,609,747,0.57
5997,755,213,0.67
5998,2077,655,0.86
5999,2963,719,0.72
6000,1318,967,0.76
6001,532,126,0.88
6002,1859,696,0.54
6003,2232,793,0.53
6004,31,370,0.77
6005,2949,446,0.63
6006,698,492,0.96
6007,1782,871,0.57
6008,159,577,0.94
6009,260,70,0.98
6010,2675,41,0.62
6011,1599,393,0.97
6012,134,347,0.95
6013,2061,843,0.86
6014,1836,968,0.65
6015,722,292,0.55
6016,1204,486,0.9
6017,1507,719,0.83
6018,1793,725,0.76
6019,2733,14,0.66
6020,821,31,0.56
6021,2947,848,0.57
6022,846,165,0.78
6023,2727,650,0.81
6024,204,224,0.81
6025,2152,547,0.62
6026,516,388,0.52
6027,1011,213,0.62
6028,2815,436,0.53
6029,392,125,0.8
6030,859,527,0.89
6031,575,529,0.76
6032,2122,363,0.98
6033,2240,271,0.81
6034,410,139,0.57
6035,901,164,0.52
6036,2498,911,0.67
6037,110,192,0.85
6038,2490,148,0.79
6039,1891,894,0.57
6040,2350,928,0.66
6041,19,67,0.9
6042,1004,89,0.77
6043,2588,64,0.72
6044,2563,611,0.56
6045,2624,374,0.68
6046,2999,282,0.83
6047,1304,490,0.64
6048,1748,175,0.79
6049,1504,939,0.83
6050,2729,202,0.82
6051,257,935,0.96
6052,2452,470,0.6
6053,1835,619,0.69
6054,363,808,0.59
6055,2405,755,0.63
6056,2860,314,0.96
6057,541,575,0.69
6058,2925,509,0.83
6059,1317,151,0.55
6060,2764,993,0.69
6061,335,527,0.52
6062,142,489,0.97
6063,649,836,0.63
6064,1593,31,0.69
6065,1355,966,0.51
6066,16,736,0.95
6067,2052,626,0.73
6068,891,454,0.69
6069,2982,662,0.7
6070,143,721,0.54
6071,600,132,0.57
6072,1440,553,0.87
6073,1028,563,0.57
6074,1558,153,0.57
6075,2193,475,0.55
6076,1833,600,0.78
6077,2396,72,0.67
6078,779,755,0.6
6079,2574,801,0.8
6080,2911,175,0.88
6081,2329,227,0.55
6082,338,644,0.62
6083,2001,647,0.93
6084,379,454,0.96
6085,2445,940,0.81
6086,20,715,0.7
6087,2866,76,0.65
6088,2931,408,0.95
6089,444,77,0.52
6090,1259,734,0.89
6091,843,602,0.96
6092,1880,399,0.8
6093,2861,560,0.56
6094,1041,970,0.76
6095,1871,158,0.66
6096,1040,78,0.73
6097,1124,363,0.79
6098,2637,289,0.82
6099,2409,558,0.93
6100,1598,546,0.92
6101,2862,147,0.95
6102,823,456,0.55
6103,427,99,0.91
6104,1366,438,0.88
6105,1116,204,0.82
6106,1329,720,0.82
6107,307,870,0.7
6108,2932,865,0.81
6109,2983,600,0.61
6110,1878,3,0.82
6111,1272,318,0.56
6112,223,541,0.8
6113,2353,321,0.68
6114,2664,698,0.94
6115,1195,889,0.62
6116,2863,53,0.53
6117,2855,708,0.77
6118,524,362,0.67
6119,1854,130,0.91
6120,2751,410,0.91
6121,400,469,0.94
6122,1803,410,0.79
6123,1551,220,0.78
6124,2654,116,0.62
6125,765,631,0.89
6126,1923,797,0.52
6127,2635,42,0.92
6128,1876,796,0.6
6129,221,775,0.62
6130,520,921,0.98
6131,1564,236,0.68
6132,775,573,0.63
6133,1277,490,0.78
6134,2369,462,0.6
6135,2957,11,0.63
6136,2603,561,0.87
6137,2256,504,0.62
6138,946,773,0.76
6139,331,752,0.78
6140,146,616,0.52
6141,2558,599,0.89
6142,2899,229,0.8
6143,2314,257,0.58
6144,1894,606,0.57
6145,2412,663,0.92
6146,2515,989,0.84
6147,1903,762,0.96
6148,1402,418,0.76
6149,202,140,0.8
6150,436,508,0.55
6151,2390,511,0.53
6152,751,54,0.66
6153,782,261,0.66
6154,2224,385,0.81
6155,2841,909,0.98
6156,260,501,0.88
6157,6,937,0.55
6158,2239,702,0.66
6159,2643,788,0.7
6160,2609,576,0.55
6161,898,184,0.88
6162,2088,100,0.84
6163,470,175,0.64
6164,916,719,0.53
6165,1048,878,0.52
6166,1036,470,0.53
6167,1327,714,0.77
6168,2870,726,0.63
6169,534,126,0.8
6170,1228,704,0.96
6171,2716,780,0.61
6172,735,482,0.96
6173,2414,861,0.67
6174,1960,240,0.89
6175,349,3,0.73
6176,2030,266,0.93
6177,1303,11,0.66
6178,1323,240,0.94
6179,815,693,0.66
6180,1329,974,0.8
6181,321,342,0.58
6182,49,73,0.82
6183,1704,775,0.84
6184,2557,99,0.56
6185,2862,970,0.63
6186,410,992,0.56
6187,420,656,0.8
6188,1600,305,0.84
6189,2306,160,0.59
6190,185,541,0.86
6191,125,871,0.62
6192,1602,376,0.58
6193,577,905,0.95
6194,638,462,0.53
6195,1767,890,0.82
6196,1267,16,0.62
6197,887,622,0.76
6198,2111,908,0.92
6199,2663,104,0.92
6200,212,689,0.82
6201,1337,171,0.64
6202,2910,31,0.95
6203,1803,653,0.82
6204,2430,264,0.82
6205,400,502,0.55
6206,2652,193,0.74
6207,2073,661,0.79
6208,2448,399,0.79
6209,1345,764,0.77
6210,847,982,0.8
6211,56,782,0.68
6212,1376,560,0.98
6213,1371,118,0.82
6214,319,845,0.57
6215,862,996,0.96
6216,4,521,0.92
6217,1166,428,0.77
6218,1160,130,0.93
6219,2122,380,0.82
6220,2603,280,0.78
6221,2983,753,0.7
6222,153,965,0.98
6223,1742,449,0.9
6224,1473,941,0.71
6225,573,210,0.62
6226,1476,830,0.93
6227,2643,469,0.71
6228,1490,158,0.95
6229,202,325,0.52
6230,2549,954,0.89
6231,1593,836,0.82
6232,780,872,0.88
6233,178,667,0.7
6234,1432,744,0.78
6235,1542,869,0.68
6236,2626,536,0.67
6237,1968,734,0.58
6238,2282,615,0.5
6239,1234,493,0.69
6240,59,552,0.51
6241,1405,841,0.62
6242,2872,498,0.64
6243,49,793,0.9
6244,2859,872,0.8
6245,333,553,0.51
6246,2791,954,0.7
6247,2989,197,0.98
6248,586,740,0.55
6249,2086,194,0.73
6250,2481,646,0.58
6251,1748,496,0.78
6252,2658,480,0.64
6253,1929,940,0.66
6254,1267,476,0.96
6255,2871,792,0.88
6256,1570,739,0.88
6257,2409,709,0.76
6258,682,288,0.8
6259,407,424,0.95
6260,222,397,0.88
6261,716,385,0.68
6262,1287,170,0.89
6263,578,814,0.68
6264,1480,786,0.54
6265,2980,961,0.75
6266,382,922,0.83
6267,974,650,0.75
6268,559,553,0.6
6269,1878,433,0.78
6270,188,757,0.53
6271,2483,355,0.62
6272,394,709,0.76
6273,1186,973,0.69
6274,911,505,0.54
6275,2899,598,0.66
6276,1449,873,0.6
6277,2723,921,0.9
6278,1400,563,0.51
6279,2521,541,0.64
6280,2933,356,0.63
6281,787,705,0.75
6282,2198,646,0.77
6283,2776,769,0.67
6284,1048,735,0.73
6285,1661,539,0.67
6286,1172,803,0.66
6287,2353,949,0.6
6288,1406,75,0.52
6289,2309,211,0.74
6290,1989,678,0.58
6291,2420,130,0.55
6292,1710,139,0.82
6293,2832,921,0.63
6294,307,29,0.96
6295,2168,390,0.54
6296,1783,444,0.73
6297,1081,828,0.92
6298,2097,131,0.54
6299,2751,642,0.74
6300,2532,750,0.87
6301,2199,454,0.55
6302,2564,962,0.8
6303,2070,914,0.65
6304,1505,396,0.84
6305,2259,363,0.69
6306,47,829,0.82
6307,526,167,0.86
6308,2959,553,0.98
6309,1303,788,0.55
6310,844,119,0.68
6311,1894,698,0.61
6312,1475,218,0.69
6313,655,674,0.52
6314,766,615,0.87
6315,515,126,0.86
6316,1229,240,0.83
6317,1223,530,0.86
6318,2832,407,0.51
6319,1002,531,0.89
6320,2752,368,0.82
6321,2987,956,0.98
6322,2238,35,0.95
6323,1199,414,0.6
6324,1673,619,0.76
6325,39,513,0.93
6326,2938,589,0.78
6327,1221,742,0.98
6328,71,486,0.63
6329,136,316,0.97
6330,241,904,0.85
6331,260,800,0.9
6332,109,490,0.55
6333,1727,235,0.68
6334,2580,928,0.86
6335,861,327,0.54
6336,1089,249,0.7
6337,2816,610,0.84
6338,309,51,0.69
6339,2822,812,0.54
6340,631,2,0.55
6341,2996,479,0.76
6342,2204,925,0.68
6343,2622,245,0.92
6344,1902,508,0.86
6345,1368,959,0.84
6346,2333,578,0.57
6347,2696,413,0.54
6348,1345,250,0.86
6349,173,614,0.89
6350,2403,203,0.91
6351,187,538,0.77
6352,2870,168,0.65
6353,1645,959,0.79
6354,2801,567,0.55
6355,1333,411,0.85
6356,380,282,0.6
6357,56,438,0.51
6358,604,827,0.93
6359,364,909,0.8
6360,2245,22,0.76
6361,850,215,0.7
6362,737,379,0.76
6363,2418,685,0.75
6364,1681,820,0.98
6365,1149,142,0.81
6366,920,228,0.94
6367,1121,792,0.63
6368,2116,260,0.86
6369,1875,88,0.84
6370,2783,637,0.79
6371,2255,735,0.52
6372,2670,266,0.95
6373,364,603,0.52
6374,1245,408,0.86
6375,379,56,0.94
6376,844,778,0.93
6377,2835,957,0.99
6378,1208,178,0.87
6379,2416,806,0.88
6380,2043,568,0.74
6381,1293,997,0.53
6382,2868,666,0.89
6383,306,697,0.85
6384,933,452,0.65
6385,2481,318,0.5
6386,2421,712,0.73
6387,821,299,0.62
6388,575,468,0.75
6389,24,512,0.73
6390,2042,882,0.8
6391,509,505,0.5
6392,8,1000,0.82
6393,776,220,0.8
6394,39,442,0.91
6395,174,83,0.77
6396,654,694,0.62
6397,381,490,0.5
6398,2466,643,0.66
6399,2940,983,0.81
6400,1415,898,0.65
6401,2024,564,0.93
6402,1198,520,0.89
6403,849,321,0.93
6404,2851,736,0.73
6405,1554,287,0.64
6406,427,75,0.82
6407,167,259,0.81
6408,550,165,0.86
6409,1935,996,0.93
6410,1645,36,0.63
6411,1550,592,0.61
6412,2469,101,0.74
6413,2567,454,0.94
6414,2595,870,0.7
6415,2328,578,0.55
6416,1008,507,0.83
6417,469,729,0.83
6418,2416,437,0.65
6419,21,613,0.54
6420,611,890,0.55
6421,1667,827,0.68
6422,1036,180,0.92
6423,908,917,0.81
6424,1958,333,0.81
6425,967,236,0.57
6426,1513,591,0.74
6427,51,918,0.92
6428,2672,424,0.93
6429,1606,257,0.61
6430,919,731,0.96
6431,1608,901,0.95
6432,1767,865,0.61
6433,1229,153,0.62
6434,446,797,0.55
6435,1955,723,0.79
6436,2772,603,0.87
6437,1281,754,0.83
6438,1310,270,0.77
6439,2883,39,0.84
6440,700,396,0.98
6441,254,78,0.68
6442,1453,461,0.52
6443,1807,916,0.69
6444,2190,193,0.68
6445,861,389,0.68
6446,2720,497,0.61
6447,2627,268,0.92
6448,2143,236,0.6
6449,2785,256,0.96
6450,1539,9,0.72
6451,1817,411,0.51
6452,2796,721,0.94
6453,1092,222,0.66
6454,2068,292,0.79
6455,2190,676,0.58
6456,197,572,0.88
6457,2402,96,0.89
6458,1816,942,0.85
6459,2478,56,0.68
6460,2620,410,0.89
6461,2066,648,0.51
6462,618,983,0.69
6463,1089,900,0.52
6464,1594,609,0.8
6465,100,277,0.87
6466,2836,275,0.54
6467,2125,710,0.85
6468,1330,897,0.62
6469,2932,710,0.5
6470,454,260,0.98
6471,1004,380,0.72
6472,757,594,0.66
6473,1032,79,0.56
6474,1692,45,0.91
6475,1648,820,0.75
6476,1836,733,0.52
6477,2115,546,0.95
6478,1913,744,0.64
6479,1526,295,0.78
6480,2533,26,0.64
6481,558,751,0.54
6482,386,456,0.78
6483,1782,241,0.74
6484,531,71,0.7
6485,299,640,0.96
6486,1115,169,0.58
6487,344,187,0.94
6488,2280,588,0.6
6489,1953,489,0.68
6490,560,318,0.93
6491,2854,652,0.97
6492,1328,998,0.84
6493,367,861,0.5
6494,1115,39,0.83
6495,361,168,0.69
6496,2365,667,0.97
6497,954,325,0.86
6498,1424,461,0.71
6499,1893,604,0.87
6500,2461,902,0.6
6501,1867,213,0.53
6502,2303,718,0.59
6503,1167,618,0.6
6504,1837,490,0.87
6505,981,337,0.8
6506,1246,17,0.94
6507,1933,521,0.7
6508,1116,67,0.71
6509,1894,192,0.6
6510,1022,272,0.57
6511,422,712,0.8
6512,291,425,0.79
6513,1432,654,0.93
6514,2565,676,0.56
6515,2009,189,0.98
6516,125,201,0.63
6517,1393,249,0.95
6518,2441,991,0.64
6519,482,959,0.74
6520,1996,926,0.79
6521,1813,675,0.66
6522,2628,789,0.98
6523,1203,900,0.86
6524,1460,88,0.59
6525,2216,341,0.91
6526,2086,129,0.81
6527,1188,912,0.82
6528,385,774,0.93
6529,1890,939,0.71
6530,2315,202,0.61
6531,328,374,0.58
6532,1106,299,0.99
6533,1370,335,0.97
6534,2255,250,0.74
6535,2932,343,0.55
6536,688,242,0.52
6537,2425,300,0.64
6538,2024,864,0.97
6539,1585,244,0.55
6540,2078,170,0.64
6541,2842,805,0.59
6542,2337,33,0.65
6543,1418,665,0.81
6544,2571,211,0.84
6545,1014,559,0.99
6546,281,204,0.52
6547,1510,546,0.68
6548,1999,481,0.56
6549,1152,738,0.85
6550,2647,752,0.79
6551,902,640,0.63
6552,691,358,0.93
6553,1168,880,0.74
6554,297,445,0.82
6555,2199,451,0.92
6556,2220,478,0.82
6557,830,502,0.76
6558,47,227,0.87
6559,2001,136,0.72
6560,2418,130,0.82
6561,1197,554,0.73
6562,1627,39,0.76
6563,995,721,0.96
6564,1693,705,0.78
6565,1198,335,0.68
6566,2678,510,0.53
6567,725,965,0.97
6568,2217,902,0.76
6569,2319,553,0.93
6570,2974,699,0.53
6571,541,209,0.58
6572,827,320,0.81
6573,2340,736,0.72
6574,2687,994,0.98
6575,2593,387,0.8
6576,2782,616,0.69
6577,2898,831,0.97
6578,1293,23,0.59
6579,73,755,0.94
6580,1480,454,0.94
6581,1796,865,0.82
6582,1645,521,0.69
6583,2196,433,0.6
6584,2925,570,0.82
6585,2106,997,0.82
6586,2059,147,0.55
6587,2976,827,0.56
6588,846,258,0.83
6589,254,408,0.74
6590,1027,40,0.89
6591,1236,711,0.58
6592,314,83,0.52
6593,2688,102,0.79
6594,185,271,0.92
6595,828,74,0.87
6596,460,311,0.78
6597,332,533,0.8
6598,1473,996,0.61
6599,2995,382,0.77
6600,2254,473,0.92
6601,72,391,0.98
6602,2057,648,0.7
6603,2396,92,0.96
6604,1558,56,0.75
6605,405,548,0.93
6606,1962,51,0.81
6607,975,317,0.73
6608,2031,705,0.85
6609,213,270,0.72
6610,1633,620,0.88
6611,2028,53,0.88
6612,175,394,0.58
6613,888,676,0.73
6614,1461,647,0.68
6615,1382,902,0.94
6616,2229,425,0.55
6617,2240,839,0.98
6618,2323,647,0.97
6619,2296,53,0.75
6620,1899,711,0.63
6621,2767,208,0.86
6622,2862,805,0.67
6623,786,700,0.66
6624,2822,506,0.59
6625,1836,374,0.91
6626,2559,601,0.57
6627,1820,545,0.64
6628,2532,549,0.75
6629,665,665,0.53
6630,2544,65,0.79
6631,920,752,0.71
6632,2559,156,0.52
6633,2262,403,0.65
6634,1325,90,0.66
6635,2505,918,0.88
6636,2809,886,0.74
6637,497,293,0.54
6638,1713,471,0.84
6639,864,854,0.67
6640,2552,285,0.58
6641,2149,780,0.8
6642,2440,451,0.87
6643,1644,280,0.56
6644,2733,6,0.81
6645,2670,667,0.8
6646,889,86,0.75
6647,1065,893,0.51
6648,2202,516,0.84
6649,1608,259,0.72
6650,2398,300,0.66
6651,2455,147,0.97
6652,166,849,0.59
6653,269,851,0.74
6654,1716,812,0.52
6655,2285,382,0.7
6656,2623,924,0.53
6657,2182,174,0.96
6658,285,461,0.56
6659,501,242,0.82
6660,2169,711,0.84
6661,384,995,0.95
6662,1813,98,0.91
6663,2113,728,0.97
6664,2880,469,0.64
6665,2752,375,0.69
6666,1068,686,0.67
6667,524,732,0.7
6668,2822,979,0.64
6669,1789,336,0.86
6670,1764,740,0.75
6671,992,580,0.93
6672,2567,321,0.84
6673,416,121,0.58
6674,2459,575,0.58
6675,2695,887,0.98
6676,242,315,0.92
6677,2624,722,0.76
6678,1558,144,0.89
6679,513,403,0.66
6680,1196,410,0.95
6681,169,709,0.97
6682,1283,62,0.9
6683,301,490,0.79
6684,167,895,0.88
6685,264,716,0.51
6686,1537,549,0.6
6687,2184,824,0.55
6688,1870,941,0.5
6689,1332,600,0.87
6690,214,727,0.51
6691,1865,383,0.6
6692,1147,959,0.85
6693,1716,741,0.79
6694,371,682,0.6
6695,2760,240,0.55
6696,45,371,0.82
6697,1375,73,0.76
6698,920,488,0.97
6699,691,812,0.61
6700,2906,462,0.58
6701,1081,704,0.88
6702,280,284,0.75
6703,1787,319,0.8
6704,1731,96,0.99
6705,376,370,0.91
6706,1793,713,0.61
6707,84,196,0.83
6708,999,125,0.8
6709,2094,92,0.67
6710,2469,705,0.97
6711,1659,79,0.59
6712,817,871,0.75
6713,78,221,0.78
6714,1176,245,0.77
6715,1959,712,0.67
6716,711,388,0.61
6717,2291,207,0.54
6718,2099,366,0.61
6719,293,223,0.76
6720,1734,21,0.56
6721,1176,765,0.59
6722,2709,226,0.65
6723,2988,812,0.75
6724,510,638,0.62
6725,249,577,0.66
6726,2390,370,0.85
6727,2788,353,0.71
6728,2992,606,0.58
6729,164,350,0.9
6730,1694,405,0.63
6731,1922,23,0.72
6732,1620,903,0.79
6733,502,908,0.71
6734,789,292,0.82
6735,443,140,0.56
6736,2587,231,0.77
6737,1782,359,0.84
6738,1463,694,0.59
6739,2333,546,0.81
6740,1068,997,0.82
6741,1127,733,0.73
6742,2045,246,0.5
6743,2062,193,0.62
6744,2146,613,0.97
6745,2707,659,0.9
6746,2602,381,0.63
6747,1863,803,0.9
6748,2316,667,0.96
6749,1990,112,0.71
6750,2157,476,0.88
6751,2335,783,0.96
6752,771,330,0.8
6753,325,375,0.95
6754,2913,422,0.74
6755,2593,802,0.61
6756,1265,28,0.64
6757,164,561,0.71
6758,2591,335,0.88
6759,462,385,0.98
6760,1554,112,0.73
6761,373,179,0.7
6762,2099,957,0.64
6763,2078,926,0.75
6764,2342,216,0.5
6765,2260,259,0.98
6766,1496,627,0.79
6767,2236,814,0.7
6768,1251,835,0.66
6769,520,228,0.99
6770,2795,360,0.86
6771,1014,564,0.65
6772,68,19,0.75
6773,2656,328,0.96
6774,1408,657,0.91
6775,2393,668,0.83
6776,1283,279,0.76
6777,1570,178,0.95
6778,2591,287,0.5
6779,949,130,0.61
6780,950,670,0.79
6781,2326,244,0.87
6782,2142,182,0.93
6783,854,820,0.95
6784,2285,512,0.8
6785,74,77,0.51
6786,2103,959,0.64
6787,97,986,0.81
6788,2723,29,0.6
6789,532,547,0.86
6790,1378,192,0.53
6791,2584,964,0.91
6792,1641,236,0.82
6793,433,375,0.86
6794,1719,662,0.72
6795,627,655,0.54
6796,2193,806,0.53
6797,1703,67,0.86
6798,265,624,0.53
6799,2487,889,0.53
6800,347,498,0.87
6801,1144,739,0.74
6802,1118,950,0.56
6803,2941,188,0.58
6804,725,619,0.57
6805,1531,643,0.94
6806,335,309,0.82
6807,2331,780,0.89
6808,2663,556,0.93
6809,2841,830,0.71
6810,2857,827,0.71
6811,2736,42,0.77
6812,1132,665,0.87
6813,1069,934,0.79
6814,2023,278,0.56
6815,2804,657,0.76
6816,103,335,0.62
6817,2082,679,0.55
6818,431,192,0.87
6819,495,331,0.91
6820,1309,555,0.75
6821,751,186,0.51
6822,91,277,0.87
6823,1276,132,0.84
6824,2850,480,0.96
6825,2822,1,0.93
6826,2408,514,0.71
6827,169,518,0.83
6828,2285,82,0.96
6829,2206,738,0.65
6830,988,47,0.87
6831,1691,571,0.86
6832,1487,401,0.77
6833,1701,666,0.77
6834,1018,587,0.59
6835,2011,239,0.63
6836,2335,373,0.87
6837,80,393,0.69
6838,2982,613,0.54
6839,2101,402,0.64
6840,2790,916,0.77
6841,939,398,0.99
6842,2112,305,0.75
6843,146,782,0.5
6844,1568,486,0.77
6845,1762,258,0.99
6846,151,54,0.79
6847,359,437,0.73
6848,866,448,0.54
6849,1628,800,0.88
6850,2371,853,0.94
6851,2005,489,0.97
6852,2465,808,0.66
6853,2670,402,0.78
6854,1784,940,0.65
6855,388,989,0.93
6856,2794,449,0.67
6857,268,814,0.74
6858,2324,446,0.76
6859,2629,739,0.97
6860,540,1000,0.69
6861,1750,297,0.97
6862,1932,714,0.89
6863,2102,321,0.9
6864,1829,374,0.9
6865,2475,203,0.6
6866,2958,529,0.71
6867,2098,354,0.98
6868,264,323,0.87
6869,2414,183,0.82
6870,1286,491,0.98
6871,1583,559,0.87
6872,965,6,0.57
6873,1310,687,0.78
6874,1148,567,0.59
6875,1231,293,0.63
6876,1916,238,0.77
6877,600,877,0.75
6878,2452,717,0.81
6879,2492,206,0.86
6880,891,38,0.91
6881,175,617,0.93
6882,668,796,0.79
6883,18,278,0.52
6884,774,624,0.71
6885,1885,18,0.91
6886,2741,386,0.88
6887,1186,524,0.92
6888,2886,72,0.84
6889,2320,498,0.88
6890,1411,181,0.89
6891,2349,854,0.53
6892,1599,188,0.97
6893,831,384,0.88
6894,2140,447,0.58
6895,2778,780,0.68
6896,2833,942,0.83
6897,2990,9,0.59
6898,507,388,0.58
6899,1263,551,0.9
6900,1300,156,0.83
6901,1373,413,0.59
6902,873,416,0.84
6903,2018,60,0.98
6904,2550,637,0.99
6905,1381,164,0.52
6906,101,894,0.97
6907,1514,830,0.8
6908,709,293,0.88
6909,2837,807,0.89
6910,2785,267,0.51
6911,403,281,0.93
6912,1115,82,0.56
6913,2218,771,0.75
6914,2567,140,0.75
6915,2873,593,0.58
6916,398,924,0.53
6917,2215,899,0.95
6918,2430,705,0.68
6919,1716,633,0.73
6920,106,752,0.62
6921,302,856,0.73
6922,2472,949,0.64
6923,1929,741,0.8
6924,2254,242,0.67
6925,872,466,0.65
6926,2694,443,0.95
6927,140,271,0.77
6928,905,239,0.56
6929,1960,556,0.91
6930,1215,152,0.93
6931,2995,18,0.69
6932,2005,811,0.71
6933,2467,42,0.62
6934,1568,570,0.59
6935,1900,364,0.78
6936,2383,839,0.81
6937,912,558,0.59
6938,2305,966,0.61
6939,154,362,0.81
6940,2268,454,0.67
6941,2780,184,0.72
6942,2994,811,0.84
6943,2517,787,0.88
6944,2496,665,0.64
6945,413,16,0.86
6946,179,871,0.59
6947,380,493,0.76
6948,1295,39,0.85
6949,2446,636,0.71
6950,11,432,0.77
6951,2288,205,0.81
6952,1457,287,0.56
6953,2700,301,0.56
6954,2028,660,0.72
6955,2446,311,0.8
6956,1036,726,0.61
6957,872,321,0.74
6958,1802,61,0.84
6959,249,336,0.85
6960,1838,108,0.75
6961,786,317,0.55
6962,1369,840,0.57
6963,1420,69,0.64
6964,368,222,0.61
6965,1988,681,0.84
6966,2047,573,0.94
6967,1585,804,0.84
6968,2716,665,0.6
6969,2344,932,0.57
6970,1380,239,0.68
6971,825,606,0.96
6972,773,482,0.93
6973,807,129,0.94
6974,277,17,0.97
6975,998,425,0.77
6976,2170,557,0.86
6977,2046,998,0.71
6978,629,966,0.69
6979,1293,498,0.62
6980,570,206,0.88
6981,80,155,0.76
6982,2749,229,0.64
6983,2065,933,0.55
6984,1585,893,0.99
6985,2658,190,0.91
6986,627,690,0.56
6987,2137,27,0.8
6988,901,977,0.57
6989,873,433,0.87
6990,2949,612,0.58
6991,1610,980,0.63
6992,1788,701,0.98
6993,2186,10,0.62
6994,2373,895,0.92
6995,2423,271,0.67
6996,1891,727,0.64
6997,711,335,0.63
6998,421,284,0.75
6999,1779,181,0.86
7000,524,772,0.73
7001,1186,258,0.83
7002,604,319,0.73
7003,490,977,0.73
7004,375,480,0.85
7005,2475,510,0.67
7006,2757,413,0.75
7007,472,697,0.55
7008,2702,93,0.69
7009,902,289,0.54
7010,1170,4,0.98
7011,367,397,0.52
7012,2751,605,0.97
7013,2776,388,0.82
7014,244,771,0.78
7015,416,395,0.54
7016,583,355,0.86
7017,543,658,0.92
7018,147,207,0.79
7019,2548,454,0.65
7020,2725,366,0.6
7021,2768,653,0.67
7022,736,291,0.82
7023,2173,181,0.54
7024,1392,712,0.98
7025,2610,992,0.84
7026,2923,835,0.85
7027,263,971,0.65
7028,602,381,0.85
7029,426,499,0.96
7030,354,653,0.72
7031,325,805,0.53
7032,1383,707,0.84
7033,2012,186,0.56
7034,1102,979,0.92
7035,2496,904,0.82
7036,1679,105,0.61
7037,2110,455,0.77
7038,687,566,0.7
7039,926,370,0.51
7040,2646,927,0.54
7041,810,659,0.62
7042,1147,178,0.96
7043,1645,284,0.54
7044,2151,910,0.66
7045,2053,912,0.66
7046,753,391,0.67
7047,595,823,0.84
7048,1772,500,0.83
7049,1265,698,0.8
7050,2856,847,0.76
7051,988,52,0.54
7052,1818,426,0.96
7053,630,906,0.7
7054,1138,63,0.9
7055,998,887,0.73
7056,177,511,0.8
7057,2296,907,0.76
7058,878,543,0.63
7059,1526,661,0.79
7060,1817,761,0.68
7061,892,85,0.98
7062,899,186,0.51
7063,132,616,0.65
7064,1000,408,0.65
7065,2376,706,0.59
7066,1225,246,0.56
7067,2748,445,0.86
7068,110,406,0.91
7069,1127,389,0.61
7070,2768,244,0.82
7071,1293,128,0.7
7072,879,926,0.83
7073,2333,699,0.96
7074,1177,578,0.8
7075,2544,892,0.55
7076,1357,186,0.87
7077,1379,106,0.58
7078,1232,25,0.62
7079,1609,354,0.97
7080,2796,633,0.93
7081,2842,935,0.96
7082,671,967,0.62
7083,2241,171,0.88
7084,670,887,0.54
7085,53,286,0.85
7086,1866,136,0.85
7087,2180,287,0.84
7088,2861,422,0.59
7089,2303,219,0.67
7090,688,697,0.78
7091,1943,917,0.58
7092,1351,683,0.69
7093,471,768,0.64
7094,2881,39,0.5
7095,466,946,0.57
7096,861,704,0.91
7097,1571,626,0.97
7098,2182,783,0.97
7099,575,236,0.77
7100,2800,637,0.86
7101,351,60,0.8
7102,2235,561,0.74
7103,179,85,0.94
7104,127,466,0.98
7105,1765,699,0.82
7106,1273,451,0.94
7107,244,987,0.69
7108,715,929,0.89
7109,1405,448,0.98
7110,1377,7,0.54
7111,1174,611,0.74
7112,2748,816,0.75
7113,1876,950,0.83
7114,2992,143,0.51
7115,334,755,0.94
7116,2231,573,0.65
7117,909,497,0.82
7118,2126,367,0.78
7119,1790,571,0.61
7120,84,172,0.93
7121,1143,109,0.79
7122,2430,977,0.58
7123,1311,332,0.55
7124,2972,584,0.68
7125,1844,266,0.71
7126,2765,637,0.91
7127,567,569,0.88
7128,2284,93,0.58
7129,1112,4,0.6
7130,2109,571,0.84
7131,2072,662,0.61
7132,987,827,0.6
7133,917,857,0.64
7134,2825,392,0.68
7135,1232,527,0.82
7136,1417,480,0.58
7137,2259,708,0.64
7138,1029,639,0.6
7139,1724,267,0.68
7140,995,409,0.93
7141,2804,960,0.96
7142,1287,58,0.88
7143,1863,665,0.98
7144,2641,802,0.74
7145,2321,793,0.65
7146,1132,941,0.68
7147,2569,1,0.58
7148,2247,663,0.56
7149,2085,668,0.69
7150,1400,171,0.79
7151,1331,53,0.76
7152,245,654,0.63
7153,2317,188,0.54
7154,2835,921,0.6
7155,1941,24,0.73
7156,1657,178,0.69
7157,2706,910,0.94
7158,2949,406,0.59
7159,1366,396,0.86
7160,2149,269,0.81
7161,748,804,0.79
7162,1658,981,0.86
7163,1737,915,0.62
7164,2810,702,0.6
7165,628,722,0.98
7166,236,695,0.9
7167,1897,46,0.58
7168,1159,165,0.96
7169,2266,854,0.57
7170,2017,574,0.9
7171,747,150,0.95
7172,633,956,0.89
7173,1570,461,0.86
7174,2006,472,0.91
7175,1352,645,0.61
7176,1349,366,0.96
7177,1026,264,0.53
7178,2626,649,0.52
7179,2047,109,0.74
7180,2479,422,0.94
7181,1321,637,0.75
7182,1913,2,0.73
7183,2121,762,0.62
7184,291,963,0.84
7185,1852,475,0.62
7186,1117,975,0.93
7187,914,595,0.88
7188,1747,147,0.56
7189,594,493,0.78
7190,179,757,0.56
7191,963,175,0.67
7192,2417,279,0.9
7193,1634,667,0.65
7194,1386,930,0.78
7195,1139,293,0.9
7196,911,127,0.62
7197,2596,228,0.52
7198,1676,834,0.51
7199,2166,75,0.66
7200,2456,274,0.62
7201,1788,712,0.83
7202,2164,990,0.82
7203,2811,802,0.76
7204,121,596,0.51
7205,916,771,0.74
7206,2530,689,0.81
7207,2691,152,0.97
7208,943,990,0.68
7209,2621,64,0.74
7210,15,498,0.96
7211,2149,85,0.93
7212,1162,365,0.55
7213,2504,497,0.71
7214,2249,808,0.9
7215,2147,376,0.68
7216,55,869,0.84
7217,1140,736,0.72
7218,1252,954,0.52
7219,1001,155,0.97
7220,85,120,0.55
7221,1076,358,0.82
7222,1507,196,0.51
7223,104,290,0.57
7224,171,671,0.83
7225,2694,551,0.7
7226,1503,36,0.81
7227,96,775,0.96
7228,2160,495,0.66
7229,1833,750,0.71
7230,2255,326,0.98
7231,2350,192,0.59
7232,26,417,0.6
7233,147,689,0.62
7234,1651,309,0.88
7235,2197,950,0.52
7236,1221,107,0.8
7237,14,919,0.6
7238,2595,939,0.52
7239,2438,378,0.84
7240,2986,92,0.91
7241,2817,224,0.52
7242,272,803,0.74
7243,103,563,0.55
7244,1043,272,0.53
7245,77,569,0.71
7246,2474,924,0.82
7247,1848,243,0.54
7248,1807,796,0.75
7249,1079,435,0.52
7250,999,21,0.77
7251,1805,763,0.78
7252,2892,493,0.82
7253,1141,670,0.6
7254,337,277,0.88
7255,146,554,0.8
7256,2035,13,0.98
7257,1494,442,0.9
7258,144,548,0.64
7259,2273,427,0.72
7260,585,722,0.94
7261,615,510,0.85
7262,2166,148,0.7
7263,389,471,0.71
7264,2227,842,0.95
7265,1445,795,0.61
7266,2193,39,0.56
7267,540,125,0.95
7268,2369,902,0.97
7269,692,582,0.6
7270,30,788,0.65
7271,25,479,0.77
7272,2589,230,0.81
7273,131,253,0.8
7274,2015,488,0.53
7275,2806,640,0.55
7276,1038,547,0.59
7277,1811,276,0.52
7278,322,832,0.62
7279,1456,60,0.64
7280,226,472,0.51
7281,1841,734,0.74
7282,2219,397,0.81
7283,1626,174,0.58
7284,2719,891,0.61
7285,429,308,0.69
7286,2318,184,0.65
7287,1148,247,0.98
7288,66,195,0.63
7289,2591,490,0.86
7290,2189,551,0.75
7291,1576,320,0.79
7292,1013,194,0.76
7293,1407,9,0.66
7294,2805,655,0.92
7295,1344,653,0.99
7296,2840,894,0.7
7297,1226,649,0.64
7298,1951,660,0.9
7299,1736,664,0.71
7300,1550,434,0.73
7301,2752,416,0.92
7302,1954,837,0.87
7303,1919,798,0.69
7304,1375,779,0.62
7305,2798,722,0.8
7306,616,839,0.71
7307,2923,798,0.92
7308,999,438,0.55
7309,2193,546,0.83
7310,1203,610,0.63
7311,903,60,0.94
7312,2624,176,0.55
7313,1000,219,0.69
7314,638,1000,0.85
7315,905,14,0.72
7316,1609,707,0.82
7317,2827,437,0.74
7318,1415,784,0.53
7319,1039,157,0.74
7320,1842,588,0.83
7321,282,724,0.94
7322,880,182,0.65
7323,1637,518,0.81
7324,263,376,0.72
7325,2921,143,0.78
7326,1345,496,0.71
7327,197,539,0.91
7328,1801,746,0.93
7329,1293,120,0.94
7330,756,700,0.59
7331,2790,678,0.94
7332,2233,116,0.66
7333,2993,434,0.52
7334,1351,658,0.69
7335,769,83,0.75
7336,8,423,0.51
7337,1567,499,0.87
7338,1672,377,0.89
7339,671,654,0.8
7340,1424,575,0.63
7341,2235,468,0.76
7342,551,752,0.79
7343,1466,318,0.88
7344,2881,704,0.71
7345,1262,810,0.63
7346,203,445,0.76
7347,2803,353,0.78
7348,2711,605,0.79
7349,1694,873,0.67
7350,157,342,0.74
7351,2957,667,0.76
7352,383,697,0.63
7353,2573,608,0.96
7354,1429,331,0.63
7355,2519,220,0.99
7356,2580,770,0.75
7357,1220,719,0.71
7358,1883,149,0.68
7359,1891,617,0.98
7360,1135,453,0.89
7361,1992,25,0.75
7362,2122,907,0.9
7363,542,579,0.68
7364,243,861,0.88
7365,2824,159,0.78
7366,710,113,0.51
7367,2368,866,0.75
7368,1510,187,0.62
7369,558,294,0.76
7370,2695,501,0.74
7371,1633,554,0.84
7372,1452,327,0.95
7373,1858,383,0.86
7374,1390,831,0.82
7375,316,362,0.52
7376,2094,409,0.93
7377,1587,511,0.68
7378,638,159,0.99
7379,1582,810,0.78
7380,1166,409,0.58
7381,923,423,0.99
7382,534,689,0.55
7383,569,874,0.64
7384,2606,60,0.86
7385,2357,512,0.84
7386,2454,173,0.63
7387,1936,859,0.7
7388,2942,443,0.6
7389,2339,545,0.73
7390,1741,237,0.96
7391,599,343,0.76
7392,1251,791,0.76
7393,466,712,0.75
7394,2951,998,0.94
7395,738,271,0.95
7396,472,290,0.53
7397,1725,736,0.63
7398,705,194,0.62
7399,818,654,0.68
7400,2142,95,0.76
7401,754,694,0.61
7402,1029,192,0.74
7403,151,693,0.94
7404,2732,846,0.98
7405,2149,782,0.56
7406,2714,219,0.75
7407,2726,565,0.65
7408,2645,471,0.65
7409,1562,331,0.99
7410,354,976,0.9
7411,1491,319,0.64
7412,1522,135,0.64
7413,717,581,0.51
7414,1772,996,0.89
7415,1445,153,0.62
7416,1690,180,0.96
7417,975,560,0.88
7418,2472,403,0.93
7419,793,562,0.88
7420,1670,250,0.68
7421,606,150,0.66
7422,2891,134,0.51
7423,1005,801,0.55
7424,599,376,0.89
7425,2513,172,0.92
7426,640,152,0.72
7427,2782,451,0.98
7428,1045,76,0.8
7429,1725,334,0.61
7430,1101,501,0.81
7431,2775,789,0.61
7432,1007,917,0.88
7433,2543,713,0.74
7434,1605,837,0.62
7435,383,169,0.58
7436,1128,634,0.94
7437,314,102,0.59
7438,471,965,0.93
7439,1251,109,0.6
7440,2965,107,0.82
7441,174,979,0.83
7442,1657,655,0.8
7443,130,851,0.86
7444,2088,108,0.55
7445,410,554,0.78
7446,2882,579,0.64
7447,1519,721,0.87
7448,1454,136,0.5
7449,258,808,0.53
7450,1499,243,0.97
7451,918,41,0.53
7452,701,581,0.84
7453,665,70,0.62
7454,138,636,0.93
7455,2332,963,0.98
7456,2049,16,0.81
7457,1415,791,0.54
7458,2365,63,0.86
7459,1611,669,0.96
7460,2495,27,0.81
7461,2178,912,0.51
7462,2091,767,0.8
7463,1859,69,0.66
7464,787,708,0.77
7465,2426,258,0.93
7466,2729,586,0.68
7467,1482,985,0.93
7468,2166,486,0.94
7469,2921,633,0.9
7470,1588,564,0.54
7471,1956,532,0.87
7472,1484,381,0.59
7473,345,572,0.6
7474,1,216,0.71
7475,1744,46,0.68
7476,1019,670,0.61
7477,1813,467,0.56
7478,1213,704,0.84
7479,2051,298,0.53
7480,1521,517,0.55
7481,1096,154,0.51
7482,616,158,0.56
7483,2720,372,0.65
7484,2660,630,0.98
7485,1118,342,0.96
7486,232,473,0.54
7487,1407,913,0.96
7488,2071,455,0.94
7489,1708,805,0.77
7490,2811,735,0.91
7491,1191,406,0.89
7492,386,689,0.85
7493,570,829,0.63
7494,837,644,0.57
7495,1550,810,0.54
7496,2987,112,0.77
7497,208,230,0.85
7498,2875,632,0.95
7499,2183,967,0.73
7500,1679,274,0.9
7501,1638,775,0.79
7502,2964,323,0.56
7503,825,400,0.81
7504,1443,888,0.89
7505,2743,358,0.65
7506,915,268,0.56
7507,760,760,0.79
7508,534,78,0.55
7509,2884,782,0.96
7510,146,44,0.65
7511,1450,259,0.72
7512,191,453,0.61
7513,1186,661,0.51
7514,1867,871,0.54
7515,1009,909,0.87
7516,1619,310,0.81
7517,1942,759,0.9
7518,2424,112,0.89
7519,154,654,0.53
7520,418,933,0.84
7521,556,211,0.78
7522,1501,743,0.72
7523,622,455,0.92
7524,2535,244,0.72
7525,953,284,0.57
7526,2123,901,0.66
7527,1819,381,0.55
7528,710,343,0.98
7529,28,420,0.89
7530,1540,284,0.54
7531,2666,618,0.78
7532,1375,598,0.79
7533,2048,250,0.68
7534,2381,111,0.82
7535,2611,68,0.81
7536,2523,172,0.65
7537,1886,892,0.68
7538,2733,804,0.86
7539,1518,996,0.88
7540,849,105,0.98
7541,2941,792,0.84
7542,330,498,0.85
7543,810,503,0.89
7544,660,904,0.97
7545,574,786,0.76
7546,2761,366,0.92
7547,552,563,0.98
7548,1663,45,0.89
7549,2041,58,0.98
7550,280,276,0.65
7551,2132,540,0.94
7552,1579,839,0.63
7553,1073,361,0.66
7554,2174,494,0.68
7555,972,992,0.52
7556,2076,20,0.77
7557,2506,331,0.54
7558,2698,329,0.53
7559,2710,121,0.98
7560,2497,131,0.71
7561,281,601,0.66
7562,2921,606,0.83
7563,512,461,0.84
7564,2814,628,0.52
7565,2118,836,0.78
7566,526,447,0.88
7567,707,991,0.89
7568,1821,432,0.65
7569,1665,199,0.62
7570,826,687,0.75
7571,275,760,0.95
7572,1634,520,0.95
7573,1785,44,0.85
7574,101,244,0.54
7575,1936,614,0.93
7576,2385,343,0.57
7577,2725,357,0.68
7578,1540,480,0.68
7579,2419,664,0.81
7580,2219,419,0.87
7581,1388,231,0.77
7582,407,363,0.74
7583,1804,901,0.72
7584,585,241,0.89
7585,1381,315,0.93
7586,2456,228,0.68
7587,1955,598,0.54
7588,1396,519,0.64
7589,2435,371,0.72
7590,384,634,0.6
7591,2298,637,0.52
7592,1281,615,0.89
7593,2169,219,0.67
7594,2013,365,0.68
7595,1078,475,0.84
7596,397,897,0.53
7597,1023,257,0.81
7598,831,501,0.66
7599,554,540,0.98
7600,2391,630,0.76
7601,1663,868,0.96
7602,2981,565,0.92
7603,625,523,0.57
7604,2960,537,0.83
7605,2588,273,0.97
7606,2091,678,0.79
7607,2450,523,0.97
7608,1662,407,0.75
7609,1235,329,0.97
7610,1700,250,0.7
7611,76,762,0.6
7612,1033,592,0.97
7613,1216,461,0.76
7614,170,956,0.95
7615,1617,47,0.57
7616,321,375,0.98
7617,2982,451,0.68
7618,2339,668,0.66
7619,690,352,0.91
7620,261,986,0.5
7621,2809,246,0.91
7622,2950,754,0.53
7623,2094,50,0.68
7624,39,850,0.78
7625,1657,877,0.84
7626,2042,420,0.96
7627,2808,352,0.84
7628,2080,747,0.67
7629,640,609,0.74
7630,2420,870,0.86
7631,2058,412,0.8
7632,1802,199,0.83
7633,525,532,0.63
7634,618,782,0.66
7635,2752,370,0.63
7636,2860,931,0.88
7637,2107,314,0.58
7638,673,835,0.95
7639,582,419,0.97
7640,532,83,0.8
7641,1119,777,0.88
7642,1031,326,0.8
7643,2960,443,0.89
7644,1564,213,0.75
7645,1201,581,0.77
7646,184,758,0.97
7647,2520,132,0.87
7648,1854,878,0.95
7649,2450,517,0.93
7650,68,163,0.75
7651,1909,266,0.83
7652,819,458,0.92
7653,150,903,0.67
7654,74,577,0.64
7655,89,583,0.89
7656,154,275,0.98
7657,991,787,0.82
7658,1153,642,0.84
7659,586,17,0.93
7660,1249,802,0.94
7661,1448,432,0.59
7662,190,27,0.55
7663,2076,498,0.79
7664,1594,230,0.6
7665,2438,906,0.56
7666,2248,92,0.7
7667,377,865,0.83
7668,519,867,0.57
7669,35,113,0.8
7670,1756,667,0.72
7671,2020,687,0.88
7672,1981,925,0.89
7673,1648,433,0.77
7674,1831,904,0.54
7675,2186,475,0.8
7676,1981,13,0.62
7677,1778,74,0.55
7678,1546,509,0.94
7679,157,298,0.88
7680,2997,853,0.96
7681,984,270,0.98
7682,77,406,0.92
7683,2522,486,0.63
7684,1626,47,0.51
7685,569,666,0.92
7686,259,107,0.96
7687,1157,570,0.58
7688,1402,426,0.83
7689,2518,600,0.87
7690,1736,916,0.62
7691,570,481,0.65
7692,783,138,0.75
7693,874,747,0.74
7694,1286,392,0.73
7695,2923,152,0.71
7696,2823,813,0.53
7697,1393,641,0.75
7698,2184,247,0.79
7699,1716,530,0.64
7700,1225,444,0.65
7701,103,885,0.98
7702,2525,259,0.76
7703,392,784,0.81
7704,2005,322,0.95
7705,2097,296,0.78
7706,330,605,0.91
7707,2396,434,0.76
7708,355,842,0.79
7709,1677,987,0.62
7710,1687,97,0.51
7711,1816,220,0.63
7712,467,745,0.99
7713,2378,365,0.99
7714,2446,187,0.67
7715,2395,575,0.77
7716,277,734,0.69
7717,2094,393,0.86
7718,930,821,0.7
7719,247,73,0.56
7720,621,264,0.91
7721,828,251,0.72
7722,2649,80,0.54
7723,1939,362,0.6
7724,2205,23,0.9
7725,2821,755,0.64
7726,1816,473,0.65
7727,2261,848,0.83
7728,349,306,0.58
7729,1755,563,0.97
7730,872,875,0.81
7731,1328,9,0.78
7732,752,662,0.6
7733,580,869,0.69
7734,1141,877,0.76
7735,1373,76,0.57
7736,1968,691,0.9
7737,18,552,0.51
7738,208,1000,0.8
7739,1788,215,0.74
7740,2839,285,0.54
7741,1760,325,0.82
7742,1764,563,0.52
7743,1413,539,0.74
7744,1913,878,0.83
7745,1426,697,0.91
7746,1734,495,0.67
7747,2069,342,0.54
7748,274,181,0.6
7749,32,465,0.91
7750,2982,911,0.77
7751,1402,745,0.56
7752,317,893,0.96
7753,2477,655,0.77
7754,2189,757,0.58
7755,1722,954,0.8
7756,2860,161,0.73
7757,2313,61,0.57
7758,2502,691,0.84
7759,1792,22,0.9
7760,713,156,0.6
7761,758,940,0.53
7762,1997,394,0.58
7763,2102,151,0.67
7764,709,780,0.5
7765,2307,162,0.5
7766,2851,291,0.93
7767,2604,583,0.95
7768,1983,994,0.77
7769,2858,784,0.63
7770,227,368,0.64
7771,30,754,0.75
7772,1482,294,0.8
7773,1274,388,0.7
7774,1564,812,0.87
7775,2672,197,0.69
7776,346,299,0.64
7777,2790,456,0.92
7778,2210,101,0.85
7779,1797,761,0.51
7780,1997,417,0.67
7781,749,555,0.67
7782,392,17,0.6
7783,346,511,0.8
7784,2801,136,0.97
7785,537,139,0.72
7786,2597,539,0.86
7787,1249,161,0.99
7788,1204,796,0.92
7789,229,375,0.71
7790,796,45,0.77
7791,2957,583,0.74
7792,2425,336,0.89
7793,1794,994,0.9
7794,1710,287,0.69
7795,1007,34,0.9
7796,1499,280,0.89
7797,1856,203,0.99
7798,1655,920,0.62
7799,2567,280,0.95
7800,2140,229,0.7
7801,1336,351,0.61
7802,484,427,0.94
7803,598,682,0.98
7804,2834,261,0.76
7805,1749,399,0.91
7806,1586,8,0.7
7807,363,792,0.99
7808,1928,191,0.71
7809,1602,445,0.62
7810,1083,600,0.67
7811,2016,144,0.69
7812,2608,150,0.69
7813,1935,710,0.7
7814,2422,535,0.72
7815,276,808,0.74
7816,1656,481,0.83
7817,1392,737,0.85
7818,1892,95,0.85
7819,2371,57,0.79
7820,1591,172,0.92
7821,2688,284,0.94
7822,1656,722,0.68
7823,782,431,0.62
7824,580,893,0.58
7825,623,193,0.95
7826,839,578,0.54
7827,2654,810,0.78
7828,400,115,0.67
7829,2937,248,0.74
7830,1814,652,0.52
7831,574,289,0.85
7832,1687,574,0.95
7833,318,517,0.69
7834,1600,531,0.9
7835,2593,215,0.65
7836,2665,24,0.76
7837,1018,85,0.89
7838,2339,506,0.51
7839,1817,943,0.96
7840,791,257,0.89
7841,397,179,0.71
7842,488,852,0.98
7843,290,24,0.89
7844,157,639,0.84
7845,498,894,0.77
7846,451,360,0.5
7847,1676,438,0.58
7848,2735,225,0.97
7849,2512,365,0.78
7850,2771,133,0.68
7851,195,29,0.64
7852,2226,57,0.7
7853,1653,272,0.8
7854,1011,674,0.96
7855,2396,476,0.69
7856,960,451,0.96
7857,1500,871,0.72
7858,2168,119,0.98
7859,1238,593,0.56
7860,1789,645,0.72
7861,1319,71,0.59
7862,2468,278,0.68
7863,543,877,0.92
7864,1933,777,0.82
7865,1031,836,0.58
7866,667,869,0.88
7867,2334,868,0.61
7868,175,593,0.7
7869,2352,189,0.85
7870,2740,684,0.51
7871,2326,828,0.91
7872,901,802,0.77
7873,2656,954,0.87
7874,676,375,0.57
7875,649,199,0.65
7876,2114,435,0.58
7877,1762,674,0.93
7878,1614,921,0.88
7879,2544,763,0.7
7880,1786,26,0.86
7881,1242,845,0.98
7882,2223,894,0.84
7883,2552,985,0.56
7884,2237,270,0.72
7885,1673,482,0.65
7886,1967,532,0.65
7887,2044,877,0.59
7888,2472,830,0.69
7889,2657,3,0.74
7890,1895,207,0.89
7891,1157,101,0.75
7892,329,232,0.81
7893,1539,715,0.59
7894,2486,956,0.79
7895,1915,119,0.7
7896,2771,14,0.72
7897,2033,142,0.76
7898,294,553,0.77
7899,2357,968,0.82
7900,1025,842,0.5
7901,2785,447,0.67
7902,2784,295,0.82
7903,63,940,0.58
7904,732,243,0.75
7905,1457,98,0.88
7906,2174,516,0.56
7907,2636,858,0.75
7908,1988,595,0.8
7909,139,385,0.94
7910,852,71,0.5
7911,950,177,0.79
7912,26,217,0.92
7913,659,166,0.96
7914,2552,312,0.95
7915,2063,2,0.79
7916,246,228,0.85
7917,1437,518,0.53
7918,1438,511,0.67
7919,749,827,0.67
7920,2971,660,0.64
7921,1773,953,0.69
7922,2990,826,0.66
7923,442,221,0.5
7924,655,238,0.83
7925,2711,957,0.72
7926,836,108,0.82
7927,699,26,0.79
7928,2793,793,0.56
7929,61,471,0.67
7930,2469,1000,0.7
7931,2597,415,0.98
7932,2206,154,0.91
7933,2812,973,0.67
7934,2078,186,0.91
7935,544,444,0.61
7936,2957,959,0.8
7937,2569,409,0.72
7938,2686,820,0.78
7939,2469,431,0.52
7940,678,825,0.57
7941,182,347,0.7
7942,50,174,0.93
7943,1210,28,0.88
7944,1640,794,0.73
7945,2883,94,0.97
7946,498,788,0.62
7947,2753,445,0.63
7948,2693,907,0.81
7949,2036,724,0.63
7950,1426,575,0.65
7951,2266,537,0.65
7952,121,845,0.91
7953,2799,13,0.63
7954,446,656,0.57
7955,1500,525,0.57
7956,2954,386,0.62
7957,413,900,0.91
7958,900,374,0.54
7959,2969,527,0.76
7960,63,620,0.51
7961,2500,893,0.56
7962,2324,417,0.98
7963,765,234,0.91
7964,361,704,0.93
7965,253,179,0.92
7966,578,683,0.69
7967,375,906,0.76
7968,2522,900,0.94
7969,498,231,0.84
7970,1355,348,0.79
7971,1244,417,0.55
7972,1780,45,0.65
7973,599,986,0.81
7974,273,684,0.57
7975,2015,343,0.71
7976,2193,59,0.69
7977,291,362,0.95
7978,2199,240,0.73
7979,667,925,0.78
7980,1695,935,0.79
7981,2393,965,0.52
7982,613,981,0.91
7983,872,175,0.52
7984,2816,324,0.77
7985,1435,85,0.7
7986,1173,384,0.53
7987,1653,861,0.87
7988,1975,991,0.96
7989,2241,292,0.79
7990,2118,985,0.87
7991,241,652,0.55
7992,1984,373,0.67
7993,574,715,0.94
7994,2918,35,0.86
7995,1659,709,0.83
7996,321,1000,0.91
7997,1513,413,0.52
7998,437,390,0.73
7999,2149,923,0.76
8000,2908,714,0.89
8001,1881,117,0.63
8002,2169,496,0.84
8003,1935,633,0.86
8004,2220,893,0.65
8005,1731,225,0.58
8006,1146,533,0.81
8007,2693,927,0.58
8008,2665,865,0.71
8009,1523,15,0.99
8010,2054,964,0.58
8011,2926,205,0.71
8012,2610,353,0.51
8013,1593,479,0.78
8014,1038,433,0.96
8015,132,179,0.53
8016,1088,647,0.94
8017,1512,672,0.8
8018,1761,799,0.58
8019,1946,976,0.72
8020,1032,242,0.69
8021,1840,939,0.5
8022,284,421,0.68
8023,1155,256,0.74
8024,933,902,0.51
8025,614,299,0.73
8026,859,248,0.93
8027,1580,434,0.8
8028,2645,138,0.77
8029,2381,96,0.78
8030,450,317,0.67
8031,721,484,0.83
8032,2740,754,0.73
8033,2481,927,0.8
8034,2367,903,0.56
8035,909,801,0.61
8036,1710,738,0.53
8037,1970,653,0.81
8038,2615,619,0.96
8039,2587,864,0.98
8040,260,460,0.54
8041,142,699,0.55
8042,223,479,0.51
8043,280,942,0.55
8044,2006,736,0.78
8045,1786,907,0.9
8046,2222,155,0.74
8047,962,129,0.93
8048,53,570,0.99
8049,2893,662,0.62
8050,1756,503,0.52
8051,2810,115,0.57
8052,70,368,0.73
8053,1097,316,0.57
8054,676,107,0.74
8055,904,202,0.55
8056,1704,908,0.72
8057,1064,173,0.7
8058,658,910,0.77
8059,1801,689,0.69
8060,2161,150,0.6
8061,2690,942,0.53
8062,1908,289,0.71
8063,2606,663,0.62
8064,358,469,0.78
8065,1545,38,0.96
8066,1412,918,0.89
8067,2440,378,0.65
8068,2959,323,0.73
8069,2274,422,0.9
8070,1636,644,0.76
8071,2059,178,0.53
8072,508,331,0.95
8073,442,852,0.86
8074,1064,706,0.85
8075,906,194,0.83
8076,2452,5,0.59
8077,851,354,0.53
8078,440,596,0.92
8079,1764,412,0.62
8080,835,310,0.92
8081,1403,635,0.97
8082,665,537,0.59
8083,321,823,0.81
8084,2881,757,0.63
8085,136,172,0.55
8086,1387,144,0.83
8087,45,476,0.61
8088,594,403,0.88
8089,132,549,0.82
8090,2492,319,0.67
8091,2013,389,0.94
8092,233,1,0.79
8093,143,762,0.69
8094,895,290,0.9
8095,2012,341,0.6
8096,805,946,0.6
8097,1321,747,0.92
8098,2194,561,0.58
8099,2055,323,0.82
8100,390,988,0.85
8101,1065,356,0.7
8102,230,43,0.75
8103,581,9,0.77
8104,644,698,0.8
8105,1152,120,0.69
8106,1513,749,0.68
8107,711,24,0.5
8108,836,203,0.77
8109,2746,49,0.51
8110,589,220,0.96
8111,1217,8,0.93
8112,2091,466,0.73
8113,217,447,0.97
8114,698,809,0.69
8115,2476,767,0.56
8116,1998,474,0.83
8117,2490,248,0.62
8118,506,30,0.51
8119,1218,306,0.93
8120,1703,508,0.83
8121,988,414,0.82
8122,351,771,0.87
8123,300,535,0.93
8124,1029,576,0.72
8125,1425,492,0.55
8126,945,349,0.78
8127,1793,241,0.93
8128,1233,940,0.82
8129,2848,362,0.75
8130,441,324,0.79
8131,1800,609,0.83
8132,1659,190,0.88
8133,1612,374,0.74
8134,1764,557,0.63
8135,323,954,0.7
8136,1819,586,0.74
8137,2931,797,0.54
8138,1093,238,0.9
8139,510,714,0.57
8140,2560,158,0.99
8141,569,104,0.97
8142,403,307,0.65
8143,1864,665,0.93
8144,2453,735,0.56
8145,2728,246,0.76
8146,2689,568,0.75
8147,1228,430,0.56
8148,1366,477,0.54
8149,1418,908,0.69
8150,1734,397,0.68
8151,2152,385,0.77
8152,327,902,0.87
8153,1696,507,0.77
8154,2849,953,0.67
8155,2377,489,0.8
8156,522,877,0.96
8157,893,460,0.74
8158,1335,915,0.89
8159,920,797,0.76
8160,2432,658,0.62
8161,2354,905,0.8
8162,539,569,0.74
8163,2190,264,0.65
8164,1633,467,0.77
8165,2126,481,0.77
8166,2246,154,0.7
8167,1633,942,0.73
8168,2992,384,0.81
8169,16,360,0.9
8170,1789,526,0.75
8171,1917,540,0.77
8172,2256,577,0.92
8173,1180,421,0.5
8174,2302,555,0.95
8175,2210,227,0.86
8176,255,904,0.58
8177,583,210,0.99
8178,1912,576,0.76
8179,1337,225,0.9
8180,694,26,0.87
8181,2525,848,0.57
8182,321,999,0.54
8183,2532,765,0.8
8184,1493,72,0.62
8185,189,433,0.93
8186,1525,666,0.8
8187,2017,102,0.56
8188,1296,466,0.65
8189,1318,680,0.66
8190,1417,126,0.88
8191,907,810,0.6
8192,1382,683,0.61
8193,229,632,0.52
8194,1249,173,0.71
8195,233,767,0.5
8196,2013,827,0.82
8197,2307,112,0.67
8198,1974,427,0.59
8199,18,705,0.67
8200,722,456,0.73
8201,685,646,0.74
8202,1295,53,0.96
8203,336,753,0.86
8204,2760,545,0.63
8205,1199,508,0.55
8206,1893,704,0.56
8207,2794,931,0.74
8208,1685,70,0.63
8209,2104,619,0.81
8210,166,839,0.73
8211,2494,850,0.83
8212,44,970,0.5
8213,2371,705,0.56
8214,819,395,0.63
8215,2910,28,0.62
8216,1843,798,0.76
8217,205,981,0.97
8218,1468,634,0.6
8219,1125,708,0.75
8220,1635,805,0.73
8221,522,873,0.65
8222,582,465,0.51
8223,2162,172,0.55
8224,1226,603,0.65
8225,2882,201,0.92
8226,880,459,0.64
8227,1578,27,0.53
8228,1814,413,0.97
8229,1216,971,0.91
8230,471,38,0.82
8231,2605,860,0.72
8232,1570,185,0.69
8233,647,95,0.66
8234,2229,321,0.53
8235,395,345,0.51
8236,372,18,0.66
8237,2854,556,0.77
8238,2238,397,0.54
8239,2424,256,0.92
8240,575,362,0.67
8241,2557,750,0.61
8242,575,597,0.79
8243,1735,582,0.65
8244,2850,314,0.53
8245,2702,217,0.99
8246,1136,946,0.84
8247,158,365,0.81
8248,2457,45,0.74
8249,2752,579,0.87
8250,737,211,0.75
8251,2558,437,0.72
8252,2616,974,0.88
8253,663,245,0.93
8254,2487,193,0.74
8255,406,838,0.63
8256,266,564,0.81
8257,326,108,0.81
8258,2907,512,0.89
8259,264,749,0.64
8260,2311,491,0.87
8261,2940,69,0.71
8262,2193,889,0.89
8263,570,97,0.88
8264,2787,998,0.69
8265,805,789,0.9
8266,2488,775,0.96
8267,602,217,0.64
8268,1919,884,0.82
8269,594,23,0.97
8270,1216,253,0.7
8271,357,668,0.88
8272,2661,637,0.78
8273,478,638,0.81
8274,2942,214,0.5
8275,1151,863,0.83
8276,1369,420,0.78
8277,1430,525,0.73
8278,413,582,0.95
8279,1204,686,0.93
8280,2,733,0.74
8281,2178,355,0.82
8282,316,438,0.87
8283,1129,376,0.69
8284,292,489,0.5
8285,231,469,0.59
8286,1919,801,0.67
8287,1156,960,0.64
8288,2007,131,0.94
8289,2,637,0.68
8290,128,615,0.99
8291,2762,819,0.83
8292,1481,101,0.89
8293,2636,839,0.55
8294,238,981,0.63
8295,2478,178,0.79
8296,1525,791,0.8
8297,782,24,0.88
8298,2604,595,0.69
8299,2270,429,0.89
8300,2798,858,0.62
8301,356,897,0.94
8302,2231,225,0.67
8303,1152,368,0.75
8304,1063,834,0.64
8305,1742,456,0.63
8306,2843,827,0.83
8307,2625,982,0.89
8308,436,613,0.62
8309,2772,754,0.67
8310,2690,301,0.7
8311,2226,741,0.6
8312,2694,671,0.73
8313,239,633,0.66
8314,277,600,0.63
8315,646,950,0.59
8316,1474,811,0.59
8317,1582,266,0.97
8318,1691,698,0.71
8319,2277,293,0.66
8320,1438,934,0.96
8321,471,654,0.56
8322,2597,54,0.5
8323,1036,430,0.68
8324,660,298,0.77
8325,1197,605,0.81
8326,989,548,0.74
8327,410,34,0.97
8328,221,273,0.89
8329,923,777,0.92
8330,1857,117,0.68
8331,1008,866,0.74
8332,267,13,0.93
8333,2259,836,0.84
8334,14,112,0.99
8335,2252,633,0.97
8336,911,349,0.92
8337,9,662,0.91
8338,1413,397,0.98
8339,2534,478,0.84
8340,2320,230,0.85
8341,2384,211,0.93
8342,1215,237,0.7
8343,2231,102,0.52
8344,1970,7,0.73
8345,1732,957,0.57
8346,1505,751,0.89
8347,1468,912,0.98
8348,1998,865,0.66
8349,2186,33,0.72
8350,739,318,0.6
8351,1943,819,0.84
8352,2426,705,0.58
8353,454,997,0.52
8354,265,340,0.55
8355,1883,983,0.5
8356,815,756,0.58
8357,989,680,0.96
8358,92,444,0.52
8359,2183,731,0.55
8360,2717,871,0.8
8361,1220,508,0.88
8362,758,614,0.58
8363,1096,684,0.8
8364,2077,136,0.73
8365,1149,920,0.78
8366,415,43,0.81
8367,202,834,0.56
8368,891,51,0.93
8369,1266,247,0.84
8370,1663,141,0.94
8371,504,624,0.71
8372,2429,604,0.93
8373,193,959,0.85
8374,1765,242,0.92
8375,587,463,0.83
8376,1751,114,0.95
8377,1589,799,0.77
8378,2391,947,0.61
8379,1591,150,0.79
8380,204,330,0.71
8381,2762,952,0.96
8382,1613,796,0.64
8383,437,159,0.64
8384,104,626,0.84
8385,2995,336,0.67
8386,110,974,0.54
8387,222,696,0.61
8388,1214,194,0.82
8389,1150,165,0.58
8390,2473,566,0.86
8391,1368,912,0.58
8392,2987,175,0.94
8393,1118,93,0.85
8394,1342,974,0.79
8395,713,516,0.69
8396,487,193,0.81
8397,1042,962,0.89
8398,578,10,0.59
8399,1327,59,0.77
8400,1517,314,0.78
8401,1050,214,0.96
8402,678,10,0.72
8403,2997,356,0.62
8404,2067,622,0.7
8405,2009,687,0.8
8406,2859,425,0.58
8407,1751,676,0.73
8408,978,105,0.82
8409,971,457,0.58
8410,2404,325,0.89
8411,326,596,0.82
8412,2797,396,0.73
8413,477,461,0.84
8414,1653,135,0.55
8415,1298,242,0.86
8416,316,696,0.61
8417,1161,377,0.63
8418,1927,174,0.72
8419,1181,749,0.87
8420,1002,487,0.67
8421,312,366,0.65
8422,1425,38,0.88
8423,2476,155,0.67
8424,1535,556,0.78
8425,227,773,0.75
8426,1347,600,0.52
8427,795,455,0.92
8428,1297,472,0.86
8429,886,163,0.82
8430,1096,511,0.57
8431,163,969,0.69
8432,2791,273,0.88
8433,292,148,0.68
8434,2050,744,0.72
8435,11,800,0.8
8436,1718,699,0.56
8437,2005,321,0.82
8438,1773,881,0.68
8439,1941,933,0.85
8440,2193,167,0.59
8441,1837,60,0.67
8442,2130,922,0.63
8443,1011,23,0.93
8444,694,529,0.63
8445,620,134,0.52
8446,670,631,0.55
8447,622,601,0.63
8448,1773,399,0.98
8449,1952,897,0.97
8450,1934,324,0.87
8451,1201,54,0.51
8452,952,965,0.64
8453,1730,814,0.86
8454,938,903,0.89
8455,2635,462,0.52
8456,2778,924,0.91
8457,808,490,0.85
8458,636,882,0.91
8459,2012,358,0.69
8460,1331,359,0.92
8461,2285,446,0.67
8462,542,403,0.63
8463,1324,229,0.61
8464,1299,945,0.69
8465,2082,621,0.98
8466,946,939,0.82
8467,1349,819,0.78
8468,2756,907,0.53
8469,224,522,0.98
8470,1948,723,0.98
8471,1879,407,0.6
8472,594,95,0.6
8473,2100,772,0.57
8474,1210,95,0.5
8475,2191,836,0.51
8476,2236,174,0.57
8477,464,615,0.74
8478,2513,853,0.78
8479,1401,734,0.63
8480,506,553,0.86
8481,911,209,0.95
8482,561,690,0.52
8483,2301,929,0.66
8484,2798,323,0.74
8485,2805,300,0.65
8486,435,127,0.95
8487,800,245,0.88
8488,1364,138,0.77
8489,679,718,0.79
8490,2847,989,0.86
8491,1439,662,0.59
8492,2387,471,0.74
8493,200,67,0.64
8494,1934,986,0.6
8495,1805,474,0.87
8496,2900,282,0.84
8497,2077,853,0.57
8498,2679,321,0.87
8499,1182,228,0.56
8500,2649,503,0.58
8501,1315,735,0.57
8502,1256,592,0.54
8503,2340,648,0.53
8504,1866,252,0.96
8505,1731,611,0.87
8506,1044,173,0.93
8507,739,593,0.68
8508,2118,966,0.6
8509,1080,102,0.58
8510,1462,757,0.52
8511,2914,608,0.83
8512,1426,195,0.71
8513,1964,387,0.54
8514,1382,229,0.61
8515,2455,929,0.74
8516,375,799,0.94
8517,2973,199,0.54
8518,1021,939,0.89
8519,1493,199,0.51
8520,2976,316,0.87
8521,2779,990,0.53
8522,1671,78,0.92
8523,387,748,0.8
8524,1775,600,0.93
8525,1930,774,0.97
8526,1361,138,0.98
8527,967,323,0.9
8528,1042,115,0.91
8529,482,743,0.64
8530,1436,621,0.89
8531,538,771,0.63
8532,972,372,0.77
8533,531,74,0.74
8534,1546,108,0.59
8535,1686,355,0.65
8536,2670,856,0.87
8537,945,699,0.92
8538,876,282,0.82
8539,2254,543,0.57
8540,293,210,0.92
8541,2297,331,0.53
8542,1371,101,0.73
8543,667,286,0.8
8544,119,456,0.54
8545,1834,482,0.75
8546,1957,575,0.78
8547,2419,714,0.89
8548,2477,727,0.56
8549,566,589,0.92
8550,1947,876,0.57
8551,860,337,0.57
8552,2094,992,0.97
8553,38,12,0.65
8554,1603,473,0.68
8555,2992,12,0.83
8556,1171,635,0.96
8557,757,944,0.78
8558,591,390,0.77
8559,1226,333,0.74
8560,1004,725,0.97
8561,981,244,0.93
8562,1534,726,0.63
8563,1767,277,0.63
8564,1337,586,0.78
8565,1605,578,0.77
8566,2268,331,0.6
8567,865,785,0.97
8568,514,383,0.97
8569,1304,53,0.66
8570,2099,530,0.62
8571,1065,943,0.64
8572,2133,907,0.65
8573,1547,893,0.8
8574,1048,510,0.73
8575,2137,20,0.84
8576,1092,520,0.75
8577,2199,784,0.71
8578,2713,630,0.6
8579,2035,150,0.92
8580,1558,631,0.77
8581,137,637,0.89
8582,2515,302,0.72
8583,7,984,0.51
8584,354,679,0.8
8585,1839,220,0.95
8586,899,736,0.81
8587,1952,485,0.96
8588,186,504,0.94
8589,1650,806,0.92
8590,2948,835,0.64
8591,1447,845,0.69
8592,618,849,0.7
8593,377,627,0.94
8594,87,910,0.77
8595,971,460,0.5
8596,833,813,0.85
8597,2271,272,0.56
8598,336,652,0.65
8599,1616,340,0.7
8600,1020,921,0.6
8601,386,466,0.68
8602,2230,608,0.96
8603,780,834,0.83
8604,2319,692,0.9
8605,2550,216,0.87
8606,1660,244,0.84
8607,2254,450,0.76
8608,1689,439,0.72
8609,2492,763,0.8
8610,861,510,0.69
8611,2176,951,0.7
8612,731,214,0.83
8613,419,520,0.74
8614,2325,193,0.56
8615,1059,287,0.58
8616,2025,61,0.51
8617,677,856,0.97
8618,241,178,0.98
8619,2324,657,0.93
8620,2170,449,0.8
8621,1628,796,0.84
8622,1396,796,0.59
8623,1027,530,0.77
8624,283,307,0.96
8625,2011,271,0.59
8626,225,644,0.75
8627,2732,900,0.7
8628,2406,696,0.73
8629,2226,193,0.92
8630,2454,158,0.59
8631,1928,336,0.66
8632,640,92,0.67
8633,560,248,0.57
8634,2717,902,0.9
8635,2704,28,0.74
8636,2230,240,0.57
8637,467,601,0.68
8638,729,815,0.78
8639,294,604,0.76
8640,2584,891,0.65
8641,551,745,0.67
8642,1013,732,0.66
8643,396,274,0.84
8644,1624,609,0.53
8645,1629,219,0.69
8646,566,934,0.53
8647,2058,425,0.72
8648,1145,45,0.77
8649,2915,346,0.78
8650,874,424,0.76
8651,1440,581,0.59
8652,2609,15,0.62
8653,1038,470,0.75
8654,2469,754,0.53
8655,590,639,0.53
8656,2077,172,0.62
8657,2787,668,0.73
8658,765,631,0.76
8659,453,964,0.85
8660,815,143,0.78
8661,2733,382,0.91
8662,2800,228,0.6
8663,292,345,0.56
8664,333,226,0.78
8665,1960,739,0.72
8666,493,5,0.96
8667,1251,90,0.73
8668,1435,977,0.7
8669,1864,73,0.55
8670,291,601,0.8
8671,2051,362,0.83
8672,389,299,0.75
8673,1069,660,0.51
8674,2966,377,0.77
8675,1675,186,0.83
8676,2057,872,0.72
8677,2617,226,0.59
8678,1994,469,0.81
8679,594,530,0.58
8680,2302,824,0.88
8681,1225,346,0.61
8682,1008,274,0.65
8683,537,623,0.69
8684,1756,53,0.63
8685,217,696,0.67
8686,723,512,0.66
8687,2252,624,0.59
8688,1020,833,0.67
8689,2267,338,0.82
8690,1775,285,0.88
8691,2668,97,0.79
8692,1891,319,0.88
8693,1826,709,0.71
8694,2177,388,0.86
8695,1588,508,0.92
8696,1512,441,0.91
8697,1537,99,0.56
8698,2260,458,0.76
8699,2204,249,0.96
8700,3,82,0.59
8701,2248,380,0.51
8702,64,520,0.59
8703,2619,575,0.69
8704,450,261,0.93
8705,1281,475,0.79
8706,2699,322,0.63
8707,2854,694,0.6
8708,948,867,0.54
8709,2669,375,0.88
8710,785,129,0.94
8711,2669,543,0.83
8712,1664,598,0.52
8713,2234,372,0.82
8714,1734,630,0.91
8715,1589,644,0.52
8716,1681,841,0.74
8717,615,765,0.63
8718,1135,519,0.86
8719,2535,123,0.89
8720,1627,375,0.63
8721,442,511,0.66
8722,724,805,0.78
8723,1031,3,0.64
8724,2228,538,0.65
8725,1605,358,0.85
8726,2368,906,0.75
8727,2906,544,0.54
8728,2528,684,0.61
8729,148,852,0.81
8730,580,746,0.94
8731,286,389,0.62
8732,710,134,0.96
8733,2334,342,0.59
8734,1114,921,0.73
8735,435,564,0.8
8736,607,35,0.79
8737,1772,191,0.51
8738,1633,24,0.71
8739,328,920,0.57
8740,2341,799,0.7
8741,2504,349,0.71
8742,390,800,0.92
8743,163,143,0.7
8744,1635,196,0.61
8745,1255,745,0.81
8746,2574,987,0.75
8747,2097,795,0.68
8748,2562,34,0.61
8749,1443,539,0.98
8750,898,41,0.98
8751,2842,81,0.51
8752,524,419,0.69
8753,1592,757,0.69
8754,1189,611,0.68
8755,2300,857,0.73
8756,2710,356,0.62
8757,555,368,0.87
8758,43,988,0.96
8759,1870,329,0.5
8760,326,287,0.55
8761,933,604,0.77
8762,1118,780,0.93
8763,2970,443,0.96
8764,1271,768,0.73
8765,1579,391,0.55
8766,1427,635,0.79
8767,1030,484,0.79
8768,2265,944,0.69
8769,2721,542,0.59
8770,1244,593,0.53
8771,1758,126,0.72
8772,1748,842,0.63
8773,2877,663,0.64
8774,578,298,0.72
8775,1094,96,0.91
8776,70,686,0.85
8777,888,426,0.92
8778,126,165,0.65
8779,459,860,0.72
8780,521,472,0.5
8781,2124,135,0.74
8782,1965,697,0.77
8783,1823,402,0.51
8784,1127,539,0.61
8785,2172,172,0.57
8786,1880,440,0.7
8787,794,109,0.57
8788,77,272,0.57
8789,1017,427,0.8
8790,1182,26,0.68
8791,699,745,0.71
8792,1196,240,0.82
8793,704,783,0.71
8794,2998,623,0.95
8795,1414,373,0.66
8796,2924,662,0.93
8797,627,269,0.88
8798,1118,778,0.92
8799,1876,147,0.55
8800,1596,253,0.9
8801,2861,756,0.76
8802,326,155,0.51
8803,1357,115,0.89
8804,2295,561,0.74
8805,1044,513,0.95
8806,738,446,0.91
8807,515,711,0.72
8808,2291,842,0.94
8809,1748,879,0.79
8810,2949,768,0.91
8811,1121,520,0.83
8812,2178,732,0.54
8813,2174,76,0.92
8814,2452,526,0.64
8815,943,300,0.52
8816,1727,691,0.58
8817,2867,48,0.71
8818,1341,419,0.98
8819,1107,528,0.98
8820,1619,23,0.75
8821,2193,481,0.86
8822,2180,958,0.97
8823,2206,567,0.64
8824,727,37,0.98
8825,219,375,0.67
8826,1507,433,0.67
8827,1356,920,0.62
8828,646,592,0.54
8829,369,586,0.84
8830,2204,647,0.51
8831,214,67,0.94
8832,1835,539,0.83
8833,2488,717,0.97
8834,2205,740,0.58
8835,167,487,0.88
8836,1461,888,0.54
8837,2013,207,0.7
8838,1804,649,0.89
8839,1470,36,0.8
8840,1769,80,0.66
8841,274,353,0.57
8842,1905,775,0.75
8843,2129,268,0.54
8844,2984,982,0.67
8845,17,35,0.59
8846,1291,595,0.63
8847,682,533,0.69
8848,1230,386,0.91
8849,2086,311,0.91
8850,2306,317,0.99
8851,428,411,0.58
8852,1799,633,0.88
8853,676,580,0.82
8854,2433,906,0.74
8855,1313,186,0.97
8856,2785,101,0.76
8857,1,219,0.96
8858,268,336,0.94
8859,2814,60,0.92
8860,2262,86,0.94
8861,1430,191,0.81
8862,1593,177,0.71
8863,637,522,0.54
8864,1135,499,0.66
8865,1678,100,0.89
8866,2121,591,0.77
8867,1595,163,0.71
8868,2167,38,0.76
8869,2798,758,0.97
8870,204,520,0.5
8871,123,940,0.76
8872,1576,478,0.68
8873,216,418,0.55
8874,688,580,0.8
8875,2630,8,0.61
8876,1098,550,0.64
8877,134,421,0.89
8878,2437,281,0.61
8879,1023,660,0.62
8880,1191,386,0.93
8881,2472,623,0.61
8882,1084,100,0.52
8883,154,934,0.75
8884,1623,801,0.77
8885,310,166,0.73
8886,649,761,0.82
8887,38,16,0.55
8888,1797,327,0.52
8889,1867,644,0.5
8890,1091,868,0.81
8891,1721,409,0.59
8892,1411,56,0.65
8893,1632,758,0.93
8894,745,773,0.95
8895,998,189,0.72
8896,834,301,0.93
8897,2423,732,0.87
8898,1017,817,0.73
8899,678,490,0.87
8900,1195,402,0.63
8901,1628,456,0.7
8902,2965,794,0.64
8903,2826,837,0.64
8904,835,808,0.81
8905,109,304,0.58
8906,1535,503,0.62
8907,1495,77,0.5
8908,2988,795,0.91
8909,2763,837,0.95
8910,1452,607,0.51
8911,1908,617,0.57
8912,2550,632,0.93
8913,2328,43,0.56
8914,1824,519,0.53
8915,1933,826,0.89
8916,907,814,0.68
8917,2367,463,0.84
8918,2165,957,0.79
8919,211,627,0.68
8920,767,895,0.79
8921,2975,673,0.59
8922,251,693,0.67
8923,1200,512,0.63
8924,1024,591,0.66
8925,62,878,0.88
8926,1255,929,0.57
8927,1245,248,0.64
8928,469,933,0.71
8929,1516,438,0.55
8930,1046,11,0.73
8931,2498,844,0.69
8932,1404,30,0.89
8933,1104,586,0.92
8934,489,814,0.58
8935,500,703,0.57
8936,2970,420,0.93
8937,421,957,0.63
8938,1494,630,0.93
8939,1838,674,0.64
8940,2328,789,0.7
8941,2394,507,0.55
8942,2400,346,0.84
8943,146,112,0.92
8944,1029,872,0.81
8945,2102,980,0.56
8946,761,81,0.5
8947,1113,512,0.92
8948,2034,754,0.64
8949,2984,950,0.78
8950,2597,69,0.62
8951,2766,159,0.6
8952,1827,501,0.99
8953,1012,640,0.87
8954,1053,172,0.54
8955,2683,756,0.66
8956,1940,150,0.59
8957,1475,892,0.87
8958,2951,774,0.99
8959,1731,81,0.93
8960,1878,288,0.62
8961,2252,476,0.66
8962,2110,651,0.87
8963,1202,227,0.92
8964,1973,583,0.7
8965,2856,547,0.57
8966,564,905,0.53
8967,2752,470,0.57
8968,1148,811,0.69
8969,2257,475,0.52
8970,1729,39,0.55
8971,2316,784,0.94
8972,1587,832,0.65
8973,2599,961,0.75
8974,2500,472,0.97
8975,1724,46,0.64
8976,1135,396,0.88
8977,1263,783,0.69
8978,2995,315,0.66
8979,2948,576,0.56
8980,129,51,0.97
8981,1610,261,0.87
8982,1273,133,0.97
8983,547,411,0.98
8984,619,332,0.86
8985,2112,807,0.8
8986,2106,525,0.73
8987,2334,943,0.72
8988,1702,542,0.61
8989,2978,528,0.52
8990,1309,310,0.55
8991,2820,730,0.97
8992,1301,168,0.66
8993,1902,721,0.62
8994,70,430,0.73
8995,2626,223,0.87
8996,9,923,0.71
8997,2943,330,0.53
8998,1387,61,0.91
8999,2967,977,0.88
9000,2710,885,0.75
9001,2154,50,0.79
9002,2855,531,0.59
9003,363,728,0.65
9004,1197,347,0.91
9005,1418,722,0.93
9006,162,158,0.56
9007,2868,871,0.51
9008,293,933,0.81
9009,452,427,0.87
9010,2883,483,0.9
9011,2344,344,0.75
9012,921,449,0.57
9013,139,856,0.75
9014,136,829,0.83
9015,272,268,0.75
9016,72,471,0.94
9017,1103,599,0.74
9018,477,98,0.95
9019,2445,176,0.8
9020,581,402,0.57
9021,2254,114,0.74
9022,2613,12,0.81
9023,161,831,0.6
9024,2901,882,0.66
9025,1305,151,0.53
9026,826,991,0.82
9027,1286,327,0.73
9028,1581,642,0.71
9029,1244,754,0.79
9030,2463,356,0.5
9031,2518,223,0.91
9032,1192,315,0.75
9033,497,611,0.56
9034,2074,319,0.68
9035,1315,958,0.85
9036,263,505,0.95
9037,1948,271,0.54
9038,345,669,0.57
9039,1210,489,0.74
9040,781,750,0.75
9041,1691,423,0.58
9042,566,259,0.82
9043,633,478,0.91
9044,241,349,0.72
9045,1349,498,0.8
9046,1778,598,0.98
9047,975,188,0.84
9048,1927,110,0.63
9049,2107,418,0.55
9050,1659,736,0.64
9051,1517,610,0.92
9052,1330,418,0.91
9053,1622,690,0.82
9054,2377,734,0.91
9055,2210,438,0.92
9056,2631,782,0.94
9057,1633,203,0.52
9058,214,991,0.93
9059,662,477,0.95
9060,311,984,0.53
9061,511,234,0.65
9062,2624,772,0.64
9063,1552,445,0.72
9064,1340,640,0.56
9065,2602,868,0.6
9066,583,756,0.53
9067,985,474,0.52
9068,368,416,0.56
9069,131,764,0.59
9070,2729,839,0.96
9071,2893,611,0.52
9072,933,115,0.52
9073,260,454,0.84
9074,2696,644,0.5
9075,2829,164,0.66
9076,2099,551,0.93
9077,1869,231,0.62
9078,1649,671,0.83
9079,2398,161,0.61
9080,2280,465,0.52
9081,669,753,0.75
9082,2714,174,0.98
9083,895,552,0.52
9084,1634,904,0.9
9085,2813,817,0.65
9086,190,970,0.57
9087,458,240,0.92
9088,2362,563,0.66
9089,1430,826,0.87
9090,1502,810,0.9
9091,2354,881,0.86
9092,1544,323,0.59
9093,2059,354,0.51
9094,2948,553,0.62
9095,442,833,0.9
9096,1622,830,0.51
9097,1263,250,0.81
9098,1485,554,0.87
9099,1853,414,0.57
9100,2777,849,0.95
9101,1897,31,0.55
9102,131,501,0.91
9103,506,342,0.77
9104,1433,229,0.5
9105,2678,570,0.54
9106,2966,724,0.82
9107,2852,313,0.71
9108,2211,645,0.64
9109,1231,200,0.84
9110,1964,550,0.9
9111,2796,656,0.95
9112,702,798,0.57
9113,2315,769,0.91
9114,744,769,0.79
9115,1880,422,0.81
9116,2505,63,0.55
9117,2973,940,0.78
9118,2853,192,0.78
9119,1416,53,0.78
9120,2027,421,0.89
9121,1626,408,0.79
9122,970,158,0.92
9123,2461,748,0.88
9124,2477,85,0.53
9125,2606,352,0.64
9126,2642,533,0.97
9127,2000,644,0.85
9128,273,320,0.76
9129,1670,632,0.96
9130,2227,240,0.55
9131,2588,858,0.89
9132,129,383,0.74
9133,718,215,0.97
9134,536,286,0.94
9135,2316,525,0.86
9136,993,782,0.54
9137,1161,447,0.64
9138,2556,308,0.91
9139,1690,499,0.96
9140,704,788,0.55
9141,2289,53,0.73
9142,1326,985,0.62
9143,1659,527,0.69
9144,2058,643,0.96
9145,2862,254,0.8
9146,2582,371,0.66
9147,2079,591,0.63
9148,2342,801,0.52
9149,595,806,0.91
9150,2290,700,0.93
9151,181,982,0.93
9152,698,434,0.54
9153,1115,564,0.63
9154,2285,438,0.67
9155,237,901,0.56
9156,335,27,0.94
9157,1791,931,0.7
9158,1498,588,0.7
9159,140,431,0.72
9160,222,187,0.81
9161,942,983,0.77
9162,2780,461,0.79
9163,2576,759,0.97
9164,412,601,0.96
9165,2967,692,0.77
9166,870,383,0.71
9167,658,662,0.73
9168,1152,584,0.97
9169,2098,983,0.77
9170,158,316,0.91
9171,757,317,0.6
9172,116,473,0.89
9173,766,742,0.86
9174,841,396,0.65
9175,1328,175,0.7
9176,1848,783,0.54
9177,720,569,0.79
9178,462,429,0.65
9179,242,862,0.54
9180,510,247,0.85
9181,897,272,0.93
9182,2229,126,0.78
9183,2393,894,0.56
9184,2898,796,0.8
9185,2190,449,0.69
9186,2662,175,0.71
9187,2569,145,0.53
9188,1146,948,0.96
9189,1385,53,0.81
9190,2578,769,0.94
9191,1712,48,0.97
9192,358,732,0.63
9193,323,790,0.56
9194,56,607,0.79
9195,1060,292,0.93
9196,1927,548,0.88
9197,279,33,0.85
9198,2016,380,0.73
9199,1306,257,0.71
9200,1294,151,0.76
9201,1250,948,0.7
9202,2074,684,0.72
9203,2594,922,0.95
9204,1365,319,0.58
9205,86,120,0.9
9206,79,566,0.54
9207,697,951,0.73
9208,2164,219,0.81
9209,1362,964,0.89
9210,1475,128,0.97
9211,1750,220,0.53
9212,2510,923,0.53
9213,2548,827,0.59
9214,1393,704,0.8
9215,1553,224,0.84
9216,139,453,0.94
9217,359,331,0.71
9218,1381,435,0.79
9219,1932,740,0.97
9220,366,555,0.78
9221,2875,659,0.83
9222,1560,858,0.83
9223,258,655,0.79
9224,163,782,0.88
9225,23,222,0.59
9226,2545,924,0.79
9227,134,96,0.67
9228,1146,662,0.55
9229,380,330,0.66
9230,374,13,0.85
9231,1850,309,0.5
9232,673,142,0.58
9233,2996,216,0.52
9234,344,125,0.96
9235,1760,661,0.71
9236,2282,801,0.76
9237,2875,412,0.97
9238,1087,36,0.64
9239,745,113,0.61
9240,445,712,0.77
9241,695,911,0.69
9242,1839,393,0.72
9243,1195,369,0.57
9244,1451,606,0.95
9245,2013,584,0.52
9246,1093,100,0.56
9247,994,793,0.91
9248,745,122,0.53
9249,979,897,0.59
9250,2543,716,0.73
9251,1767,865,0.75
9252,2838,232,0.98
9253,1426,631,0.94
9254,2342,808,0.8
9255,1432,660,0.91
9256,2669,618,0.73
9257,2499,122,0.6
9258,2778,321,0.72
9259,1695,918,0.78
9260,2431,72,0.54
9261,1683,881,0.68
9262,1921,502,0.87
9263,1595,466,0.69
9264,2024,668,0.62
9265,2275,926,0.72
9266,1704,242,0.7
9267,1243,921,0.96
9268,680,859,0.79
9269,499,689,0.82
9270,2168,874,0.71
9271,1411,218,0.76
9272,2666,402,0.81
9273,2448,197,0.57
9274,1523,849,0.73
9275,958,602,0.67
9276,2033,194,0.9
9277,956,983,0.66
9278,2292,140,0.72
9279,1623,305,0.55
9280,172,516,0.65
9281,584,516,0.64
9282,1489,515,0.75
9283,2997,216,0.64
9284,200,620,0.7
9285,122,696,0.85
9286,762,899,0.68
9287,1466,173,0.59
9288,1392,615,0.85
9289,1379,502,0.59
9290,387,408,0.66
9291,2347,267,0.97
9292,95,229,0.68
9293,42,150,0.94
9294,2584,361,0.97
9295,1270,121,0.54
9296,1009,396,0.51
9297,2020,452,0.64
9298,2296,902,0.68
9299,474,244,0.74
9300,766,602,0.95
9301,2898,235,0.64
9302,2381,996,0.95
9303,1994,887,0.65
9304,1248,664,0.68
9305,410,570,0.64
9306,2613,841,0.74
9307,775,431,0.85
9308,2137,589,0.56
9309,2112,214,0.74
9310,1690,625,0.74
9311,463,350,0.88
9312,1613,98,0.82
9313,1917,721,0.65
9314,736,254,0.77
9315,1985,688,0.95
9316,2585,824,0.73
9317,1812,631,0.79
9318,757,922,0.53
9319,1260,698,0.88
9320,1125,822,0.71
9321,2730,786,0.87
9322,574,739,0.83
9323,226,52,0.86
9324,2962,909,0.74
9325,1355,492,0.7
9326,2711,750,0.93
9327,1311,847,0.69
9328,1183,435,0.69
9329,999,254,0.91
9330,747,176,0.77
9331,209,209,0.82
9332,1665,278,0.73
9333,2648,903,0.81
9334,921,289,0.85
9335,2090,130,0.94
9336,576,76,0.85
9337,452,222,0.67
9338,2268,843,0.96
9339,2387,285,0.89
9340,693,241,0.54
9341,351,497,0.78
9342,2328,324,0.64
9343,1976,864,0.86
9344,309,387,0.92
9345,197,648,0.58
9346,456,19,0.57
9347,1974,503,0.88
9348,2317,92,0.98
9349,572,294,0.91
9350,21,53,0.59
9351,1626,861,0.57
9352,2863,411,0.71
9353,204,697,0.91
9354,2955,841,0.84
9355,1607,884,0.94
9356,2978,163,0.73
9357,1157,432,0.87
9358,626,468,0.85
9359,1995,94,0.94
9360,2591,725,0.66
9361,1682,446,0.72
9362,2894,397,0.95
9363,489,153,0.61
9364,2655,526,0.55
9365,2428,341,0.76
9366,1870,962,0.86
9367,921,575,0.74
9368,487,708,0.56
9369,1486,743,0.74
9370,2586,160,0.9
9371,2522,169,0.8
9372,1510,819,0.94
9373,1445,264,0.75
9374,1516,815,0.92
9375,894,518,0.67
9376,2610,34,0.83
9377,836,18,0.6
9378,1458,31,0.86
9379,2566,682,0.98
9380,1363,896,0.72
9381,2786,668,0.71
9382,656,107,0.92
9383,2768,248,0.55
9384,1908,983,0.65
9385,2959,861,0.88
9386,147,156,0.84
9387,379,14,0.59
9388,958,257,0.55
9389,2636,1000,0.79
9390,483,505,0.92
9391,719,346,0.61
9392,470,263,0.57
9393,448,730,0.73
9394,2944,155,0.55
9395,666,800,0.54
9396,176,251,0.59
9397,607,316,0.78
9398,268,774,0.85
9399,83,342,0.96
9400,344,770,0.51
9401,1157,751,0.98
9402,1900,52,0.98
9403,1982,178,0.67
9404,1228,342,0.58
9405,534,427,0.53
9406,150,84,0.9
9407,412,843,0.65
9408,2644,217,0.54
9409,2606,560,0.76
9410,2982,831,0.56
9411,2468,591,0.95
9412,1365,473,0.95
9413,2692,469,0.63
9414,1152,793,0.77
9415,2040,364,0.84
9416,1035,13,0.99
9417,887,404,0.85
9418,151,875,0.56
9419,851,96,0.72
9420,2422,58,0.54
9421,1301,10,0.79
9422,207,485,0.94
9423,1209,353,0.98
9424,901,173,0.76
9425,1370,92,0.57
9426,2550,705,0.98
9427,1024,429,0.67
9428,92,673,0.93
9429,2520,636,0.94
9430,1434,612,0.71
9431,2277,252,0.83
9432,1454,877,0.79
9433,2502,819,0.65
9434,2240,357,0.55
9435,1269,895,0.98
9436,995,749,0.69
9437,21,353,0.67
9438,2830,699,0.51
9439,1504,191,0.71
9440,799,409,0.68
9441,1506,289,0.53
9442,1798,995,0.87
9443,1762,811,0.54
9444,2980,362,0.56
9445,1605,833,0.96
9446,1762,562,0.56
9447,117,377,0.96
9448,94,284,0.68
9449,2446,868,0.55
9450,1380,305,0.66
9451,2979,676,0.81
9452,1469,778,0.81
9453,1145,966,0.93
9454,222,814,0.91
9455,2461,867,0.79
9456,634,656,0.95
9457,2501,502,0.83
9458,1634,100,0.75
9459,81,457,0.72
9460,2173,733,0.53
9461,1853,785,0.62
9462,2449,877,0.62
9463,2873,839,0.54
9464,2993,207,0.76
9465,2314,127,0.88
9466,194,403,0.53
9467,1739,36,0.51
9468,2686,155,0.89
9469,1450,33,0.92
9470,579,591,0.91
9471,498,190,0.95
9472,1811,468,0.75
9473,2012,843,0.5
9474,242,753,0.53
9475,2153,704,0.95
9476,2038,661,0.57
9477,1461,818,0.7
9478,74,838,0.56
9479,801,831,0.69
9480,2283,309,0.88
9481,1892,326,0.53
9482,388,624,0.82
9483,1768,492,0.99
9484,680,265,0.57
9485,1273,249,0.85
9486,111,86,0.91
9487,2737,338,0.86
9488,103,708,0.94
9489,107,398,0.86
9490,1687,37,0.65
9491,2156,944,0.98
9492,1875,150,0.69
9493,156,34,0.87
9494,1841,534,0.75
9495,1781,113,0.8
9496,2651,313,0.78
9497,423,376,0.75
9498,886,698,0.93
9499,2628,679,0.55
9500,2606,346,0.96
9501,877,626,0.92
9502,1494,604,0.93
9503,2994,539,0.93
9504,1216,747,0.6
9505,2125,65,0.73
9506,2527,220,0.97
9507,701,988,0.56
9508,1940,358,0.51
9509,2954,681,0.7
9510,2987,796,0.73
9511,270,195,0.62
9512,983,337,0.51
9513,611,164,0.94
9514,364,890,0.98
9515,134,611,0.61
9516,1513,353,0.73
9517,1880,846,0.76
9518,2901,907,0.88
9519,1030,983,0.6
9520,353,124,0.68
9521,2065,479,0.94
9522,1297,727,0.53
9523,2342,974,0.71
9524,1173,360,0.54
9525,920,884,0.95
9526,1884,64,0.73
9527,2676,797,0.51
9528,2295,903,0.64
9529,880,485,0.83
9530,1394,169,0.78
9531,2412,616,0.61
9532,365,6,0.51
9533,2009,99,0.92
9534,178,411,0.72
9535,2914,936,0.61
9536,156,10,0.97
9537,2736,825,0.53
9538,2911,265,0.52
9539,658,5,0.78
9540,1888,206,0.73
9541,506,690,0.87
9542,2808,20,0.82
9543,2275,929,0.91
9544,517,986,0.62
9545,563,44,0.64
9546,1436,727,0.53
9547,733,318,0.95
9548,912,377,0.76
9549,456,442,0.92
9550,1716,975,0.75
9551,1946,834,0.91
9552,493,477,0.93
9553,778,241,0.96
9554,611,183,0.65
9555,8,810,0.63
9556,1886,14,0.69
9557,1257,319,0.72
9558,1920,72,0.52
9559,2095,764,0.62
9560,2616,412,0.51
9561,2487,435,0.62
9562,1672,426,0.68
9563,2774,576,0.64
9564,216,570,0.76
9565,1585,287,0.95
9566,2661,20,0.82
9567,2631,985,0.87
9568,1206,499,0.86
9569,2081,583,0.9
9570,2688,149,0.5
9571,5,808,0.88
9572,2058,611,0.58
9573,1474,722,0.8
9574,2996,69,0.59
9575,1418,849,0.59
9576,578,142,0.88
9577,700,374,0.83
9578,384,768,0.59
9579,2069,581,0.5
9580,2248,313,0.98
9581,1521,584,0.71
9582,1039,997,0.97
9583,2420,369,0.6
9584,569,409,0.63
9585,1504,474,0.65
9586,89,919,0.78
9587,534,760,0.89
9588,789,889,0.83
9589,164,411,0.7
9590,662,746,0.79
9591,2652,847,0.8
9592,1543,573,0.71
9593,1854,608,0.57
9594,2072,673,0.75
9595,1401,557,0.8
9596,1204,364,0.72
9597,2731,230,0.52
9598,2777,281,0.5
9599,1218,507,0.76
9600,2381,228,0.51
9601,344,179,0.53
9602,42,208,0.6
9603,1053,311,0.89
9604,785,265,0.98
9605,1969,41,0.74
9606,388,493,0.69
9607,951,847,0.6
9608,2038,697,0.89
9609,1739,380,0.6
9610,1241,380,0.73
9611,1239,569,0.86
9612,2200,254,0.88
9613,2253,275,0.69
9614,2596,798,0.81
9615,21,263,0.89
9616,225,415,0.61
9617,2815,429,0.63
9618,2396,726,0.97
9619,304,283,0.68
9620,740,889,0.85
9621,849,55,0.91
9622,975,868,0.54
9623,150,92,0.65
9624,2977,67,0.72
9625,785,815,0.86
9626,449,544,0.88
9627,1647,889,0.91
9628,1428,977,0.65
9629,1757,196,0.77
9630,118,902,0.5
9631,984,296,0.75
9632,2210,78,0.87
9633,1786,188,0.92
9634,228,212,0.87
9635,2184,247,0.65
9636,104,782,0.63
9637,147,379,0.96
9638,2471,485,0.92
9639,1025,903,0.93
9640,549,360,0.54
9641,569,598,0.62
9642,1128,874,0.65
9643,1492,249,0.69
9644,1284,834,0.65
9645,2946,755,0.84
9646,1789,596,0.82
9647,1143,684,0.93
9648,80,197,0.74
9649,512,514,0.52
9650,752,858,0.54
9651,2319,679,0.66
9652,540,128,0.99
9653,2145,794,0.95
9654,2718,997,0.71
9655,715,308,0.72
9656,1636,857,0.92
9657,556,770,0.56
9658,1888,569,0.95
9659,1600,788,0.97
9660,1064,942,0.81
9661,2763,997,0.64
9662,1557,889,0.81
9663,1607,225,0.93
9664,2666,370,0.56
9665,2389,754,0.65
9666,1620,786,0.59
9667,2779,228,0.51
9668,2671,657,0.67
9669,432,253,0.87
9670,2540,915,0.78
9671,1427,448,0.81
9672,1727,300,0.67
9673,1817,49,0.77
9674,1674,726,0.92
9675,1867,568,0.57
9676,64,112,0.91
9677,435,969,0.78
9678,195,942,0.94
9679,2728,332,0.58
9680,2284,28,0.73
9681,45,680,0.77
9682,1327,9,0.85
9683,1705,593,0.52
9684,1407,911,0.92
9685,1328,162,0.53
9686,1619,355,0.94
9687,188,528,0.69
9688,27,736,0.92
9689,1512,1,0.9
9690,332,514,0.76
9691,2622,840,0.85
9692,2156,293,0.88
9693,1381,766,0.98
9694,1643,233,0.52
9695,60,333,0.9
9696,699,365,0.8
9697,815,190,0.76
9698,77,317,0.96
9699,661,102,0.78
9700,1684,712,0.69
9701,1409,214,0.96
9702,842,872,0.56
9703,1771,432,0.84
9704,2507,853,0.55
9705,1073,175,0.99
9706,1717,223,0.61
9707,2741,696,0.6
9708,2584,594,0.96
9709,2717,308,0.66
9710,410,994,0.88
9711,2339,478,0.7
9712,2482,107,0.85
9713,2183,499,0.52
9714,722,523,0.89
9715,2897,878,0.64
9716,2313,616,0.83
9717,1997,685,0.57
9718,706,416,0.51
9719,2086,530,0.74
9720,398,166,0.51
9721,2299,435,0.86
9722,410,995,0.79
9723,2134,437,0.75
9724,2739,561,0.86
9725,852,452,0.85
9726,1141,60,0.69
9727,1516,646,0.98
9728,158,101,0.74
9729,709,572,0.64
9730,1803,809,0.67
9731,1319,678,0.72
9732,2825,246,0.59
9733,2263,866,0.88
9734,1626,144,0.84
9735,74,307,0.99
9736,27,784,0.52
9737,1897,143,0.67
9738,2406,544,0.88
9739,2502,136,0.9
9740,1194,409,0.52
9741,477,567,0.74
9742,2996,45,0.91
9743,697,311,0.55
9744,2763,646,0.82
9745,2237,849,0.64
9746,1717,165,0.56
9747,2098,505,0.61
9748,1063,666,0.53
9749,1339,860,0.66
9750,2166,357,0.67
9751,258,579,0.63
9752,1749,264,0.8
9753,2091,190,0.86
9754,48,999,0.67
9755,2904,824,0.74
9756,2015,976,0.68
9757,2957,387,0.89
9758,221,342,0.84
9759,2351,603,0.76
9760,487,245,0.64
9761,1380,589,0.66
9762,2663,467,0.85
9763,2279,596,0.74
9764,2607,373,0.67
9765,430,580,0.69
9766,1529,83,0.74
9767,2962,690,0.84
9768,594,99,0.73
9769,2602,933,0.52
9770,2271,710,0.89
9771,1376,661,0.66
9772,114,274,0.55
9773,2763,908,0.96
9774,2860,624,0.74
9775,1929,803,0.54
9776,2163,440,0.56
9777,2036,977,0.78
9778,401,59,0.74
9779,2308,107,0.75
9780,1771,929,0.88
9781,2318,688,0.81
9782,2089,787,0.81
9783,1815,830,0.51
9784,2660,782,0.83
9785,1428,889,0.93
9786,759,86,0.86
9787,2319,206,0.64
9788,2708,165,0.93
9789,438,49,0.54
9790,125,228,0.68
9791,2445,852,0.98
9792,931,972,0.76
9793,2299,954,0.58
9794,1175,319,0.51
9795,2585,822,0.73
9796,550,463,0.62
9797,2565,306,0.59
9798,1679,888,0.79
9799,1998,997,0.63
9800,1367,396,0.9
9801,1809,753,0.54
9802,1065,135,0.69
9803,1511,629,0.72
9804,1403,717,0.54
9805,1854,271,0.56
9806,1415,663,0.95
9807,2471,6,0.52
9808,15,775,0.64
9809,1347,972,0.91
9810,1819,808,0.58
9811,2725,874,0.67
9812,276,107,0.53
9813,1589,230,0.64
9814,1694,483,0.62
9815,2359,491,0.78
9816,441,814,0.57
9817,2243,241,0.88
9818,2551,476,0.58
9819,2202,973,0.64
9820,591,198,0.74
9821,2366,450,0.91
9822,933,638,0.89
9823,1083,779,0.91
9824,1909,941,0.58
9825,1076,437,0.54
9826,2120,947,0.81
9827,512,523,0.92
9828,2822,930,0.9
9829,311,72,0.7
9830,2430,180,0.75
9831,2597,628,0.86
9832,2103,577,0.85
9833,1755,676,0.8
9834,1256,273,0.63
9835,283,388,0.69
9836,2850,733,0.92
9837,593,435,0.85
9838,55,62,0.68
9839,1323,580,0.59
9840,2446,871,0.52
9841,513,418,0.69
9842,2168,236,0.74
9843,1303,953,0.88
9844,2856,962,0.74
9845,825,628,0.68
9846,1292,459,0.54
9847,2298,364,0.95
9848,1425,991,0.51
9849,1725,474,0.6
9850,817,347,0.84
9851,536,558,0.73
9852,64,704,0.9
9853,895,824,0.68
9854,2600,584,0.56
9855,1308,288,0.95
9856,471,2,0.93
9857,1828,528,0.87
9858,758,985,0.54
9859,2795,618,0.59
9860,1967,621,0.87
9861,776,112,0.53
9862,1943,187,0.55
9863,2812,459,0.93
9864,755,801,0.55
9865,1203,825,0.74
9866,1458,241,0.81
9867,2480,724,0.63
9868,196,595,0.74
9869,2024,45,0.62
9870,1889,770,0.93
9871,657,532,0.78
9872,2159,918,0.87
9873,1218,318,0.52
9874,1956,471,0.82
9875,2563,496,0.94
9876,59,146,0.66
9877,286,559,0.64
9878,2067,396,0.71
9879,821,686,0.79
9880,1012,126,0.69
9881,1640,924,0.84
9882,418,973,0.98
9883,2881,229,0.59
9884,1465,712,0.88
9885,2335,302,0.97
9886,2008,30,0.67
9887,909,719,0.92
9888,228,518,0.74
9889,1241,251,0.78
9890,2339,293,0.57
9891,1102,430,0.63
9892,346,254,0.89
9893,107,411,0.71
9894,2336,491,0.79
9895,2903,35,0.98
9896,2304,950,0.96
9897,2829,482,0.85
9898,2069,780,0.79
9899,1167,361,0.63
9900,1578,755,0.69
9901,42,322,0.65
9902,1056,909,0.62
9903,2649,321,0.6
9904,1500,526,0.99
9905,1489,12,0.54
9906,570,65,0.54
9907,2671,389,0.77
9908,1032,590,0.84
9909,857,69,0.62
9910,164,30,0.58
9911,2708,654,0.87
9912,298,223,0.56
9913,818,81,0.61
9914,2497,51,0.51
9915,839,499,0.83
9916,2534,448,0.69
9917,1949,807,0.65
9918,2552,433,0.57
9919,1055,999,0.77
9920,2034,78,0.54
9921,1067,656,0.64
9922,469,591,0.8
9923,2224,488,0.98
9924,1639,140,0.77
9925,2,116,0.79
9926,1266,668,0.51
9927,1498,335,0.58
9928,1034,126,0.66
9929,1577,520,0.86
9930,80,865,0.61
9931,261,478,0.72
9932,861,940,0.68
9933,2326,87,0.73
9934,631,794,0.73
9935,1370,207,0.66
9936,2405,56,0.91
9937,2480,753,0.65
9938,22,81,0.79
9939,61,555,0.82
9940,1933,457,0.75
9941,1665,150,0.62
9942,1969,751,0.99
9943,1321,500,0.83
9944,1053,972,0.95
9945,1614,960,0.98
9946,1857,850,0.95
9947,354,231,0.71
9948,1044,78,0.94
9949,1103,44,0.63
9950,2569,945,0.89
9951,2184,713,0.99
9952,565,177,0.6
9953,1978,363,0.84
9954,2887,779,0.78
9955,2582,447,0.66
9956,1874,76,0.88
9957,668,480,0.51
9958,988,183,0.61
9959,213,635,0.98
9960,2862,91,0.69
9961,1474,195,0.63
9962,824,942,0.78
9963,466,266,0.66
9964,454,887,0.94
9965,2927,378,0.87
9966,1837,483,0.7
9967,1218,977,0.69
9968,926,652,0.96
9969,892,71,0.88
9970,2991,239,0.97
9971,2111,581,0.82
9972,1213,710,0.78
9973,1703,388,0.61
9974,774,66,0.79
9975,2561,754,0.57
9976,2791,398,0.97
9977,1641,287,0.95
9978,1805,67,0.91
9979,610,629,0.5
9980,837,345,0.98
9981,219,477,0.93
9982,1675,617,0.75
9983,260,744,0.79
9984,1690,382,0.68
9985,1405,957,0.98
9986,49,621,0.89
9987,2629,663,0.56
9988,2487,902,0.66
9989,2945,829,0.57
9990,2655,371,0.54
9991,1917,158,0.6
9992,2013,829,0.77
9993,1595,713,0.77
9994,175,611,0.55
9995,1929,63,0.56
9996,169,714,0.72
9997,1430,150,0.66
9998,263,53,0.64
9999,1121,585,0.9
10000,653,917,0.88
