ReviewID,CustomerID,ProductID,Rating,Review,ReviewDate
1,1435,483,5,Perfect gift option.,2025-07-02
2,49,941,5,Strap quality could be better.,2025-04-28
3,1478,270,5,Excellent quality and premium finish.,2026-03-13
4,2171,90,3,Value for money.,2025-03-11
5,98,132,5,Battery life is impressive.,2026-04-03
6,1017,688,5,Excellent quality and premium finish.,2025-09-18
7,1434,747,4,Stylish design and comfortable to wear.,2025-10-23
8,2001,2,3,Good watch for daily use.,2025-03-14
9,1456,694,5,Perfect gift option.,2025-04-19
10,1365,860,3,Battery life is impressive.,2026-01-02
11,2808,425,3,Fast delivery and good packaging.,2025-02-09
12,1162,764,4,Fast delivery and good packaging.,2025-08-19
13,2767,877,4,Good watch for daily use.,2026-04-27
14,635,864,3,Highly recommended.,2025-07-02
15,250,324,5,Battery life is impressive.,2025-10-12
16,202,804,5,Battery life is impressive.,2026-07-04
17,209,59,4,Highly recommended.,2026-02-11
18,224,75,5,Highly recommended.,2025-10-08
19,2634,489,4,Stylish design and comfortable to wear.,2025-04-16
20,1923,105,3,Good watch for daily use.,2025-03-23
21,1644,597,5,Excellent quality and premium finish.,2026-03-06
22,2065,447,5,Fast delivery and good packaging.,2026-04-19
23,2917,652,4,Stylish design and comfortable to wear.,2026-06-12
24,2638,43,4,Fast delivery and good packaging.,2026-06-14
25,2816,560,4,Stylish design and comfortable to wear.,2025-03-11
26,2897,458,3,Good watch for daily use.,2025-07-31
27,2166,733,3,Stylish design and comfortable to wear.,2025-04-24
28,661,415,5,Perfect gift option.,2026-01-31
29,1315,445,5,Display is bright and clear.,2026-05-11
30,1950,525,5,Perfect gift option.,2026-06-01
31,2776,763,5,Battery life is impressive.,2025-10-21
32,1257,715,4,Highly recommended.,2025-12-29
33,1679,975,5,Battery life is impressive.,2025-04-03
34,619,665,4,Battery life is impressive.,2025-01-21
35,1406,864,3,Fast delivery and good packaging.,2025-09-12
36,629,761,3,Fast delivery and good packaging.,2026-01-09
37,1855,879,4,Stylish design and comfortable to wear.,2025-10-26
38,1774,284,5,Excellent quality and premium finish.,2025-10-17
39,1709,401,5,Highly recommended.,2025-07-02
40,1374,102,5,Battery life is impressive.,2025-09-19
41,801,304,5,Battery life is impressive.,2025-02-27
42,1476,931,5,Value for money.,2025-11-22
43,2777,193,3,Stylish design and comfortable to wear.,2025-03-30
44,838,21,3,Display is bright and clear.,2025-07-01
45,2227,626,3,Battery life is impressive.,2026-05-29
46,1307,636,3,Stylish design and comfortable to wear.,2025-11-01
47,2831,777,4,Highly recommended.,2025-02-06
48,2127,142,3,Battery life is impressive.,2026-04-10
49,1589,624,3,Stylish design and comfortable to wear.,2026-05-28
50,1696,221,4,Value for money.,2025-04-11
51,1606,181,5,Fast delivery and good packaging.,2025-01-09
52,1908,178,4,Display is bright and clear.,2026-05-10
53,2751,903,4,Value for money.,2025-01-25
54,1559,596,4,Stylish design and comfortable to wear.,2026-02-15
55,1713,253,4,Perfect gift option.,2025-07-20
56,198,431,5,Excellent quality and premium finish.,2026-05-14
57,354,454,5,Battery life is impressive.,2026-04-23
58,410,735,3,Stylish design and comfortable to wear.,2025-07-18
59,361,649,5,Excellent quality and premium finish.,2025-05-13
60,2572,953,3,Perfect gift option.,2026-07-04
61,1663,820,5,Battery life is impressive.,2026-03-16
62,891,423,5,Good watch for daily use.,2025-07-24
63,2304,466,3,Excellent quality and premium finish.,2025-10-25
64,1222,843,3,Stylish design and comfortable to wear.,2025-12-20
65,607,882,3,Value for money.,2025-07-08
66,2475,4,5,Perfect gift option.,2025-11-18
67,243,873,3,Highly recommended.,2025-12-08
68,2818,476,4,Perfect gift option.,2026-01-14
69,2333,340,4,Perfect gift option.,2025-11-07
70,1019,143,3,Fast delivery and good packaging.,2025-12-16
71,2151,460,4,Highly recommended.,2025-07-17
72,2222,437,4,Highly recommended.,2025-10-29
73,2669,384,4,Battery life is impressive.,2025-08-24
74,1017,896,4,Good watch for daily use.,2026-02-02
75,1122,593,4,Highly recommended.,2026-05-18
76,2972,831,4,Highly recommended.,2026-07-04
77,2700,808,4,Battery life is impressive.,2025-08-31
78,1202,386,4,Highly recommended.,2025-05-15
79,909,449,4,Value for money.,2026-03-18
80,1654,963,5,Stylish design and comfortable to wear.,2025-04-23
81,2006,528,4,Excellent quality and premium finish.,2025-05-10
82,2589,698,4,Perfect gift option.,2025-01-02
83,1368,439,4,Fast delivery and good packaging.,2025-03-11
84,2122,75,4,Excellent quality and premium finish.,2026-01-07
85,2704,287,3,Stylish design and comfortable to wear.,2026-05-02
86,1069,133,5,Fast delivery and good packaging.,2025-12-22
87,541,50,4,Fast delivery and good packaging.,2025-06-05
88,569,161,4,Value for money.,2026-01-01
89,1219,436,3,Excellent quality and premium finish.,2025-11-21
90,1741,617,5,Battery life is impressive.,2026-03-04
91,1363,547,5,Highly recommended.,2026-05-26
92,2911,211,4,Good watch for daily use.,2025-10-09
93,2343,28,5,Fast delivery and good packaging.,2026-01-24
94,2656,434,3,Excellent quality and premium finish.,2025-07-01
95,2387,487,4,Fast delivery and good packaging.,2026-04-10
96,175,1000,3,Stylish design and comfortable to wear.,2025-09-09
97,2596,839,5,Fast delivery and good packaging.,2026-04-14
98,516,725,3,Stylish design and comfortable to wear.,2025-03-29
99,975,23,3,Excellent quality and premium finish.,2025-08-04
100,904,68,3,Excellent quality and premium finish.,2025-02-21
101,2772,604,4,Excellent quality and premium finish.,2025-04-10
102,683,652,3,Value for money.,2026-05-03
103,1855,143,4,Highly recommended.,2025-05-24
104,1330,583,3,Display is bright and clear.,2025-05-02
105,2032,745,4,Battery life is impressive.,2025-05-23
106,2953,450,4,Good watch for daily use.,2026-02-12
107,2417,249,5,Display is bright and clear.,2025-11-01
108,607,509,3,Good watch for daily use.,2025-11-14
109,2268,136,3,Fast delivery and good packaging.,2026-04-20
110,1154,667,3,Highly recommended.,2025-06-15
111,2172,572,4,Highly recommended.,2026-03-31
112,1467,901,4,Excellent quality and premium finish.,2025-07-15
113,2347,571,4,Stylish design and comfortable to wear.,2025-02-10
114,2156,222,4,Perfect gift option.,2025-03-14
115,1348,316,3,Battery life is impressive.,2026-04-26
116,2492,318,5,Strap quality could be better.,2025-01-13
117,1627,822,4,Good watch for daily use.,2025-08-20
118,1945,864,3,Value for money.,2026-05-29
119,1500,91,3,Perfect gift option.,2025-02-15
120,2626,601,5,Excellent quality and premium finish.,2025-06-20
121,357,799,3,Value for money.,2025-03-14
122,777,425,5,Value for money.,2026-01-11
123,537,834,4,Value for money.,2025-04-15
124,2322,861,3,Value for money.,2025-08-05
125,401,29,3,Stylish design and comfortable to wear.,2025-09-25
126,2422,763,4,Excellent quality and premium finish.,2025-04-15
127,364,501,5,Stylish design and comfortable to wear.,2025-06-02
128,2388,538,5,Good watch for daily use.,2025-05-31
129,1467,254,5,Perfect gift option.,2025-12-07
130,651,437,3,Strap quality could be better.,2026-01-15
131,336,828,5,Display is bright and clear.,2026-04-09
132,1126,616,3,Excellent quality and premium finish.,2026-05-24
133,1102,798,4,Excellent quality and premium finish.,2025-09-16
134,1389,682,4,Display is bright and clear.,2025-10-08
135,714,348,5,Value for money.,2025-01-03
136,512,308,3,Fast delivery and good packaging.,2025-12-11
137,1281,17,5,Value for money.,2025-11-23
138,2427,844,3,Display is bright and clear.,2025-07-17
139,2026,300,4,Excellent quality and premium finish.,2026-01-04
140,2764,887,3,Excellent quality and premium finish.,2025-02-24
141,1028,385,5,Good watch for daily use.,2026-05-04
142,2267,301,3,Stylish design and comfortable to wear.,2026-04-29
143,2981,502,3,Excellent quality and premium finish.,2026-01-22
144,1097,461,3,Perfect gift option.,2025-09-24
145,859,424,3,Strap quality could be better.,2026-04-24
146,1431,650,4,Good watch for daily use.,2026-02-09
147,2044,858,4,Strap quality could be better.,2026-02-12
148,2896,536,3,Strap quality could be better.,2025-09-19
149,2597,572,4,Stylish design and comfortable to wear.,2026-06-25
150,32,25,3,Stylish design and comfortable to wear.,2026-04-23
151,1203,214,5,Strap quality could be better.,2025-06-07
152,116,6,3,Display is bright and clear.,2025-06-26
153,1821,881,5,Fast delivery and good packaging.,2025-11-14
154,187,213,3,Perfect gift option.,2025-10-15
155,2600,104,5,Fast delivery and good packaging.,2025-09-23
156,806,195,5,Stylish design and comfortable to wear.,2026-03-02
157,114,909,4,Fast delivery and good packaging.,2025-07-17
158,1437,482,4,Highly recommended.,2025-09-22
159,1921,19,4,Stylish design and comfortable to wear.,2025-07-02
160,2272,238,4,Value for money.,2026-05-03
161,1252,456,4,Battery life is impressive.,2025-12-04
162,2707,983,5,Stylish design and comfortable to wear.,2026-04-10
163,1340,765,5,Fast delivery and good packaging.,2025-11-20
164,664,215,5,Stylish design and comfortable to wear.,2026-01-13
165,113,742,4,Fast delivery and good packaging.,2025-09-10
166,222,561,5,Strap quality could be better.,2025-02-18
167,1027,657,4,Fast delivery and good packaging.,2026-06-19
168,264,705,4,Fast delivery and good packaging.,2025-04-12
169,2087,912,3,Perfect gift option.,2025-04-25
170,25,129,3,Strap quality could be better.,2025-12-27
171,1165,56,5,Strap quality could be better.,2026-04-05
172,1311,596,3,Good watch for daily use.,2025-05-07
173,2831,418,4,Excellent quality and premium finish.,2026-01-06
174,1229,493,4,Strap quality could be better.,2025-05-28
175,1106,488,3,Highly recommended.,2026-01-05
176,1021,930,3,Fast delivery and good packaging.,2026-02-24
177,1240,562,4,Value for money.,2025-11-30
178,884,15,5,Value for money.,2025-09-11
179,786,819,4,Stylish design and comfortable to wear.,2025-10-06
180,399,695,4,Value for money.,2025-10-06
181,2136,95,5,Display is bright and clear.,2025-08-14
182,923,109,5,Good watch for daily use.,2025-07-11
183,1660,924,3,Fast delivery and good packaging.,2026-06-12
184,1205,59,4,Display is bright and clear.,2025-03-14
185,1271,11,3,Strap quality could be better.,2025-11-30
186,1827,414,3,Highly recommended.,2026-05-29
187,2877,282,5,Perfect gift option.,2026-04-03
188,1830,683,5,Excellent quality and premium finish.,2025-11-17
189,2993,29,5,Strap quality could be better.,2026-05-08
190,2018,783,5,Highly recommended.,2025-12-07
191,1915,65,3,Display is bright and clear.,2026-05-23
192,1145,109,3,Perfect gift option.,2026-03-20
193,180,562,5,Stylish design and comfortable to wear.,2026-02-27
194,1606,181,4,Display is bright and clear.,2025-02-16
195,122,789,5,Highly recommended.,2026-03-07
196,2706,813,5,Fast delivery and good packaging.,2025-09-03
197,1265,344,5,Strap quality could be better.,2025-07-27
198,2281,15,4,Display is bright and clear.,2025-03-04
199,1971,629,5,Strap quality could be better.,2025-04-15
200,2013,889,3,Good watch for daily use.,2025-06-24
201,1214,978,5,Good watch for daily use.,2026-05-26
202,2115,791,4,Strap quality could be better.,2026-04-12
203,2026,140,3,Value for money.,2026-01-22
204,236,52,5,Value for money.,2025-04-07
205,1309,276,4,Display is bright and clear.,2025-01-07
206,2670,704,5,Strap quality could be better.,2025-04-21
207,519,619,4,Display is bright and clear.,2026-03-29
208,1501,941,5,Value for money.,2025-05-31
209,912,952,4,Good watch for daily use.,2026-03-19
210,541,433,5,Stylish design and comfortable to wear.,2026-03-19
211,1279,822,3,Stylish design and comfortable to wear.,2025-02-17
212,472,211,4,Battery life is impressive.,2026-02-10
213,2630,755,3,Highly recommended.,2025-12-27
214,2473,385,5,Battery life is impressive.,2026-05-01
215,2097,182,3,Stylish design and comfortable to wear.,2025-01-18
216,1317,168,5,Good watch for daily use.,2025-01-18
217,2449,468,5,Display is bright and clear.,2026-03-19
218,825,615,5,Display is bright and clear.,2025-10-15
219,143,253,3,Highly recommended.,2025-09-17
220,1929,26,5,Highly recommended.,2026-06-24
221,1915,527,4,Good watch for daily use.,2026-02-26
222,608,973,4,Highly recommended.,2025-08-14
223,1570,882,4,Display is bright and clear.,2025-11-20
224,1693,794,3,Highly recommended.,2025-07-07
225,2152,347,5,Stylish design and comfortable to wear.,2025-12-20
226,2336,141,3,Strap quality could be better.,2025-02-11
227,1053,647,3,Perfect gift option.,2025-08-14
228,2311,658,5,Display is bright and clear.,2025-12-06
229,400,491,3,Perfect gift option.,2025-11-07
230,2612,26,4,Value for money.,2025-08-19
231,2595,539,5,Battery life is impressive.,2025-06-03
232,207,429,3,Value for money.,2026-01-08
233,2162,194,4,Display is bright and clear.,2025-02-10
234,2940,165,4,Excellent quality and premium finish.,2026-05-01
235,1987,720,5,Stylish design and comfortable to wear.,2025-12-30
236,581,225,4,Highly recommended.,2026-01-26
237,1290,435,5,Stylish design and comfortable to wear.,2025-05-12
238,2219,282,4,Stylish design and comfortable to wear.,2025-06-02
239,2874,755,5,Highly recommended.,2025-02-16
240,2865,319,3,Display is bright and clear.,2025-11-10
241,1428,916,3,Excellent quality and premium finish.,2026-03-01
242,1102,300,4,Stylish design and comfortable to wear.,2025-02-01
243,368,734,3,Perfect gift option.,2026-02-03
244,1420,455,5,Good watch for daily use.,2025-02-03
245,1950,755,5,Strap quality could be better.,2026-04-17
246,2914,754,3,Excellent quality and premium finish.,2025-09-15
247,1863,401,5,Excellent quality and premium finish.,2025-09-13
248,2667,266,3,Fast delivery and good packaging.,2025-01-20
249,1469,64,3,Highly recommended.,2025-09-21
250,1097,891,3,Battery life is impressive.,2025-09-02
251,862,397,5,Good watch for daily use.,2026-04-30
252,2133,456,4,Good watch for daily use.,2026-05-19
253,1513,87,4,Value for money.,2025-04-04
254,970,391,3,Display is bright and clear.,2025-03-24
255,1705,388,4,Strap quality could be better.,2025-05-05
256,1396,886,5,Perfect gift option.,2026-03-29
257,1357,317,4,Value for money.,2026-01-19
258,535,576,3,Good watch for daily use.,2025-11-27
259,290,593,3,Highly recommended.,2026-05-09
260,573,159,5,Good watch for daily use.,2026-04-02
261,453,142,4,Fast delivery and good packaging.,2025-10-31
262,97,75,3,Fast delivery and good packaging.,2026-01-07
263,1111,11,3,Battery life is impressive.,2025-07-06
264,1108,542,4,Battery life is impressive.,2026-04-19
265,2977,818,5,Fast delivery and good packaging.,2026-06-08
266,130,955,3,Good watch for daily use.,2025-12-16
267,1101,818,3,Perfect gift option.,2026-05-08
268,2946,425,3,Fast delivery and good packaging.,2025-03-02
269,2208,867,5,Highly recommended.,2025-01-27
270,2041,930,3,Fast delivery and good packaging.,2026-03-13
271,1400,691,5,Good watch for daily use.,2025-07-11
272,1115,873,5,Perfect gift option.,2026-04-27
273,1265,158,4,Fast delivery and good packaging.,2026-01-11
274,1498,672,3,Fast delivery and good packaging.,2025-03-24
275,1709,650,5,Stylish design and comfortable to wear.,2025-09-03
276,2502,214,3,Battery life is impressive.,2025-01-16
277,2476,182,5,Fast delivery and good packaging.,2026-05-19
278,1440,789,3,Stylish design and comfortable to wear.,2025-03-10
279,2137,254,3,Strap quality could be better.,2026-02-13
280,125,764,5,Stylish design and comfortable to wear.,2025-08-24
281,2560,846,5,Highly recommended.,2025-01-02
282,1435,541,3,Battery life is impressive.,2026-04-07
283,1739,84,5,Fast delivery and good packaging.,2025-02-02
284,2825,321,5,Battery life is impressive.,2025-03-05
285,648,574,3,Display is bright and clear.,2025-06-18
286,621,777,4,Stylish design and comfortable to wear.,2025-06-04
287,1433,41,5,Fast delivery and good packaging.,2025-07-14
288,1471,558,5,Highly recommended.,2025-06-14
289,2247,33,4,Battery life is impressive.,2026-02-10
290,2414,3,3,Strap quality could be better.,2026-04-15
291,2035,210,4,Perfect gift option.,2025-08-11
292,1983,760,4,Battery life is impressive.,2026-04-20
293,145,706,3,Display is bright and clear.,2025-02-21
294,466,52,5,Excellent quality and premium finish.,2026-02-18
295,1549,276,5,Stylish design and comfortable to wear.,2025-04-14
296,2605,528,4,Fast delivery and good packaging.,2026-06-25
297,1490,456,5,Perfect gift option.,2026-05-02
298,1916,361,3,Excellent quality and premium finish.,2026-01-06
299,1374,721,3,Display is bright and clear.,2025-10-31
300,2949,920,4,Value for money.,2025-06-27
301,1206,832,5,Display is bright and clear.,2025-03-01
302,729,163,5,Highly recommended.,2025-03-10
303,1158,222,4,Good watch for daily use.,2025-05-01
304,1971,40,3,Value for money.,2026-01-24
305,524,470,3,Strap quality could be better.,2026-01-11
306,2422,18,5,Strap quality could be better.,2025-10-30
307,2853,901,4,Display is bright and clear.,2025-07-14
308,1863,816,4,Excellent quality and premium finish.,2025-09-19
309,2060,309,5,Fast delivery and good packaging.,2026-02-17
310,2,644,5,Highly recommended.,2025-06-28
311,1658,40,3,Battery life is impressive.,2025-07-08
312,1752,772,5,Battery life is impressive.,2026-01-17
313,2350,680,4,Highly recommended.,2026-03-19
314,112,411,4,Battery life is impressive.,2025-12-30
315,598,780,5,Good watch for daily use.,2026-05-02
316,300,378,4,Strap quality could be better.,2025-09-05
317,2050,7,5,Excellent quality and premium finish.,2026-03-14
318,2032,271,3,Excellent quality and premium finish.,2025-01-27
319,2643,233,3,Highly recommended.,2025-07-19
320,923,124,3,Perfect gift option.,2025-03-10
321,1827,93,4,Good watch for daily use.,2025-10-20
322,2874,499,3,Strap quality could be better.,2025-12-30
323,784,999,4,Strap quality could be better.,2025-04-22
324,85,439,4,Strap quality could be better.,2025-03-23
325,2148,705,3,Excellent quality and premium finish.,2025-06-02
326,427,569,3,Excellent quality and premium finish.,2026-02-26
327,832,919,5,Display is bright and clear.,2025-03-26
328,2499,16,3,Fast delivery and good packaging.,2026-06-08
329,1192,655,4,Excellent quality and premium finish.,2025-05-12
330,1553,507,5,Perfect gift option.,2026-05-07
331,1619,566,3,Display is bright and clear.,2025-10-16
332,2552,853,4,Display is bright and clear.,2025-11-06
333,583,847,5,Fast delivery and good packaging.,2026-05-10
334,2211,781,5,Good watch for daily use.,2025-12-08
335,2260,571,3,Battery life is impressive.,2025-01-01
336,2264,672,3,Value for money.,2025-10-27
337,1986,268,5,Highly recommended.,2025-12-04
338,707,463,4,Value for money.,2025-01-22
339,555,258,3,Perfect gift option.,2025-05-24
340,220,525,3,Excellent quality and premium finish.,2025-06-07
341,2619,198,4,Fast delivery and good packaging.,2026-02-01
342,82,267,5,Excellent quality and premium finish.,2025-04-06
343,2983,392,4,Fast delivery and good packaging.,2026-05-06
344,1065,235,4,Fast delivery and good packaging.,2025-07-07
345,2387,706,3,Excellent quality and premium finish.,2025-10-21
346,813,655,3,Stylish design and comfortable to wear.,2026-02-28
347,2235,732,3,Strap quality could be better.,2025-04-10
348,709,463,4,Fast delivery and good packaging.,2025-07-01
349,620,945,3,Battery life is impressive.,2025-10-04
350,218,270,5,Good watch for daily use.,2025-11-16
351,1124,904,4,Display is bright and clear.,2025-08-13
352,1265,337,5,Battery life is impressive.,2025-12-08
353,313,974,3,Perfect gift option.,2025-11-13
354,1056,734,3,Highly recommended.,2025-07-13
355,1176,859,5,Display is bright and clear.,2025-06-20
356,94,383,3,Perfect gift option.,2025-06-10
357,796,410,4,Stylish design and comfortable to wear.,2026-01-19
358,2815,972,5,Good watch for daily use.,2025-10-10
359,963,466,4,Stylish design and comfortable to wear.,2025-01-18
360,2901,870,5,Highly recommended.,2025-05-16
361,921,406,4,Good watch for daily use.,2026-02-23
362,2854,280,3,Stylish design and comfortable to wear.,2026-01-15
363,297,129,4,Fast delivery and good packaging.,2025-02-25
364,247,429,3,Battery life is impressive.,2025-03-02
365,1509,846,4,Fast delivery and good packaging.,2026-05-23
366,1748,527,3,Perfect gift option.,2026-05-03
367,893,406,4,Strap quality could be better.,2025-02-15
368,1102,808,4,Display is bright and clear.,2025-06-09
369,19,907,3,Battery life is impressive.,2025-02-24
370,119,238,3,Stylish design and comfortable to wear.,2025-03-12
371,759,300,4,Highly recommended.,2026-01-18
372,2361,453,4,Display is bright and clear.,2026-05-27
373,1222,702,3,Highly recommended.,2026-02-01
374,458,375,5,Perfect gift option.,2026-01-21
375,895,371,3,Excellent quality and premium finish.,2026-02-04
376,118,605,3,Fast delivery and good packaging.,2025-09-18
377,781,141,4,Stylish design and comfortable to wear.,2025-02-23
378,49,836,3,Highly recommended.,2025-01-30
379,1551,476,4,Stylish design and comfortable to wear.,2025-10-31
380,2804,56,4,Display is bright and clear.,2025-03-06
381,419,249,3,Battery life is impressive.,2026-01-13
382,931,897,3,Good watch for daily use.,2025-07-09
383,447,416,5,Perfect gift option.,2026-01-21
384,192,321,4,Fast delivery and good packaging.,2025-09-10
385,42,873,3,Battery life is impressive.,2025-01-29
386,2557,60,5,Highly recommended.,2025-11-05
387,2212,783,4,Display is bright and clear.,2026-03-16
388,1369,777,4,Battery life is impressive.,2025-03-12
389,1153,686,5,Stylish design and comfortable to wear.,2025-03-04
390,1332,453,5,Stylish design and comfortable to wear.,2025-08-10
391,2560,58,4,Fast delivery and good packaging.,2025-11-10
392,1838,513,5,Stylish design and comfortable to wear.,2025-03-11
393,2585,753,3,Value for money.,2026-04-20
394,2302,939,3,Value for money.,2026-05-06
395,2433,597,3,Excellent quality and premium finish.,2025-04-19
396,2471,396,3,Excellent quality and premium finish.,2025-02-12
397,1564,373,3,Perfect gift option.,2025-04-10
398,1923,756,3,Stylish design and comfortable to wear.,2025-12-17
399,1454,709,5,Excellent quality and premium finish.,2025-12-03
400,807,169,5,Good watch for daily use.,2025-11-29
401,1290,960,5,Highly recommended.,2025-02-01
402,71,390,5,Stylish design and comfortable to wear.,2025-05-27
403,1027,542,3,Highly recommended.,2026-03-22
404,898,111,4,Perfect gift option.,2026-07-01
405,2869,672,4,Display is bright and clear.,2025-05-02
406,2551,961,4,Excellent quality and premium finish.,2025-04-27
407,2101,505,4,Good watch for daily use.,2025-07-24
408,1897,710,4,Good watch for daily use.,2025-01-16
409,1874,112,5,Perfect gift option.,2026-04-24
410,2423,103,5,Display is bright and clear.,2026-01-27
411,1072,825,5,Battery life is impressive.,2026-02-17
412,1528,448,3,Excellent quality and premium finish.,2025-09-30
413,2642,92,4,Good watch for daily use.,2025-02-18
414,50,688,5,Excellent quality and premium finish.,2025-08-22
415,139,243,4,Strap quality could be better.,2025-07-12
416,1747,346,4,Highly recommended.,2025-02-04
417,1925,513,5,Highly recommended.,2025-01-20
418,1175,282,5,Stylish design and comfortable to wear.,2026-05-04
419,2793,540,3,Value for money.,2025-03-29
420,2766,9,3,Stylish design and comfortable to wear.,2025-08-26
421,355,788,3,Display is bright and clear.,2025-07-22
422,660,878,5,Excellent quality and premium finish.,2026-01-04
423,1292,257,5,Strap quality could be better.,2026-01-28
424,2803,963,3,Excellent quality and premium finish.,2025-03-11
425,691,345,3,Fast delivery and good packaging.,2025-01-20
426,2945,353,3,Strap quality could be better.,2025-02-27
427,2448,572,4,Stylish design and comfortable to wear.,2026-02-18
428,588,414,3,Stylish design and comfortable to wear.,2025-10-19
429,2005,842,4,Strap quality could be better.,2025-08-23
430,1325,37,5,Excellent quality and premium finish.,2025-06-09
431,190,964,5,Strap quality could be better.,2025-08-15
432,2182,325,5,Value for money.,2025-05-15
433,1533,2,5,Display is bright and clear.,2026-04-03
434,354,934,3,Stylish design and comfortable to wear.,2025-08-21
435,103,329,3,Battery life is impressive.,2025-09-09
436,2645,620,3,Value for money.,2026-05-14
437,1826,436,3,Perfect gift option.,2025-09-05
438,845,142,3,Perfect gift option.,2025-09-02
439,875,320,3,Display is bright and clear.,2025-03-12
440,1082,393,4,Strap quality could be better.,2026-01-25
441,1063,403,4,Highly recommended.,2026-01-30
442,2636,805,4,Display is bright and clear.,2025-08-31
443,2504,652,5,Perfect gift option.,2026-03-19
444,880,267,3,Excellent quality and premium finish.,2025-09-10
445,1735,292,4,Stylish design and comfortable to wear.,2025-02-20
446,1730,966,4,Excellent quality and premium finish.,2025-03-31
447,189,643,4,Stylish design and comfortable to wear.,2025-01-02
448,2404,293,4,Stylish design and comfortable to wear.,2025-10-09
449,2069,15,4,Display is bright and clear.,2025-10-05
450,2160,117,3,Fast delivery and good packaging.,2025-05-04
451,529,430,4,Highly recommended.,2025-02-20
452,256,533,5,Battery life is impressive.,2025-12-29
453,2060,179,3,Highly recommended.,2026-04-20
454,2236,776,4,Battery life is impressive.,2025-10-28
455,922,662,4,Strap quality could be better.,2025-12-25
456,496,592,4,Highly recommended.,2026-07-04
457,495,220,5,Stylish design and comfortable to wear.,2026-01-02
458,928,506,5,Stylish design and comfortable to wear.,2025-01-22
459,923,911,5,Strap quality could be better.,2026-04-03
460,2377,694,4,Display is bright and clear.,2026-06-07
461,741,726,5,Stylish design and comfortable to wear.,2025-07-12
462,1297,644,3,Battery life is impressive.,2026-01-22
463,2224,146,5,Display is bright and clear.,2025-11-07
464,2074,673,4,Fast delivery and good packaging.,2025-12-12
465,646,530,4,Battery life is impressive.,2025-08-15
466,2151,615,3,Strap quality could be better.,2025-09-16
467,601,395,3,Fast delivery and good packaging.,2025-01-25
468,1831,970,3,Good watch for daily use.,2026-02-12
469,2443,467,5,Highly recommended.,2026-04-23
470,1375,387,5,Perfect gift option.,2025-05-04
471,1869,936,3,Good watch for daily use.,2025-02-07
472,871,548,3,Perfect gift option.,2025-05-26
473,683,287,5,Display is bright and clear.,2026-06-18
474,2958,139,5,Battery life is impressive.,2025-02-11
475,2517,189,3,Stylish design and comfortable to wear.,2025-08-12
476,1272,273,4,Fast delivery and good packaging.,2025-08-07
477,1467,581,5,Excellent quality and premium finish.,2025-11-28
478,2119,303,4,Excellent quality and premium finish.,2025-05-01
479,2082,655,3,Excellent quality and premium finish.,2026-05-25
480,1876,230,5,Perfect gift option.,2025-03-30
481,2145,1000,5,Strap quality could be better.,2025-03-23
482,1332,295,3,Value for money.,2025-02-05
483,503,902,3,Perfect gift option.,2026-01-01
484,725,103,3,Perfect gift option.,2025-05-25
485,2933,164,3,Highly recommended.,2025-04-30
486,2454,17,5,Value for money.,2026-05-09
487,53,977,4,Stylish design and comfortable to wear.,2025-01-14
488,45,89,5,Strap quality could be better.,2026-03-10
489,734,579,3,Perfect gift option.,2025-10-12
490,2789,661,4,Value for money.,2026-06-04
491,567,600,4,Battery life is impressive.,2025-01-14
492,1918,60,4,Perfect gift option.,2025-02-26
493,345,384,3,Display is bright and clear.,2025-05-21
494,968,467,3,Good watch for daily use.,2025-07-18
495,1386,812,4,Highly recommended.,2026-03-14
496,2997,907,3,Excellent quality and premium finish.,2026-04-19
497,416,975,4,Value for money.,2025-05-25
498,166,785,4,Strap quality could be better.,2026-01-10
499,2611,23,3,Highly recommended.,2025-02-28
500,1652,917,5,Stylish design and comfortable to wear.,2025-03-09
501,1424,417,5,Stylish design and comfortable to wear.,2025-09-22
502,923,644,4,Display is bright and clear.,2026-01-16
503,660,871,5,Stylish design and comfortable to wear.,2025-05-23
504,1287,173,5,Value for money.,2025-02-02
505,2193,840,4,Perfect gift option.,2025-07-26
506,2576,786,4,Strap quality could be better.,2025-07-14
507,2620,121,3,Display is bright and clear.,2026-02-18
508,2099,25,3,Value for money.,2025-09-19
509,991,283,5,Battery life is impressive.,2026-01-20
510,46,320,3,Good watch for daily use.,2025-08-07
511,1920,255,5,Value for money.,2025-02-16
512,2360,764,5,Battery life is impressive.,2025-07-23
513,1856,516,3,Battery life is impressive.,2025-08-15
514,2394,788,4,Excellent quality and premium finish.,2025-01-16
515,1254,901,3,Fast delivery and good packaging.,2026-01-25
516,2956,550,5,Display is bright and clear.,2025-04-23
517,916,469,5,Good watch for daily use.,2025-03-07
518,1031,461,3,Strap quality could be better.,2025-08-02
519,2211,274,3,Good watch for daily use.,2025-11-13
520,2721,396,4,Highly recommended.,2025-11-10
521,1314,587,3,Stylish design and comfortable to wear.,2025-02-11
522,2375,700,5,Strap quality could be better.,2025-03-16
523,631,75,3,Stylish design and comfortable to wear.,2025-10-30
524,1589,691,5,Good watch for daily use.,2026-05-04
525,2147,455,4,Fast delivery and good packaging.,2026-02-01
526,2393,729,4,Value for money.,2026-01-14
527,2891,676,5,Strap quality could be better.,2026-05-09
528,2957,994,3,Battery life is impressive.,2026-01-06
529,2374,895,5,Perfect gift option.,2025-12-02
530,1741,743,3,Excellent quality and premium finish.,2026-06-14
531,2216,796,3,Good watch for daily use.,2025-12-11
532,77,659,5,Stylish design and comfortable to wear.,2026-02-26
533,1962,855,5,Good watch for daily use.,2026-04-28
534,412,928,4,Excellent quality and premium finish.,2026-04-05
535,1963,965,3,Good watch for daily use.,2025-05-02
536,2876,534,4,Highly recommended.,2025-01-15
537,1535,864,5,Fast delivery and good packaging.,2025-12-10
538,2626,93,3,Perfect gift option.,2026-06-20
539,822,515,3,Perfect gift option.,2025-09-29
540,1735,638,4,Good watch for daily use.,2025-06-14
541,1414,498,5,Battery life is impressive.,2025-11-11
542,1406,759,5,Display is bright and clear.,2025-06-25
543,372,479,4,Good watch for daily use.,2025-08-13
544,265,556,3,Highly recommended.,2026-06-27
545,913,819,3,Excellent quality and premium finish.,2026-06-20
546,2081,750,4,Stylish design and comfortable to wear.,2025-08-13
547,2582,310,3,Good watch for daily use.,2026-01-30
548,970,119,5,Good watch for daily use.,2025-06-02
549,2330,510,3,Strap quality could be better.,2025-12-31
550,1269,791,3,Battery life is impressive.,2025-12-20
551,1858,594,5,Value for money.,2025-12-07
552,2844,400,4,Good watch for daily use.,2025-02-25
553,2035,668,3,Display is bright and clear.,2026-04-06
554,314,737,5,Battery life is impressive.,2026-06-21
555,2615,351,3,Excellent quality and premium finish.,2026-02-22
556,744,574,4,Good watch for daily use.,2026-03-25
557,513,604,5,Display is bright and clear.,2025-03-16
558,185,229,5,Excellent quality and premium finish.,2025-12-11
559,1356,933,3,Battery life is impressive.,2026-05-06
560,2746,437,4,Strap quality could be better.,2025-06-30
561,1500,450,4,Display is bright and clear.,2025-04-21
562,2101,719,3,Highly recommended.,2025-10-31
563,521,776,4,Display is bright and clear.,2026-01-18
564,825,752,3,Battery life is impressive.,2026-03-30
565,1995,987,5,Excellent quality and premium finish.,2025-04-03
566,2987,544,3,Good watch for daily use.,2025-11-26
567,335,176,3,Display is bright and clear.,2025-05-29
568,1778,410,4,Highly recommended.,2025-08-18
569,24,266,4,Highly recommended.,2025-12-21
570,795,276,5,Perfect gift option.,2025-08-24
571,682,705,3,Perfect gift option.,2025-08-13
572,799,60,3,Excellent quality and premium finish.,2025-11-02
573,2336,196,4,Fast delivery and good packaging.,2025-01-07
574,45,289,3,Battery life is impressive.,2026-01-11
575,578,25,4,Good watch for daily use.,2025-01-09
576,93,12,5,Perfect gift option.,2025-11-22
577,2224,529,5,Display is bright and clear.,2026-01-29
578,1387,368,5,Strap quality could be better.,2025-07-25
579,2529,555,5,Strap quality could be better.,2025-04-06
580,2247,454,3,Excellent quality and premium finish.,2025-05-20
581,2763,266,4,Battery life is impressive.,2025-01-12
582,2993,120,3,Battery life is impressive.,2026-02-19
583,1465,882,4,Excellent quality and premium finish.,2025-10-23
584,386,208,3,Perfect gift option.,2026-05-23
585,1320,195,5,Excellent quality and premium finish.,2026-06-01
586,1176,51,5,Excellent quality and premium finish.,2025-11-01
587,2901,436,5,Good watch for daily use.,2026-06-23
588,2149,723,4,Stylish design and comfortable to wear.,2025-04-13
589,1001,828,5,Display is bright and clear.,2026-05-07
590,1597,721,4,Fast delivery and good packaging.,2025-07-22
591,1813,809,5,Battery life is impressive.,2025-04-12
592,166,222,5,Excellent quality and premium finish.,2026-02-07
593,1649,509,4,Display is bright and clear.,2025-12-20
594,1551,890,3,Battery life is impressive.,2025-02-24
595,2802,596,4,Excellent quality and premium finish.,2025-01-02
596,2518,574,3,Battery life is impressive.,2025-01-15
597,486,91,3,Fast delivery and good packaging.,2026-05-04
598,2488,446,4,Display is bright and clear.,2025-02-15
599,1302,424,3,Strap quality could be better.,2025-08-04
600,2953,57,5,Battery life is impressive.,2025-12-02
601,755,741,5,Fast delivery and good packaging.,2025-01-18
602,2629,2,4,Good watch for daily use.,2025-12-20
603,2393,931,4,Strap quality could be better.,2025-07-20
604,650,639,4,Highly recommended.,2025-07-10
605,2785,219,3,Stylish design and comfortable to wear.,2025-12-26
606,1694,651,4,Good watch for daily use.,2025-05-21
607,1279,448,5,Good watch for daily use.,2025-03-14
608,791,514,3,Stylish design and comfortable to wear.,2026-01-05
609,308,380,5,Value for money.,2025-12-23
610,1152,357,5,Highly recommended.,2025-10-11
611,1653,369,3,Strap quality could be better.,2026-03-31
612,2949,275,5,Highly recommended.,2025-08-10
613,2958,603,4,Strap quality could be better.,2025-01-20
614,895,443,4,Highly recommended.,2025-05-01
615,2560,546,3,Display is bright and clear.,2026-02-01
616,1914,404,5,Perfect gift option.,2025-11-06
617,421,12,5,Stylish design and comfortable to wear.,2025-03-09
618,2488,596,5,Stylish design and comfortable to wear.,2026-02-07
619,2156,581,3,Strap quality could be better.,2025-03-28
620,2835,282,4,Strap quality could be better.,2026-05-28
621,1968,398,3,Battery life is impressive.,2025-11-15
622,1406,380,4,Display is bright and clear.,2025-02-08
623,1740,780,4,Good watch for daily use.,2025-11-20
624,1876,640,3,Fast delivery and good packaging.,2025-09-30
625,1405,924,5,Perfect gift option.,2026-06-08
626,518,87,4,Stylish design and comfortable to wear.,2025-01-04
627,2612,961,5,Stylish design and comfortable to wear.,2026-02-07
628,2301,79,5,Highly recommended.,2026-05-13
629,1596,928,4,Value for money.,2025-02-09
630,223,426,5,Battery life is impressive.,2025-01-25
631,1254,847,4,Good watch for daily use.,2025-10-10
632,986,263,5,Highly recommended.,2025-03-31
633,1445,932,3,Perfect gift option.,2025-01-20
634,2477,256,4,Good watch for daily use.,2026-04-08
635,2641,159,3,Excellent quality and premium finish.,2026-06-05
636,714,303,5,Perfect gift option.,2025-06-16
637,2798,526,5,Excellent quality and premium finish.,2025-09-20
638,664,946,4,Highly recommended.,2025-07-31
639,1158,586,5,Excellent quality and premium finish.,2026-03-19
640,2719,180,5,Value for money.,2026-03-09
641,123,777,4,Good watch for daily use.,2025-08-05
642,443,186,3,Value for money.,2025-04-20
643,2695,330,5,Fast delivery and good packaging.,2025-03-05
644,466,860,4,Display is bright and clear.,2025-12-26
645,1140,414,5,Battery life is impressive.,2025-01-18
646,330,12,5,Value for money.,2026-01-21
647,735,12,5,Highly recommended.,2025-11-18
648,2641,835,3,Battery life is impressive.,2026-01-23
649,838,446,3,Display is bright and clear.,2026-06-03
650,745,453,4,Highly recommended.,2025-10-23
651,1858,180,5,Excellent quality and premium finish.,2026-06-06
652,2185,999,4,Battery life is impressive.,2025-01-19
653,1129,200,4,Battery life is impressive.,2025-04-03
654,2047,86,3,Battery life is impressive.,2025-04-17
655,128,64,5,Excellent quality and premium finish.,2025-12-27
656,2602,368,4,Display is bright and clear.,2025-05-18
657,2576,612,4,Battery life is impressive.,2025-05-26
658,1403,300,5,Value for money.,2026-06-07
659,320,713,3,Highly recommended.,2026-03-01
660,1861,141,5,Highly recommended.,2025-04-05
661,10,389,4,Excellent quality and premium finish.,2025-09-13
662,1449,122,5,Perfect gift option.,2025-06-29
663,2976,340,5,Perfect gift option.,2025-12-02
664,449,932,5,Highly recommended.,2026-05-13
665,2899,142,3,Fast delivery and good packaging.,2025-05-01
666,1614,48,4,Display is bright and clear.,2025-05-20
667,1629,500,3,Stylish design and comfortable to wear.,2025-08-03
668,201,573,5,Perfect gift option.,2025-05-18
669,2934,524,4,Excellent quality and premium finish.,2025-08-20
670,1259,218,5,Stylish design and comfortable to wear.,2026-01-07
671,1072,296,4,Fast delivery and good packaging.,2026-06-27
672,1873,245,4,Value for money.,2025-12-10
673,408,808,3,Strap quality could be better.,2025-04-30
674,5,878,3,Good watch for daily use.,2025-09-11
675,1662,559,3,Good watch for daily use.,2026-02-07
676,2927,153,4,Excellent quality and premium finish.,2025-10-13
677,2561,312,4,Good watch for daily use.,2025-08-30
678,1502,930,4,Excellent quality and premium finish.,2025-11-26
679,334,55,5,Excellent quality and premium finish.,2026-02-22
680,2196,483,4,Display is bright and clear.,2026-04-02
681,2507,209,5,Highly recommended.,2025-12-07
682,2299,874,4,Excellent quality and premium finish.,2025-04-28
683,2137,878,4,Battery life is impressive.,2025-07-09
684,1300,852,5,Display is bright and clear.,2026-04-12
685,886,147,3,Stylish design and comfortable to wear.,2025-03-24
686,1971,542,3,Highly recommended.,2026-01-25
687,1086,632,3,Highly recommended.,2025-08-12
688,2599,417,3,Stylish design and comfortable to wear.,2025-12-29
689,126,249,3,Highly recommended.,2025-10-30
690,2168,145,3,Battery life is impressive.,2026-02-13
691,310,222,5,Perfect gift option.,2026-01-01
692,19,579,3,Display is bright and clear.,2025-04-16
693,2851,643,3,Strap quality could be better.,2026-01-08
694,1296,259,5,Good watch for daily use.,2025-12-04
695,1853,21,4,Fast delivery and good packaging.,2025-08-26
696,1031,304,4,Perfect gift option.,2025-11-18
697,2050,877,3,Display is bright and clear.,2025-06-23
698,2381,813,5,Value for money.,2025-06-29
699,596,824,3,Excellent quality and premium finish.,2025-07-13
700,1688,79,3,Strap quality could be better.,2026-02-10
701,820,360,5,Good watch for daily use.,2025-10-28
702,2251,127,4,Value for money.,2026-05-15
703,1528,661,3,Value for money.,2025-02-24
704,2186,812,4,Display is bright and clear.,2025-02-01
705,1647,184,5,Fast delivery and good packaging.,2026-04-13
706,2853,987,5,Good watch for daily use.,2026-01-08
707,2181,863,4,Display is bright and clear.,2025-12-12
708,1334,985,3,Stylish design and comfortable to wear.,2026-05-26
709,2053,829,3,Good watch for daily use.,2026-06-02
710,2821,986,5,Stylish design and comfortable to wear.,2025-02-07
711,1122,320,5,Fast delivery and good packaging.,2025-01-28
712,1163,228,4,Excellent quality and premium finish.,2025-05-18
713,1843,865,5,Value for money.,2025-09-04
714,541,974,5,Highly recommended.,2025-03-19
715,2748,891,5,Display is bright and clear.,2025-01-20
716,2587,549,5,Value for money.,2025-11-16
717,855,235,3,Strap quality could be better.,2026-04-28
718,154,185,5,Fast delivery and good packaging.,2025-10-19
719,62,4,3,Battery life is impressive.,2026-02-13
720,1044,179,5,Strap quality could be better.,2026-06-08
721,1415,419,5,Stylish design and comfortable to wear.,2026-06-07
722,2960,124,3,Battery life is impressive.,2025-08-30
723,424,352,3,Stylish design and comfortable to wear.,2025-06-26
724,2209,288,3,Good watch for daily use.,2025-03-21
725,1530,479,5,Excellent quality and premium finish.,2025-06-05
726,576,858,5,Good watch for daily use.,2026-05-25
727,2820,951,4,Perfect gift option.,2025-10-30
728,122,379,4,Strap quality could be better.,2025-03-06
729,1122,671,4,Display is bright and clear.,2025-12-09
730,2640,229,3,Excellent quality and premium finish.,2025-02-24
731,2260,368,5,Value for money.,2025-03-19
732,1974,812,3,Perfect gift option.,2025-11-05
733,550,252,3,Good watch for daily use.,2025-11-13
734,1952,487,3,Strap quality could be better.,2026-05-13
735,198,178,5,Excellent quality and premium finish.,2025-04-14
736,1029,163,4,Value for money.,2025-06-23
737,1174,440,5,Battery life is impressive.,2025-05-16
738,1393,665,4,Display is bright and clear.,2025-01-23
739,223,248,5,Highly recommended.,2025-01-11
740,444,324,5,Perfect gift option.,2026-02-24
741,489,243,4,Highly recommended.,2025-08-22
742,2602,528,5,Highly recommended.,2025-12-18
743,2512,226,4,Battery life is impressive.,2025-01-21
744,184,751,5,Perfect gift option.,2025-01-21
745,153,736,4,Strap quality could be better.,2026-02-15
746,1286,90,4,Stylish design and comfortable to wear.,2025-03-17
747,2693,648,5,Battery life is impressive.,2025-12-26
748,1490,615,5,Perfect gift option.,2025-08-27
749,887,664,3,Perfect gift option.,2026-01-21
750,704,498,3,Highly recommended.,2026-05-07
751,879,839,4,Excellent quality and premium finish.,2025-06-15
752,1607,92,4,Excellent quality and premium finish.,2025-11-10
753,209,184,5,Fast delivery and good packaging.,2025-10-28
754,933,872,4,Strap quality could be better.,2026-03-14
755,921,344,5,Stylish design and comfortable to wear.,2026-01-04
756,2932,975,4,Highly recommended.,2025-06-13
757,66,155,3,Excellent quality and premium finish.,2025-11-29
758,2621,832,4,Highly recommended.,2025-08-26
759,573,191,4,Highly recommended.,2025-02-08
760,1740,744,4,Good watch for daily use.,2025-08-14
761,2473,21,3,Stylish design and comfortable to wear.,2025-12-29
762,2713,716,4,Display is bright and clear.,2026-01-21
763,1685,644,5,Highly recommended.,2026-01-31
764,1268,922,3,Strap quality could be better.,2025-11-17
765,1773,172,5,Value for money.,2025-09-03
766,2282,377,5,Battery life is impressive.,2025-07-31
767,1135,299,4,Fast delivery and good packaging.,2026-02-04
768,1844,838,4,Excellent quality and premium finish.,2025-03-08
769,2010,377,3,Good watch for daily use.,2026-06-06
770,1866,363,3,Good watch for daily use.,2025-08-27
771,544,946,4,Excellent quality and premium finish.,2025-02-12
772,969,919,5,Good watch for daily use.,2025-09-09
773,591,161,5,Value for money.,2026-05-12
774,2861,449,5,Excellent quality and premium finish.,2025-10-25
775,2703,567,5,Good watch for daily use.,2025-07-09
776,2489,678,3,Value for money.,2025-10-26
777,2486,532,3,Value for money.,2026-07-03
778,337,756,5,Good watch for daily use.,2025-05-06
779,2921,68,4,Strap quality could be better.,2025-05-29
780,270,545,3,Highly recommended.,2025-02-07
781,1002,866,3,Stylish design and comfortable to wear.,2025-07-22
782,1358,51,4,Stylish design and comfortable to wear.,2025-09-21
783,1214,90,4,Value for money.,2026-01-25
784,2318,273,5,Perfect gift option.,2025-03-18
785,2185,36,5,Perfect gift option.,2025-02-05
786,1495,261,3,Good watch for daily use.,2026-07-04
787,2294,182,3,Good watch for daily use.,2025-02-19
788,593,19,5,Value for money.,2025-02-23
789,1478,942,4,Perfect gift option.,2025-04-27
790,2238,157,4,Strap quality could be better.,2025-12-12
791,250,877,3,Fast delivery and good packaging.,2026-03-14
792,1629,353,5,Value for money.,2025-11-15
793,622,938,3,Value for money.,2025-03-26
794,2230,374,4,Stylish design and comfortable to wear.,2026-01-02
795,2211,648,5,Fast delivery and good packaging.,2025-02-07
796,2161,421,5,Battery life is impressive.,2025-07-18
797,2216,487,5,Battery life is impressive.,2026-06-19
798,1234,803,3,Fast delivery and good packaging.,2026-01-03
799,1239,58,3,Stylish design and comfortable to wear.,2026-03-13
800,2998,665,4,Highly recommended.,2025-07-02
801,2635,502,3,Perfect gift option.,2025-10-02
802,650,162,5,Strap quality could be better.,2025-01-12
803,1471,299,4,Strap quality could be better.,2026-06-08
804,790,100,5,Good watch for daily use.,2025-03-25
805,1377,795,3,Display is bright and clear.,2025-06-19
806,758,846,4,Excellent quality and premium finish.,2026-05-08
807,271,856,3,Perfect gift option.,2025-04-02
808,443,34,5,Value for money.,2025-04-16
809,341,10,3,Display is bright and clear.,2026-03-24
810,1987,141,5,Strap quality could be better.,2026-03-26
811,2371,465,3,Display is bright and clear.,2026-04-09
812,2334,854,3,Stylish design and comfortable to wear.,2026-05-18
813,1239,64,3,Good watch for daily use.,2025-05-31
814,2177,811,3,Fast delivery and good packaging.,2026-02-14
815,61,384,4,Fast delivery and good packaging.,2025-04-22
816,1999,603,5,Excellent quality and premium finish.,2025-12-26
817,2720,548,3,Perfect gift option.,2025-05-14
818,885,150,4,Highly recommended.,2026-05-29
819,1580,512,5,Fast delivery and good packaging.,2025-03-30
820,1158,876,5,Perfect gift option.,2026-01-23
821,2361,973,5,Battery life is impressive.,2025-04-10
822,2346,459,4,Perfect gift option.,2026-04-15
823,2797,495,5,Highly recommended.,2025-03-22
824,752,862,4,Good watch for daily use.,2026-02-23
825,2532,82,4,Value for money.,2025-01-14
826,1167,72,4,Perfect gift option.,2025-03-11
827,1476,48,4,Display is bright and clear.,2026-07-04
828,2636,966,4,Strap quality could be better.,2025-08-01
829,1467,288,4,Highly recommended.,2025-06-16
830,2901,729,3,Good watch for daily use.,2025-05-29
831,1852,606,5,Display is bright and clear.,2026-01-18
832,1929,196,4,Battery life is impressive.,2026-01-22
833,1339,306,5,Highly recommended.,2026-04-26
834,600,107,3,Value for money.,2026-06-22
835,2015,152,4,Display is bright and clear.,2025-04-11
836,1894,755,5,Value for money.,2025-10-27
837,923,230,5,Perfect gift option.,2025-04-02
838,1496,190,5,Highly recommended.,2025-10-04
839,2724,643,3,Strap quality could be better.,2025-07-11
840,2098,285,5,Excellent quality and premium finish.,2025-12-17
841,423,559,5,Highly recommended.,2025-08-24
842,1474,619,4,Battery life is impressive.,2025-01-22
843,1538,551,3,Perfect gift option.,2026-05-18
844,617,606,5,Highly recommended.,2025-12-04
845,545,273,5,Battery life is impressive.,2025-06-14
846,1389,365,3,Highly recommended.,2025-09-04
847,2309,27,5,Stylish design and comfortable to wear.,2026-02-28
848,770,328,5,Strap quality could be better.,2025-12-04
849,2192,66,5,Strap quality could be better.,2025-08-21
850,385,757,4,Excellent quality and premium finish.,2026-03-22
851,717,564,4,Stylish design and comfortable to wear.,2025-11-24
852,1578,997,5,Stylish design and comfortable to wear.,2026-05-30
853,2316,906,3,Fast delivery and good packaging.,2025-08-09
854,650,102,5,Good watch for daily use.,2025-03-16
855,1451,715,3,Display is bright and clear.,2025-06-18
856,2281,77,3,Good watch for daily use.,2025-02-28
857,1765,594,5,Display is bright and clear.,2025-10-23
858,2127,513,4,Stylish design and comfortable to wear.,2025-04-22
859,393,142,4,Strap quality could be better.,2026-05-09
860,2038,991,4,Battery life is impressive.,2025-07-08
861,1773,271,3,Perfect gift option.,2025-11-26
862,1973,125,5,Fast delivery and good packaging.,2026-02-26
863,6,77,4,Fast delivery and good packaging.,2026-06-11
864,1585,407,3,Perfect gift option.,2026-05-03
865,2572,508,4,Stylish design and comfortable to wear.,2026-06-06
866,1477,360,3,Perfect gift option.,2026-02-22
867,2509,250,4,Good watch for daily use.,2025-09-29
868,365,452,4,Perfect gift option.,2025-10-14
869,1154,134,4,Stylish design and comfortable to wear.,2026-03-29
870,2537,664,3,Stylish design and comfortable to wear.,2025-01-04
871,1818,768,4,Good watch for daily use.,2026-03-09
872,566,416,4,Stylish design and comfortable to wear.,2025-04-01
873,1863,107,3,Highly recommended.,2025-12-08
874,1477,556,5,Good watch for daily use.,2026-04-16
875,2221,867,5,Excellent quality and premium finish.,2025-01-05
876,2529,489,3,Stylish design and comfortable to wear.,2026-04-17
877,2566,488,3,Perfect gift option.,2026-03-20
878,1382,670,5,Excellent quality and premium finish.,2025-10-20
879,476,473,3,Stylish design and comfortable to wear.,2025-04-16
880,1094,636,5,Stylish design and comfortable to wear.,2026-03-01
881,2593,838,5,Fast delivery and good packaging.,2025-12-04
882,1429,241,4,Battery life is impressive.,2025-10-01
883,1656,176,3,Value for money.,2025-01-15
884,1167,401,4,Display is bright and clear.,2025-10-12
885,2839,301,3,Excellent quality and premium finish.,2026-04-03
886,2161,175,4,Battery life is impressive.,2025-08-26
887,431,832,5,Highly recommended.,2025-01-26
888,341,103,3,Display is bright and clear.,2026-02-06
889,479,577,5,Value for money.,2025-07-31
890,2084,323,5,Excellent quality and premium finish.,2026-04-15
891,113,454,4,Good watch for daily use.,2026-06-09
892,1662,520,3,Stylish design and comfortable to wear.,2026-05-07
893,2588,178,5,Fast delivery and good packaging.,2025-04-08
894,2053,282,5,Display is bright and clear.,2025-10-03
895,2000,499,5,Stylish design and comfortable to wear.,2025-12-13
896,341,161,5,Fast delivery and good packaging.,2026-07-03
897,1505,356,4,Stylish design and comfortable to wear.,2025-05-14
898,1240,482,5,Excellent quality and premium finish.,2025-09-19
899,1596,244,3,Excellent quality and premium finish.,2025-03-06
900,1330,709,5,Stylish design and comfortable to wear.,2025-12-07
901,2532,244,5,Highly recommended.,2026-01-08
902,193,625,4,Stylish design and comfortable to wear.,2025-01-29
903,1565,400,3,Stylish design and comfortable to wear.,2026-03-21
904,2735,573,3,Strap quality could be better.,2025-01-30
905,855,558,4,Good watch for daily use.,2026-04-30
906,823,139,5,Display is bright and clear.,2025-01-07
907,836,237,5,Battery life is impressive.,2025-02-18
908,2654,454,4,Highly recommended.,2026-01-07
909,1722,363,3,Good watch for daily use.,2025-08-28
910,646,30,5,Highly recommended.,2025-03-23
911,1651,217,4,Strap quality could be better.,2025-11-04
912,900,460,3,Value for money.,2026-04-06
913,2489,388,5,Display is bright and clear.,2025-05-13
914,2494,210,4,Stylish design and comfortable to wear.,2026-04-27
915,828,26,3,Display is bright and clear.,2025-01-08
916,172,329,4,Good watch for daily use.,2026-01-26
917,775,928,4,Display is bright and clear.,2025-08-08
918,1976,985,3,Perfect gift option.,2025-06-15
919,2312,514,5,Display is bright and clear.,2025-10-02
920,515,224,5,Good watch for daily use.,2025-04-02
921,1630,189,4,Display is bright and clear.,2026-01-31
922,1142,385,3,Perfect gift option.,2025-04-07
923,1996,409,3,Perfect gift option.,2025-12-03
924,1785,895,5,Battery life is impressive.,2025-01-13
925,1256,975,5,Battery life is impressive.,2025-04-27
926,2065,82,5,Good watch for daily use.,2026-06-24
927,2648,949,5,Value for money.,2026-06-16
928,240,941,5,Good watch for daily use.,2025-10-06
929,1709,418,3,Strap quality could be better.,2026-05-20
930,2759,479,3,Display is bright and clear.,2026-03-08
931,11,125,3,Excellent quality and premium finish.,2025-12-05
932,2299,709,5,Stylish design and comfortable to wear.,2026-04-23
933,1778,42,4,Good watch for daily use.,2026-01-14
934,480,866,3,Fast delivery and good packaging.,2025-08-03
935,954,647,4,Good watch for daily use.,2026-03-26
936,2507,902,3,Perfect gift option.,2025-03-14
937,13,899,5,Perfect gift option.,2026-02-25
938,735,305,5,Battery life is impressive.,2025-09-23
939,2681,283,4,Battery life is impressive.,2025-06-15
940,1451,375,3,Battery life is impressive.,2025-03-29
941,2676,362,4,Battery life is impressive.,2025-08-16
942,1287,339,3,Stylish design and comfortable to wear.,2025-04-10
943,2080,58,3,Good watch for daily use.,2025-03-29
944,2371,401,5,Fast delivery and good packaging.,2025-04-03
945,2109,999,4,Value for money.,2026-01-07
946,2577,60,5,Fast delivery and good packaging.,2025-07-19
947,1412,605,3,Stylish design and comfortable to wear.,2025-06-03
948,257,791,3,Perfect gift option.,2026-01-01
949,557,791,4,Highly recommended.,2025-04-02
950,2354,609,4,Value for money.,2026-05-03
951,1153,390,3,Highly recommended.,2025-09-25
952,2382,767,3,Battery life is impressive.,2026-03-28
953,2126,166,5,Value for money.,2025-12-17
954,2546,436,3,Good watch for daily use.,2025-12-20
955,2649,577,4,Highly recommended.,2025-03-26
956,1726,800,3,Strap quality could be better.,2026-05-02
957,104,758,4,Display is bright and clear.,2025-11-15
958,669,727,4,Battery life is impressive.,2026-06-26
959,1131,686,5,Stylish design and comfortable to wear.,2025-11-16
960,2044,735,3,Strap quality could be better.,2025-06-20
961,2143,797,3,Battery life is impressive.,2025-01-17
962,1517,710,5,Fast delivery and good packaging.,2026-04-10
963,231,309,4,Strap quality could be better.,2025-05-18
964,2773,185,3,Display is bright and clear.,2026-02-02
965,827,456,5,Good watch for daily use.,2025-07-29
966,543,15,3,Display is bright and clear.,2025-08-07
967,1778,213,3,Perfect gift option.,2026-06-15
968,1119,321,5,Good watch for daily use.,2025-02-03
969,777,952,5,Strap quality could be better.,2026-01-10
970,1306,978,3,Fast delivery and good packaging.,2026-03-01
971,83,896,5,Battery life is impressive.,2025-06-15
972,25,604,4,Value for money.,2025-03-21
973,2813,225,4,Stylish design and comfortable to wear.,2025-07-22
974,989,633,4,Stylish design and comfortable to wear.,2026-01-28
975,1715,849,5,Good watch for daily use.,2025-06-29
976,31,29,3,Stylish design and comfortable to wear.,2025-08-09
977,1886,646,5,Fast delivery and good packaging.,2025-02-12
978,1453,191,5,Stylish design and comfortable to wear.,2025-11-25
979,2657,961,3,Excellent quality and premium finish.,2026-03-27
980,640,303,4,Good watch for daily use.,2026-03-24
981,2216,317,3,Fast delivery and good packaging.,2026-03-13
982,938,332,5,Display is bright and clear.,2025-05-18
983,2570,54,4,Stylish design and comfortable to wear.,2026-02-03
984,2945,203,4,Perfect gift option.,2025-05-09
985,2379,18,5,Strap quality could be better.,2025-03-14
986,1581,989,4,Display is bright and clear.,2026-05-29
987,2923,345,3,Good watch for daily use.,2025-05-31
988,2300,493,3,Fast delivery and good packaging.,2025-02-11
989,1939,203,3,Display is bright and clear.,2025-04-03
990,825,597,3,Strap quality could be better.,2025-08-04
991,2856,409,4,Good watch for daily use.,2025-06-18
992,2072,837,3,Perfect gift option.,2025-03-31
993,2396,416,4,Excellent quality and premium finish.,2025-03-31
994,1776,413,3,Fast delivery and good packaging.,2026-04-30
995,1565,823,3,Stylish design and comfortable to wear.,2025-01-26
996,1543,1,4,Good watch for daily use.,2025-04-30
997,388,632,4,Strap quality could be better.,2026-06-29
998,361,831,3,Strap quality could be better.,2025-02-08
999,209,17,3,Battery life is impressive.,2025-04-13
1000,1726,530,5,Fast delivery and good packaging.,2025-11-03
1001,1931,968,5,Value for money.,2025-09-15
1002,1325,214,4,Good watch for daily use.,2025-06-11
1003,336,421,5,Strap quality could be better.,2025-11-07
1004,2956,591,5,Stylish design and comfortable to wear.,2025-04-30
1005,586,379,5,Strap quality could be better.,2026-02-22
1006,74,806,3,Display is bright and clear.,2026-01-30
1007,2412,144,5,Fast delivery and good packaging.,2025-11-01
1008,961,355,4,Display is bright and clear.,2025-06-01
1009,1016,172,5,Perfect gift option.,2026-03-12
1010,1597,861,4,Excellent quality and premium finish.,2025-01-15
1011,882,473,3,Fast delivery and good packaging.,2025-10-01
1012,2689,672,4,Battery life is impressive.,2025-11-18
1013,276,196,3,Good watch for daily use.,2025-01-19
1014,1821,951,4,Battery life is impressive.,2026-01-14
1015,981,634,4,Stylish design and comfortable to wear.,2025-07-21
1016,2672,202,4,Display is bright and clear.,2025-03-01
1017,720,683,4,Excellent quality and premium finish.,2025-07-25
1018,2206,626,4,Fast delivery and good packaging.,2025-12-22
1019,1484,115,5,Highly recommended.,2025-11-06
1020,1852,429,5,Display is bright and clear.,2025-11-01
1021,948,174,5,Perfect gift option.,2026-01-20
1022,1783,372,3,Display is bright and clear.,2026-07-03
1023,892,704,3,Good watch for daily use.,2025-01-12
1024,1583,739,4,Highly recommended.,2025-10-01
1025,956,552,4,Stylish design and comfortable to wear.,2025-04-12
1026,559,482,4,Highly recommended.,2025-10-14
1027,1604,145,3,Excellent quality and premium finish.,2026-05-01
1028,1433,364,5,Strap quality could be better.,2025-03-23
1029,2042,536,3,Highly recommended.,2025-02-14
1030,1744,122,5,Battery life is impressive.,2025-01-13
1031,2269,850,4,Excellent quality and premium finish.,2026-03-11
1032,2099,599,3,Strap quality could be better.,2026-03-22
1033,80,270,4,Value for money.,2025-06-23
1034,1093,65,3,Perfect gift option.,2025-01-28
1035,1800,231,5,Value for money.,2026-03-13
1036,138,691,4,Stylish design and comfortable to wear.,2025-09-20
1037,949,470,5,Perfect gift option.,2026-02-12
1038,954,401,4,Strap quality could be better.,2025-12-05
1039,1931,747,5,Stylish design and comfortable to wear.,2026-03-20
1040,828,505,3,Battery life is impressive.,2025-11-27
1041,2042,693,4,Stylish design and comfortable to wear.,2025-11-23
1042,595,979,4,Strap quality could be better.,2026-01-07
1043,868,232,3,Value for money.,2025-01-20
1044,885,324,4,Perfect gift option.,2025-06-04
1045,735,645,4,Display is bright and clear.,2025-10-04
1046,1837,809,5,Value for money.,2026-06-09
1047,1724,796,4,Highly recommended.,2025-12-20
1048,1527,423,5,Good watch for daily use.,2026-05-07
1049,2548,765,3,Battery life is impressive.,2025-04-07
1050,1917,725,3,Stylish design and comfortable to wear.,2026-04-15
1051,2047,968,3,Excellent quality and premium finish.,2026-02-15
1052,347,368,5,Battery life is impressive.,2025-03-13
1053,1061,309,5,Stylish design and comfortable to wear.,2025-07-31
1054,2078,252,3,Strap quality could be better.,2025-10-15
1055,1669,650,3,Perfect gift option.,2025-02-21
1056,898,594,4,Excellent quality and premium finish.,2026-06-27
1057,2684,113,5,Stylish design and comfortable to wear.,2025-06-23
1058,1745,53,3,Excellent quality and premium finish.,2026-06-01
1059,3000,247,4,Good watch for daily use.,2025-03-03
1060,177,374,3,Excellent quality and premium finish.,2025-11-16
1061,2731,756,5,Strap quality could be better.,2025-11-23
1062,1322,229,4,Value for money.,2026-03-05
1063,1595,452,5,Highly recommended.,2026-01-16
1064,1425,426,4,Highly recommended.,2025-12-19
1065,129,620,4,Strap quality could be better.,2025-11-20
1066,757,883,3,Display is bright and clear.,2025-11-27
1067,156,549,3,Battery life is impressive.,2025-03-17
1068,2697,287,5,Value for money.,2025-11-03
1069,1621,914,3,Value for money.,2025-07-20
1070,745,3,5,Excellent quality and premium finish.,2025-12-25
1071,1710,660,4,Strap quality could be better.,2025-04-23
1072,2399,648,5,Value for money.,2025-12-08
1073,2736,541,3,Battery life is impressive.,2025-02-24
1074,1943,744,4,Value for money.,2026-07-05
1075,2230,558,4,Strap quality could be better.,2026-01-04
1076,2561,173,5,Highly recommended.,2026-05-17
1077,1114,656,5,Good watch for daily use.,2026-01-22
1078,1033,42,4,Excellent quality and premium finish.,2025-03-03
1079,915,41,3,Value for money.,2025-05-30
1080,160,949,3,Battery life is impressive.,2026-01-24
1081,2814,948,3,Perfect gift option.,2025-11-02
1082,514,485,4,Excellent quality and premium finish.,2025-12-18
1083,312,795,5,Fast delivery and good packaging.,2026-02-26
1084,145,354,3,Fast delivery and good packaging.,2025-01-05
1085,2562,504,5,Fast delivery and good packaging.,2025-04-22
1086,1908,46,5,Perfect gift option.,2025-08-21
1087,2641,290,3,Display is bright and clear.,2026-05-11
1088,2870,927,5,Excellent quality and premium finish.,2025-06-21
1089,1950,616,4,Value for money.,2025-09-05
1090,2984,789,5,Highly recommended.,2025-09-30
1091,92,519,5,Stylish design and comfortable to wear.,2026-05-26
1092,1722,909,5,Highly recommended.,2026-02-01
1093,1447,431,4,Highly recommended.,2026-02-12
1094,527,107,4,Strap quality could be better.,2026-03-12
1095,747,598,4,Perfect gift option.,2026-01-13
1096,1508,693,3,Battery life is impressive.,2025-08-05
1097,224,606,3,Perfect gift option.,2025-06-10
1098,242,525,5,Excellent quality and premium finish.,2026-05-04
1099,763,176,4,Value for money.,2025-02-03
1100,612,726,5,Perfect gift option.,2025-11-04
1101,2947,52,4,Stylish design and comfortable to wear.,2025-05-29
1102,467,1000,5,Stylish design and comfortable to wear.,2026-03-12
1103,2721,906,5,Value for money.,2025-07-10
1104,1713,743,3,Value for money.,2025-05-11
1105,1494,90,3,Strap quality could be better.,2025-11-23
1106,2657,576,3,Value for money.,2025-12-20
1107,2733,926,3,Fast delivery and good packaging.,2025-06-18
1108,2846,804,3,Good watch for daily use.,2025-06-07
1109,1362,705,3,Excellent quality and premium finish.,2025-09-12
1110,1106,506,3,Perfect gift option.,2025-01-21
1111,136,316,3,Strap quality could be better.,2025-01-03
1112,1490,311,3,Perfect gift option.,2025-02-10
1113,2876,695,4,Good watch for daily use.,2026-06-18
1114,2244,809,5,Strap quality could be better.,2025-12-14
1115,988,626,5,Stylish design and comfortable to wear.,2026-01-03
1116,1714,347,3,Display is bright and clear.,2025-02-04
1117,1412,82,5,Battery life is impressive.,2025-04-07
1118,2993,146,5,Battery life is impressive.,2025-03-31
1119,2967,676,5,Perfect gift option.,2025-12-02
1120,2878,196,3,Good watch for daily use.,2025-04-02
1121,1796,154,5,Perfect gift option.,2026-05-13
1122,2558,608,5,Stylish design and comfortable to wear.,2025-08-05
1123,844,89,4,Good watch for daily use.,2025-08-07
1124,634,665,4,Perfect gift option.,2026-07-01
1125,2511,872,5,Good watch for daily use.,2026-04-08
1126,1545,236,4,Good watch for daily use.,2025-11-24
1127,1510,429,5,Perfect gift option.,2025-07-26
1128,2591,285,3,Battery life is impressive.,2026-01-25
1129,2432,846,4,Battery life is impressive.,2025-11-06
1130,124,671,3,Display is bright and clear.,2025-06-01
1131,902,528,5,Strap quality could be better.,2025-11-26
1132,531,372,4,Fast delivery and good packaging.,2026-05-26
1133,1371,396,5,Perfect gift option.,2026-03-09
1134,233,126,5,Value for money.,2026-03-26
1135,1024,550,3,Value for money.,2025-07-28
1136,42,313,4,Stylish design and comfortable to wear.,2025-03-02
1137,508,263,3,Value for money.,2025-03-11
1138,2670,832,3,Excellent quality and premium finish.,2026-03-01
1139,403,340,4,Fast delivery and good packaging.,2025-04-30
1140,207,782,3,Battery life is impressive.,2025-09-09
1141,1492,410,5,Battery life is impressive.,2026-06-22
1142,403,905,4,Display is bright and clear.,2025-08-30
1143,2490,738,3,Strap quality could be better.,2025-11-02
1144,1202,734,4,Excellent quality and premium finish.,2025-05-13
1145,1568,882,3,Good watch for daily use.,2026-02-25
1146,1336,653,5,Value for money.,2025-01-26
1147,451,612,5,Battery life is impressive.,2025-05-08
1148,2356,674,5,Value for money.,2026-05-23
1149,981,784,5,Value for money.,2026-01-25
1150,1767,92,5,Excellent quality and premium finish.,2026-01-10
1151,333,814,5,Display is bright and clear.,2025-03-18
1152,1716,482,4,Battery life is impressive.,2025-06-17
1153,1759,648,3,Good watch for daily use.,2025-12-03
1154,302,686,3,Value for money.,2026-01-31
1155,51,446,3,Display is bright and clear.,2025-05-26
1156,283,453,5,Stylish design and comfortable to wear.,2025-08-16
1157,680,371,4,Excellent quality and premium finish.,2025-04-19
1158,1142,242,3,Fast delivery and good packaging.,2025-01-08
1159,1428,898,3,Stylish design and comfortable to wear.,2026-06-25
1160,828,485,4,Good watch for daily use.,2025-08-27
1161,2200,905,5,Good watch for daily use.,2026-05-20
1162,893,154,5,Highly recommended.,2025-10-26
1163,1591,270,4,Value for money.,2025-11-21
1164,1630,37,3,Stylish design and comfortable to wear.,2026-04-06
1165,1318,54,5,Battery life is impressive.,2026-06-16
1166,815,385,4,Display is bright and clear.,2025-09-14
1167,1370,89,4,Perfect gift option.,2026-06-01
1168,1540,93,4,Display is bright and clear.,2026-06-15
1169,1935,290,4,Stylish design and comfortable to wear.,2026-06-03
1170,1691,916,5,Strap quality could be better.,2026-06-03
1171,395,865,3,Perfect gift option.,2026-03-08
1172,2798,623,4,Highly recommended.,2025-07-26
1173,1610,105,4,Fast delivery and good packaging.,2025-12-18
1174,2997,77,4,Value for money.,2025-09-22
1175,117,204,5,Highly recommended.,2025-05-16
1176,2010,177,3,Battery life is impressive.,2025-06-20
1177,2456,300,4,Battery life is impressive.,2025-08-03
1178,2377,874,4,Display is bright and clear.,2025-09-22
1179,298,221,5,Value for money.,2025-10-27
1180,1278,693,4,Highly recommended.,2025-12-13
1181,2946,803,5,Strap quality could be better.,2025-05-27
1182,1265,82,4,Battery life is impressive.,2025-06-18
1183,185,587,4,Strap quality could be better.,2026-05-18
1184,810,511,3,Excellent quality and premium finish.,2025-04-01
1185,539,425,5,Fast delivery and good packaging.,2025-06-30
1186,1669,690,5,Display is bright and clear.,2025-07-09
1187,1929,405,5,Perfect gift option.,2025-08-06
1188,2265,155,3,Battery life is impressive.,2026-03-06
1189,55,470,4,Display is bright and clear.,2025-10-27
1190,404,5,4,Excellent quality and premium finish.,2025-11-20
1191,2794,547,3,Perfect gift option.,2025-12-08
1192,1593,818,5,Good watch for daily use.,2025-12-24
1193,1550,155,4,Fast delivery and good packaging.,2025-08-03
1194,388,795,3,Highly recommended.,2026-02-02
1195,845,527,3,Good watch for daily use.,2025-06-09
1196,326,39,3,Battery life is impressive.,2025-02-09
1197,273,474,5,Value for money.,2026-01-28
1198,2532,55,3,Fast delivery and good packaging.,2025-06-01
1199,400,417,4,Battery life is impressive.,2025-09-19
1200,1459,747,5,Perfect gift option.,2025-11-21
1201,182,236,4,Good watch for daily use.,2025-01-11
1202,115,870,5,Excellent quality and premium finish.,2025-06-18
1203,2278,864,4,Highly recommended.,2026-04-19
1204,828,195,3,Perfect gift option.,2026-06-01
1205,2600,53,3,Fast delivery and good packaging.,2025-10-05
1206,1306,244,3,Battery life is impressive.,2025-09-12
1207,2640,196,4,Strap quality could be better.,2025-02-05
1208,1198,773,4,Strap quality could be better.,2026-06-24
1209,1125,305,4,Battery life is impressive.,2026-02-07
1210,2203,80,4,Value for money.,2026-06-29
1211,520,456,5,Excellent quality and premium finish.,2026-05-01
1212,1726,10,4,Fast delivery and good packaging.,2025-01-18
1213,797,210,4,Good watch for daily use.,2026-07-04
1214,1489,116,3,Value for money.,2026-04-23
1215,2210,175,5,Excellent quality and premium finish.,2026-01-14
1216,722,335,5,Strap quality could be better.,2025-04-30
1217,1287,43,3,Excellent quality and premium finish.,2025-06-13
1218,1907,977,3,Battery life is impressive.,2025-02-06
1219,2298,684,4,Battery life is impressive.,2025-04-26
1220,2739,237,3,Battery life is impressive.,2025-02-14
1221,2862,419,5,Display is bright and clear.,2025-01-16
1222,201,865,4,Highly recommended.,2026-03-19
1223,598,166,4,Good watch for daily use.,2025-08-13
1224,47,252,4,Value for money.,2025-07-14
1225,1698,662,4,Fast delivery and good packaging.,2025-04-15
1226,862,692,4,Stylish design and comfortable to wear.,2025-09-03
1227,1988,926,3,Perfect gift option.,2026-03-28
1228,2476,710,5,Good watch for daily use.,2025-12-22
1229,218,246,3,Good watch for daily use.,2025-05-18
1230,2575,786,4,Excellent quality and premium finish.,2026-06-21
1231,2254,127,5,Stylish design and comfortable to wear.,2026-01-23
1232,1380,661,3,Stylish design and comfortable to wear.,2026-02-19
1233,1928,954,5,Highly recommended.,2025-11-16
1234,1178,22,3,Stylish design and comfortable to wear.,2025-08-27
1235,115,716,5,Strap quality could be better.,2025-10-03
1236,2305,990,3,Highly recommended.,2025-11-27
1237,787,31,5,Perfect gift option.,2025-03-13
1238,591,440,4,Stylish design and comfortable to wear.,2025-04-26
1239,138,532,4,Stylish design and comfortable to wear.,2025-03-10
1240,2075,343,4,Fast delivery and good packaging.,2025-05-09
1241,1980,392,4,Strap quality could be better.,2026-03-26
1242,2788,497,4,Perfect gift option.,2025-07-21
1243,996,866,5,Stylish design and comfortable to wear.,2025-02-08
1244,1578,461,4,Stylish design and comfortable to wear.,2025-10-31
1245,422,685,5,Strap quality could be better.,2025-11-09
1246,1749,653,5,Battery life is impressive.,2025-12-26
1247,193,183,5,Strap quality could be better.,2025-10-04
1248,2875,47,5,Strap quality could be better.,2025-04-28
1249,1748,805,3,Excellent quality and premium finish.,2025-03-29
1250,1002,465,4,Value for money.,2026-04-16
1251,950,742,5,Display is bright and clear.,2025-04-26
1252,154,107,3,Good watch for daily use.,2025-01-28
1253,263,607,4,Display is bright and clear.,2026-04-27
1254,1867,865,5,Fast delivery and good packaging.,2025-01-10
1255,369,743,4,Value for money.,2026-01-17
1256,2495,140,4,Value for money.,2026-05-07
1257,330,538,5,Battery life is impressive.,2025-03-10
1258,475,431,3,Good watch for daily use.,2025-02-02
1259,266,775,4,Stylish design and comfortable to wear.,2026-04-02
1260,1077,743,4,Strap quality could be better.,2025-11-16
1261,787,220,3,Highly recommended.,2025-06-10
1262,2641,357,3,Stylish design and comfortable to wear.,2025-11-19
1263,248,980,5,Battery life is impressive.,2025-07-25
1264,412,764,3,Excellent quality and premium finish.,2026-03-05
1265,2001,863,4,Perfect gift option.,2026-04-16
1266,497,692,5,Display is bright and clear.,2026-02-05
1267,91,311,5,Battery life is impressive.,2025-09-18
1268,391,412,5,Display is bright and clear.,2026-04-01
1269,2521,412,4,Excellent quality and premium finish.,2025-05-10
1270,2674,182,4,Stylish design and comfortable to wear.,2025-11-21
1271,1007,906,3,Battery life is impressive.,2026-02-01
1272,206,590,3,Fast delivery and good packaging.,2025-04-07
1273,2403,519,3,Highly recommended.,2026-05-11
1274,1625,547,4,Highly recommended.,2025-03-24
1275,2507,340,5,Value for money.,2025-12-11
1276,1194,170,5,Fast delivery and good packaging.,2026-01-14
1277,689,224,5,Good watch for daily use.,2025-11-07
1278,2121,853,3,Highly recommended.,2025-09-19
1279,165,740,3,Perfect gift option.,2025-08-12
1280,2137,687,4,Value for money.,2025-09-01
1281,2499,293,3,Fast delivery and good packaging.,2025-04-02
1282,1931,102,3,Display is bright and clear.,2025-06-01
1283,2904,703,3,Stylish design and comfortable to wear.,2025-11-24
1284,698,846,4,Display is bright and clear.,2025-04-17
1285,1459,729,4,Good watch for daily use.,2025-12-11
1286,1402,967,5,Fast delivery and good packaging.,2026-02-14
1287,171,69,5,Stylish design and comfortable to wear.,2025-12-10
1288,455,812,3,Good watch for daily use.,2025-10-05
1289,274,22,4,Highly recommended.,2025-08-21
1290,954,116,5,Fast delivery and good packaging.,2025-04-16
1291,75,82,3,Highly recommended.,2025-07-31
1292,2829,366,5,Strap quality could be better.,2025-12-05
1293,330,655,3,Strap quality could be better.,2025-02-27
1294,2570,152,5,Battery life is impressive.,2025-08-06
1295,14,574,5,Highly recommended.,2025-04-28
1296,1864,362,4,Value for money.,2025-06-08
1297,2101,346,5,Perfect gift option.,2026-04-02
1298,1629,457,3,Good watch for daily use.,2025-10-25
1299,2765,885,3,Stylish design and comfortable to wear.,2025-09-27
1300,2626,626,4,Good watch for daily use.,2025-09-20
1301,2574,44,3,Excellent quality and premium finish.,2025-06-14
1302,2435,731,4,Fast delivery and good packaging.,2026-06-09
1303,1430,925,3,Strap quality could be better.,2026-06-02
1304,1082,585,3,Battery life is impressive.,2025-09-21
1305,2698,310,4,Display is bright and clear.,2025-06-26
1306,62,36,4,Fast delivery and good packaging.,2025-07-22
1307,130,301,5,Fast delivery and good packaging.,2025-04-02
1308,2960,64,3,Excellent quality and premium finish.,2025-03-05
1309,204,490,4,Stylish design and comfortable to wear.,2025-03-18
1310,1892,3,4,Perfect gift option.,2025-06-07
1311,62,303,4,Fast delivery and good packaging.,2026-05-27
1312,1996,155,4,Value for money.,2026-06-10
1313,2214,307,5,Perfect gift option.,2025-01-18
1314,2460,717,4,Excellent quality and premium finish.,2026-05-08
1315,1111,419,4,Value for money.,2026-01-24
1316,1394,412,3,Excellent quality and premium finish.,2026-06-06
1317,2424,593,4,Excellent quality and premium finish.,2025-06-06
1318,135,392,4,Highly recommended.,2025-05-23
1319,2107,334,5,Stylish design and comfortable to wear.,2026-05-07
1320,1560,630,4,Stylish design and comfortable to wear.,2025-01-24
1321,2011,624,5,Strap quality could be better.,2026-02-24
1322,825,2,4,Value for money.,2025-04-26
1323,1347,906,4,Battery life is impressive.,2026-05-09
1324,482,521,4,Highly recommended.,2026-04-17
1325,1063,325,4,Display is bright and clear.,2026-04-14
1326,984,294,5,Value for money.,2025-08-02
1327,2330,429,4,Display is bright and clear.,2025-01-11
1328,2385,586,5,Perfect gift option.,2026-04-17
1329,2022,366,4,Strap quality could be better.,2025-01-28
1330,2771,312,4,Highly recommended.,2026-05-22
1331,7,366,5,Battery life is impressive.,2025-06-04
1332,2391,410,4,Highly recommended.,2026-05-20
1333,2924,133,3,Value for money.,2025-11-20
1334,1589,305,4,Fast delivery and good packaging.,2025-06-02
1335,1589,837,5,Highly recommended.,2025-02-20
1336,2313,226,5,Strap quality could be better.,2026-01-29
1337,1575,441,4,Highly recommended.,2025-09-12
1338,1141,511,5,Battery life is impressive.,2026-02-04
1339,59,824,4,Good watch for daily use.,2026-05-14
1340,1331,722,5,Good watch for daily use.,2026-05-10
1341,1501,131,3,Stylish design and comfortable to wear.,2025-11-20
1342,1195,931,4,Good watch for daily use.,2025-10-28
1343,958,522,3,Fast delivery and good packaging.,2025-09-02
1344,2013,274,5,Good watch for daily use.,2025-01-02
1345,171,8,4,Excellent quality and premium finish.,2026-06-09
1346,791,655,5,Strap quality could be better.,2025-03-03
1347,2968,898,4,Good watch for daily use.,2025-07-03
1348,2742,709,4,Excellent quality and premium finish.,2026-04-14
1349,1460,90,5,Good watch for daily use.,2026-02-07
1350,1088,232,5,Good watch for daily use.,2025-03-05
1351,1096,576,3,Highly recommended.,2025-06-01
1352,1067,87,3,Stylish design and comfortable to wear.,2025-03-25
1353,1430,388,5,Excellent quality and premium finish.,2025-06-11
1354,1719,106,4,Fast delivery and good packaging.,2026-02-27
1355,2065,171,4,Fast delivery and good packaging.,2025-10-12
1356,238,969,4,Fast delivery and good packaging.,2025-01-12
1357,2023,731,3,Fast delivery and good packaging.,2025-09-07
1358,1742,511,4,Stylish design and comfortable to wear.,2025-10-04
1359,70,125,5,Highly recommended.,2025-03-21
1360,199,816,4,Battery life is impressive.,2025-12-20
1361,119,518,5,Strap quality could be better.,2025-08-07
1362,676,912,4,Strap quality could be better.,2025-03-02
1363,242,303,5,Display is bright and clear.,2026-06-16
1364,1340,171,4,Value for money.,2025-03-06
1365,1968,21,5,Fast delivery and good packaging.,2026-05-30
1366,1068,44,3,Strap quality could be better.,2025-01-08
1367,2171,221,5,Battery life is impressive.,2026-04-26
1368,1751,486,4,Highly recommended.,2026-04-09
1369,914,789,4,Battery life is impressive.,2026-03-14
1370,134,762,5,Battery life is impressive.,2025-12-14
1371,962,98,3,Excellent quality and premium finish.,2025-01-20
1372,2471,528,3,Display is bright and clear.,2025-08-31
1373,862,983,3,Fast delivery and good packaging.,2026-06-26
1374,2631,923,5,Value for money.,2026-03-09
1375,337,590,4,Stylish design and comfortable to wear.,2026-06-25
1376,2202,766,5,Highly recommended.,2025-10-24
1377,2792,133,3,Stylish design and comfortable to wear.,2026-06-27
1378,69,428,4,Value for money.,2026-04-01
1379,1384,40,4,Perfect gift option.,2025-11-10
1380,1528,385,3,Good watch for daily use.,2026-04-11
1381,2730,758,4,Strap quality could be better.,2025-05-03
1382,2227,34,4,Highly recommended.,2025-10-05
1383,404,831,4,Strap quality could be better.,2026-06-23
1384,983,395,3,Good watch for daily use.,2025-04-18
1385,278,192,3,Battery life is impressive.,2025-10-07
1386,666,153,5,Excellent quality and premium finish.,2026-01-28
1387,583,385,4,Stylish design and comfortable to wear.,2025-11-22
1388,2915,367,4,Battery life is impressive.,2025-04-26
1389,27,360,3,Value for money.,2025-09-07
1390,1164,488,5,Excellent quality and premium finish.,2026-01-24
1391,1875,966,5,Good watch for daily use.,2025-08-25
1392,2052,65,3,Highly recommended.,2025-03-28
1393,149,762,3,Excellent quality and premium finish.,2025-04-06
1394,2757,555,4,Good watch for daily use.,2026-01-17
1395,1751,308,4,Value for money.,2026-01-18
1396,1583,623,3,Fast delivery and good packaging.,2025-10-06
1397,1334,251,5,Display is bright and clear.,2025-01-08
1398,989,707,3,Perfect gift option.,2025-08-19
1399,579,912,3,Good watch for daily use.,2025-06-27
1400,295,998,5,Highly recommended.,2025-06-30
1401,1311,789,5,Fast delivery and good packaging.,2025-03-22
1402,2508,418,5,Good watch for daily use.,2025-04-19
1403,272,989,5,Stylish design and comfortable to wear.,2025-06-15
1404,736,673,3,Perfect gift option.,2026-03-30
1405,1626,704,4,Fast delivery and good packaging.,2025-06-26
1406,2572,192,5,Excellent quality and premium finish.,2025-02-07
1407,601,181,5,Stylish design and comfortable to wear.,2025-09-15
1408,2085,166,4,Display is bright and clear.,2026-01-01
1409,2031,472,4,Battery life is impressive.,2025-10-25
1410,229,157,4,Value for money.,2025-02-15
1411,477,356,4,Fast delivery and good packaging.,2025-12-10
1412,1948,729,3,Strap quality could be better.,2025-12-29
1413,995,268,4,Battery life is impressive.,2025-11-12
1414,2606,909,3,Battery life is impressive.,2025-10-10
1415,2700,894,4,Fast delivery and good packaging.,2025-08-18
1416,1495,408,5,Stylish design and comfortable to wear.,2025-09-04
1417,2632,536,5,Perfect gift option.,2026-02-24
1418,1776,508,4,Good watch for daily use.,2025-06-11
1419,293,986,5,Good watch for daily use.,2026-06-20
1420,2402,885,5,Fast delivery and good packaging.,2026-05-19
1421,584,83,3,Excellent quality and premium finish.,2025-08-29
1422,2748,209,5,Fast delivery and good packaging.,2025-02-21
1423,1611,720,4,Highly recommended.,2026-05-25
1424,2232,805,5,Excellent quality and premium finish.,2025-04-04
1425,1847,667,3,Battery life is impressive.,2026-04-14
1426,1226,354,4,Highly recommended.,2026-06-12
1427,2560,564,5,Fast delivery and good packaging.,2025-02-10
1428,2227,596,3,Strap quality could be better.,2025-10-30
1429,2389,610,3,Strap quality could be better.,2025-07-19
1430,1689,853,5,Display is bright and clear.,2025-06-28
1431,1537,654,4,Excellent quality and premium finish.,2026-02-01
1432,2949,480,3,Fast delivery and good packaging.,2026-02-08
1433,2037,528,4,Perfect gift option.,2025-04-15
1434,1457,631,4,Excellent quality and premium finish.,2025-10-26
1435,527,867,4,Good watch for daily use.,2026-04-09
1436,1144,849,3,Stylish design and comfortable to wear.,2025-11-27
1437,2949,3,3,Excellent quality and premium finish.,2025-08-06
1438,2676,411,5,Fast delivery and good packaging.,2026-04-03
1439,2456,789,5,Strap quality could be better.,2025-12-07
1440,1206,557,5,Good watch for daily use.,2026-06-07
1441,1156,530,3,Perfect gift option.,2025-05-17
1442,1909,83,4,Strap quality could be better.,2025-05-19
1443,2488,913,3,Good watch for daily use.,2026-01-18
1444,2432,15,5,Fast delivery and good packaging.,2025-04-26
1445,747,617,3,Excellent quality and premium finish.,2025-04-16
1446,2147,587,5,Good watch for daily use.,2025-01-09
1447,1990,756,5,Fast delivery and good packaging.,2025-12-25
1448,127,876,4,Highly recommended.,2026-04-08
1449,921,865,5,Fast delivery and good packaging.,2025-05-26
1450,2039,402,4,Good watch for daily use.,2025-02-01
1451,1000,805,4,Fast delivery and good packaging.,2025-03-24
1452,441,214,5,Perfect gift option.,2025-06-29
1453,2291,256,4,Display is bright and clear.,2025-11-11
1454,1113,991,4,Battery life is impressive.,2026-06-20
1455,703,15,3,Excellent quality and premium finish.,2025-11-20
1456,971,391,5,Excellent quality and premium finish.,2026-02-01
1457,2126,872,5,Value for money.,2025-09-14
1458,2640,70,5,Strap quality could be better.,2025-09-29
1459,2040,493,5,Display is bright and clear.,2025-12-19
1460,2197,485,3,Stylish design and comfortable to wear.,2025-10-14
1461,2093,811,5,Highly recommended.,2026-01-01
1462,444,375,3,Battery life is impressive.,2025-10-17
1463,2981,675,4,Stylish design and comfortable to wear.,2026-03-21
1464,2649,727,4,Excellent quality and premium finish.,2025-07-12
1465,1088,648,3,Perfect gift option.,2026-05-14
1466,2356,502,3,Value for money.,2025-03-01
1467,1940,298,4,Excellent quality and premium finish.,2026-02-12
1468,1972,91,5,Highly recommended.,2025-02-17
1469,374,140,3,Excellent quality and premium finish.,2026-02-18
1470,2111,712,4,Strap quality could be better.,2026-01-30
1471,1680,187,5,Excellent quality and premium finish.,2026-06-03
1472,607,144,3,Highly recommended.,2025-09-21
1473,992,861,4,Value for money.,2026-04-23
1474,94,793,4,Strap quality could be better.,2026-06-19
1475,887,12,3,Display is bright and clear.,2025-02-18
1476,1676,652,5,Perfect gift option.,2025-10-24
1477,62,257,4,Excellent quality and premium finish.,2026-05-01
1478,679,380,5,Stylish design and comfortable to wear.,2025-09-15
1479,2256,913,3,Strap quality could be better.,2026-01-16
1480,1229,249,5,Strap quality could be better.,2025-03-09
1481,2896,142,4,Value for money.,2025-02-27
1482,203,317,5,Fast delivery and good packaging.,2026-01-28
1483,1386,925,4,Perfect gift option.,2026-06-30
1484,7,898,3,Display is bright and clear.,2026-05-04
1485,2328,985,4,Stylish design and comfortable to wear.,2026-03-22
1486,1484,455,4,Value for money.,2026-01-03
1487,2091,587,3,Display is bright and clear.,2025-04-15
1488,649,966,3,Stylish design and comfortable to wear.,2026-03-28
1489,2843,484,4,Display is bright and clear.,2026-06-02
1490,275,961,5,Highly recommended.,2025-09-14
1491,1824,366,5,Highly recommended.,2025-02-13
1492,650,424,5,Perfect gift option.,2025-05-13
1493,1402,247,3,Strap quality could be better.,2025-09-03
1494,252,517,4,Excellent quality and premium finish.,2025-07-12
1495,1334,447,3,Excellent quality and premium finish.,2025-02-21
1496,976,681,5,Good watch for daily use.,2026-01-17
1497,527,648,4,Battery life is impressive.,2025-07-14
1498,2692,543,3,Stylish design and comfortable to wear.,2025-12-13
1499,928,452,5,Excellent quality and premium finish.,2025-05-17
1500,535,297,5,Fast delivery and good packaging.,2026-03-03
1501,1817,310,5,Fast delivery and good packaging.,2025-04-11
1502,1197,436,5,Battery life is impressive.,2026-05-04
1503,2931,698,3,Strap quality could be better.,2025-04-22
1504,958,355,4,Good watch for daily use.,2025-10-22
1505,980,327,3,Fast delivery and good packaging.,2026-05-30
1506,921,362,4,Display is bright and clear.,2026-06-29
1507,2954,177,5,Highly recommended.,2026-04-17
1508,1550,603,5,Highly recommended.,2026-07-05
1509,414,71,4,Fast delivery and good packaging.,2025-11-18
1510,1389,946,3,Value for money.,2025-10-27
1511,615,968,4,Strap quality could be better.,2025-01-30
1512,658,275,5,Perfect gift option.,2025-07-11
1513,1717,28,3,Value for money.,2025-08-06
1514,6,244,3,Battery life is impressive.,2026-02-18
1515,1029,108,5,Fast delivery and good packaging.,2026-02-26
1516,367,746,3,Good watch for daily use.,2026-03-09
1517,2130,779,5,Good watch for daily use.,2025-02-01
1518,800,912,3,Display is bright and clear.,2025-02-08
1519,2621,288,5,Fast delivery and good packaging.,2026-04-22
1520,1903,51,5,Perfect gift option.,2026-02-23
1521,775,953,5,Battery life is impressive.,2025-12-02
1522,442,476,5,Display is bright and clear.,2026-03-04
1523,229,60,3,Battery life is impressive.,2026-03-11
1524,2732,187,4,Display is bright and clear.,2025-03-10
1525,2778,395,5,Stylish design and comfortable to wear.,2026-03-05
1526,792,18,5,Excellent quality and premium finish.,2025-05-06
1527,152,708,5,Good watch for daily use.,2026-03-08
1528,2915,22,4,Strap quality could be better.,2025-02-13
1529,1021,106,4,Good watch for daily use.,2025-09-14
1530,1915,678,4,Good watch for daily use.,2025-08-28
1531,331,735,5,Highly recommended.,2026-02-08
1532,2907,812,4,Strap quality could be better.,2025-09-08
1533,52,447,5,Good watch for daily use.,2026-03-19
1534,174,906,5,Battery life is impressive.,2025-08-26
1535,2253,658,3,Stylish design and comfortable to wear.,2026-05-24
1536,831,760,5,Good watch for daily use.,2025-09-04
1537,1579,259,3,Fast delivery and good packaging.,2026-01-30
1538,1081,897,3,Battery life is impressive.,2026-06-16
1539,2540,394,4,Perfect gift option.,2025-12-12
1540,198,715,5,Display is bright and clear.,2026-05-23
1541,2580,231,5,Good watch for daily use.,2025-08-23
1542,729,993,4,Value for money.,2025-12-20
1543,2685,444,3,Value for money.,2025-10-03
1544,2950,685,3,Value for money.,2025-03-05
1545,898,621,4,Value for money.,2025-09-16
1546,939,828,4,Display is bright and clear.,2025-05-27
1547,216,476,4,Excellent quality and premium finish.,2026-01-04
1548,848,356,4,Battery life is impressive.,2026-04-02
1549,1977,614,3,Battery life is impressive.,2025-06-17
1550,434,572,4,Perfect gift option.,2025-05-05
1551,2053,829,3,Strap quality could be better.,2025-07-09
1552,894,876,3,Battery life is impressive.,2025-10-01
1553,2845,149,5,Value for money.,2025-10-01
1554,1437,631,4,Excellent quality and premium finish.,2026-05-04
1555,1713,193,5,Strap quality could be better.,2026-02-03
1556,2993,641,5,Stylish design and comfortable to wear.,2025-09-15
1557,1584,236,3,Battery life is impressive.,2025-11-16
1558,2847,783,5,Perfect gift option.,2025-10-07
1559,718,828,4,Display is bright and clear.,2025-09-27
1560,417,895,3,Highly recommended.,2025-10-02
1561,2002,749,4,Value for money.,2025-05-26
1562,1539,616,3,Good watch for daily use.,2025-08-25
1563,1557,246,4,Excellent quality and premium finish.,2025-07-17
1564,1655,962,4,Good watch for daily use.,2025-08-26
1565,2810,689,4,Value for money.,2026-03-22
1566,2376,591,5,Value for money.,2025-11-23
1567,1334,66,4,Excellent quality and premium finish.,2026-02-22
1568,554,659,4,Fast delivery and good packaging.,2026-04-27
1569,1758,520,4,Fast delivery and good packaging.,2025-12-16
1570,2582,301,4,Highly recommended.,2026-01-22
1571,1751,443,5,Perfect gift option.,2025-06-30
1572,2678,446,3,Good watch for daily use.,2025-05-17
1573,138,720,4,Fast delivery and good packaging.,2026-03-20
1574,840,607,4,Display is bright and clear.,2025-07-25
1575,934,158,5,Fast delivery and good packaging.,2025-07-26
1576,622,92,5,Excellent quality and premium finish.,2025-12-13
1577,854,792,3,Perfect gift option.,2026-01-24
1578,2048,852,4,Stylish design and comfortable to wear.,2026-06-03
1579,1215,56,5,Fast delivery and good packaging.,2025-12-20
1580,496,316,4,Display is bright and clear.,2025-01-13
1581,813,712,4,Excellent quality and premium finish.,2025-03-08
1582,2298,754,3,Excellent quality and premium finish.,2026-02-13
1583,754,752,5,Value for money.,2025-03-27
1584,1069,731,5,Highly recommended.,2026-06-26
1585,32,216,3,Perfect gift option.,2026-03-22
1586,835,906,3,Strap quality could be better.,2025-12-30
1587,1878,319,4,Display is bright and clear.,2025-09-22
1588,1073,82,5,Fast delivery and good packaging.,2026-02-15
1589,2599,762,3,Perfect gift option.,2025-11-20
1590,1841,59,5,Strap quality could be better.,2025-11-01
1591,1486,216,4,Perfect gift option.,2025-07-18
1592,1418,944,3,Strap quality could be better.,2025-02-18
1593,706,781,5,Highly recommended.,2026-02-14
1594,1943,274,5,Good watch for daily use.,2026-03-08
1595,1151,834,5,Stylish design and comfortable to wear.,2025-08-22
1596,2489,761,5,Value for money.,2025-09-28
1597,2689,159,5,Value for money.,2025-06-19
1598,2661,938,5,Perfect gift option.,2026-02-08
1599,1132,679,3,Fast delivery and good packaging.,2025-05-10
1600,27,534,5,Stylish design and comfortable to wear.,2025-05-18
1601,35,906,5,Highly recommended.,2025-04-26
1602,136,376,5,Perfect gift option.,2025-04-04
1603,2250,354,5,Highly recommended.,2025-06-19
1604,1817,573,5,Battery life is impressive.,2025-10-09
1605,2507,220,4,Fast delivery and good packaging.,2025-09-30
1606,1790,723,5,Fast delivery and good packaging.,2025-05-15
1607,42,732,4,Strap quality could be better.,2025-07-24
1608,2561,445,3,Highly recommended.,2025-10-23
1609,1671,288,3,Battery life is impressive.,2025-09-29
1610,965,975,3,Strap quality could be better.,2026-03-16
1611,899,337,3,Strap quality could be better.,2025-07-12
1612,2866,398,3,Good watch for daily use.,2025-03-17
1613,2278,398,3,Good watch for daily use.,2025-09-11
1614,1720,375,5,Good watch for daily use.,2026-02-09
1615,1317,71,5,Stylish design and comfortable to wear.,2026-04-17
1616,858,61,3,Battery life is impressive.,2026-06-05
1617,1831,118,5,Display is bright and clear.,2025-10-14
1618,858,242,4,Strap quality could be better.,2026-06-27
1619,251,739,3,Excellent quality and premium finish.,2025-07-27
1620,323,361,3,Good watch for daily use.,2026-01-28
1621,1832,284,4,Excellent quality and premium finish.,2025-08-18
1622,2328,898,5,Perfect gift option.,2026-06-23
1623,790,572,3,Highly recommended.,2025-09-19
1624,2284,386,3,Perfect gift option.,2025-01-17
1625,2640,244,5,Battery life is impressive.,2025-07-07
1626,195,426,4,Fast delivery and good packaging.,2026-01-14
1627,2609,46,4,Excellent quality and premium finish.,2026-01-18
1628,1537,99,5,Value for money.,2026-02-10
1629,724,914,4,Perfect gift option.,2026-04-05
1630,432,602,4,Stylish design and comfortable to wear.,2026-01-03
1631,165,141,3,Perfect gift option.,2025-05-12
1632,348,698,5,Battery life is impressive.,2025-03-06
1633,2511,466,4,Display is bright and clear.,2025-03-06
1634,465,372,4,Perfect gift option.,2026-03-31
1635,827,131,3,Battery life is impressive.,2026-04-09
1636,2762,179,4,Battery life is impressive.,2025-11-22
1637,746,80,4,Display is bright and clear.,2025-05-29
1638,514,145,4,Excellent quality and premium finish.,2026-06-29
1639,1887,283,3,Fast delivery and good packaging.,2025-10-16
1640,985,429,4,Perfect gift option.,2025-02-20
1641,2913,171,4,Value for money.,2025-08-22
1642,1722,256,4,Value for money.,2025-06-03
1643,1723,483,5,Battery life is impressive.,2025-10-14
1644,2001,92,5,Fast delivery and good packaging.,2025-05-17
1645,998,398,4,Highly recommended.,2026-05-20
1646,972,800,5,Highly recommended.,2026-06-02
1647,2939,2,3,Fast delivery and good packaging.,2026-05-29
1648,963,717,4,Good watch for daily use.,2025-05-17
1649,2573,135,4,Fast delivery and good packaging.,2025-02-13
1650,427,254,5,Highly recommended.,2025-08-19
1651,310,836,5,Excellent quality and premium finish.,2026-04-17
1652,2977,640,5,Value for money.,2026-05-03
1653,395,501,5,Battery life is impressive.,2025-01-01
1654,2502,329,4,Fast delivery and good packaging.,2025-10-25
1655,116,541,5,Display is bright and clear.,2025-09-20
1656,1379,334,4,Battery life is impressive.,2025-05-23
1657,2731,731,5,Good watch for daily use.,2025-01-08
1658,936,91,5,Good watch for daily use.,2025-11-26
1659,959,723,4,Battery life is impressive.,2026-01-03
1660,1393,639,4,Perfect gift option.,2025-06-01
1661,1339,943,4,Perfect gift option.,2025-01-06
1662,897,927,5,Excellent quality and premium finish.,2025-09-19
1663,2112,107,4,Good watch for daily use.,2026-02-18
1664,1832,417,4,Display is bright and clear.,2026-03-28
1665,694,987,5,Good watch for daily use.,2025-10-06
1666,1632,820,5,Fast delivery and good packaging.,2026-06-12
1667,2822,867,4,Fast delivery and good packaging.,2026-03-24
1668,81,28,4,Good watch for daily use.,2026-05-05
1669,2419,5,4,Excellent quality and premium finish.,2025-10-13
1670,1854,911,5,Fast delivery and good packaging.,2025-03-27
1671,1512,46,4,Stylish design and comfortable to wear.,2025-11-29
1672,498,394,4,Highly recommended.,2025-04-24
1673,1478,208,3,Value for money.,2025-12-24
1674,225,268,5,Good watch for daily use.,2025-08-01
1675,2998,95,3,Good watch for daily use.,2026-07-04
1676,2553,452,4,Strap quality could be better.,2026-07-03
1677,1980,574,4,Good watch for daily use.,2025-12-24
1678,672,43,3,Highly recommended.,2025-03-12
1679,1850,244,3,Battery life is impressive.,2025-08-08
1680,1737,138,3,Battery life is impressive.,2025-09-04
1681,905,914,3,Fast delivery and good packaging.,2025-07-31
1682,919,217,5,Excellent quality and premium finish.,2025-11-29
1683,1416,123,4,Excellent quality and premium finish.,2025-02-14
1684,1084,968,3,Good watch for daily use.,2026-06-17
1685,2351,3,4,Highly recommended.,2026-05-26
1686,630,288,5,Display is bright and clear.,2026-05-09
1687,2816,773,3,Good watch for daily use.,2025-04-07
1688,242,904,4,Perfect gift option.,2025-03-10
1689,2521,374,4,Display is bright and clear.,2025-06-30
1690,681,304,3,Display is bright and clear.,2025-05-04
1691,2772,256,5,Battery life is impressive.,2026-01-26
1692,2017,620,4,Good watch for daily use.,2025-01-24
1693,263,987,3,Strap quality could be better.,2025-11-12
1694,2717,671,5,Stylish design and comfortable to wear.,2026-04-05
1695,2475,322,4,Good watch for daily use.,2025-11-06
1696,1331,241,4,Good watch for daily use.,2025-11-22
1697,2721,471,5,Value for money.,2025-08-20
1698,1325,92,3,Display is bright and clear.,2026-03-02
1699,2546,226,4,Stylish design and comfortable to wear.,2026-05-23
1700,976,875,5,Good watch for daily use.,2025-06-04
1701,2284,319,3,Good watch for daily use.,2025-07-25
1702,2537,375,4,Perfect gift option.,2025-12-24
1703,2046,241,3,Fast delivery and good packaging.,2025-05-06
1704,2228,151,4,Value for money.,2025-08-08
1705,1181,261,4,Value for money.,2025-02-01
1706,982,55,5,Display is bright and clear.,2026-03-11
1707,1635,666,3,Display is bright and clear.,2025-02-19
1708,1514,378,5,Excellent quality and premium finish.,2025-09-24
1709,1946,812,3,Battery life is impressive.,2025-02-07
1710,808,516,4,Battery life is impressive.,2025-07-23
1711,897,615,4,Value for money.,2025-10-29
1712,738,971,4,Fast delivery and good packaging.,2025-08-05
1713,1871,824,4,Fast delivery and good packaging.,2025-06-17
1714,2702,370,5,Fast delivery and good packaging.,2025-05-27
1715,1210,443,5,Highly recommended.,2026-01-17
1716,1667,276,3,Value for money.,2025-06-20
1717,554,958,3,Strap quality could be better.,2025-02-26
1718,692,595,3,Value for money.,2026-02-19
1719,263,491,5,Value for money.,2026-01-15
1720,1119,617,3,Highly recommended.,2025-12-19
1721,2403,942,5,Fast delivery and good packaging.,2025-06-20
1722,2845,665,3,Fast delivery and good packaging.,2025-08-02
1723,1213,195,5,Perfect gift option.,2025-06-13
1724,2348,216,4,Good watch for daily use.,2025-04-17
1725,999,647,5,Highly recommended.,2025-03-25
1726,91,579,5,Highly recommended.,2025-10-06
1727,2065,210,3,Value for money.,2026-02-03
1728,1664,848,4,Perfect gift option.,2026-04-12
1729,438,144,5,Value for money.,2025-12-27
1730,2001,834,5,Display is bright and clear.,2025-11-04
1731,1442,621,5,Strap quality could be better.,2026-01-14
1732,2130,893,5,Highly recommended.,2025-01-13
1733,2725,32,4,Highly recommended.,2025-12-15
1734,1407,809,3,Perfect gift option.,2026-02-05
1735,2733,748,5,Stylish design and comfortable to wear.,2025-04-25
1736,3,14,4,Value for money.,2025-08-08
1737,2834,58,4,Excellent quality and premium finish.,2025-02-26
1738,1488,40,3,Good watch for daily use.,2026-02-09
1739,970,962,3,Display is bright and clear.,2025-12-03
1740,1293,976,3,Display is bright and clear.,2026-06-08
1741,438,597,3,Fast delivery and good packaging.,2025-04-25
1742,279,4,4,Strap quality could be better.,2026-01-20
1743,877,586,4,Stylish design and comfortable to wear.,2025-05-01
1744,1168,328,3,Battery life is impressive.,2025-09-24
1745,1147,226,3,Display is bright and clear.,2026-01-10
1746,174,358,3,Stylish design and comfortable to wear.,2025-02-14
1747,2375,167,4,Highly recommended.,2025-02-01
1748,1283,822,3,Fast delivery and good packaging.,2025-12-30
1749,409,390,5,Good watch for daily use.,2026-07-04
1750,152,677,4,Perfect gift option.,2026-01-22
1751,356,72,5,Excellent quality and premium finish.,2025-03-08
1752,1869,635,4,Excellent quality and premium finish.,2025-12-19
1753,1472,814,3,Battery life is impressive.,2025-08-29
1754,1102,603,5,Battery life is impressive.,2026-05-01
1755,2638,439,5,Display is bright and clear.,2025-03-02
1756,1077,393,5,Good watch for daily use.,2025-09-04
1757,2588,226,5,Stylish design and comfortable to wear.,2025-03-17
1758,975,434,4,Excellent quality and premium finish.,2026-03-12
1759,2430,411,4,Good watch for daily use.,2026-01-18
1760,1048,988,3,Value for money.,2025-07-16
1761,538,553,5,Display is bright and clear.,2025-12-21
1762,1328,251,5,Perfect gift option.,2026-01-29
1763,181,938,3,Perfect gift option.,2026-01-02
1764,451,372,4,Perfect gift option.,2025-03-18
1765,2990,349,4,Good watch for daily use.,2026-05-19
1766,2651,672,4,Stylish design and comfortable to wear.,2026-02-03
1767,2284,659,4,Fast delivery and good packaging.,2025-05-29
1768,1344,965,4,Value for money.,2025-07-21
1769,815,630,4,Value for money.,2025-04-30
1770,832,910,3,Fast delivery and good packaging.,2026-01-15
1771,522,704,3,Highly recommended.,2025-08-16
1772,209,411,4,Stylish design and comfortable to wear.,2025-07-16
1773,1411,542,4,Battery life is impressive.,2026-04-24
1774,1972,318,5,Perfect gift option.,2025-06-25
1775,619,401,5,Excellent quality and premium finish.,2026-05-18
1776,2467,122,3,Perfect gift option.,2025-02-07
1777,2841,326,3,Display is bright and clear.,2025-07-20
1778,2994,841,3,Perfect gift option.,2025-10-12
1779,2110,329,3,Good watch for daily use.,2025-10-13
1780,73,36,5,Stylish design and comfortable to wear.,2026-04-26
1781,2308,911,5,Stylish design and comfortable to wear.,2025-07-06
1782,1300,901,4,Battery life is impressive.,2025-10-18
1783,1718,144,5,Excellent quality and premium finish.,2026-05-09
1784,174,454,5,Value for money.,2025-06-07
1785,711,106,3,Battery life is impressive.,2025-08-28
1786,1423,288,4,Value for money.,2026-04-20
1787,2884,545,4,Display is bright and clear.,2025-03-16
1788,1276,534,4,Perfect gift option.,2025-06-16
1789,2980,452,3,Good watch for daily use.,2026-02-06
1790,39,692,3,Highly recommended.,2026-04-01
1791,2175,608,4,Stylish design and comfortable to wear.,2026-06-10
1792,1507,787,3,Stylish design and comfortable to wear.,2026-02-26
1793,2599,811,4,Value for money.,2026-03-31
1794,911,635,4,Highly recommended.,2026-06-16
1795,1130,715,4,Display is bright and clear.,2025-03-29
1796,716,926,4,Fast delivery and good packaging.,2026-04-06
1797,1735,691,4,Battery life is impressive.,2026-02-27
1798,703,276,5,Battery life is impressive.,2026-03-29
1799,2375,948,3,Excellent quality and premium finish.,2025-11-10
1800,2838,821,3,Stylish design and comfortable to wear.,2025-08-08
1801,712,980,4,Excellent quality and premium finish.,2025-07-31
1802,244,560,4,Stylish design and comfortable to wear.,2025-04-19
1803,1029,305,3,Fast delivery and good packaging.,2026-03-11
1804,2981,89,5,Perfect gift option.,2026-02-05
1805,1831,750,4,Good watch for daily use.,2026-04-30
1806,116,827,4,Excellent quality and premium finish.,2025-05-30
1807,1622,795,5,Fast delivery and good packaging.,2026-02-16
1808,2917,160,4,Excellent quality and premium finish.,2025-12-06
1809,1980,624,4,Perfect gift option.,2025-11-09
1810,2047,97,5,Value for money.,2025-04-25
1811,1209,776,4,Fast delivery and good packaging.,2025-12-09
1812,491,372,5,Excellent quality and premium finish.,2026-07-05
1813,2610,540,4,Good watch for daily use.,2026-05-04
1814,1738,495,5,Good watch for daily use.,2025-07-23
1815,1562,60,3,Strap quality could be better.,2025-01-13
1816,1965,813,5,Strap quality could be better.,2025-08-22
1817,652,800,3,Strap quality could be better.,2025-09-08
1818,1917,34,4,Perfect gift option.,2025-12-07
1819,1504,213,3,Value for money.,2026-04-01
1820,1129,555,3,Highly recommended.,2025-03-08
1821,2968,74,4,Stylish design and comfortable to wear.,2026-01-24
1822,753,707,3,Value for money.,2026-02-12
1823,2055,58,3,Display is bright and clear.,2025-03-26
1824,2506,111,3,Fast delivery and good packaging.,2025-10-31
1825,2350,993,5,Value for money.,2025-06-13
1826,1620,123,3,Perfect gift option.,2025-09-26
1827,2020,699,3,Strap quality could be better.,2025-05-18
1828,1677,742,5,Value for money.,2025-03-24
1829,2166,585,5,Battery life is impressive.,2026-01-10
1830,1017,376,4,Perfect gift option.,2025-03-06
1831,494,142,5,Battery life is impressive.,2025-08-04
1832,2573,954,5,Good watch for daily use.,2026-03-19
1833,1948,123,4,Fast delivery and good packaging.,2025-12-28
1834,708,538,4,Highly recommended.,2025-04-29
1835,992,317,4,Strap quality could be better.,2026-04-18
1836,1160,866,4,Stylish design and comfortable to wear.,2025-09-10
1837,2231,276,4,Excellent quality and premium finish.,2025-07-11
1838,2832,525,3,Display is bright and clear.,2025-11-28
1839,1412,401,3,Good watch for daily use.,2025-01-17
1840,1617,422,3,Perfect gift option.,2026-02-07
1841,2793,50,5,Strap quality could be better.,2026-04-03
1842,2885,159,4,Perfect gift option.,2026-01-08
1843,2721,840,3,Strap quality could be better.,2026-02-21
1844,558,136,5,Strap quality could be better.,2026-02-11
1845,2577,458,5,Good watch for daily use.,2026-01-14
1846,1020,145,4,Good watch for daily use.,2025-03-31
1847,2300,772,3,Perfect gift option.,2025-12-23
1848,2869,443,4,Fast delivery and good packaging.,2025-10-10
1849,833,505,5,Fast delivery and good packaging.,2026-04-16
1850,2378,207,5,Good watch for daily use.,2025-04-17
1851,1228,320,4,Battery life is impressive.,2025-05-11
1852,67,509,3,Highly recommended.,2026-05-22
1853,2967,575,5,Strap quality could be better.,2025-02-13
1854,496,795,3,Display is bright and clear.,2026-03-25
1855,1811,954,3,Stylish design and comfortable to wear.,2026-03-02
1856,1002,4,5,Highly recommended.,2026-06-25
1857,1217,203,5,Perfect gift option.,2026-03-07
1858,2725,917,5,Perfect gift option.,2025-05-14
1859,2926,268,3,Battery life is impressive.,2026-07-05
1860,2836,35,5,Good watch for daily use.,2025-06-26
1861,1469,424,3,Strap quality could be better.,2026-01-03
1862,1980,190,4,Excellent quality and premium finish.,2025-10-06
1863,765,805,5,Perfect gift option.,2026-03-04
1864,255,471,3,Excellent quality and premium finish.,2025-12-15
1865,528,525,3,Stylish design and comfortable to wear.,2026-01-24
1866,1057,344,4,Good watch for daily use.,2025-07-31
1867,2027,809,4,Fast delivery and good packaging.,2025-07-28
1868,1737,606,5,Display is bright and clear.,2026-02-03
1869,2579,401,5,Stylish design and comfortable to wear.,2025-07-06
1870,2379,805,5,Good watch for daily use.,2025-12-11
1871,2099,539,4,Good watch for daily use.,2025-06-06
1872,2787,528,4,Value for money.,2025-03-07
1873,662,462,4,Strap quality could be better.,2026-07-01
1874,1884,340,4,Good watch for daily use.,2025-06-20
1875,1294,736,4,Value for money.,2025-06-13
1876,365,578,3,Fast delivery and good packaging.,2025-02-14
1877,134,997,3,Display is bright and clear.,2025-08-28
1878,2636,494,4,Stylish design and comfortable to wear.,2026-03-31
1879,2528,519,5,Strap quality could be better.,2025-02-23
1880,1698,481,3,Fast delivery and good packaging.,2026-04-21
1881,1282,538,4,Stylish design and comfortable to wear.,2025-10-05
1882,2322,748,4,Fast delivery and good packaging.,2025-01-10
1883,484,740,3,Excellent quality and premium finish.,2025-10-26
1884,2400,840,5,Perfect gift option.,2025-01-02
1885,430,388,4,Fast delivery and good packaging.,2025-05-25
1886,230,615,3,Display is bright and clear.,2025-07-30
1887,1947,924,5,Strap quality could be better.,2025-11-22
1888,2699,384,3,Battery life is impressive.,2025-07-01
1889,2919,470,5,Perfect gift option.,2026-03-29
1890,1417,769,4,Perfect gift option.,2025-12-16
1891,1911,202,4,Good watch for daily use.,2026-01-30
1892,439,59,5,Value for money.,2026-04-05
1893,2311,875,4,Value for money.,2025-12-09
1894,193,309,5,Fast delivery and good packaging.,2025-08-31
1895,2975,116,4,Display is bright and clear.,2026-06-03
1896,2975,209,5,Value for money.,2026-04-21
1897,375,204,5,Value for money.,2025-03-28
1898,2145,268,5,Stylish design and comfortable to wear.,2026-06-20
1899,986,528,5,Perfect gift option.,2025-02-27
1900,2620,59,3,Perfect gift option.,2025-08-12
1901,658,592,3,Battery life is impressive.,2026-03-19
1902,2028,239,4,Value for money.,2025-03-20
1903,2834,83,3,Fast delivery and good packaging.,2025-07-26
1904,1652,777,3,Excellent quality and premium finish.,2026-06-16
1905,623,585,3,Good watch for daily use.,2026-04-30
1906,537,362,5,Excellent quality and premium finish.,2025-07-07
1907,2824,103,4,Strap quality could be better.,2025-02-23
1908,1809,771,5,Good watch for daily use.,2026-03-12
1909,82,140,5,Highly recommended.,2025-12-09
1910,1845,283,4,Strap quality could be better.,2025-09-21
1911,1510,595,3,Perfect gift option.,2026-01-04
1912,720,327,4,Strap quality could be better.,2026-03-11
1913,1858,783,4,Fast delivery and good packaging.,2026-01-12
1914,2985,66,3,Fast delivery and good packaging.,2026-04-26
1915,1317,878,5,Battery life is impressive.,2025-01-22
1916,1372,971,3,Excellent quality and premium finish.,2025-04-12
1917,878,270,3,Good watch for daily use.,2026-03-10
1918,506,723,4,Battery life is impressive.,2025-10-23
1919,2683,492,3,Value for money.,2026-04-14
1920,2961,87,3,Fast delivery and good packaging.,2026-01-17
1921,2550,364,5,Display is bright and clear.,2025-02-22
1922,1383,317,4,Highly recommended.,2026-01-06
1923,2995,79,4,Battery life is impressive.,2025-01-26
1924,2576,295,5,Battery life is impressive.,2025-07-14
1925,2973,636,4,Highly recommended.,2025-03-05
1926,2946,365,4,Excellent quality and premium finish.,2026-03-03
1927,1295,5,3,Display is bright and clear.,2025-04-10
1928,1285,798,5,Perfect gift option.,2026-05-17
1929,103,782,4,Stylish design and comfortable to wear.,2025-12-07
1930,818,701,3,Fast delivery and good packaging.,2025-08-01
1931,2551,735,3,Fast delivery and good packaging.,2025-10-25
1932,392,139,3,Excellent quality and premium finish.,2025-04-24
1933,1254,879,3,Excellent quality and premium finish.,2026-02-10
1934,1161,590,3,Perfect gift option.,2025-06-07
1935,2371,425,3,Value for money.,2025-12-26
1936,1070,342,4,Battery life is impressive.,2025-03-16
1937,737,252,3,Highly recommended.,2025-12-10
1938,2647,592,3,Highly recommended.,2025-04-14
1939,2896,991,4,Good watch for daily use.,2025-10-06
1940,1792,686,3,Perfect gift option.,2025-11-20
1941,1320,948,5,Battery life is impressive.,2025-05-28
1942,1819,610,5,Battery life is impressive.,2025-03-21
1943,2045,206,3,Perfect gift option.,2025-03-08
1944,1001,766,4,Display is bright and clear.,2025-05-12
1945,1928,697,4,Stylish design and comfortable to wear.,2025-08-07
1946,1305,427,5,Highly recommended.,2026-02-17
1947,1486,749,3,Battery life is impressive.,2026-07-02
1948,440,326,3,Highly recommended.,2025-09-16
1949,277,258,4,Good watch for daily use.,2025-02-02
1950,2260,685,4,Battery life is impressive.,2026-03-30
1951,1891,783,5,Strap quality could be better.,2025-09-28
1952,1423,491,3,Strap quality could be better.,2026-02-26
1953,79,20,5,Battery life is impressive.,2025-07-31
1954,749,486,3,Value for money.,2026-01-14
1955,2020,501,5,Highly recommended.,2025-11-22
1956,2284,15,3,Highly recommended.,2026-02-24
1957,1862,266,5,Good watch for daily use.,2026-06-19
1958,510,500,4,Value for money.,2025-09-26
1959,125,874,5,Highly recommended.,2025-08-09
1960,16,619,4,Fast delivery and good packaging.,2025-09-06
1961,1575,222,5,Value for money.,2026-01-07
1962,1251,70,4,Highly recommended.,2025-03-19
1963,2265,672,3,Display is bright and clear.,2025-02-02
1964,1083,18,4,Perfect gift option.,2025-02-15
1965,2888,225,5,Battery life is impressive.,2025-05-02
1966,830,870,3,Strap quality could be better.,2025-10-12
1967,1507,189,3,Good watch for daily use.,2026-03-18
1968,1215,887,4,Highly recommended.,2025-07-18
1969,1166,426,4,Highly recommended.,2025-01-06
1970,1477,10,5,Perfect gift option.,2026-04-02
1971,252,152,3,Stylish design and comfortable to wear.,2025-03-24
1972,79,19,3,Excellent quality and premium finish.,2025-06-20
1973,2094,353,4,Good watch for daily use.,2026-05-07
1974,2988,517,3,Display is bright and clear.,2025-02-13
1975,1707,361,3,Fast delivery and good packaging.,2026-05-07
1976,1955,504,3,Good watch for daily use.,2026-04-10
1977,80,951,5,Value for money.,2025-11-28
1978,1849,855,5,Battery life is impressive.,2025-11-15
1979,795,347,5,Perfect gift option.,2025-02-01
1980,2988,745,5,Display is bright and clear.,2025-04-12
1981,2061,591,4,Stylish design and comfortable to wear.,2025-09-22
1982,92,961,5,Excellent quality and premium finish.,2026-06-22
1983,2361,867,4,Strap quality could be better.,2025-11-29
1984,1003,98,4,Highly recommended.,2026-01-23
1985,2159,322,4,Stylish design and comfortable to wear.,2026-05-29
1986,1005,310,3,Strap quality could be better.,2025-12-27
1987,2450,156,3,Good watch for daily use.,2025-08-22
1988,956,422,5,Stylish design and comfortable to wear.,2025-03-24
1989,1994,92,4,Excellent quality and premium finish.,2025-06-27
1990,2713,617,3,Highly recommended.,2026-05-19
1991,531,242,5,Stylish design and comfortable to wear.,2025-08-31
1992,2105,351,5,Value for money.,2025-06-29
1993,2938,827,3,Excellent quality and premium finish.,2025-12-14
1994,2887,220,3,Battery life is impressive.,2025-05-07
1995,427,422,5,Value for money.,2026-05-22
1996,571,131,5,Value for money.,2026-07-05
1997,2547,598,4,Display is bright and clear.,2026-02-23
1998,1934,156,5,Perfect gift option.,2026-01-24
1999,829,686,3,Battery life is impressive.,2026-02-08
2000,546,508,3,Value for money.,2025-11-21
2001,424,365,3,Perfect gift option.,2025-07-24
2002,1022,462,4,Excellent quality and premium finish.,2026-02-16
2003,180,131,4,Good watch for daily use.,2025-05-09
2004,2869,953,4,Stylish design and comfortable to wear.,2025-01-30
2005,832,582,3,Good watch for daily use.,2025-07-06
2006,677,166,5,Strap quality could be better.,2025-12-31
2007,2039,278,5,Fast delivery and good packaging.,2026-03-19
2008,902,587,3,Perfect gift option.,2025-12-07
2009,14,466,3,Perfect gift option.,2026-02-24
2010,2920,126,4,Value for money.,2025-07-28
2011,1855,361,3,Display is bright and clear.,2025-05-18
2012,395,38,3,Value for money.,2025-08-10
2013,648,887,5,Strap quality could be better.,2025-06-19
2014,1792,32,4,Highly recommended.,2025-10-13
2015,1071,318,5,Value for money.,2025-01-31
2016,1340,809,4,Good watch for daily use.,2025-06-11
2017,223,812,5,Value for money.,2025-03-04
2018,886,832,3,Strap quality could be better.,2025-10-07
2019,703,328,5,Display is bright and clear.,2026-02-09
2020,1227,384,5,Excellent quality and premium finish.,2026-04-14
2021,1535,297,4,Display is bright and clear.,2026-06-04
2022,1622,440,5,Strap quality could be better.,2026-03-13
2023,1448,5,5,Perfect gift option.,2026-02-21
2024,1901,75,5,Battery life is impressive.,2026-03-10
2025,2976,633,4,Strap quality could be better.,2025-04-06
2026,174,160,3,Excellent quality and premium finish.,2025-04-14
2027,1656,108,4,Value for money.,2025-11-27
2028,2744,889,5,Display is bright and clear.,2026-04-26
2029,1569,322,3,Highly recommended.,2025-03-19
2030,2301,925,3,Fast delivery and good packaging.,2025-04-29
2031,1416,320,5,Fast delivery and good packaging.,2025-08-31
2032,741,282,5,Value for money.,2025-01-07
2033,1911,93,4,Stylish design and comfortable to wear.,2025-04-09
2034,1485,631,5,Highly recommended.,2026-03-29
2035,2436,341,5,Battery life is impressive.,2025-11-26
2036,1382,622,4,Display is bright and clear.,2026-03-11
2037,1022,303,3,Fast delivery and good packaging.,2025-09-29
2038,235,115,5,Battery life is impressive.,2026-04-14
2039,2745,527,4,Strap quality could be better.,2025-11-17
2040,517,898,4,Stylish design and comfortable to wear.,2026-05-24
2041,1609,699,3,Perfect gift option.,2025-09-27
2042,1590,640,5,Display is bright and clear.,2026-01-14
2043,1856,455,5,Good watch for daily use.,2025-12-31
2044,2842,122,4,Battery life is impressive.,2025-04-03
2045,486,706,5,Battery life is impressive.,2025-03-18
2046,2232,415,4,Highly recommended.,2025-02-23
2047,714,445,4,Good watch for daily use.,2025-06-02
2048,2375,206,3,Fast delivery and good packaging.,2026-01-31
2049,2795,149,3,Fast delivery and good packaging.,2026-06-20
2050,1141,631,4,Fast delivery and good packaging.,2025-04-18
2051,1739,560,5,Highly recommended.,2025-01-03
2052,147,808,3,Value for money.,2026-04-20
2053,206,325,5,Excellent quality and premium finish.,2025-03-15
2054,38,1000,5,Display is bright and clear.,2025-06-19
2055,2125,812,3,Fast delivery and good packaging.,2026-06-15
2056,1391,974,4,Strap quality could be better.,2025-09-12
2057,2167,323,4,Battery life is impressive.,2025-07-15
2058,1889,936,4,Display is bright and clear.,2026-01-04
2059,42,189,4,Value for money.,2025-11-28
2060,2112,59,3,Good watch for daily use.,2025-12-04
2061,1925,100,5,Display is bright and clear.,2025-05-24
2062,2961,709,4,Good watch for daily use.,2025-06-12
2063,232,62,3,Excellent quality and premium finish.,2026-03-06
2064,2552,500,5,Excellent quality and premium finish.,2025-09-13
2065,1651,635,3,Perfect gift option.,2025-06-09
2066,524,530,3,Strap quality could be better.,2025-08-24
2067,2872,883,5,Display is bright and clear.,2025-10-06
2068,148,308,4,Fast delivery and good packaging.,2026-01-10
2069,2824,560,4,Perfect gift option.,2025-10-08
2070,2967,330,3,Good watch for daily use.,2025-03-31
2071,2008,129,3,Highly recommended.,2025-08-10
2072,760,942,3,Value for money.,2025-11-27
2073,1240,544,5,Excellent quality and premium finish.,2026-05-06
2074,545,951,5,Strap quality could be better.,2025-10-13
2075,1908,215,4,Strap quality could be better.,2025-09-02
2076,883,362,3,Stylish design and comfortable to wear.,2025-09-13
2077,1487,635,4,Strap quality could be better.,2025-03-09
2078,2451,800,5,Battery life is impressive.,2025-07-18
2079,1205,704,5,Value for money.,2025-02-26
2080,161,909,5,Highly recommended.,2025-07-23
2081,1851,144,4,Excellent quality and premium finish.,2026-01-01
2082,1604,938,3,Display is bright and clear.,2026-04-12
2083,465,261,4,Battery life is impressive.,2026-01-31
2084,2696,486,5,Fast delivery and good packaging.,2026-02-17
2085,48,980,3,Stylish design and comfortable to wear.,2025-02-24
2086,1402,897,5,Perfect gift option.,2026-03-28
2087,1914,397,5,Highly recommended.,2026-04-05
2088,1664,893,3,Perfect gift option.,2025-07-12
2089,1228,213,3,Strap quality could be better.,2025-07-24
2090,838,912,5,Highly recommended.,2026-03-27
2091,2999,317,4,Highly recommended.,2025-07-06
2092,363,99,3,Display is bright and clear.,2026-03-11
2093,143,997,5,Excellent quality and premium finish.,2026-02-26
2094,1306,22,3,Stylish design and comfortable to wear.,2026-04-25
2095,925,777,3,Stylish design and comfortable to wear.,2025-12-15
2096,1530,595,3,Highly recommended.,2026-05-14
2097,1295,186,4,Value for money.,2026-02-24
2098,1853,451,5,Stylish design and comfortable to wear.,2025-02-09
2099,1212,198,4,Stylish design and comfortable to wear.,2026-01-10
2100,2651,765,4,Display is bright and clear.,2025-05-03
2101,1585,755,4,Excellent quality and premium finish.,2025-05-19
2102,2246,692,3,Value for money.,2026-04-16
2103,2306,567,5,Highly recommended.,2025-08-14
2104,938,258,3,Battery life is impressive.,2026-06-03
2105,2115,185,3,Strap quality could be better.,2025-05-12
2106,1518,38,4,Value for money.,2025-06-21
2107,979,758,3,Perfect gift option.,2025-11-21
2108,2950,57,4,Excellent quality and premium finish.,2026-05-22
2109,630,962,5,Display is bright and clear.,2026-05-26
2110,2983,206,5,Value for money.,2025-12-14
2111,2974,619,3,Good watch for daily use.,2025-01-04
2112,2527,966,4,Perfect gift option.,2025-09-09
2113,13,944,4,Excellent quality and premium finish.,2025-07-09
2114,780,390,4,Strap quality could be better.,2026-06-26
2115,2326,884,3,Battery life is impressive.,2025-11-25
2116,269,519,4,Fast delivery and good packaging.,2026-04-14
2117,1445,376,4,Value for money.,2026-05-19
2118,2533,537,4,Stylish design and comfortable to wear.,2026-06-03
2119,1698,190,5,Value for money.,2025-02-10
2120,632,498,3,Highly recommended.,2026-05-25
2121,2219,322,5,Strap quality could be better.,2025-10-31
2122,2643,811,5,Strap quality could be better.,2025-10-09
2123,2343,821,3,Value for money.,2025-07-21
2124,2337,324,5,Highly recommended.,2025-11-11
2125,1543,698,3,Value for money.,2025-10-07
2126,1449,66,4,Perfect gift option.,2025-09-03
2127,2350,19,5,Fast delivery and good packaging.,2025-04-09
2128,1715,381,3,Stylish design and comfortable to wear.,2026-06-17
2129,2507,67,3,Fast delivery and good packaging.,2025-12-20
2130,2756,982,4,Good watch for daily use.,2026-01-24
2131,1238,674,5,Perfect gift option.,2025-08-02
2132,2049,366,3,Value for money.,2025-06-18
2133,1739,955,3,Battery life is impressive.,2025-11-09
2134,2177,993,4,Battery life is impressive.,2025-03-30
2135,699,500,4,Stylish design and comfortable to wear.,2026-06-26
2136,2311,790,5,Excellent quality and premium finish.,2026-01-11
2137,2113,26,4,Highly recommended.,2025-12-12
2138,2093,140,3,Value for money.,2026-02-25
2139,2071,33,4,Perfect gift option.,2025-01-23
2140,259,859,4,Fast delivery and good packaging.,2025-05-01
2141,762,15,4,Perfect gift option.,2025-12-14
2142,2485,637,4,Fast delivery and good packaging.,2025-06-22
2143,1674,672,4,Stylish design and comfortable to wear.,2025-10-29
2144,2760,243,4,Highly recommended.,2025-07-05
2145,2161,73,4,Value for money.,2026-06-17
2146,503,436,5,Good watch for daily use.,2026-01-15
2147,1034,545,3,Excellent quality and premium finish.,2026-05-15
2148,1831,608,4,Battery life is impressive.,2025-06-25
2149,903,90,4,Highly recommended.,2026-01-24
2150,2002,399,4,Fast delivery and good packaging.,2025-07-07
2151,364,191,3,Stylish design and comfortable to wear.,2025-09-24
2152,927,814,3,Perfect gift option.,2026-03-20
2153,1974,999,4,Highly recommended.,2025-02-20
2154,1438,56,5,Battery life is impressive.,2025-12-20
2155,2009,442,5,Fast delivery and good packaging.,2025-02-28
2156,2146,202,4,Good watch for daily use.,2025-11-15
2157,67,385,4,Perfect gift option.,2025-01-18
2158,2502,47,4,Stylish design and comfortable to wear.,2026-01-11
2159,463,39,3,Highly recommended.,2025-06-24
2160,1724,968,4,Stylish design and comfortable to wear.,2026-03-15
2161,2540,8,3,Good watch for daily use.,2025-12-27
2162,2743,754,5,Good watch for daily use.,2025-12-19
2163,1062,176,4,Excellent quality and premium finish.,2025-09-27
2164,1924,98,5,Stylish design and comfortable to wear.,2026-05-20
2165,1638,954,5,Good watch for daily use.,2025-09-26
2166,1692,7,4,Fast delivery and good packaging.,2025-03-22
2167,1419,688,4,Excellent quality and premium finish.,2026-05-29
2168,2967,977,3,Good watch for daily use.,2025-03-23
2169,2303,211,5,Strap quality could be better.,2025-06-04
2170,2999,502,5,Strap quality could be better.,2025-01-26
2171,2212,314,3,Display is bright and clear.,2025-01-15
2172,2670,69,4,Excellent quality and premium finish.,2026-03-31
2173,843,795,4,Display is bright and clear.,2025-02-22
2174,1814,644,3,Battery life is impressive.,2025-03-16
2175,728,583,5,Highly recommended.,2025-03-31
2176,2110,221,3,Fast delivery and good packaging.,2026-07-02
2177,1842,505,5,Fast delivery and good packaging.,2025-05-27
2178,2318,887,5,Good watch for daily use.,2026-03-03
2179,395,793,5,Excellent quality and premium finish.,2026-03-20
2180,1561,9,4,Perfect gift option.,2025-10-03
2181,969,114,3,Excellent quality and premium finish.,2025-06-13
2182,2482,883,4,Highly recommended.,2026-03-23
2183,2789,737,4,Strap quality could be better.,2025-03-14
2184,448,583,3,Display is bright and clear.,2025-06-15
2185,2467,589,5,Display is bright and clear.,2025-06-04
2186,392,401,3,Excellent quality and premium finish.,2026-04-11
2187,1938,979,4,Fast delivery and good packaging.,2025-02-07
2188,1052,774,3,Battery life is impressive.,2026-01-03
2189,907,275,3,Display is bright and clear.,2025-06-17
2190,1529,1,5,Perfect gift option.,2025-06-26
2191,1248,982,4,Display is bright and clear.,2025-10-07
2192,2581,118,5,Highly recommended.,2026-03-04
2193,2604,474,4,Excellent quality and premium finish.,2025-03-08
2194,1886,655,3,Strap quality could be better.,2026-04-30
2195,2683,357,5,Excellent quality and premium finish.,2025-06-28
2196,100,723,4,Perfect gift option.,2025-02-06
2197,631,525,3,Stylish design and comfortable to wear.,2025-06-08
2198,1331,855,5,Stylish design and comfortable to wear.,2026-04-10
2199,919,840,5,Good watch for daily use.,2025-05-27
2200,2735,723,4,Fast delivery and good packaging.,2025-07-06
2201,1383,811,3,Battery life is impressive.,2025-07-31
2202,936,210,3,Excellent quality and premium finish.,2026-02-18
2203,652,418,3,Battery life is impressive.,2026-06-30
2204,542,817,5,Display is bright and clear.,2025-02-07
2205,2373,790,3,Display is bright and clear.,2025-05-06
2206,1693,30,3,Value for money.,2026-03-22
2207,96,923,5,Excellent quality and premium finish.,2025-10-25
2208,1471,163,3,Value for money.,2026-02-03
2209,2856,821,4,Good watch for daily use.,2025-04-20
2210,1863,834,3,Battery life is impressive.,2025-04-24
2211,1162,630,4,Excellent quality and premium finish.,2025-11-11
2212,1475,180,3,Highly recommended.,2025-07-28
2213,849,597,4,Strap quality could be better.,2026-03-28
2214,481,863,5,Highly recommended.,2025-02-13
2215,1524,325,5,Battery life is impressive.,2025-01-02
2216,179,583,5,Stylish design and comfortable to wear.,2025-06-05
2217,832,694,3,Stylish design and comfortable to wear.,2025-10-30
2218,2975,209,4,Fast delivery and good packaging.,2025-06-01
2219,1949,748,4,Perfect gift option.,2025-04-29
2220,1733,708,3,Stylish design and comfortable to wear.,2025-04-29
2221,1030,452,3,Perfect gift option.,2026-05-11
2222,796,829,4,Perfect gift option.,2025-01-20
2223,121,46,5,Value for money.,2026-04-29
2224,2514,197,5,Stylish design and comfortable to wear.,2025-10-01
2225,948,467,5,Value for money.,2026-02-25
2226,1451,337,3,Perfect gift option.,2025-03-07
2227,48,607,5,Excellent quality and premium finish.,2025-03-01
2228,1231,245,3,Fast delivery and good packaging.,2025-05-30
2229,1941,232,5,Good watch for daily use.,2025-05-26
2230,518,115,3,Highly recommended.,2026-02-01
2231,1133,652,4,Value for money.,2025-05-24
2232,482,970,5,Display is bright and clear.,2025-07-04
2233,1003,921,5,Good watch for daily use.,2025-01-21
2234,1725,423,4,Strap quality could be better.,2025-11-13
2235,462,759,3,Display is bright and clear.,2025-05-17
2236,788,593,3,Battery life is impressive.,2026-04-10
2237,2361,499,4,Perfect gift option.,2025-09-25
2238,44,551,4,Display is bright and clear.,2026-02-19
2239,1191,174,5,Value for money.,2025-08-18
2240,1739,194,3,Perfect gift option.,2025-02-01
2241,726,399,3,Value for money.,2026-03-19
2242,1234,845,3,Value for money.,2025-11-16
2243,908,255,5,Stylish design and comfortable to wear.,2025-10-02
2244,100,141,5,Perfect gift option.,2025-10-10
2245,931,309,5,Good watch for daily use.,2026-05-08
2246,2815,53,4,Excellent quality and premium finish.,2026-02-16
2247,2594,899,5,Highly recommended.,2026-02-19
2248,628,249,3,Perfect gift option.,2025-07-12
2249,313,515,5,Highly recommended.,2026-04-03
2250,1688,591,4,Highly recommended.,2025-10-05
2251,2585,65,4,Good watch for daily use.,2026-02-23
2252,1442,885,3,Value for money.,2025-09-18
2253,2268,173,4,Good watch for daily use.,2026-05-06
2254,2295,869,5,Highly recommended.,2025-08-24
2255,2870,369,3,Highly recommended.,2025-07-23
2256,2062,984,5,Fast delivery and good packaging.,2025-12-15
2257,2353,150,5,Highly recommended.,2026-05-08
2258,2345,857,3,Perfect gift option.,2025-07-18
2259,2774,620,4,Display is bright and clear.,2025-01-16
2260,803,20,4,Stylish design and comfortable to wear.,2025-01-09
2261,2631,186,3,Display is bright and clear.,2025-05-28
2262,1704,468,5,Fast delivery and good packaging.,2025-11-15
2263,1020,287,5,Display is bright and clear.,2025-07-09
2264,1840,12,3,Perfect gift option.,2025-07-13
2265,986,536,3,Value for money.,2025-06-20
2266,1471,296,5,Excellent quality and premium finish.,2025-11-20
2267,2466,169,3,Stylish design and comfortable to wear.,2026-06-09
2268,1027,711,5,Stylish design and comfortable to wear.,2025-08-27
2269,1323,954,3,Fast delivery and good packaging.,2025-08-29
2270,272,934,3,Fast delivery and good packaging.,2026-06-16
2271,201,783,3,Stylish design and comfortable to wear.,2025-11-01
2272,2573,284,5,Stylish design and comfortable to wear.,2026-04-08
2273,2191,815,4,Stylish design and comfortable to wear.,2026-01-03
2274,900,887,3,Strap quality could be better.,2025-06-06
2275,610,31,4,Good watch for daily use.,2025-10-01
2276,2391,234,5,Good watch for daily use.,2026-06-07
2277,61,805,4,Strap quality could be better.,2026-04-21
2278,966,817,5,Highly recommended.,2025-01-23
2279,2058,610,5,Perfect gift option.,2025-07-19
2280,354,684,4,Display is bright and clear.,2026-03-22
2281,1249,89,5,Stylish design and comfortable to wear.,2026-01-12
2282,81,205,5,Stylish design and comfortable to wear.,2025-10-16
2283,2678,364,4,Display is bright and clear.,2025-08-23
2284,250,783,3,Good watch for daily use.,2025-07-13
2285,546,690,3,Stylish design and comfortable to wear.,2026-02-24
2286,1305,384,4,Excellent quality and premium finish.,2025-07-02
2287,2906,452,3,Strap quality could be better.,2025-11-19
2288,1248,192,4,Excellent quality and premium finish.,2025-01-02
2289,1342,153,3,Display is bright and clear.,2026-05-10
2290,906,843,3,Battery life is impressive.,2026-02-24
2291,1802,895,4,Highly recommended.,2026-04-10
2292,1961,675,4,Battery life is impressive.,2025-08-22
2293,820,232,4,Highly recommended.,2025-10-19
2294,131,53,4,Battery life is impressive.,2026-01-08
2295,2781,359,3,Perfect gift option.,2025-09-20
2296,2647,233,3,Value for money.,2025-05-05
2297,1330,17,4,Battery life is impressive.,2025-08-11
2298,1369,589,4,Strap quality could be better.,2025-12-15
2299,2701,573,4,Highly recommended.,2025-05-02
2300,1785,239,5,Excellent quality and premium finish.,2026-06-02
2301,1959,694,4,Battery life is impressive.,2025-05-28
2302,1596,75,5,Excellent quality and premium finish.,2026-05-19
2303,2281,342,3,Display is bright and clear.,2026-07-04
2304,1895,569,5,Display is bright and clear.,2026-02-18
2305,2161,644,5,Excellent quality and premium finish.,2025-12-24
2306,1263,208,4,Highly recommended.,2026-01-31
2307,1600,509,3,Excellent quality and premium finish.,2025-10-30
2308,1588,18,4,Value for money.,2026-05-12
2309,2127,619,3,Strap quality could be better.,2025-10-16
2310,1411,614,4,Good watch for daily use.,2025-07-02
2311,405,328,3,Excellent quality and premium finish.,2025-05-12
2312,2157,492,5,Highly recommended.,2026-04-14
2313,546,468,3,Value for money.,2026-05-22
2314,513,929,4,Perfect gift option.,2025-10-26
2315,161,43,5,Stylish design and comfortable to wear.,2025-06-03
2316,1500,976,5,Display is bright and clear.,2025-10-08
2317,485,592,5,Excellent quality and premium finish.,2026-01-11
2318,58,932,3,Good watch for daily use.,2026-06-22
2319,166,774,3,Battery life is impressive.,2026-05-06
2320,2393,210,4,Excellent quality and premium finish.,2025-06-16
2321,216,837,5,Strap quality could be better.,2026-02-08
2322,932,713,4,Battery life is impressive.,2026-02-01
2323,1396,777,4,Value for money.,2025-08-24
2324,693,845,3,Highly recommended.,2026-01-09
2325,2644,444,4,Display is bright and clear.,2025-07-16
2326,2273,726,4,Value for money.,2025-04-06
2327,2479,140,4,Perfect gift option.,2025-06-04
2328,606,144,3,Perfect gift option.,2026-05-12
2329,891,827,5,Good watch for daily use.,2025-06-24
2330,2004,558,4,Strap quality could be better.,2026-04-02
2331,1613,840,4,Highly recommended.,2026-01-21
2332,1247,140,5,Stylish design and comfortable to wear.,2025-04-25
2333,2441,49,5,Excellent quality and premium finish.,2026-06-01
2334,504,769,5,Battery life is impressive.,2025-04-08
2335,1775,268,5,Fast delivery and good packaging.,2025-10-14
2336,1626,9,3,Stylish design and comfortable to wear.,2025-03-08
2337,2201,793,3,Display is bright and clear.,2026-02-06
2338,1698,919,3,Perfect gift option.,2025-11-27
2339,2470,604,3,Fast delivery and good packaging.,2025-08-02
2340,223,500,3,Highly recommended.,2026-04-24
2341,2311,480,4,Display is bright and clear.,2026-06-13
2342,294,5,4,Strap quality could be better.,2026-02-02
2343,1690,178,5,Battery life is impressive.,2026-06-21
2344,922,673,3,Fast delivery and good packaging.,2026-01-27
2345,2765,426,3,Highly recommended.,2025-07-26
2346,1222,21,3,Fast delivery and good packaging.,2025-07-04
2347,2532,838,4,Stylish design and comfortable to wear.,2025-10-06
2348,125,197,5,Perfect gift option.,2025-02-08
2349,1405,957,5,Display is bright and clear.,2025-10-25
2350,2688,211,4,Strap quality could be better.,2025-01-12
2351,856,872,5,Display is bright and clear.,2026-03-31
2352,1896,2,5,Strap quality could be better.,2026-03-05
2353,431,864,3,Highly recommended.,2025-12-12
2354,680,2,3,Good watch for daily use.,2025-11-04
2355,1104,281,4,Excellent quality and premium finish.,2025-05-20
2356,2392,895,4,Perfect gift option.,2026-05-28
2357,670,248,3,Highly recommended.,2025-04-16
2358,1744,829,5,Display is bright and clear.,2025-01-02
2359,1790,44,3,Battery life is impressive.,2026-03-12
2360,467,31,3,Battery life is impressive.,2025-04-30
2361,2646,683,4,Battery life is impressive.,2025-05-01
2362,1295,279,3,Strap quality could be better.,2025-03-26
2363,1981,614,3,Battery life is impressive.,2025-11-07
2364,2445,246,3,Display is bright and clear.,2025-03-18
2365,10,919,5,Value for money.,2025-02-12
2366,2469,88,5,Strap quality could be better.,2026-03-19
2367,2939,647,5,Value for money.,2026-06-01
2368,2865,807,5,Excellent quality and premium finish.,2025-04-28
2369,940,624,5,Fast delivery and good packaging.,2026-07-05
2370,2925,145,5,Value for money.,2026-05-13
2371,2190,109,4,Display is bright and clear.,2025-05-16
2372,2323,10,5,Good watch for daily use.,2025-05-24
2373,1464,559,5,Battery life is impressive.,2026-06-26
2374,1814,805,5,Strap quality could be better.,2026-04-16
2375,874,278,5,Display is bright and clear.,2025-03-24
2376,1546,348,5,Battery life is impressive.,2026-02-18
2377,2173,561,3,Good watch for daily use.,2026-06-09
2378,1509,759,4,Display is bright and clear.,2025-12-08
2379,2830,119,4,Highly recommended.,2026-02-08
2380,1565,879,4,Excellent quality and premium finish.,2025-02-21
2381,184,298,4,Stylish design and comfortable to wear.,2025-11-08
2382,2096,516,3,Stylish design and comfortable to wear.,2026-05-02
2383,1732,374,3,Excellent quality and premium finish.,2025-05-11
2384,2145,403,5,Excellent quality and premium finish.,2026-02-22
2385,2077,93,4,Perfect gift option.,2025-12-27
2386,2771,879,3,Stylish design and comfortable to wear.,2025-02-15
2387,613,271,5,Perfect gift option.,2026-03-12
2388,1535,197,3,Fast delivery and good packaging.,2026-02-22
2389,2817,374,5,Excellent quality and premium finish.,2025-05-01
2390,129,462,5,Battery life is impressive.,2025-12-12
2391,306,742,4,Value for money.,2025-07-11
2392,739,507,5,Strap quality could be better.,2025-10-25
2393,2604,922,4,Strap quality could be better.,2026-03-16
2394,572,247,3,Good watch for daily use.,2025-02-07
2395,1284,60,4,Highly recommended.,2025-04-17
2396,835,163,3,Battery life is impressive.,2026-01-28
2397,1623,843,3,Good watch for daily use.,2025-01-21
2398,209,236,5,Fast delivery and good packaging.,2026-04-29
2399,2548,610,5,Strap quality could be better.,2025-09-03
2400,344,898,3,Highly recommended.,2026-06-15
2401,2843,816,3,Good watch for daily use.,2026-01-24
2402,1735,647,5,Perfect gift option.,2026-05-30
2403,853,103,5,Display is bright and clear.,2025-10-05
2404,1983,922,3,Highly recommended.,2026-02-02
2405,2377,352,3,Fast delivery and good packaging.,2025-11-20
2406,699,917,3,Stylish design and comfortable to wear.,2025-07-26
2407,537,246,3,Strap quality could be better.,2025-05-30
2408,2595,900,4,Highly recommended.,2026-06-21
2409,889,965,4,Good watch for daily use.,2026-07-04
2410,2282,68,4,Display is bright and clear.,2025-03-01
2411,1400,965,3,Value for money.,2025-04-04
2412,2593,6,4,Perfect gift option.,2025-06-29
2413,296,816,4,Value for money.,2025-03-25
2414,879,936,3,Strap quality could be better.,2026-05-10
2415,2301,790,4,Display is bright and clear.,2025-01-24
2416,2560,163,3,Excellent quality and premium finish.,2025-04-03
2417,2568,692,5,Highly recommended.,2026-03-15
2418,1592,796,4,Highly recommended.,2025-08-18
2419,488,531,3,Excellent quality and premium finish.,2026-03-21
2420,2274,528,3,Strap quality could be better.,2026-05-14
2421,644,937,5,Stylish design and comfortable to wear.,2026-06-13
2422,1406,300,5,Display is bright and clear.,2025-01-24
2423,487,42,3,Excellent quality and premium finish.,2026-06-18
2424,2538,632,5,Good watch for daily use.,2025-10-22
2425,2628,760,4,Excellent quality and premium finish.,2026-01-14
2426,1377,573,4,Display is bright and clear.,2025-08-27
2427,1460,381,5,Battery life is impressive.,2026-01-06
2428,1171,114,5,Value for money.,2025-08-23
2429,133,759,5,Stylish design and comfortable to wear.,2025-12-12
2430,710,350,4,Display is bright and clear.,2025-03-02
2431,2304,428,5,Battery life is impressive.,2025-06-23
2432,2653,631,4,Good watch for daily use.,2025-06-24
2433,2302,960,3,Good watch for daily use.,2025-08-20
2434,2994,329,5,Stylish design and comfortable to wear.,2025-03-06
2435,200,307,4,Value for money.,2025-12-15
2436,2524,52,5,Value for money.,2025-03-03
2437,975,294,3,Excellent quality and premium finish.,2025-05-02
2438,776,315,5,Highly recommended.,2025-01-24
2439,144,140,3,Highly recommended.,2025-01-30
2440,2712,116,3,Good watch for daily use.,2025-09-07
2441,1027,868,4,Highly recommended.,2025-03-05
2442,294,838,5,Battery life is impressive.,2025-06-09
2443,1381,530,4,Highly recommended.,2026-03-17
2444,503,500,3,Perfect gift option.,2025-07-15
2445,1185,386,4,Display is bright and clear.,2025-10-16
2446,126,377,5,Battery life is impressive.,2026-02-18
2447,1255,607,5,Display is bright and clear.,2025-03-14
2448,1236,976,3,Perfect gift option.,2025-08-14
2449,979,749,5,Value for money.,2026-02-23
2450,2943,468,4,Fast delivery and good packaging.,2025-11-08
2451,2333,207,3,Value for money.,2026-02-23
2452,1828,956,3,Good watch for daily use.,2026-05-25
2453,480,501,3,Battery life is impressive.,2025-01-19
2454,2789,932,3,Fast delivery and good packaging.,2026-02-10
2455,1383,844,5,Battery life is impressive.,2025-03-19
2456,56,908,3,Strap quality could be better.,2025-12-09
2457,2202,947,5,Display is bright and clear.,2025-09-05
2458,2562,829,3,Value for money.,2026-01-27
2459,1128,236,3,Value for money.,2026-03-23
2460,1713,385,4,Display is bright and clear.,2025-03-26
2461,1933,436,5,Highly recommended.,2025-09-19
2462,1618,788,5,Highly recommended.,2025-08-21
2463,2711,267,5,Display is bright and clear.,2025-07-16
2464,1954,53,3,Fast delivery and good packaging.,2026-03-12
2465,736,449,3,Highly recommended.,2025-02-24
2466,1723,57,3,Value for money.,2025-10-10
2467,2707,76,5,Value for money.,2026-05-14
2468,204,678,3,Fast delivery and good packaging.,2025-08-11
2469,243,128,5,Fast delivery and good packaging.,2026-07-05
2470,2754,232,5,Good watch for daily use.,2025-12-03
2471,2423,536,5,Stylish design and comfortable to wear.,2025-09-11
2472,1973,421,4,Strap quality could be better.,2025-02-21
2473,2480,506,4,Good watch for daily use.,2025-10-21
2474,424,400,5,Strap quality could be better.,2025-06-26
2475,1291,752,4,Perfect gift option.,2025-12-11
2476,2873,380,5,Battery life is impressive.,2025-07-03
2477,2275,449,3,Good watch for daily use.,2025-08-03
2478,2608,78,5,Fast delivery and good packaging.,2025-10-23
2479,1074,79,4,Fast delivery and good packaging.,2026-06-02
2480,56,511,3,Fast delivery and good packaging.,2026-05-01
2481,1114,615,3,Highly recommended.,2025-08-02
2482,1486,952,4,Battery life is impressive.,2026-02-09
2483,1875,199,4,Excellent quality and premium finish.,2025-10-03
2484,2707,922,5,Good watch for daily use.,2026-01-12
2485,1286,861,3,Display is bright and clear.,2025-04-25
2486,1573,894,5,Stylish design and comfortable to wear.,2025-12-05
2487,587,319,4,Perfect gift option.,2025-10-30
2488,1864,873,4,Fast delivery and good packaging.,2025-04-13
2489,2017,913,3,Value for money.,2025-01-26
2490,1499,121,5,Value for money.,2026-07-04
2491,2289,129,5,Good watch for daily use.,2025-11-19
2492,284,418,3,Strap quality could be better.,2026-02-11
2493,2612,77,5,Stylish design and comfortable to wear.,2025-09-19
2494,718,716,5,Display is bright and clear.,2025-03-03
2495,2214,843,4,Value for money.,2025-03-05
2496,2153,511,4,Good watch for daily use.,2025-05-12
2497,1030,137,5,Stylish design and comfortable to wear.,2026-06-12
2498,1360,7,5,Value for money.,2025-05-20
2499,1946,174,5,Value for money.,2025-06-15
2500,1701,378,5,Perfect gift option.,2026-04-26
2501,2322,628,4,Battery life is impressive.,2025-01-18
2502,1595,357,4,Display is bright and clear.,2025-03-26
2503,806,286,3,Perfect gift option.,2025-09-22
2504,494,668,3,Highly recommended.,2026-05-20
2505,164,195,4,Fast delivery and good packaging.,2025-07-23
2506,2723,61,5,Perfect gift option.,2026-05-21
2507,879,972,4,Value for money.,2026-04-11
2508,564,385,5,Perfect gift option.,2026-05-16
2509,57,351,5,Highly recommended.,2025-06-28
2510,746,329,5,Good watch for daily use.,2026-03-13
2511,2944,917,5,Fast delivery and good packaging.,2026-02-19
2512,903,90,5,Perfect gift option.,2026-03-08
2513,1042,492,4,Battery life is impressive.,2025-08-13
2514,2327,104,5,Battery life is impressive.,2026-04-02
2515,360,250,3,Perfect gift option.,2025-02-09
2516,2574,652,5,Stylish design and comfortable to wear.,2026-04-06
2517,374,350,3,Fast delivery and good packaging.,2025-09-29
2518,2332,203,3,Value for money.,2026-04-20
2519,1133,428,5,Value for money.,2026-03-15
2520,770,963,5,Fast delivery and good packaging.,2025-07-21
2521,2047,243,5,Display is bright and clear.,2025-12-18
2522,428,222,5,Battery life is impressive.,2026-01-12
2523,30,985,5,Perfect gift option.,2026-05-16
2524,238,319,3,Strap quality could be better.,2025-07-05
2525,1203,37,4,Excellent quality and premium finish.,2025-07-29
2526,1683,644,4,Battery life is impressive.,2025-09-30
2527,1798,997,5,Fast delivery and good packaging.,2026-03-23
2528,1586,351,5,Fast delivery and good packaging.,2025-03-31
2529,2941,844,4,Stylish design and comfortable to wear.,2025-02-18
2530,419,753,5,Display is bright and clear.,2025-02-14
2531,1942,253,3,Highly recommended.,2026-04-03
2532,521,753,3,Display is bright and clear.,2025-06-21
2533,1089,280,4,Battery life is impressive.,2025-12-17
2534,2506,675,4,Good watch for daily use.,2025-07-18
2535,2572,34,3,Battery life is impressive.,2025-07-06
2536,2917,1000,4,Good watch for daily use.,2025-11-12
2537,1193,219,5,Display is bright and clear.,2025-02-05
2538,838,733,3,Fast delivery and good packaging.,2025-07-14
2539,1748,508,3,Highly recommended.,2025-06-27
2540,1180,322,5,Excellent quality and premium finish.,2025-04-27
2541,203,565,5,Good watch for daily use.,2025-05-30
2542,214,72,3,Display is bright and clear.,2025-01-05
2543,1730,534,4,Strap quality could be better.,2025-03-01
2544,1392,978,4,Stylish design and comfortable to wear.,2025-06-16
2545,2692,164,3,Good watch for daily use.,2025-09-08
2546,27,171,5,Battery life is impressive.,2025-07-26
2547,2937,454,4,Highly recommended.,2026-01-23
2548,2319,884,4,Battery life is impressive.,2025-01-14
2549,808,539,5,Battery life is impressive.,2025-07-30
2550,1257,64,5,Perfect gift option.,2025-04-27
2551,2814,382,4,Perfect gift option.,2025-01-13
2552,2546,184,3,Stylish design and comfortable to wear.,2026-02-10
2553,582,279,4,Battery life is impressive.,2026-01-04
2554,200,224,4,Good watch for daily use.,2026-02-27
2555,1242,912,5,Stylish design and comfortable to wear.,2025-08-11
2556,2755,973,4,Good watch for daily use.,2026-02-08
2557,2842,700,5,Good watch for daily use.,2026-04-27
2558,2885,32,3,Strap quality could be better.,2026-01-12
2559,1851,370,5,Fast delivery and good packaging.,2025-01-29
2560,1958,182,4,Excellent quality and premium finish.,2025-04-29
2561,2549,461,4,Stylish design and comfortable to wear.,2026-04-12
2562,2954,264,3,Perfect gift option.,2026-02-03
2563,2173,930,5,Strap quality could be better.,2025-09-06
2564,30,232,3,Good watch for daily use.,2025-12-08
2565,1038,623,5,Stylish design and comfortable to wear.,2025-01-23
2566,1615,397,5,Strap quality could be better.,2025-02-23
2567,1888,185,4,Strap quality could be better.,2026-03-16
2568,2195,754,5,Display is bright and clear.,2026-01-09
2569,815,635,3,Good watch for daily use.,2025-12-08
2570,225,829,3,Excellent quality and premium finish.,2025-06-24
2571,1611,374,3,Fast delivery and good packaging.,2025-11-04
2572,1785,962,5,Strap quality could be better.,2025-05-07
2573,2995,683,5,Highly recommended.,2025-09-09
2574,36,209,4,Battery life is impressive.,2026-04-17
2575,1397,579,5,Strap quality could be better.,2025-02-26
2576,1652,807,3,Stylish design and comfortable to wear.,2025-03-02
2577,2059,445,3,Value for money.,2025-11-09
2578,1227,165,3,Good watch for daily use.,2025-11-25
2579,2960,35,4,Good watch for daily use.,2025-09-20
2580,19,766,3,Highly recommended.,2025-07-08
2581,1557,734,5,Battery life is impressive.,2025-11-07
2582,1266,693,5,Highly recommended.,2025-09-16
2583,1035,782,5,Excellent quality and premium finish.,2026-01-17
2584,864,385,5,Good watch for daily use.,2025-06-23
2585,1959,570,4,Display is bright and clear.,2026-02-22
2586,2657,893,5,Highly recommended.,2026-04-22
2587,2075,540,4,Battery life is impressive.,2025-10-21
2588,1166,819,3,Display is bright and clear.,2026-05-11
2589,1851,633,5,Stylish design and comfortable to wear.,2025-04-24
2590,854,149,3,Perfect gift option.,2025-12-11
2591,1909,683,3,Fast delivery and good packaging.,2025-07-24
2592,1119,543,5,Good watch for daily use.,2026-07-05
2593,2641,617,5,Display is bright and clear.,2025-02-26
2594,1248,826,5,Highly recommended.,2026-01-03
2595,2192,728,3,Good watch for daily use.,2025-03-26
2596,2595,685,5,Display is bright and clear.,2025-02-21
2597,1402,898,3,Strap quality could be better.,2025-07-15
2598,173,390,5,Highly recommended.,2025-07-22
2599,1993,486,5,Perfect gift option.,2026-05-05
2600,2522,958,4,Battery life is impressive.,2025-12-08
2601,902,906,5,Value for money.,2025-12-14
2602,2999,439,3,Good watch for daily use.,2025-06-22
2603,2386,908,5,Stylish design and comfortable to wear.,2026-06-02
2604,1223,175,5,Stylish design and comfortable to wear.,2025-12-15
2605,545,164,5,Good watch for daily use.,2025-04-25
2606,610,347,4,Good watch for daily use.,2025-02-11
2607,553,716,4,Good watch for daily use.,2025-02-10
2608,2664,956,4,Strap quality could be better.,2026-02-27
2609,2604,466,4,Battery life is impressive.,2026-06-26
2610,2638,115,4,Battery life is impressive.,2025-08-01
2611,179,370,4,Perfect gift option.,2025-08-25
2612,1871,724,5,Good watch for daily use.,2025-03-25
2613,675,722,4,Strap quality could be better.,2025-12-20
2614,549,557,3,Strap quality could be better.,2025-09-18
2615,245,9,4,Perfect gift option.,2025-06-04
2616,2090,515,4,Value for money.,2025-10-08
2617,2589,85,3,Battery life is impressive.,2025-04-21
2618,2192,440,4,Highly recommended.,2025-02-10
2619,2,282,3,Good watch for daily use.,2026-04-02
2620,2909,741,3,Fast delivery and good packaging.,2025-09-22
2621,1129,507,5,Strap quality could be better.,2025-06-09
2622,2873,310,5,Excellent quality and premium finish.,2026-04-13
2623,1862,744,5,Battery life is impressive.,2025-04-27
2624,1245,174,4,Excellent quality and premium finish.,2025-01-27
2625,314,178,4,Excellent quality and premium finish.,2026-05-18
2626,2962,503,4,Stylish design and comfortable to wear.,2025-10-19
2627,195,599,5,Value for money.,2025-06-03
2628,2683,32,3,Display is bright and clear.,2025-04-13
2629,2676,835,3,Excellent quality and premium finish.,2025-04-20
2630,492,302,3,Highly recommended.,2026-06-13
2631,1339,791,3,Strap quality could be better.,2025-08-15
2632,1272,433,3,Stylish design and comfortable to wear.,2025-01-07
2633,2526,353,3,Stylish design and comfortable to wear.,2026-06-29
2634,2284,64,5,Good watch for daily use.,2025-09-11
2635,2752,412,4,Perfect gift option.,2025-08-14
2636,2751,728,5,Strap quality could be better.,2025-06-29
2637,1242,877,3,Stylish design and comfortable to wear.,2025-07-28
2638,1786,907,4,Value for money.,2025-02-25
2639,2673,545,4,Value for money.,2025-10-29
2640,922,191,5,Fast delivery and good packaging.,2026-05-12
2641,1945,852,4,Display is bright and clear.,2025-04-29
2642,769,596,4,Fast delivery and good packaging.,2025-10-19
2643,1251,400,4,Good watch for daily use.,2026-01-17
2644,2380,529,4,Display is bright and clear.,2026-06-19
2645,1312,898,5,Value for money.,2026-04-13
2646,2637,395,4,Excellent quality and premium finish.,2025-07-30
2647,2452,875,3,Strap quality could be better.,2026-06-02
2648,1503,879,4,Stylish design and comfortable to wear.,2026-01-18
2649,2988,338,4,Highly recommended.,2025-06-09
2650,16,930,5,Stylish design and comfortable to wear.,2025-02-04
2651,1758,761,3,Highly recommended.,2026-02-03
2652,2459,477,5,Excellent quality and premium finish.,2026-07-01
2653,2221,347,5,Good watch for daily use.,2026-04-12
2654,589,39,3,Fast delivery and good packaging.,2025-04-18
2655,795,135,4,Good watch for daily use.,2026-02-12
2656,476,819,3,Battery life is impressive.,2025-01-01
2657,334,621,3,Excellent quality and premium finish.,2026-02-04
2658,2001,24,5,Good watch for daily use.,2025-03-06
2659,2018,841,5,Fast delivery and good packaging.,2025-03-16
2660,1136,20,3,Fast delivery and good packaging.,2025-06-29
2661,2253,907,4,Excellent quality and premium finish.,2025-12-23
2662,2526,633,5,Battery life is impressive.,2026-06-06
2663,2822,833,5,Strap quality could be better.,2025-10-24
2664,2726,301,4,Highly recommended.,2025-10-22
2665,995,759,5,Battery life is impressive.,2026-02-10
2666,1253,497,3,Strap quality could be better.,2025-11-21
2667,2176,993,5,Good watch for daily use.,2026-04-29
2668,103,845,3,Stylish design and comfortable to wear.,2025-03-16
2669,1025,817,4,Excellent quality and premium finish.,2025-05-17
2670,2859,279,3,Battery life is impressive.,2025-05-01
2671,2246,209,5,Strap quality could be better.,2025-08-03
2672,1834,595,3,Value for money.,2026-04-11
2673,900,549,4,Battery life is impressive.,2025-04-08
2674,612,778,5,Strap quality could be better.,2026-05-07
2675,2207,983,5,Stylish design and comfortable to wear.,2025-07-14
2676,653,381,5,Good watch for daily use.,2026-02-05
2677,2892,662,3,Battery life is impressive.,2025-01-24
2678,1910,162,5,Highly recommended.,2026-02-20
2679,886,732,5,Highly recommended.,2025-08-01
2680,2538,360,3,Excellent quality and premium finish.,2025-03-13
2681,176,441,5,Fast delivery and good packaging.,2025-02-23
2682,1976,369,4,Value for money.,2026-02-26
2683,2726,703,5,Strap quality could be better.,2025-09-22
2684,2824,458,4,Fast delivery and good packaging.,2025-10-19
2685,1367,431,5,Display is bright and clear.,2025-06-21
2686,1181,635,4,Highly recommended.,2025-04-05
2687,2574,977,4,Stylish design and comfortable to wear.,2026-04-19
2688,1858,243,4,Stylish design and comfortable to wear.,2026-05-05
2689,2784,954,5,Stylish design and comfortable to wear.,2026-03-01
2690,1766,706,5,Strap quality could be better.,2025-09-01
2691,2785,910,3,Strap quality could be better.,2025-07-22
2692,601,811,5,Value for money.,2026-06-04
2693,1739,757,4,Good watch for daily use.,2025-03-21
2694,1310,545,4,Battery life is impressive.,2025-03-29
2695,1609,625,5,Good watch for daily use.,2025-01-15
2696,262,443,5,Excellent quality and premium finish.,2025-12-23
2697,2702,392,5,Display is bright and clear.,2025-09-10
2698,2404,615,3,Perfect gift option.,2025-03-07
2699,1611,247,3,Stylish design and comfortable to wear.,2025-12-24
2700,487,248,4,Value for money.,2026-05-13
2701,1967,148,5,Strap quality could be better.,2026-05-19
2702,2541,962,3,Good watch for daily use.,2026-06-11
2703,2175,480,5,Fast delivery and good packaging.,2025-02-06
2704,2074,86,3,Perfect gift option.,2025-02-10
2705,1910,921,4,Strap quality could be better.,2025-08-11
2706,1643,19,4,Good watch for daily use.,2025-01-18
2707,495,449,3,Strap quality could be better.,2026-06-27
2708,1681,455,3,Perfect gift option.,2025-08-15
2709,2906,186,5,Battery life is impressive.,2025-05-29
2710,2755,476,3,Stylish design and comfortable to wear.,2026-04-09
2711,2828,155,5,Good watch for daily use.,2026-05-28
2712,874,338,5,Strap quality could be better.,2026-03-22
2713,2127,910,5,Perfect gift option.,2025-08-09
2714,2460,316,3,Good watch for daily use.,2025-04-04
2715,400,223,3,Excellent quality and premium finish.,2025-02-15
2716,2248,56,3,Value for money.,2025-12-11
2717,2653,100,3,Highly recommended.,2026-03-01
2718,2934,393,5,Perfect gift option.,2025-04-08
2719,1906,173,3,Perfect gift option.,2025-09-03
2720,2329,645,3,Good watch for daily use.,2025-07-12
2721,48,873,3,Good watch for daily use.,2025-03-27
2722,2859,792,3,Highly recommended.,2026-04-09
2723,1908,146,4,Highly recommended.,2025-10-02
2724,510,554,4,Perfect gift option.,2026-01-29
2725,2145,35,5,Display is bright and clear.,2025-12-29
2726,2836,998,5,Perfect gift option.,2025-06-22
2727,554,379,4,Fast delivery and good packaging.,2026-02-09
2728,876,175,3,Strap quality could be better.,2026-06-23
2729,1520,880,4,Highly recommended.,2026-04-15
2730,2947,132,4,Battery life is impressive.,2025-05-30
2731,731,497,4,Perfect gift option.,2026-05-04
2732,2523,9,3,Display is bright and clear.,2025-11-24
2733,18,460,4,Excellent quality and premium finish.,2025-11-23
2734,1425,647,3,Good watch for daily use.,2025-03-07
2735,1813,481,3,Battery life is impressive.,2025-02-26
2736,784,801,4,Strap quality could be better.,2025-05-16
2737,1060,668,5,Excellent quality and premium finish.,2025-09-16
2738,551,90,5,Value for money.,2025-04-17
2739,2347,234,4,Display is bright and clear.,2025-07-29
2740,421,69,5,Battery life is impressive.,2025-09-26
2741,1240,428,3,Perfect gift option.,2025-04-28
2742,1977,313,4,Strap quality could be better.,2026-01-13
2743,1225,655,4,Stylish design and comfortable to wear.,2026-01-06
2744,1619,6,4,Strap quality could be better.,2025-01-05
2745,1075,337,5,Fast delivery and good packaging.,2025-03-07
2746,2528,836,4,Display is bright and clear.,2026-03-22
2747,1339,84,5,Battery life is impressive.,2025-08-15
2748,975,7,4,Highly recommended.,2026-04-05
2749,1538,495,3,Perfect gift option.,2026-03-30
2750,976,582,5,Excellent quality and premium finish.,2026-01-08
2751,317,869,3,Stylish design and comfortable to wear.,2026-06-04
2752,1690,444,4,Excellent quality and premium finish.,2025-04-02
2753,873,144,3,Value for money.,2026-06-27
2754,84,761,4,Fast delivery and good packaging.,2026-05-28
2755,229,922,4,Display is bright and clear.,2025-05-01
2756,47,825,3,Battery life is impressive.,2025-04-14
2757,19,721,3,Value for money.,2026-01-18
2758,2546,937,5,Excellent quality and premium finish.,2026-06-03
2759,1691,57,4,Stylish design and comfortable to wear.,2026-02-20
2760,2789,340,5,Perfect gift option.,2025-12-27
2761,1926,188,3,Highly recommended.,2025-08-29
2762,2872,141,3,Perfect gift option.,2025-07-02
2763,170,510,4,Excellent quality and premium finish.,2026-05-13
2764,396,794,4,Perfect gift option.,2026-03-06
2765,1640,114,4,Stylish design and comfortable to wear.,2025-03-10
2766,2048,503,3,Stylish design and comfortable to wear.,2025-10-04
2767,2734,748,5,Strap quality could be better.,2026-01-31
2768,1132,272,5,Perfect gift option.,2025-02-09
2769,1305,721,5,Stylish design and comfortable to wear.,2025-05-13
2770,1860,77,4,Battery life is impressive.,2025-04-21
2771,3000,409,5,Fast delivery and good packaging.,2026-03-08
2772,1075,723,4,Fast delivery and good packaging.,2026-01-04
2773,2850,676,3,Perfect gift option.,2025-02-12
2774,2883,98,4,Display is bright and clear.,2025-03-13
2775,2717,800,4,Highly recommended.,2025-01-14
2776,1731,82,3,Highly recommended.,2026-03-08
2777,253,598,5,Excellent quality and premium finish.,2026-03-12
2778,987,359,4,Value for money.,2025-01-20
2779,2353,283,5,Good watch for daily use.,2025-11-04
2780,2566,940,4,Value for money.,2025-11-18
2781,1571,507,5,Fast delivery and good packaging.,2025-03-26
2782,1063,329,5,Stylish design and comfortable to wear.,2025-06-25
2783,213,571,3,Value for money.,2026-05-13
2784,1629,305,3,Display is bright and clear.,2025-12-16
2785,437,592,5,Strap quality could be better.,2025-08-19
2786,1487,100,5,Good watch for daily use.,2026-01-12
2787,957,546,4,Highly recommended.,2025-05-22
2788,578,358,3,Strap quality could be better.,2025-02-11
2789,232,525,5,Display is bright and clear.,2025-02-13
2790,2611,870,3,Perfect gift option.,2025-11-10
2791,1340,535,3,Value for money.,2025-06-27
2792,2250,771,3,Value for money.,2025-03-16
2793,2924,335,5,Good watch for daily use.,2025-05-06
2794,853,715,4,Excellent quality and premium finish.,2025-05-31
2795,381,488,3,Good watch for daily use.,2025-03-03
2796,2860,508,4,Display is bright and clear.,2026-05-28
2797,2021,394,3,Fast delivery and good packaging.,2026-01-30
2798,885,991,4,Display is bright and clear.,2026-01-24
2799,1632,440,5,Stylish design and comfortable to wear.,2025-01-13
2800,489,727,4,Good watch for daily use.,2025-09-24
2801,749,946,4,Fast delivery and good packaging.,2025-01-26
2802,1738,448,5,Perfect gift option.,2026-04-14
2803,2192,319,4,Display is bright and clear.,2025-03-01
2804,282,622,4,Strap quality could be better.,2026-05-25
2805,2969,301,4,Perfect gift option.,2025-03-21
2806,2576,586,5,Display is bright and clear.,2026-01-10
2807,1542,579,3,Excellent quality and premium finish.,2025-12-22
2808,564,70,5,Perfect gift option.,2025-06-06
2809,1493,720,4,Fast delivery and good packaging.,2025-12-16
2810,362,529,3,Strap quality could be better.,2026-05-26
2811,2002,725,5,Perfect gift option.,2025-01-09
2812,2987,189,4,Highly recommended.,2025-01-15
2813,1250,388,4,Highly recommended.,2025-10-09
2814,2359,485,4,Perfect gift option.,2025-12-04
2815,2045,278,3,Battery life is impressive.,2026-03-07
2816,1619,171,3,Perfect gift option.,2026-06-28
2817,1994,614,5,Display is bright and clear.,2026-05-11
2818,324,442,3,Value for money.,2025-03-19
2819,1116,779,5,Battery life is impressive.,2026-05-21
2820,1665,557,5,Battery life is impressive.,2025-08-15
2821,1939,543,5,Strap quality could be better.,2026-06-03
2822,333,412,4,Stylish design and comfortable to wear.,2025-06-20
2823,2311,228,4,Strap quality could be better.,2026-02-12
2824,2120,472,5,Excellent quality and premium finish.,2025-12-03
2825,721,478,5,Fast delivery and good packaging.,2025-06-02
2826,1070,678,5,Stylish design and comfortable to wear.,2026-03-13
2827,1855,577,5,Stylish design and comfortable to wear.,2025-04-23
2828,1709,363,4,Excellent quality and premium finish.,2025-12-13
2829,2374,610,4,Good watch for daily use.,2025-04-06
2830,1783,340,4,Good watch for daily use.,2025-11-21
2831,679,41,3,Display is bright and clear.,2025-04-02
2832,361,749,4,Fast delivery and good packaging.,2025-09-30
2833,1028,299,5,Fast delivery and good packaging.,2025-10-24
2834,1900,682,3,Battery life is impressive.,2025-03-13
2835,434,154,5,Display is bright and clear.,2025-11-05
2836,2808,296,5,Battery life is impressive.,2026-01-17
2837,1314,962,3,Perfect gift option.,2025-01-20
2838,1030,42,3,Battery life is impressive.,2025-11-02
2839,24,967,5,Strap quality could be better.,2026-02-17
2840,1825,451,5,Fast delivery and good packaging.,2026-06-21
2841,1692,226,4,Display is bright and clear.,2025-06-15
2842,403,33,5,Strap quality could be better.,2025-05-22
2843,488,892,4,Excellent quality and premium finish.,2025-05-27
2844,2265,1000,5,Perfect gift option.,2025-08-01
2845,2813,137,4,Display is bright and clear.,2025-10-17
2846,1380,37,5,Good watch for daily use.,2026-07-02
2847,2869,590,4,Highly recommended.,2025-05-29
2848,208,898,5,Good watch for daily use.,2025-06-12
2849,1894,121,3,Display is bright and clear.,2025-03-07
2850,2099,848,5,Highly recommended.,2025-03-06
2851,1955,326,3,Good watch for daily use.,2026-04-04
2852,2173,650,4,Stylish design and comfortable to wear.,2025-10-19
2853,1652,546,5,Value for money.,2025-12-25
2854,1649,494,5,Battery life is impressive.,2025-10-28
2855,679,374,3,Battery life is impressive.,2025-03-09
2856,145,595,4,Perfect gift option.,2025-07-18
2857,55,190,3,Battery life is impressive.,2025-04-26
2858,2027,733,4,Good watch for daily use.,2025-12-31
2859,2610,387,5,Fast delivery and good packaging.,2025-09-14
2860,1507,662,3,Good watch for daily use.,2026-06-18
2861,2354,375,5,Excellent quality and premium finish.,2025-12-23
2862,2669,293,5,Good watch for daily use.,2025-07-02
2863,1235,183,3,Battery life is impressive.,2025-05-16
2864,2357,919,5,Value for money.,2026-03-18
2865,1085,362,5,Fast delivery and good packaging.,2026-05-03
2866,2694,720,4,Perfect gift option.,2025-04-27
2867,2480,246,5,Excellent quality and premium finish.,2025-06-23
2868,573,608,4,Good watch for daily use.,2026-01-24
2869,873,706,3,Stylish design and comfortable to wear.,2025-05-19
2870,1306,914,4,Display is bright and clear.,2025-06-09
2871,562,95,5,Battery life is impressive.,2025-06-08
2872,552,800,5,Good watch for daily use.,2025-05-27
2873,2880,203,4,Value for money.,2025-11-23
2874,2156,531,5,Fast delivery and good packaging.,2025-12-17
2875,262,15,4,Battery life is impressive.,2026-02-13
2876,2109,189,3,Excellent quality and premium finish.,2025-09-30
2877,2632,173,3,Fast delivery and good packaging.,2025-05-25
2878,2995,366,4,Perfect gift option.,2026-03-01
2879,1232,257,5,Highly recommended.,2026-06-20
2880,2534,326,5,Fast delivery and good packaging.,2025-01-09
2881,2775,824,4,Battery life is impressive.,2025-05-11
2882,804,883,5,Excellent quality and premium finish.,2025-06-19
2883,2407,429,5,Fast delivery and good packaging.,2025-07-13
2884,2118,316,5,Fast delivery and good packaging.,2026-06-06
2885,2768,955,4,Excellent quality and premium finish.,2025-04-16
2886,2617,845,5,Battery life is impressive.,2025-02-04
2887,341,669,5,Fast delivery and good packaging.,2025-06-15
2888,1971,415,5,Good watch for daily use.,2025-04-25
2889,1007,691,3,Perfect gift option.,2026-04-14
2890,2743,866,3,Display is bright and clear.,2025-08-06
2891,1221,3,3,Good watch for daily use.,2025-05-02
2892,354,405,4,Battery life is impressive.,2025-12-06
2893,2952,901,5,Fast delivery and good packaging.,2025-12-21
2894,2633,139,3,Good watch for daily use.,2026-05-04
2895,333,699,5,Excellent quality and premium finish.,2026-01-07
2896,1764,60,5,Good watch for daily use.,2025-07-30
2897,272,869,5,Strap quality could be better.,2026-05-31
2898,2180,369,5,Display is bright and clear.,2026-02-14
2899,2347,915,3,Perfect gift option.,2026-05-20
2900,2501,212,4,Good watch for daily use.,2026-06-26
2901,1285,270,5,Battery life is impressive.,2026-05-02
2902,441,9,3,Value for money.,2025-10-26
2903,2671,276,3,Battery life is impressive.,2026-04-04
2904,1174,771,4,Excellent quality and premium finish.,2025-08-16
2905,1597,717,4,Fast delivery and good packaging.,2025-01-30
2906,956,134,4,Perfect gift option.,2025-12-27
2907,2498,244,5,Good watch for daily use.,2026-04-28
2908,1239,22,4,Good watch for daily use.,2025-10-02
2909,2689,170,4,Excellent quality and premium finish.,2025-08-14
2910,1728,427,3,Stylish design and comfortable to wear.,2026-01-06
2911,1632,801,4,Excellent quality and premium finish.,2026-06-25
2912,1881,488,3,Excellent quality and premium finish.,2025-12-11
2913,2818,501,4,Value for money.,2026-05-11
2914,385,34,5,Value for money.,2026-03-08
2915,1550,423,3,Value for money.,2025-08-27
2916,1889,13,4,Fast delivery and good packaging.,2025-03-26
2917,151,980,5,Perfect gift option.,2025-08-23
2918,930,974,4,Strap quality could be better.,2025-06-04
2919,1912,507,3,Highly recommended.,2026-02-25
2920,2561,453,3,Battery life is impressive.,2025-12-31
2921,2039,945,3,Highly recommended.,2025-05-08
2922,245,64,5,Excellent quality and premium finish.,2026-04-19
2923,956,475,5,Stylish design and comfortable to wear.,2025-07-04
2924,1860,515,3,Fast delivery and good packaging.,2025-05-06
2925,2425,281,3,Fast delivery and good packaging.,2026-05-13
2926,2746,675,4,Strap quality could be better.,2025-01-01
2927,98,786,4,Strap quality could be better.,2025-03-04
2928,711,923,3,Perfect gift option.,2025-05-11
2929,488,605,3,Value for money.,2025-06-16
2930,1277,956,4,Perfect gift option.,2025-09-01
2931,794,904,3,Strap quality could be better.,2025-05-14
2932,845,907,3,Stylish design and comfortable to wear.,2025-02-23
2933,2206,781,5,Fast delivery and good packaging.,2025-07-06
2934,2343,909,5,Strap quality could be better.,2025-12-11
2935,453,496,5,Stylish design and comfortable to wear.,2025-12-04
2936,299,990,4,Perfect gift option.,2025-06-19
2937,1320,600,4,Battery life is impressive.,2025-11-20
2938,2113,714,4,Excellent quality and premium finish.,2026-05-07
2939,2065,255,3,Perfect gift option.,2025-10-11
2940,2244,732,4,Battery life is impressive.,2025-09-04
2941,2457,332,4,Good watch for daily use.,2026-05-28
2942,1953,876,5,Stylish design and comfortable to wear.,2025-12-08
2943,747,925,3,Excellent quality and premium finish.,2025-05-16
2944,2799,587,5,Battery life is impressive.,2025-09-09
2945,2705,632,5,Excellent quality and premium finish.,2025-05-23
2946,1220,741,3,Stylish design and comfortable to wear.,2026-04-09
2947,940,226,5,Display is bright and clear.,2026-06-27
2948,1182,397,4,Strap quality could be better.,2025-03-22
2949,469,608,5,Excellent quality and premium finish.,2025-10-11
2950,1618,761,4,Excellent quality and premium finish.,2025-11-26
2951,1779,916,3,Fast delivery and good packaging.,2025-11-20
2952,1799,572,5,Highly recommended.,2025-02-14
2953,769,399,3,Fast delivery and good packaging.,2026-04-09
2954,1556,40,3,Display is bright and clear.,2025-10-29
2955,1438,122,5,Strap quality could be better.,2025-11-13
2956,2525,316,4,Value for money.,2025-08-11
2957,1196,742,4,Strap quality could be better.,2025-10-18
2958,2281,435,3,Good watch for daily use.,2025-04-19
2959,1640,19,3,Value for money.,2026-06-12
2960,2385,741,5,Strap quality could be better.,2025-08-08
2961,595,633,4,Highly recommended.,2025-08-08
2962,2395,330,5,Perfect gift option.,2026-02-27
2963,1454,432,5,Strap quality could be better.,2025-12-18
2964,657,655,3,Highly recommended.,2026-03-08
2965,2271,812,5,Highly recommended.,2025-08-24
2966,2312,788,4,Value for money.,2026-03-10
2967,127,85,4,Display is bright and clear.,2026-02-08
2968,1445,389,4,Value for money.,2025-09-04
2969,557,590,4,Good watch for daily use.,2025-07-09
2970,1476,721,4,Value for money.,2026-03-16
2971,194,202,4,Excellent quality and premium finish.,2025-06-12
2972,790,930,4,Good watch for daily use.,2026-01-07
2973,1541,136,5,Excellent quality and premium finish.,2025-07-16
2974,2021,717,3,Battery life is impressive.,2025-05-12
2975,1166,223,3,Stylish design and comfortable to wear.,2026-03-29
2976,1163,212,4,Excellent quality and premium finish.,2025-04-11
2977,2049,922,5,Stylish design and comfortable to wear.,2025-11-28
2978,585,350,5,Fast delivery and good packaging.,2025-06-07
2979,2224,28,4,Highly recommended.,2025-08-09
2980,185,293,5,Stylish design and comfortable to wear.,2026-03-06
2981,414,626,4,Highly recommended.,2025-12-08
2982,77,317,4,Strap quality could be better.,2025-05-28
2983,205,431,3,Strap quality could be better.,2026-03-18
2984,591,384,5,Value for money.,2025-08-04
2985,150,241,5,Display is bright and clear.,2026-06-08
2986,1916,90,5,Value for money.,2025-05-28
2987,1426,31,4,Stylish design and comfortable to wear.,2025-07-11
2988,1017,217,3,Highly recommended.,2026-03-13
2989,641,635,4,Perfect gift option.,2025-07-23
2990,393,793,3,Fast delivery and good packaging.,2025-03-22
2991,1581,397,3,Battery life is impressive.,2026-02-26
2992,140,423,3,Excellent quality and premium finish.,2025-02-13
2993,2656,130,3,Display is bright and clear.,2025-08-27
2994,1546,598,4,Strap quality could be better.,2025-06-11
2995,339,164,4,Battery life is impressive.,2025-01-28
2996,1436,519,3,Perfect gift option.,2025-10-08
2997,2018,30,5,Perfect gift option.,2026-01-04
2998,1097,851,4,Value for money.,2025-03-14
2999,386,998,3,Highly recommended.,2026-04-12
3000,1611,761,5,Value for money.,2025-03-13
3001,1755,719,5,Perfect gift option.,2026-02-15
3002,271,423,5,Good watch for daily use.,2025-11-24
3003,1464,367,4,Battery life is impressive.,2025-02-16
3004,1531,727,4,Strap quality could be better.,2026-03-17
3005,2709,387,4,Value for money.,2025-04-29
3006,1861,739,5,Strap quality could be better.,2026-05-03
3007,1243,864,5,Battery life is impressive.,2025-01-03
3008,1545,168,3,Excellent quality and premium finish.,2026-05-10
3009,2032,937,5,Strap quality could be better.,2025-07-01
3010,1108,621,5,Perfect gift option.,2025-02-25
3011,2603,921,5,Good watch for daily use.,2026-03-26
3012,107,8,4,Excellent quality and premium finish.,2025-01-01
3013,1914,8,3,Value for money.,2026-02-20
3014,1464,447,4,Good watch for daily use.,2025-04-18
3015,2092,374,4,Battery life is impressive.,2025-04-05
3016,1697,585,4,Excellent quality and premium finish.,2026-03-07
3017,2313,364,3,Display is bright and clear.,2026-03-25
3018,2696,989,5,Stylish design and comfortable to wear.,2025-07-22
3019,1535,557,3,Display is bright and clear.,2025-03-10
3020,2204,587,4,Good watch for daily use.,2026-04-19
3021,2371,468,3,Highly recommended.,2025-01-04
3022,1911,375,4,Value for money.,2025-08-20
3023,1972,791,5,Excellent quality and premium finish.,2025-04-28
3024,996,744,4,Battery life is impressive.,2026-06-24
3025,2374,234,3,Value for money.,2025-04-14
3026,2901,444,4,Fast delivery and good packaging.,2025-11-19
3027,3,808,4,Good watch for daily use.,2025-03-27
3028,2458,175,4,Perfect gift option.,2025-04-15
3029,1903,84,4,Excellent quality and premium finish.,2026-01-04
3030,1100,150,3,Stylish design and comfortable to wear.,2025-01-27
3031,1575,63,5,Excellent quality and premium finish.,2025-07-06
3032,1262,610,3,Strap quality could be better.,2025-03-21
3033,681,555,3,Stylish design and comfortable to wear.,2026-02-09
3034,1576,58,3,Highly recommended.,2026-05-05
3035,2815,44,5,Stylish design and comfortable to wear.,2025-02-06
3036,1597,708,4,Excellent quality and premium finish.,2025-07-06
3037,2907,94,4,Stylish design and comfortable to wear.,2025-11-23
3038,370,554,3,Stylish design and comfortable to wear.,2026-01-18
3039,1773,57,3,Battery life is impressive.,2025-07-10
3040,1607,282,5,Battery life is impressive.,2025-05-02
3041,2459,655,3,Fast delivery and good packaging.,2025-08-24
3042,2256,434,3,Strap quality could be better.,2026-01-24
3043,1620,814,4,Highly recommended.,2026-06-21
3044,85,481,4,Good watch for daily use.,2026-01-29
3045,751,839,3,Perfect gift option.,2026-05-15
3046,1386,599,3,Strap quality could be better.,2025-07-20
3047,2074,445,4,Stylish design and comfortable to wear.,2026-04-03
3048,1507,185,4,Battery life is impressive.,2025-07-09
3049,1961,996,5,Strap quality could be better.,2025-09-27
3050,2248,196,3,Value for money.,2025-12-01
3051,1674,829,4,Strap quality could be better.,2026-05-06
3052,661,880,3,Display is bright and clear.,2025-05-08
3053,1565,381,5,Battery life is impressive.,2025-04-30
3054,608,256,5,Strap quality could be better.,2025-09-07
3055,2874,864,3,Good watch for daily use.,2025-01-29
3056,276,434,5,Excellent quality and premium finish.,2026-05-30
3057,1813,685,3,Perfect gift option.,2026-01-23
3058,604,992,5,Excellent quality and premium finish.,2025-01-24
3059,643,427,5,Good watch for daily use.,2025-06-22
3060,416,786,4,Excellent quality and premium finish.,2025-07-14
3061,1517,791,4,Display is bright and clear.,2026-02-27
3062,1695,526,3,Perfect gift option.,2025-06-12
3063,63,231,5,Good watch for daily use.,2026-06-14
3064,2956,810,3,Fast delivery and good packaging.,2025-06-10
3065,1987,346,3,Value for money.,2026-07-05
3066,2853,777,4,Highly recommended.,2026-05-25
3067,2250,868,4,Strap quality could be better.,2026-06-12
3068,530,155,5,Stylish design and comfortable to wear.,2025-12-09
3069,2013,993,5,Stylish design and comfortable to wear.,2025-08-11
3070,913,247,3,Stylish design and comfortable to wear.,2025-11-21
3071,2128,599,4,Strap quality could be better.,2026-05-10
3072,1105,887,5,Display is bright and clear.,2025-03-02
3073,1367,838,4,Fast delivery and good packaging.,2026-02-06
3074,1694,548,4,Strap quality could be better.,2025-12-25
3075,1345,658,4,Highly recommended.,2025-01-19
3076,309,400,3,Excellent quality and premium finish.,2025-11-10
3077,52,966,3,Display is bright and clear.,2026-04-15
3078,1,772,5,Battery life is impressive.,2026-06-07
3079,2702,622,3,Display is bright and clear.,2026-04-07
3080,304,793,4,Fast delivery and good packaging.,2025-11-14
3081,2266,824,3,Stylish design and comfortable to wear.,2026-03-27
3082,661,106,4,Highly recommended.,2026-04-08
3083,2703,904,5,Perfect gift option.,2026-01-06
3084,334,345,4,Battery life is impressive.,2025-09-02
3085,413,362,5,Good watch for daily use.,2025-07-02
3086,285,114,4,Highly recommended.,2026-06-22
3087,2567,392,3,Strap quality could be better.,2025-04-25
3088,2147,723,3,Stylish design and comfortable to wear.,2026-04-30
3089,2557,45,4,Display is bright and clear.,2025-11-29
3090,1597,573,3,Battery life is impressive.,2025-08-21
3091,1335,662,3,Display is bright and clear.,2025-08-22
3092,5,521,5,Good watch for daily use.,2026-01-22
3093,1779,518,5,Perfect gift option.,2026-03-02
3094,2603,271,5,Value for money.,2025-09-11
3095,2990,698,4,Stylish design and comfortable to wear.,2025-06-04
3096,2119,404,5,Stylish design and comfortable to wear.,2026-01-06
3097,2153,397,5,Strap quality could be better.,2026-05-03
3098,2112,778,4,Battery life is impressive.,2025-05-29
3099,844,693,4,Fast delivery and good packaging.,2025-01-02
3100,920,752,4,Highly recommended.,2025-11-16
3101,1575,598,4,Excellent quality and premium finish.,2025-04-22
3102,482,965,3,Battery life is impressive.,2025-09-26
3103,839,625,4,Good watch for daily use.,2025-07-09
3104,1600,695,5,Strap quality could be better.,2025-05-31
3105,632,387,4,Strap quality could be better.,2025-12-10
3106,1782,211,5,Value for money.,2026-04-25
3107,1421,462,3,Value for money.,2026-06-29
3108,978,744,4,Excellent quality and premium finish.,2025-05-14
3109,876,202,4,Good watch for daily use.,2026-02-03
3110,634,437,4,Excellent quality and premium finish.,2026-04-08
3111,1905,719,3,Perfect gift option.,2025-01-26
3112,2688,827,3,Value for money.,2026-06-15
3113,2082,418,3,Fast delivery and good packaging.,2026-01-18
3114,1697,515,4,Excellent quality and premium finish.,2026-03-09
3115,979,925,3,Display is bright and clear.,2026-06-20
3116,412,374,4,Battery life is impressive.,2026-03-15
3117,1101,468,5,Value for money.,2025-07-01
3118,1543,493,3,Battery life is impressive.,2025-05-28
3119,806,510,3,Battery life is impressive.,2025-06-25
3120,467,26,4,Battery life is impressive.,2025-08-18
3121,1886,389,3,Stylish design and comfortable to wear.,2025-05-31
3122,1816,636,3,Stylish design and comfortable to wear.,2026-05-15
3123,2867,645,4,Perfect gift option.,2025-12-31
3124,2640,705,5,Highly recommended.,2025-04-22
3125,1717,438,4,Stylish design and comfortable to wear.,2025-04-30
3126,1037,569,5,Highly recommended.,2026-06-03
3127,1639,552,4,Perfect gift option.,2025-08-25
3128,2562,510,5,Strap quality could be better.,2025-10-28
3129,1279,573,5,Stylish design and comfortable to wear.,2026-06-12
3130,141,79,4,Stylish design and comfortable to wear.,2025-02-05
3131,1298,342,5,Good watch for daily use.,2026-03-28
3132,2796,58,5,Highly recommended.,2025-04-28
3133,2329,362,4,Display is bright and clear.,2025-08-11
3134,1581,231,5,Fast delivery and good packaging.,2025-01-18
3135,1101,398,5,Highly recommended.,2025-02-17
3136,2690,195,5,Highly recommended.,2025-08-10
3137,1009,536,4,Value for money.,2026-06-29
3138,1270,163,5,Stylish design and comfortable to wear.,2025-11-08
3139,54,908,3,Battery life is impressive.,2025-02-20
3140,1194,811,5,Perfect gift option.,2025-11-21
3141,1990,157,3,Display is bright and clear.,2025-09-23
3142,2498,593,3,Stylish design and comfortable to wear.,2025-11-30
3143,2367,371,3,Battery life is impressive.,2025-12-04
3144,2576,440,4,Battery life is impressive.,2025-08-31
3145,144,311,3,Good watch for daily use.,2025-09-13
3146,125,363,5,Battery life is impressive.,2025-08-18
3147,2101,667,4,Value for money.,2025-07-13
3148,41,726,4,Value for money.,2026-06-28
3149,52,886,5,Fast delivery and good packaging.,2025-05-08
3150,832,985,5,Strap quality could be better.,2026-04-18
3151,2300,606,3,Highly recommended.,2026-06-07
3152,632,909,4,Fast delivery and good packaging.,2025-01-18
3153,529,861,5,Highly recommended.,2026-06-07
3154,1443,808,4,Perfect gift option.,2025-01-25
3155,427,115,3,Strap quality could be better.,2026-01-26
3156,2507,180,4,Excellent quality and premium finish.,2026-06-02
3157,564,68,5,Value for money.,2025-09-30
3158,2347,802,3,Good watch for daily use.,2026-03-26
3159,1912,897,5,Stylish design and comfortable to wear.,2026-04-09
3160,2447,806,4,Battery life is impressive.,2025-09-27
3161,948,953,3,Battery life is impressive.,2025-07-22
3162,747,744,4,Good watch for daily use.,2025-01-14
3163,1777,670,3,Excellent quality and premium finish.,2025-04-04
3164,2810,53,5,Value for money.,2025-05-05
3165,2364,779,3,Strap quality could be better.,2025-11-29
3166,371,434,4,Highly recommended.,2026-06-14
3167,1761,420,4,Good watch for daily use.,2025-11-10
3168,711,839,4,Battery life is impressive.,2025-05-13
3169,1184,541,4,Highly recommended.,2025-10-04
3170,2258,554,4,Value for money.,2025-01-13
3171,1519,487,3,Excellent quality and premium finish.,2025-09-08
3172,777,399,4,Highly recommended.,2026-03-18
3173,2940,971,5,Strap quality could be better.,2026-02-19
3174,941,359,5,Fast delivery and good packaging.,2026-03-23
3175,1562,265,5,Strap quality could be better.,2025-02-17
3176,876,476,5,Highly recommended.,2025-12-23
3177,1324,863,5,Value for money.,2025-12-19
3178,2623,567,3,Value for money.,2026-01-24
3179,1632,568,5,Battery life is impressive.,2026-06-06
3180,1424,828,4,Battery life is impressive.,2025-06-20
3181,440,195,4,Display is bright and clear.,2025-09-23
3182,41,421,3,Good watch for daily use.,2025-08-18
3183,186,241,4,Excellent quality and premium finish.,2025-11-12
3184,2266,900,4,Highly recommended.,2025-09-21
3185,517,286,5,Stylish design and comfortable to wear.,2026-03-04
3186,2966,633,5,Strap quality could be better.,2025-11-03
3187,2293,178,5,Highly recommended.,2026-06-25
3188,2070,999,5,Value for money.,2025-01-14
3189,2690,65,5,Perfect gift option.,2026-06-21
3190,173,350,4,Good watch for daily use.,2025-01-02
3191,2248,531,4,Highly recommended.,2026-06-09
3192,2716,449,5,Highly recommended.,2025-01-09
3193,1135,49,5,Battery life is impressive.,2025-12-12
3194,1745,260,4,Strap quality could be better.,2025-02-09
3195,487,28,4,Fast delivery and good packaging.,2025-04-17
3196,930,355,3,Highly recommended.,2025-04-22
3197,2770,188,4,Perfect gift option.,2025-10-21
3198,1908,942,3,Value for money.,2026-04-13
3199,2021,144,4,Good watch for daily use.,2025-05-29
3200,2389,906,4,Display is bright and clear.,2026-03-14
3201,1013,586,5,Display is bright and clear.,2025-04-04
3202,1141,958,3,Battery life is impressive.,2025-08-24
3203,1705,396,3,Strap quality could be better.,2025-07-13
3204,319,724,5,Highly recommended.,2025-05-19
3205,2362,501,5,Value for money.,2025-11-25
3206,2433,194,5,Value for money.,2026-04-24
3207,1357,489,3,Highly recommended.,2025-12-15
3208,1440,256,5,Display is bright and clear.,2026-04-20
3209,1427,397,3,Battery life is impressive.,2026-03-26
3210,55,724,3,Stylish design and comfortable to wear.,2025-12-24
3211,2691,180,5,Display is bright and clear.,2026-02-13
3212,1614,199,5,Good watch for daily use.,2025-09-07
3213,599,658,3,Display is bright and clear.,2025-01-18
3214,1840,641,4,Fast delivery and good packaging.,2025-04-01
3215,2887,917,3,Strap quality could be better.,2025-08-29
3216,1163,386,4,Perfect gift option.,2025-06-10
3217,2007,469,4,Highly recommended.,2026-04-21
3218,1267,780,3,Fast delivery and good packaging.,2025-09-22
3219,2166,366,5,Fast delivery and good packaging.,2025-01-12
3220,2515,459,3,Perfect gift option.,2025-05-23
3221,2030,941,3,Excellent quality and premium finish.,2025-07-11
3222,513,980,3,Stylish design and comfortable to wear.,2025-06-08
3223,1024,665,4,Battery life is impressive.,2026-02-15
3224,786,373,3,Stylish design and comfortable to wear.,2026-02-27
3225,617,79,3,Battery life is impressive.,2026-06-18
3226,894,69,3,Good watch for daily use.,2025-09-14
3227,464,958,5,Good watch for daily use.,2025-03-31
3228,536,340,5,Highly recommended.,2025-01-19
3229,2586,472,4,Good watch for daily use.,2026-03-26
3230,1293,888,4,Perfect gift option.,2025-03-31
3231,1579,763,3,Display is bright and clear.,2026-03-13
3232,2042,56,5,Highly recommended.,2025-10-21
3233,452,160,4,Value for money.,2025-06-18
3234,1515,18,4,Highly recommended.,2026-03-14
3235,806,846,5,Stylish design and comfortable to wear.,2026-07-02
3236,2757,203,3,Stylish design and comfortable to wear.,2025-10-18
3237,1079,294,5,Fast delivery and good packaging.,2025-07-04
3238,1764,782,3,Highly recommended.,2025-11-13
3239,1460,543,5,Strap quality could be better.,2025-08-03
3240,2296,631,3,Good watch for daily use.,2025-04-08
3241,1205,755,3,Display is bright and clear.,2025-11-20
3242,2327,367,3,Highly recommended.,2025-03-01
3243,2892,182,4,Display is bright and clear.,2025-10-26
3244,507,743,3,Display is bright and clear.,2025-05-09
3245,1309,46,4,Value for money.,2025-09-04
3246,905,328,5,Display is bright and clear.,2025-04-18
3247,727,561,4,Strap quality could be better.,2026-04-27
3248,185,107,4,Excellent quality and premium finish.,2026-01-25
3249,998,368,3,Good watch for daily use.,2025-03-26
3250,2907,374,4,Excellent quality and premium finish.,2026-06-08
3251,2808,993,5,Strap quality could be better.,2025-11-04
3252,2326,638,3,Battery life is impressive.,2026-02-26
3253,2223,475,5,Perfect gift option.,2025-10-23
3254,710,908,4,Battery life is impressive.,2025-10-23
3255,1457,708,5,Strap quality could be better.,2026-05-20
3256,143,295,4,Display is bright and clear.,2026-04-28
3257,132,239,5,Battery life is impressive.,2025-06-14
3258,2488,299,4,Strap quality could be better.,2025-09-22
3259,2296,279,3,Perfect gift option.,2025-07-22
3260,1053,291,3,Value for money.,2025-07-11
3261,1860,952,4,Display is bright and clear.,2026-02-04
3262,671,651,3,Battery life is impressive.,2026-02-12
3263,1537,987,5,Display is bright and clear.,2026-04-12
3264,1577,883,5,Stylish design and comfortable to wear.,2025-10-30
3265,1986,131,4,Battery life is impressive.,2026-05-29
3266,619,135,3,Stylish design and comfortable to wear.,2026-03-26
3267,572,256,5,Strap quality could be better.,2026-04-23
3268,1045,486,3,Highly recommended.,2026-03-29
3269,1996,128,3,Good watch for daily use.,2025-09-04
3270,2435,437,3,Good watch for daily use.,2025-08-07
3271,618,668,3,Perfect gift option.,2025-04-28
3272,1083,770,3,Excellent quality and premium finish.,2025-06-02
3273,2749,16,3,Excellent quality and premium finish.,2025-01-23
3274,2875,101,4,Excellent quality and premium finish.,2025-04-03
3275,1011,205,3,Stylish design and comfortable to wear.,2025-12-17
3276,1776,156,5,Strap quality could be better.,2025-05-16
3277,1365,819,3,Strap quality could be better.,2025-05-20
3278,46,87,5,Fast delivery and good packaging.,2025-02-22
3279,1319,361,5,Battery life is impressive.,2025-02-18
3280,924,192,3,Good watch for daily use.,2025-02-25
3281,2385,529,4,Display is bright and clear.,2026-02-26
3282,410,216,3,Highly recommended.,2025-01-24
3283,2445,163,5,Highly recommended.,2025-10-23
3284,2858,742,3,Highly recommended.,2025-01-20
3285,1060,13,4,Excellent quality and premium finish.,2025-05-22
3286,2919,448,4,Excellent quality and premium finish.,2026-06-07
3287,1207,879,3,Stylish design and comfortable to wear.,2026-06-21
3288,726,129,4,Fast delivery and good packaging.,2025-01-06
3289,1064,835,4,Fast delivery and good packaging.,2026-02-27
3290,1290,499,3,Battery life is impressive.,2025-04-07
3291,1041,627,4,Perfect gift option.,2025-09-07
3292,2293,676,5,Strap quality could be better.,2025-05-10
3293,1485,181,4,Display is bright and clear.,2025-04-16
3294,1324,209,4,Display is bright and clear.,2026-03-29
3295,1443,432,5,Battery life is impressive.,2025-10-21
3296,1333,359,5,Battery life is impressive.,2025-03-26
3297,2962,647,3,Battery life is impressive.,2026-06-18
3298,1561,755,3,Excellent quality and premium finish.,2026-01-15
3299,1392,690,5,Perfect gift option.,2025-02-17
3300,2660,413,5,Highly recommended.,2025-07-05
3301,1587,972,4,Fast delivery and good packaging.,2025-07-19
3302,2604,18,3,Battery life is impressive.,2025-11-19
3303,287,701,5,Good watch for daily use.,2025-06-16
3304,1887,789,4,Fast delivery and good packaging.,2025-06-05
3305,2198,80,3,Value for money.,2025-01-30
3306,1995,866,4,Stylish design and comfortable to wear.,2025-02-01
3307,1807,233,4,Strap quality could be better.,2025-02-07
3308,1646,414,4,Highly recommended.,2026-05-11
3309,2890,232,5,Good watch for daily use.,2026-06-16
3310,56,734,5,Perfect gift option.,2025-12-02
3311,132,358,5,Highly recommended.,2026-06-14
3312,2045,513,5,Excellent quality and premium finish.,2025-09-11
3313,1603,783,4,Excellent quality and premium finish.,2025-02-22
3314,1715,819,4,Perfect gift option.,2026-02-23
3315,2843,692,4,Strap quality could be better.,2025-02-15
3316,2224,342,4,Good watch for daily use.,2026-02-28
3317,607,55,5,Fast delivery and good packaging.,2026-07-02
3318,2867,75,5,Battery life is impressive.,2026-06-10
3319,518,460,4,Fast delivery and good packaging.,2026-06-20
3320,490,714,5,Stylish design and comfortable to wear.,2025-12-08
3321,2164,355,5,Display is bright and clear.,2025-04-29
3322,2646,400,4,Fast delivery and good packaging.,2025-12-17
3323,2339,727,3,Value for money.,2026-06-05
3324,2829,978,3,Display is bright and clear.,2025-07-04
3325,2296,747,5,Stylish design and comfortable to wear.,2025-08-19
3326,29,229,5,Display is bright and clear.,2025-08-06
3327,1846,637,4,Perfect gift option.,2026-01-07
3328,1068,611,4,Stylish design and comfortable to wear.,2025-08-17
3329,1409,76,4,Perfect gift option.,2026-01-02
3330,140,492,5,Excellent quality and premium finish.,2025-01-11
3331,1811,397,4,Perfect gift option.,2025-10-23
3332,986,473,4,Stylish design and comfortable to wear.,2025-02-01
3333,1758,908,3,Good watch for daily use.,2025-06-14
3334,2021,622,4,Perfect gift option.,2025-12-09
3335,2549,19,5,Stylish design and comfortable to wear.,2025-06-14
3336,2406,263,3,Stylish design and comfortable to wear.,2026-02-12
3337,999,988,3,Fast delivery and good packaging.,2025-12-18
3338,2531,908,3,Perfect gift option.,2025-12-20
3339,2832,91,5,Display is bright and clear.,2026-05-21
3340,1438,993,3,Fast delivery and good packaging.,2026-03-26
3341,1269,27,3,Battery life is impressive.,2025-08-24
3342,1548,977,3,Highly recommended.,2026-06-12
3343,1179,47,5,Strap quality could be better.,2025-12-29
3344,857,881,4,Value for money.,2025-08-26
3345,1186,115,4,Highly recommended.,2026-04-24
3346,1423,398,4,Perfect gift option.,2026-05-25
3347,2975,222,3,Excellent quality and premium finish.,2026-06-22
3348,18,107,5,Display is bright and clear.,2026-07-04
3349,288,787,5,Display is bright and clear.,2025-05-04
3350,1455,582,4,Good watch for daily use.,2026-03-14
3351,1984,706,5,Value for money.,2025-08-13
3352,2560,957,4,Value for money.,2026-03-19
3353,571,914,3,Stylish design and comfortable to wear.,2026-03-17
3354,2195,763,4,Stylish design and comfortable to wear.,2025-03-11
3355,1541,335,4,Perfect gift option.,2026-01-27
3356,1062,385,5,Good watch for daily use.,2026-04-30
3357,432,991,3,Perfect gift option.,2026-01-17
3358,2733,819,3,Display is bright and clear.,2025-07-24
3359,2464,566,4,Battery life is impressive.,2026-01-09
3360,1543,49,5,Value for money.,2025-08-03
3361,669,820,5,Battery life is impressive.,2025-01-17
3362,1009,486,3,Perfect gift option.,2025-10-29
3363,60,281,3,Value for money.,2026-06-30
3364,2962,806,3,Perfect gift option.,2025-08-15
3365,2278,464,5,Perfect gift option.,2025-05-05
3366,608,959,4,Highly recommended.,2026-06-09
3367,2651,285,4,Excellent quality and premium finish.,2026-04-22
3368,292,665,4,Battery life is impressive.,2026-02-21
3369,1378,321,3,Strap quality could be better.,2025-12-19
3370,1346,601,5,Stylish design and comfortable to wear.,2025-05-02
3371,2947,52,5,Highly recommended.,2026-02-04
3372,1872,857,5,Fast delivery and good packaging.,2026-05-22
3373,2064,482,4,Good watch for daily use.,2026-02-12
3374,525,427,3,Excellent quality and premium finish.,2025-07-15
3375,1528,632,5,Stylish design and comfortable to wear.,2025-03-31
3376,870,786,3,Value for money.,2025-06-07
3377,1753,716,5,Value for money.,2025-02-03
3378,2806,42,4,Display is bright and clear.,2026-05-30
3379,513,791,3,Perfect gift option.,2026-05-30
3380,1656,297,5,Stylish design and comfortable to wear.,2025-02-28
3381,1074,582,3,Stylish design and comfortable to wear.,2025-12-27
3382,1432,240,5,Value for money.,2025-11-24
3383,594,508,3,Excellent quality and premium finish.,2026-03-26
3384,1023,174,5,Fast delivery and good packaging.,2025-05-24
3385,587,59,4,Stylish design and comfortable to wear.,2026-05-01
3386,1029,629,4,Fast delivery and good packaging.,2025-10-03
3387,918,282,3,Battery life is impressive.,2025-06-23
3388,710,949,5,Value for money.,2025-12-01
3389,555,197,3,Excellent quality and premium finish.,2026-03-27
3390,330,981,5,Value for money.,2025-01-07
3391,488,946,5,Battery life is impressive.,2025-11-20
3392,442,720,3,Excellent quality and premium finish.,2025-01-06
3393,2031,780,4,Excellent quality and premium finish.,2026-02-26
3394,2055,602,4,Fast delivery and good packaging.,2026-06-26
3395,1452,415,3,Stylish design and comfortable to wear.,2026-06-03
3396,2156,713,5,Fast delivery and good packaging.,2025-10-29
3397,2723,772,4,Display is bright and clear.,2026-06-18
3398,2080,919,5,Value for money.,2026-06-30
3399,2476,116,3,Strap quality could be better.,2025-01-15
3400,2458,191,3,Excellent quality and premium finish.,2026-03-12
3401,1340,149,5,Battery life is impressive.,2026-05-25
3402,702,695,5,Excellent quality and premium finish.,2026-05-19
3403,2250,553,4,Display is bright and clear.,2025-07-17
3404,1147,586,3,Excellent quality and premium finish.,2025-12-24
3405,948,959,3,Highly recommended.,2025-12-18
3406,2432,285,5,Good watch for daily use.,2025-10-12
3407,2912,718,4,Perfect gift option.,2025-06-27
3408,2947,951,4,Highly recommended.,2026-04-07
3409,485,942,4,Value for money.,2026-02-24
3410,422,937,3,Good watch for daily use.,2025-11-16
3411,2557,919,3,Stylish design and comfortable to wear.,2026-06-16
3412,2419,773,3,Stylish design and comfortable to wear.,2025-12-10
3413,2693,402,5,Perfect gift option.,2025-10-17
3414,477,922,3,Stylish design and comfortable to wear.,2025-08-23
3415,241,230,3,Stylish design and comfortable to wear.,2025-04-01
3416,2193,389,3,Stylish design and comfortable to wear.,2025-06-15
3417,2363,380,3,Stylish design and comfortable to wear.,2025-07-17
3418,2148,541,4,Battery life is impressive.,2026-05-23
3419,2501,418,3,Battery life is impressive.,2026-04-06
3420,876,416,5,Battery life is impressive.,2025-03-22
3421,1279,507,3,Strap quality could be better.,2026-02-11
3422,907,861,3,Excellent quality and premium finish.,2025-10-09
3423,1585,777,4,Perfect gift option.,2025-11-23
3424,132,886,4,Value for money.,2025-06-24
3425,2936,929,3,Value for money.,2025-03-20
3426,927,142,3,Fast delivery and good packaging.,2026-06-21
3427,1190,415,4,Good watch for daily use.,2025-09-28
3428,2282,794,4,Highly recommended.,2025-06-01
3429,898,570,4,Excellent quality and premium finish.,2025-03-20
3430,2819,566,3,Display is bright and clear.,2025-06-11
3431,2661,659,5,Highly recommended.,2025-09-29
3432,2231,525,5,Excellent quality and premium finish.,2025-04-17
3433,2880,253,4,Excellent quality and premium finish.,2026-04-04
3434,2074,784,4,Value for money.,2025-12-01
3435,27,40,5,Display is bright and clear.,2025-05-09
3436,2957,123,5,Fast delivery and good packaging.,2026-04-02
3437,2927,635,3,Strap quality could be better.,2025-04-16
3438,1465,533,3,Highly recommended.,2025-03-28
3439,2275,397,3,Perfect gift option.,2025-08-19
3440,2286,196,4,Strap quality could be better.,2025-02-23
3441,336,939,5,Display is bright and clear.,2025-02-19
3442,2669,338,5,Strap quality could be better.,2025-08-30
3443,484,684,5,Battery life is impressive.,2026-06-01
3444,2563,487,5,Good watch for daily use.,2026-01-08
3445,2831,129,5,Value for money.,2026-01-10
3446,521,509,5,Battery life is impressive.,2025-03-15
3447,2845,207,5,Stylish design and comfortable to wear.,2026-05-24
3448,1798,522,5,Value for money.,2026-05-04
3449,2325,314,3,Fast delivery and good packaging.,2025-05-04
3450,278,960,5,Excellent quality and premium finish.,2025-02-13
3451,593,149,5,Excellent quality and premium finish.,2025-08-25
3452,1750,652,3,Fast delivery and good packaging.,2025-02-03
3453,2501,375,3,Stylish design and comfortable to wear.,2026-06-11
3454,940,630,3,Perfect gift option.,2025-05-17
3455,1348,80,3,Strap quality could be better.,2025-09-08
3456,1693,684,3,Excellent quality and premium finish.,2026-07-01
3457,1350,360,4,Fast delivery and good packaging.,2025-03-11
3458,92,140,4,Value for money.,2025-05-22
3459,1544,563,4,Strap quality could be better.,2026-02-05
3460,311,977,5,Display is bright and clear.,2025-08-25
3461,885,253,4,Fast delivery and good packaging.,2025-04-19
3462,1187,209,4,Value for money.,2026-06-09
3463,1144,246,4,Excellent quality and premium finish.,2025-11-20
3464,1596,86,3,Display is bright and clear.,2026-06-24
3465,868,816,4,Stylish design and comfortable to wear.,2026-07-03
3466,1628,528,3,Stylish design and comfortable to wear.,2025-09-14
3467,2802,773,3,Fast delivery and good packaging.,2025-10-08
3468,88,176,5,Perfect gift option.,2025-01-28
3469,455,365,4,Strap quality could be better.,2025-09-13
3470,1868,638,3,Fast delivery and good packaging.,2025-09-20
3471,2923,925,4,Value for money.,2025-09-07
3472,2419,692,5,Battery life is impressive.,2025-06-27
3473,2963,645,5,Strap quality could be better.,2026-02-02
3474,2202,773,4,Fast delivery and good packaging.,2026-05-11
3475,581,829,4,Highly recommended.,2025-09-02
3476,1203,495,5,Perfect gift option.,2025-04-30
3477,977,555,5,Fast delivery and good packaging.,2025-10-15
3478,1700,798,4,Excellent quality and premium finish.,2026-05-09
3479,471,421,3,Strap quality could be better.,2025-08-26
3480,870,125,4,Strap quality could be better.,2025-09-19
3481,292,355,5,Strap quality could be better.,2025-06-26
3482,1548,502,4,Highly recommended.,2025-05-13
3483,2048,773,3,Display is bright and clear.,2025-08-25
3484,2143,54,5,Stylish design and comfortable to wear.,2026-02-12
3485,1887,750,3,Excellent quality and premium finish.,2026-01-28
3486,31,661,3,Value for money.,2026-06-11
3487,2433,479,3,Strap quality could be better.,2025-12-05
3488,492,91,4,Battery life is impressive.,2026-01-23
3489,846,699,5,Display is bright and clear.,2025-03-21
3490,2794,111,3,Fast delivery and good packaging.,2025-01-30
3491,2059,88,4,Value for money.,2025-09-07
3492,2361,523,4,Display is bright and clear.,2026-03-15
3493,2278,294,5,Fast delivery and good packaging.,2025-09-07
3494,274,119,4,Strap quality could be better.,2025-01-15
3495,296,564,5,Stylish design and comfortable to wear.,2025-02-14
3496,547,839,3,Fast delivery and good packaging.,2026-02-06
3497,1036,148,5,Good watch for daily use.,2026-03-10
3498,2625,368,4,Stylish design and comfortable to wear.,2026-03-12
3499,2320,853,3,Battery life is impressive.,2025-07-28
3500,805,900,5,Battery life is impressive.,2025-04-07
3501,1534,60,4,Perfect gift option.,2026-06-14
3502,2227,383,5,Stylish design and comfortable to wear.,2025-12-11
3503,992,937,3,Highly recommended.,2026-05-02
3504,1516,962,3,Display is bright and clear.,2025-12-25
3505,2594,866,5,Battery life is impressive.,2026-04-23
3506,477,165,3,Strap quality could be better.,2026-02-03
3507,1002,312,4,Excellent quality and premium finish.,2025-09-05
3508,2273,13,3,Good watch for daily use.,2025-12-19
3509,1842,625,3,Strap quality could be better.,2025-08-04
3510,622,645,4,Highly recommended.,2025-03-24
3511,2945,85,4,Highly recommended.,2026-04-03
3512,1721,737,5,Stylish design and comfortable to wear.,2026-05-02
3513,2272,192,4,Fast delivery and good packaging.,2026-03-13
3514,201,64,3,Excellent quality and premium finish.,2026-03-10
3515,529,802,4,Display is bright and clear.,2026-01-27
3516,236,649,3,Display is bright and clear.,2026-04-04
3517,1031,849,3,Perfect gift option.,2025-01-08
3518,990,617,5,Highly recommended.,2026-03-27
3519,2410,496,4,Excellent quality and premium finish.,2025-10-26
3520,11,528,3,Strap quality could be better.,2025-08-29
3521,871,659,3,Excellent quality and premium finish.,2025-09-07
3522,312,653,5,Perfect gift option.,2026-01-19
3523,1530,902,5,Highly recommended.,2025-03-29
3524,921,12,4,Strap quality could be better.,2026-05-22
3525,743,251,5,Display is bright and clear.,2025-03-20
3526,1166,360,3,Excellent quality and premium finish.,2026-04-18
3527,1781,337,3,Display is bright and clear.,2025-02-13
3528,2237,530,5,Value for money.,2026-04-25
3529,2243,474,3,Display is bright and clear.,2026-01-06
3530,996,118,3,Perfect gift option.,2025-06-22
3531,1002,253,5,Highly recommended.,2026-01-04
3532,1241,130,5,Strap quality could be better.,2026-03-14
3533,2536,128,4,Good watch for daily use.,2026-06-04
3534,2147,653,4,Good watch for daily use.,2025-03-03
3535,1386,668,5,Good watch for daily use.,2026-06-07
3536,1216,384,5,Highly recommended.,2025-04-28
3537,2351,524,4,Fast delivery and good packaging.,2025-04-19
3538,1957,616,4,Strap quality could be better.,2026-04-01
3539,511,682,4,Fast delivery and good packaging.,2026-01-25
3540,2300,413,4,Fast delivery and good packaging.,2025-12-12
3541,1526,797,4,Highly recommended.,2026-04-05
3542,2269,730,5,Fast delivery and good packaging.,2025-11-22
3543,721,580,3,Fast delivery and good packaging.,2025-01-15
3544,1499,871,4,Value for money.,2026-05-02
3545,138,416,5,Display is bright and clear.,2026-01-24
3546,398,514,3,Display is bright and clear.,2026-04-23
3547,1344,611,4,Stylish design and comfortable to wear.,2025-08-31
3548,2358,937,4,Excellent quality and premium finish.,2025-10-17
3549,2650,223,3,Battery life is impressive.,2025-10-22
3550,2452,929,4,Strap quality could be better.,2025-02-25
3551,347,588,3,Excellent quality and premium finish.,2025-02-13
3552,2923,48,3,Good watch for daily use.,2025-04-06
3553,1602,435,5,Excellent quality and premium finish.,2025-05-05
3554,625,61,3,Good watch for daily use.,2025-04-14
3555,1155,980,5,Fast delivery and good packaging.,2025-08-29
3556,262,628,5,Good watch for daily use.,2026-02-11
3557,807,281,4,Stylish design and comfortable to wear.,2025-10-24
3558,1480,808,5,Strap quality could be better.,2025-03-20
3559,2811,630,5,Strap quality could be better.,2025-08-16
3560,1567,751,5,Battery life is impressive.,2025-07-02
3561,590,671,3,Perfect gift option.,2025-05-16
3562,335,784,3,Battery life is impressive.,2025-07-12
3563,1288,722,5,Stylish design and comfortable to wear.,2026-01-24
3564,436,490,4,Battery life is impressive.,2025-02-26
3565,2163,719,4,Stylish design and comfortable to wear.,2025-05-20
3566,2132,108,4,Display is bright and clear.,2026-06-30
3567,462,739,5,Fast delivery and good packaging.,2025-06-03
3568,929,264,5,Excellent quality and premium finish.,2026-02-27
3569,2332,654,4,Value for money.,2026-06-16
3570,80,103,5,Good watch for daily use.,2025-10-28
3571,1436,717,4,Stylish design and comfortable to wear.,2026-04-02
3572,1203,413,4,Value for money.,2025-07-02
3573,688,690,4,Highly recommended.,2025-09-16
3574,516,595,4,Strap quality could be better.,2025-10-29
3575,1900,569,5,Value for money.,2026-01-25
3576,1027,890,5,Excellent quality and premium finish.,2025-01-10
3577,131,650,3,Fast delivery and good packaging.,2026-01-22
3578,21,16,3,Perfect gift option.,2025-07-29
3579,1269,890,5,Fast delivery and good packaging.,2026-02-20
3580,367,243,3,Value for money.,2025-07-26
3581,2925,776,5,Highly recommended.,2025-07-06
3582,338,48,4,Value for money.,2025-02-21
3583,1608,22,5,Good watch for daily use.,2025-06-18
3584,208,112,5,Stylish design and comfortable to wear.,2026-06-04
3585,2896,814,3,Strap quality could be better.,2026-06-23
3586,2120,36,4,Fast delivery and good packaging.,2025-04-05
3587,703,283,3,Display is bright and clear.,2025-03-12
3588,100,516,5,Fast delivery and good packaging.,2025-03-21
3589,535,273,3,Highly recommended.,2025-07-12
3590,2121,81,4,Highly recommended.,2026-05-03
3591,2841,11,4,Strap quality could be better.,2025-08-08
3592,1742,979,4,Perfect gift option.,2026-05-10
3593,1110,100,5,Display is bright and clear.,2026-03-29
3594,899,583,5,Battery life is impressive.,2026-04-03
3595,131,824,4,Fast delivery and good packaging.,2026-02-15
3596,655,310,4,Value for money.,2025-06-20
3597,2665,280,5,Fast delivery and good packaging.,2026-02-16
3598,386,566,3,Excellent quality and premium finish.,2025-09-16
3599,959,653,5,Highly recommended.,2025-01-12
3600,259,93,4,Value for money.,2025-11-21
3601,128,829,3,Battery life is impressive.,2026-06-14
3602,377,198,4,Display is bright and clear.,2025-02-27
3603,1110,658,4,Fast delivery and good packaging.,2025-08-26
3604,816,154,4,Excellent quality and premium finish.,2025-06-29
3605,2634,120,4,Display is bright and clear.,2026-06-07
3606,3,338,3,Display is bright and clear.,2025-03-24
3607,2316,960,5,Display is bright and clear.,2026-05-13
3608,1703,98,4,Value for money.,2026-03-18
3609,930,872,3,Good watch for daily use.,2025-07-24
3610,746,518,4,Perfect gift option.,2026-04-11
3611,1143,609,3,Strap quality could be better.,2025-08-26
3612,1775,991,4,Strap quality could be better.,2025-12-10
3613,1620,129,3,Strap quality could be better.,2026-02-23
3614,1209,1000,5,Perfect gift option.,2026-05-06
3615,2876,69,3,Perfect gift option.,2025-07-18
3616,479,314,3,Highly recommended.,2025-03-16
3617,2476,556,3,Highly recommended.,2025-11-24
3618,884,492,4,Stylish design and comfortable to wear.,2025-08-03
3619,2221,211,4,Fast delivery and good packaging.,2025-05-27
3620,131,115,5,Fast delivery and good packaging.,2026-05-19
3621,1022,389,5,Good watch for daily use.,2025-11-12
3622,2719,132,4,Stylish design and comfortable to wear.,2025-06-13
3623,620,706,4,Strap quality could be better.,2026-05-02
3624,1623,919,4,Display is bright and clear.,2025-09-09
3625,2028,176,5,Value for money.,2025-05-28
3626,2955,248,5,Perfect gift option.,2025-04-22
3627,1045,869,3,Excellent quality and premium finish.,2026-06-28
3628,105,801,4,Strap quality could be better.,2025-10-04
3629,2336,378,3,Stylish design and comfortable to wear.,2025-05-30
3630,2116,215,3,Strap quality could be better.,2026-04-26
3631,2313,311,5,Display is bright and clear.,2025-03-13
3632,2236,546,3,Excellent quality and premium finish.,2025-07-04
3633,752,888,3,Battery life is impressive.,2025-06-29
3634,1385,979,5,Strap quality could be better.,2025-10-14
3635,2349,736,3,Battery life is impressive.,2025-02-10
3636,711,601,4,Good watch for daily use.,2025-05-20
3637,1303,686,4,Value for money.,2025-03-28
3638,1482,323,4,Perfect gift option.,2025-07-06
3639,1312,27,4,Display is bright and clear.,2025-02-07
3640,1386,759,3,Value for money.,2026-02-22
3641,1859,974,5,Fast delivery and good packaging.,2026-02-23
3642,1655,278,4,Battery life is impressive.,2025-01-25
3643,2931,999,3,Good watch for daily use.,2025-10-10
3644,271,883,3,Excellent quality and premium finish.,2026-02-23
3645,810,25,4,Excellent quality and premium finish.,2025-09-18
3646,281,763,3,Strap quality could be better.,2026-01-28
3647,2759,643,3,Strap quality could be better.,2026-07-03
3648,2444,623,5,Display is bright and clear.,2025-10-10
3649,2405,322,5,Good watch for daily use.,2025-04-26
3650,25,192,3,Excellent quality and premium finish.,2025-10-15
3651,2418,620,3,Value for money.,2026-04-09
3652,2477,951,3,Value for money.,2026-03-06
3653,492,695,4,Highly recommended.,2026-05-28
3654,1786,175,4,Fast delivery and good packaging.,2025-02-11
3655,340,208,5,Fast delivery and good packaging.,2025-06-17
3656,418,920,4,Stylish design and comfortable to wear.,2025-05-22
3657,2582,496,4,Perfect gift option.,2025-08-31
3658,1152,68,4,Strap quality could be better.,2026-02-27
3659,2470,273,3,Good watch for daily use.,2026-04-28
3660,297,147,3,Value for money.,2025-08-17
3661,2413,681,3,Battery life is impressive.,2025-07-15
3662,1788,676,3,Excellent quality and premium finish.,2025-12-13
3663,2351,349,5,Battery life is impressive.,2026-06-01
3664,425,387,5,Excellent quality and premium finish.,2025-06-17
3665,2451,102,4,Perfect gift option.,2025-07-31
3666,1220,355,3,Display is bright and clear.,2025-06-24
3667,1291,174,3,Highly recommended.,2025-03-31
3668,1011,248,3,Excellent quality and premium finish.,2025-05-01
3669,1893,602,5,Display is bright and clear.,2026-02-08
3670,2906,405,4,Stylish design and comfortable to wear.,2025-10-16
3671,2183,255,5,Good watch for daily use.,2025-09-03
3672,2780,633,3,Perfect gift option.,2025-10-27
3673,23,155,4,Good watch for daily use.,2025-10-09
3674,1731,132,5,Fast delivery and good packaging.,2026-04-06
3675,2228,593,3,Strap quality could be better.,2025-03-18
3676,213,965,3,Highly recommended.,2025-03-06
3677,58,918,4,Value for money.,2025-11-28
3678,848,242,5,Good watch for daily use.,2026-01-08
3679,1282,605,3,Perfect gift option.,2025-05-22
3680,1465,795,5,Excellent quality and premium finish.,2025-02-08
3681,2544,927,4,Value for money.,2025-12-20
3682,996,287,4,Perfect gift option.,2026-03-28
3683,2151,133,5,Good watch for daily use.,2026-02-13
3684,2333,663,5,Battery life is impressive.,2026-01-29
3685,2340,787,3,Display is bright and clear.,2025-04-19
3686,1440,312,5,Highly recommended.,2025-10-06
3687,372,354,3,Display is bright and clear.,2025-11-25
3688,2620,528,5,Display is bright and clear.,2025-11-06
3689,2896,594,3,Good watch for daily use.,2025-09-12
3690,250,427,5,Fast delivery and good packaging.,2025-04-27
3691,2715,643,4,Fast delivery and good packaging.,2025-10-27
3692,562,777,4,Highly recommended.,2025-05-19
3693,2732,934,5,Battery life is impressive.,2025-07-17
3694,2014,386,5,Strap quality could be better.,2026-06-06
3695,2818,909,4,Highly recommended.,2025-08-24
3696,279,213,3,Perfect gift option.,2025-07-01
3697,1292,225,5,Display is bright and clear.,2025-11-03
3698,108,689,5,Display is bright and clear.,2025-05-08
3699,1209,8,3,Fast delivery and good packaging.,2026-02-02
3700,2647,579,3,Highly recommended.,2026-01-20
3701,2911,655,5,Value for money.,2025-12-14
3702,1004,408,5,Fast delivery and good packaging.,2025-08-19
3703,2987,989,4,Good watch for daily use.,2026-04-02
3704,534,205,4,Perfect gift option.,2025-06-03
3705,2593,532,3,Value for money.,2026-05-01
3706,458,270,5,Perfect gift option.,2025-12-13
3707,30,178,3,Strap quality could be better.,2026-06-08
3708,1071,785,3,Excellent quality and premium finish.,2026-01-23
3709,531,246,4,Strap quality could be better.,2025-03-17
3710,636,368,5,Strap quality could be better.,2026-03-10
3711,864,844,3,Stylish design and comfortable to wear.,2026-05-21
3712,2635,81,4,Excellent quality and premium finish.,2025-07-23
3713,1351,439,3,Highly recommended.,2025-08-11
3714,2271,222,3,Excellent quality and premium finish.,2026-01-09
3715,2752,891,4,Good watch for daily use.,2026-05-29
3716,1814,877,3,Good watch for daily use.,2025-12-24
3717,2830,282,5,Fast delivery and good packaging.,2025-08-28
3718,2429,767,4,Excellent quality and premium finish.,2026-04-16
3719,2404,726,5,Perfect gift option.,2025-02-03
3720,1988,250,5,Strap quality could be better.,2025-12-28
3721,899,216,5,Good watch for daily use.,2025-04-28
3722,33,68,5,Display is bright and clear.,2025-08-30
3723,1012,939,4,Fast delivery and good packaging.,2026-04-27
3724,2990,817,4,Excellent quality and premium finish.,2026-02-20
3725,2932,605,3,Good watch for daily use.,2025-02-22
3726,2989,584,5,Stylish design and comfortable to wear.,2025-05-13
3727,932,628,3,Battery life is impressive.,2025-05-07
3728,12,796,3,Good watch for daily use.,2025-05-14
3729,1915,23,5,Display is bright and clear.,2025-07-14
3730,2562,560,3,Display is bright and clear.,2026-04-14
3731,1857,583,5,Excellent quality and premium finish.,2025-01-17
3732,594,277,5,Fast delivery and good packaging.,2026-01-31
3733,2855,475,5,Battery life is impressive.,2025-10-27
3734,2132,440,3,Excellent quality and premium finish.,2026-04-07
3735,1126,796,4,Good watch for daily use.,2025-06-07
3736,1484,776,4,Highly recommended.,2025-03-24
3737,1420,580,5,Fast delivery and good packaging.,2025-09-05
3738,2998,220,4,Value for money.,2025-10-26
3739,2247,768,5,Fast delivery and good packaging.,2025-05-07
3740,1685,986,4,Battery life is impressive.,2025-11-04
3741,71,484,4,Perfect gift option.,2025-12-26
3742,2862,533,5,Excellent quality and premium finish.,2025-07-29
3743,1699,9,5,Strap quality could be better.,2025-02-12
3744,2542,962,3,Strap quality could be better.,2025-08-03
3745,1470,670,4,Fast delivery and good packaging.,2025-02-22
3746,2328,414,5,Value for money.,2025-11-13
3747,1134,523,4,Excellent quality and premium finish.,2025-06-08
3748,1819,573,3,Strap quality could be better.,2026-03-24
3749,2433,339,5,Fast delivery and good packaging.,2025-07-12
3750,1951,782,4,Strap quality could be better.,2025-04-12
3751,2029,305,4,Strap quality could be better.,2025-08-28
3752,1797,422,5,Excellent quality and premium finish.,2025-11-28
3753,1052,563,5,Value for money.,2025-05-31
3754,972,977,3,Good watch for daily use.,2026-06-30
3755,2756,216,4,Fast delivery and good packaging.,2026-06-12
3756,1933,733,5,Excellent quality and premium finish.,2025-01-13
3757,689,699,4,Battery life is impressive.,2025-08-01
3758,248,638,5,Battery life is impressive.,2025-04-11
3759,2045,300,3,Fast delivery and good packaging.,2026-07-03
3760,2528,180,3,Stylish design and comfortable to wear.,2025-05-14
3761,956,976,4,Display is bright and clear.,2025-01-26
3762,798,499,5,Highly recommended.,2026-02-22
3763,264,755,4,Value for money.,2025-03-16
3764,79,669,5,Strap quality could be better.,2025-05-15
3765,746,102,3,Excellent quality and premium finish.,2025-03-12
3766,2937,602,4,Strap quality could be better.,2025-07-08
3767,1868,416,3,Good watch for daily use.,2026-02-23
3768,2298,795,5,Highly recommended.,2025-09-26
3769,2634,914,5,Excellent quality and premium finish.,2025-05-15
3770,193,443,3,Good watch for daily use.,2026-04-21
3771,1900,679,5,Excellent quality and premium finish.,2025-05-10
3772,2515,565,5,Fast delivery and good packaging.,2025-09-13
3773,1556,969,5,Strap quality could be better.,2025-07-12
3774,1326,331,5,Display is bright and clear.,2026-06-06
3775,1758,536,5,Fast delivery and good packaging.,2025-11-12
3776,2471,199,3,Perfect gift option.,2025-07-06
3777,1121,89,5,Value for money.,2026-04-24
3778,1826,490,5,Display is bright and clear.,2025-10-04
3779,2574,170,4,Perfect gift option.,2026-07-03
3780,2442,517,5,Fast delivery and good packaging.,2025-09-09
3781,737,815,5,Battery life is impressive.,2025-09-02
3782,1416,846,5,Display is bright and clear.,2026-01-13
3783,1725,558,3,Fast delivery and good packaging.,2026-03-16
3784,238,757,5,Display is bright and clear.,2026-06-22
3785,1022,356,5,Good watch for daily use.,2025-03-14
3786,1429,687,5,Perfect gift option.,2025-04-27
3787,563,498,5,Good watch for daily use.,2025-08-27
3788,1530,657,5,Excellent quality and premium finish.,2026-05-16
3789,1536,160,5,Value for money.,2025-09-07
3790,1980,62,4,Highly recommended.,2025-08-11
3791,2004,549,4,Display is bright and clear.,2025-07-05
3792,2168,806,3,Good watch for daily use.,2025-04-28
3793,904,531,3,Highly recommended.,2026-03-19
3794,818,778,3,Battery life is impressive.,2025-08-01
3795,2884,929,4,Strap quality could be better.,2026-01-27
3796,895,732,4,Perfect gift option.,2026-04-09
3797,1796,965,3,Battery life is impressive.,2025-01-12
3798,413,901,4,Strap quality could be better.,2026-03-31
3799,1831,244,3,Display is bright and clear.,2026-02-23
3800,2846,701,4,Strap quality could be better.,2025-07-20
3801,2049,853,4,Good watch for daily use.,2025-03-20
3802,2637,161,5,Strap quality could be better.,2025-01-06
3803,2360,733,3,Stylish design and comfortable to wear.,2025-05-20
3804,2888,216,5,Good watch for daily use.,2025-10-13
3805,2192,47,3,Stylish design and comfortable to wear.,2026-04-14
3806,2181,789,3,Strap quality could be better.,2025-10-10
3807,1025,22,5,Display is bright and clear.,2025-12-30
3808,2920,153,5,Stylish design and comfortable to wear.,2026-05-30
3809,591,255,3,Display is bright and clear.,2025-03-25
3810,929,485,5,Battery life is impressive.,2025-01-13
3811,2736,146,4,Highly recommended.,2025-08-21
3812,2427,725,3,Display is bright and clear.,2025-02-03
3813,2657,770,3,Value for money.,2025-04-25
3814,1834,900,4,Strap quality could be better.,2026-05-06
3815,1546,640,4,Value for money.,2026-01-08
3816,430,123,4,Fast delivery and good packaging.,2025-05-24
3817,1498,547,5,Good watch for daily use.,2025-08-06
3818,3000,311,4,Stylish design and comfortable to wear.,2025-01-14
3819,2898,209,5,Battery life is impressive.,2026-01-23
3820,124,250,5,Fast delivery and good packaging.,2025-04-25
3821,2543,121,5,Display is bright and clear.,2026-03-06
3822,1139,857,5,Value for money.,2025-10-16
3823,290,762,5,Perfect gift option.,2025-02-21
3824,1070,826,5,Excellent quality and premium finish.,2025-05-24
3825,992,476,5,Display is bright and clear.,2025-10-03
3826,1642,523,3,Battery life is impressive.,2025-02-03
3827,167,349,5,Good watch for daily use.,2025-12-15
3828,2362,475,4,Stylish design and comfortable to wear.,2025-01-15
3829,659,933,5,Fast delivery and good packaging.,2025-06-06
3830,2214,837,3,Stylish design and comfortable to wear.,2025-06-11
3831,590,227,4,Battery life is impressive.,2026-02-17
3832,1976,799,5,Excellent quality and premium finish.,2025-01-25
3833,1278,860,4,Value for money.,2025-01-26
3834,916,194,4,Good watch for daily use.,2026-06-26
3835,2708,70,3,Stylish design and comfortable to wear.,2025-04-14
3836,804,229,4,Battery life is impressive.,2026-02-20
3837,1372,793,4,Fast delivery and good packaging.,2025-06-24
3838,2189,870,5,Fast delivery and good packaging.,2025-09-09
3839,1003,55,4,Display is bright and clear.,2025-12-23
3840,1896,194,3,Display is bright and clear.,2025-02-04
3841,2351,4,3,Strap quality could be better.,2026-04-14
3842,317,674,3,Display is bright and clear.,2026-06-19
3843,2123,593,4,Battery life is impressive.,2025-03-20
3844,2164,230,3,Perfect gift option.,2025-02-12
3845,2923,274,4,Value for money.,2026-01-26
3846,990,859,5,Fast delivery and good packaging.,2025-03-07
3847,823,835,3,Good watch for daily use.,2026-03-29
3848,1018,188,3,Stylish design and comfortable to wear.,2025-04-27
3849,2257,459,4,Highly recommended.,2025-08-25
3850,438,177,3,Excellent quality and premium finish.,2025-12-20
3851,2067,890,3,Stylish design and comfortable to wear.,2026-03-11
3852,274,271,4,Perfect gift option.,2026-03-08
3853,1062,385,4,Good watch for daily use.,2025-04-24
3854,1060,60,5,Battery life is impressive.,2025-01-12
3855,990,817,3,Excellent quality and premium finish.,2026-05-23
3856,1221,252,3,Excellent quality and premium finish.,2026-06-08
3857,1057,874,3,Highly recommended.,2025-12-20
3858,2971,812,5,Value for money.,2025-04-14
3859,2649,83,5,Strap quality could be better.,2026-06-03
3860,346,661,5,Highly recommended.,2025-07-14
3861,2606,986,3,Perfect gift option.,2025-11-11
3862,1139,852,3,Highly recommended.,2026-06-07
3863,2222,582,3,Display is bright and clear.,2025-11-27
3864,2804,577,4,Good watch for daily use.,2025-02-23
3865,2275,9,3,Highly recommended.,2025-02-18
3866,2929,810,5,Value for money.,2025-10-02
3867,878,630,3,Strap quality could be better.,2025-04-26
3868,1155,536,5,Good watch for daily use.,2025-09-17
3869,2326,39,5,Highly recommended.,2025-09-27
3870,2767,198,5,Value for money.,2026-06-17
3871,2286,204,5,Battery life is impressive.,2025-09-09
3872,930,874,3,Strap quality could be better.,2025-11-20
3873,1532,146,5,Battery life is impressive.,2025-03-06
3874,2441,661,5,Excellent quality and premium finish.,2026-06-07
3875,1559,992,3,Perfect gift option.,2025-06-17
3876,902,248,5,Excellent quality and premium finish.,2026-07-05
3877,2607,372,3,Display is bright and clear.,2025-09-27
3878,2794,607,4,Value for money.,2025-12-21
3879,1446,442,5,Stylish design and comfortable to wear.,2026-01-19
3880,699,738,3,Excellent quality and premium finish.,2026-03-13
3881,1385,597,5,Excellent quality and premium finish.,2026-02-20
3882,1883,836,3,Display is bright and clear.,2025-06-03
3883,2107,471,3,Display is bright and clear.,2025-06-15
3884,115,378,5,Excellent quality and premium finish.,2026-04-01
3885,1521,329,5,Value for money.,2025-01-12
3886,1096,374,4,Perfect gift option.,2025-03-04
3887,1608,919,4,Excellent quality and premium finish.,2025-12-12
3888,1809,438,4,Perfect gift option.,2026-03-03
3889,222,405,3,Display is bright and clear.,2025-08-29
3890,2264,929,4,Strap quality could be better.,2025-02-14
3891,1296,720,4,Excellent quality and premium finish.,2025-05-14
3892,657,968,5,Perfect gift option.,2025-05-19
3893,350,266,4,Battery life is impressive.,2025-12-13
3894,1189,784,3,Perfect gift option.,2026-03-03
3895,453,751,5,Highly recommended.,2025-05-06
3896,891,326,4,Stylish design and comfortable to wear.,2025-09-13
3897,1603,683,4,Highly recommended.,2025-09-24
3898,1246,404,4,Display is bright and clear.,2026-03-31
3899,1308,750,5,Highly recommended.,2025-12-01
3900,816,544,4,Perfect gift option.,2026-03-15
3901,1335,110,3,Perfect gift option.,2025-05-24
3902,846,161,4,Fast delivery and good packaging.,2026-06-10
3903,2695,564,4,Stylish design and comfortable to wear.,2025-08-22
3904,1466,354,3,Stylish design and comfortable to wear.,2025-01-13
3905,2230,281,4,Display is bright and clear.,2025-10-10
3906,1639,499,4,Highly recommended.,2025-10-26
3907,2625,869,5,Stylish design and comfortable to wear.,2025-01-10
3908,2190,569,4,Strap quality could be better.,2025-05-18
3909,2259,129,4,Excellent quality and premium finish.,2026-02-28
3910,1051,921,3,Perfect gift option.,2025-05-15
3911,2764,430,5,Perfect gift option.,2025-02-25
3912,158,100,3,Highly recommended.,2025-12-29
3913,2046,624,5,Excellent quality and premium finish.,2025-08-20
3914,2524,738,3,Value for money.,2026-02-10
3915,2213,560,3,Display is bright and clear.,2025-12-16
3916,710,934,4,Display is bright and clear.,2025-05-21
3917,496,721,3,Strap quality could be better.,2025-02-23
3918,2045,384,3,Display is bright and clear.,2026-05-30
3919,1988,948,5,Display is bright and clear.,2025-03-16
3920,1220,584,5,Strap quality could be better.,2025-08-10
3921,2364,797,4,Excellent quality and premium finish.,2025-05-03
3922,1978,96,3,Good watch for daily use.,2025-03-12
3923,1807,838,3,Fast delivery and good packaging.,2025-08-06
3924,2111,565,5,Excellent quality and premium finish.,2025-01-27
3925,613,613,5,Fast delivery and good packaging.,2026-03-29
3926,2424,887,4,Stylish design and comfortable to wear.,2025-07-03
3927,1229,398,4,Stylish design and comfortable to wear.,2026-01-11
3928,472,36,5,Strap quality could be better.,2026-03-29
3929,88,741,5,Highly recommended.,2025-02-04
3930,2928,452,5,Display is bright and clear.,2025-09-06
3931,2490,995,5,Perfect gift option.,2025-08-14
3932,2868,936,5,Highly recommended.,2025-04-20
3933,1816,545,5,Value for money.,2026-01-28
3934,1616,685,3,Stylish design and comfortable to wear.,2025-01-29
3935,2072,397,3,Highly recommended.,2025-01-28
3936,1089,286,5,Highly recommended.,2025-01-19
3937,1500,451,3,Perfect gift option.,2025-04-24
3938,2895,693,4,Battery life is impressive.,2025-01-24
3939,2371,987,4,Value for money.,2025-04-07
3940,1738,622,4,Display is bright and clear.,2025-06-20
3941,2953,286,3,Display is bright and clear.,2025-02-07
3942,1853,861,4,Stylish design and comfortable to wear.,2025-05-20
3943,2899,809,3,Good watch for daily use.,2026-02-17
3944,546,357,3,Fast delivery and good packaging.,2026-01-03
3945,1464,849,3,Stylish design and comfortable to wear.,2026-04-16
3946,295,407,3,Excellent quality and premium finish.,2025-12-05
3947,2093,36,3,Battery life is impressive.,2025-10-17
3948,2906,768,5,Highly recommended.,2025-03-06
3949,2894,662,4,Fast delivery and good packaging.,2025-03-17
3950,1013,11,5,Fast delivery and good packaging.,2025-05-27
3951,1793,685,5,Fast delivery and good packaging.,2025-03-05
3952,484,264,5,Highly recommended.,2026-04-14
3953,852,791,3,Display is bright and clear.,2026-05-04
3954,2238,758,3,Value for money.,2025-05-10
3955,803,694,3,Battery life is impressive.,2025-10-24
3956,1083,783,5,Value for money.,2025-08-13
3957,1685,959,4,Good watch for daily use.,2025-12-27
3958,1763,232,3,Excellent quality and premium finish.,2025-12-05
3959,777,906,5,Perfect gift option.,2026-01-13
3960,1741,459,4,Battery life is impressive.,2025-07-06
3961,644,898,5,Stylish design and comfortable to wear.,2025-01-31
3962,1119,174,4,Fast delivery and good packaging.,2026-06-24
3963,1016,638,4,Good watch for daily use.,2025-06-24
3964,803,864,5,Good watch for daily use.,2026-06-15
3965,2234,272,4,Excellent quality and premium finish.,2025-05-26
3966,1021,489,4,Perfect gift option.,2025-09-29
3967,968,931,5,Strap quality could be better.,2026-02-04
3968,387,453,4,Stylish design and comfortable to wear.,2025-02-28
3969,1579,790,5,Value for money.,2026-05-16
3970,945,815,5,Stylish design and comfortable to wear.,2025-08-29
3971,2114,752,5,Highly recommended.,2026-05-01
3972,888,245,3,Strap quality could be better.,2025-11-27
3973,890,61,4,Good watch for daily use.,2025-02-10
3974,1431,528,5,Fast delivery and good packaging.,2025-02-24
3975,1746,386,4,Value for money.,2026-06-13
3976,2493,453,5,Perfect gift option.,2025-08-28
3977,793,458,4,Perfect gift option.,2025-08-23
3978,63,189,5,Value for money.,2025-06-02
3979,2521,826,3,Fast delivery and good packaging.,2025-10-27
3980,1608,949,3,Display is bright and clear.,2026-03-07
3981,1156,649,4,Perfect gift option.,2026-04-26
3982,2990,213,5,Value for money.,2026-03-12
3983,2166,761,5,Fast delivery and good packaging.,2025-08-13
3984,1916,637,4,Fast delivery and good packaging.,2026-03-10
3985,2987,473,3,Perfect gift option.,2026-04-22
3986,2801,33,3,Strap quality could be better.,2026-06-17
3987,2643,988,5,Display is bright and clear.,2026-04-12
3988,289,936,4,Value for money.,2025-03-07
3989,2669,389,3,Value for money.,2025-09-07
3990,2938,406,4,Fast delivery and good packaging.,2025-05-04
3991,424,374,4,Highly recommended.,2025-05-28
3992,757,413,3,Battery life is impressive.,2026-06-01
3993,2515,271,4,Stylish design and comfortable to wear.,2025-10-03
3994,305,61,5,Strap quality could be better.,2026-01-05
3995,2941,716,4,Fast delivery and good packaging.,2025-07-17
3996,253,638,5,Excellent quality and premium finish.,2025-12-28
3997,1770,680,5,Value for money.,2026-06-15
3998,946,814,3,Perfect gift option.,2026-06-23
3999,1385,656,3,Fast delivery and good packaging.,2025-08-30
4000,724,360,3,Stylish design and comfortable to wear.,2025-08-16
4001,1975,529,5,Strap quality could be better.,2025-05-02
4002,2338,789,5,Battery life is impressive.,2026-02-06
4003,2266,100,5,Perfect gift option.,2025-01-30
4004,742,76,3,Value for money.,2026-03-31
4005,1759,845,4,Highly recommended.,2026-03-14
4006,664,869,5,Highly recommended.,2026-02-12
4007,2247,124,3,Display is bright and clear.,2025-09-27
4008,450,690,5,Fast delivery and good packaging.,2025-12-20
4009,1783,212,3,Value for money.,2025-01-16
4010,91,795,5,Excellent quality and premium finish.,2025-11-30
4011,269,155,4,Good watch for daily use.,2025-08-04
4012,657,522,4,Perfect gift option.,2025-06-22
4013,863,124,4,Display is bright and clear.,2025-04-04
4014,2416,649,3,Strap quality could be better.,2026-04-16
4015,2245,566,3,Highly recommended.,2026-02-01
4016,1240,647,4,Stylish design and comfortable to wear.,2025-10-01
4017,2760,93,5,Value for money.,2026-02-28
4018,11,17,3,Stylish design and comfortable to wear.,2025-11-12
4019,2193,499,4,Strap quality could be better.,2025-01-03
4020,312,662,4,Excellent quality and premium finish.,2025-07-31
4021,377,637,5,Display is bright and clear.,2025-04-27
4022,243,607,5,Perfect gift option.,2025-01-01
4023,915,978,4,Display is bright and clear.,2025-11-11
4024,2431,267,3,Perfect gift option.,2026-01-10
4025,948,484,3,Perfect gift option.,2025-06-19
4026,2400,265,4,Battery life is impressive.,2026-02-26
4027,1567,645,4,Value for money.,2025-12-30
4028,956,687,5,Value for money.,2026-06-11
4029,2966,629,5,Fast delivery and good packaging.,2025-01-26
4030,2685,159,3,Battery life is impressive.,2025-08-27
4031,2589,53,4,Value for money.,2025-06-18
4032,1884,414,4,Excellent quality and premium finish.,2025-12-01
4033,841,202,5,Highly recommended.,2025-07-26
4034,1971,668,3,Excellent quality and premium finish.,2026-02-03
4035,1857,910,3,Good watch for daily use.,2025-03-29
4036,2563,138,4,Strap quality could be better.,2026-02-03
4037,1221,308,3,Perfect gift option.,2025-03-05
4038,2025,492,5,Value for money.,2026-06-02
4039,2141,585,4,Excellent quality and premium finish.,2025-02-14
4040,2745,408,5,Battery life is impressive.,2026-03-22
4041,1819,292,4,Value for money.,2025-02-08
4042,2653,135,4,Perfect gift option.,2026-06-08
4043,645,995,5,Highly recommended.,2025-09-29
4044,285,21,5,Highly recommended.,2026-02-15
4045,2238,78,3,Strap quality could be better.,2025-04-30
4046,2874,56,3,Highly recommended.,2026-04-23
4047,2689,321,4,Highly recommended.,2025-08-10
4048,339,3,5,Highly recommended.,2025-05-07
4049,851,28,4,Stylish design and comfortable to wear.,2025-05-20
4050,2245,577,4,Excellent quality and premium finish.,2025-06-19
4051,710,837,4,Fast delivery and good packaging.,2025-10-09
4052,2601,894,4,Excellent quality and premium finish.,2025-06-10
4053,1256,810,5,Strap quality could be better.,2025-08-14
4054,631,818,4,Display is bright and clear.,2026-01-08
4055,2613,164,5,Fast delivery and good packaging.,2025-10-12
4056,2632,522,4,Fast delivery and good packaging.,2026-05-30
4057,1954,566,3,Perfect gift option.,2026-01-21
4058,51,314,5,Strap quality could be better.,2025-01-03
4059,1741,270,4,Fast delivery and good packaging.,2026-01-14
4060,2513,360,4,Perfect gift option.,2026-03-15
4061,1059,179,5,Fast delivery and good packaging.,2025-04-25
4062,2404,667,5,Highly recommended.,2025-08-29
4063,328,145,4,Strap quality could be better.,2025-07-08
4064,374,687,4,Highly recommended.,2025-09-14
4065,1453,736,5,Stylish design and comfortable to wear.,2025-03-08
4066,2284,970,4,Highly recommended.,2026-02-01
4067,1819,722,5,Battery life is impressive.,2025-04-22
4068,1450,384,4,Perfect gift option.,2026-06-17
4069,1176,981,4,Battery life is impressive.,2026-03-01
4070,2853,601,4,Stylish design and comfortable to wear.,2025-03-31
4071,1358,719,5,Highly recommended.,2026-01-13
4072,2060,538,5,Highly recommended.,2026-06-04
4073,1041,273,5,Display is bright and clear.,2025-12-20
4074,2042,100,3,Display is bright and clear.,2025-03-11
4075,1619,23,3,Display is bright and clear.,2025-12-05
4076,928,628,5,Good watch for daily use.,2025-01-13
4077,2471,911,5,Battery life is impressive.,2025-01-04
4078,2023,902,3,Strap quality could be better.,2026-01-11
4079,1916,505,4,Battery life is impressive.,2025-05-08
4080,1255,627,3,Stylish design and comfortable to wear.,2026-03-20
4081,2159,604,4,Highly recommended.,2026-06-01
4082,2943,689,5,Excellent quality and premium finish.,2025-09-05
4083,2943,101,3,Fast delivery and good packaging.,2026-02-05
4084,1527,184,4,Battery life is impressive.,2026-02-18
4085,1438,302,5,Perfect gift option.,2026-04-11
4086,2641,285,3,Excellent quality and premium finish.,2025-01-14
4087,2171,199,4,Battery life is impressive.,2025-01-22
4088,1849,759,4,Excellent quality and premium finish.,2025-09-27
4089,454,28,4,Perfect gift option.,2025-08-21
4090,556,88,5,Good watch for daily use.,2025-05-01
4091,648,178,3,Fast delivery and good packaging.,2026-03-09
4092,264,666,4,Display is bright and clear.,2026-01-01
4093,2405,471,4,Highly recommended.,2025-03-24
4094,2958,318,5,Battery life is impressive.,2025-09-25
4095,1009,191,5,Battery life is impressive.,2025-09-20
4096,1448,350,5,Strap quality could be better.,2025-12-21
4097,200,415,4,Stylish design and comfortable to wear.,2025-03-05
4098,1410,805,3,Fast delivery and good packaging.,2025-10-29
4099,26,200,4,Highly recommended.,2026-04-21
4100,1975,909,5,Excellent quality and premium finish.,2025-01-22
4101,938,872,5,Value for money.,2026-04-11
4102,125,144,3,Display is bright and clear.,2026-03-24
4103,2648,900,4,Excellent quality and premium finish.,2025-03-14
4104,1295,283,4,Battery life is impressive.,2026-05-30
4105,2097,959,4,Perfect gift option.,2025-07-31
4106,2421,127,4,Value for money.,2025-11-13
4107,1712,507,5,Value for money.,2025-06-13
4108,1879,642,3,Value for money.,2025-09-12
4109,2605,954,3,Fast delivery and good packaging.,2025-10-28
4110,2683,306,5,Stylish design and comfortable to wear.,2025-11-09
4111,1472,671,3,Strap quality could be better.,2025-01-10
4112,608,566,5,Fast delivery and good packaging.,2025-08-24
4113,2188,615,4,Excellent quality and premium finish.,2025-07-13
4114,2100,456,4,Perfect gift option.,2026-01-01
4115,2876,119,4,Excellent quality and premium finish.,2025-06-05
4116,1705,412,5,Perfect gift option.,2025-04-26
4117,1928,404,5,Excellent quality and premium finish.,2026-06-17
4118,2646,307,5,Battery life is impressive.,2025-10-20
4119,1097,274,3,Excellent quality and premium finish.,2025-03-30
4120,321,241,4,Strap quality could be better.,2026-06-29
4121,2296,833,4,Stylish design and comfortable to wear.,2026-01-07
4122,843,321,4,Good watch for daily use.,2025-10-07
4123,1543,95,3,Stylish design and comfortable to wear.,2025-12-29
4124,1639,807,4,Display is bright and clear.,2025-03-28
4125,2421,686,5,Strap quality could be better.,2025-01-27
4126,2488,671,3,Stylish design and comfortable to wear.,2026-07-02
4127,196,59,4,Good watch for daily use.,2026-06-12
4128,2662,488,5,Excellent quality and premium finish.,2026-02-26
4129,184,338,3,Display is bright and clear.,2025-06-09
4130,2470,82,3,Battery life is impressive.,2025-06-27
4131,2560,792,5,Perfect gift option.,2025-04-16
4132,853,129,3,Display is bright and clear.,2025-05-17
4133,1687,919,3,Battery life is impressive.,2025-01-06
4134,1045,95,3,Display is bright and clear.,2025-07-12
4135,2224,995,5,Battery life is impressive.,2026-01-17
4136,1242,592,4,Excellent quality and premium finish.,2026-04-25
4137,1064,690,4,Strap quality could be better.,2025-08-04
4138,181,498,5,Value for money.,2025-10-02
4139,1268,710,3,Excellent quality and premium finish.,2026-05-13
4140,1615,57,4,Good watch for daily use.,2025-08-16
4141,1439,608,3,Excellent quality and premium finish.,2025-10-18
4142,2497,88,5,Battery life is impressive.,2025-04-05
4143,868,380,3,Perfect gift option.,2026-05-24
4144,1379,685,4,Strap quality could be better.,2025-12-27
4145,256,93,4,Value for money.,2025-08-31
4146,1559,990,4,Battery life is impressive.,2025-04-13
4147,2202,111,4,Battery life is impressive.,2026-06-17
4148,1024,682,4,Fast delivery and good packaging.,2025-11-09
4149,434,143,3,Fast delivery and good packaging.,2025-07-25
4150,2043,104,4,Value for money.,2026-05-07
4151,1225,596,4,Fast delivery and good packaging.,2025-10-03
4152,1814,61,4,Good watch for daily use.,2025-06-17
4153,1706,419,5,Strap quality could be better.,2025-02-07
4154,2886,563,5,Battery life is impressive.,2025-08-27
4155,402,136,5,Strap quality could be better.,2026-01-12
4156,1793,858,5,Fast delivery and good packaging.,2026-02-23
4157,986,873,5,Fast delivery and good packaging.,2025-03-25
4158,101,816,3,Good watch for daily use.,2025-01-11
4159,823,924,3,Stylish design and comfortable to wear.,2026-04-27
4160,2359,134,5,Battery life is impressive.,2025-01-04
4161,1700,420,4,Fast delivery and good packaging.,2026-01-06
4162,1011,61,5,Good watch for daily use.,2025-02-10
4163,1407,715,4,Value for money.,2026-04-26
4164,2725,596,3,Display is bright and clear.,2025-10-18
4165,461,139,4,Fast delivery and good packaging.,2025-07-13
4166,962,426,5,Strap quality could be better.,2026-04-27
4167,265,681,3,Good watch for daily use.,2026-04-12
4168,2338,336,5,Highly recommended.,2026-05-09
4169,1352,703,4,Highly recommended.,2025-02-21
4170,686,443,3,Display is bright and clear.,2026-01-06
4171,2621,607,4,Strap quality could be better.,2026-01-23
4172,1822,274,5,Value for money.,2025-07-03
4173,438,610,5,Perfect gift option.,2025-03-31
4174,1650,639,3,Battery life is impressive.,2025-06-30
4175,2525,348,4,Battery life is impressive.,2026-03-22
4176,1137,131,4,Strap quality could be better.,2026-01-07
4177,1961,82,4,Value for money.,2025-11-24
4178,2037,743,4,Good watch for daily use.,2025-07-16
4179,1740,695,3,Highly recommended.,2025-03-29
4180,2758,349,5,Excellent quality and premium finish.,2026-03-08
4181,326,722,3,Display is bright and clear.,2025-06-28
4182,884,404,5,Fast delivery and good packaging.,2025-05-20
4183,2773,78,5,Stylish design and comfortable to wear.,2025-05-13
4184,818,288,5,Battery life is impressive.,2025-02-02
4185,966,94,5,Battery life is impressive.,2026-03-08
4186,454,559,5,Perfect gift option.,2026-02-08
4187,1670,770,5,Battery life is impressive.,2026-03-30
4188,1282,239,3,Strap quality could be better.,2026-02-06
4189,400,327,4,Fast delivery and good packaging.,2026-05-04
4190,858,136,3,Excellent quality and premium finish.,2026-06-05
4191,2714,738,4,Battery life is impressive.,2025-03-23
4192,2741,98,4,Battery life is impressive.,2025-01-05
4193,2206,915,5,Value for money.,2025-03-19
4194,45,281,3,Perfect gift option.,2025-01-15
4195,2519,159,5,Strap quality could be better.,2025-03-29
4196,2772,785,5,Value for money.,2025-02-04
4197,2488,980,5,Perfect gift option.,2025-12-31
4198,295,831,5,Display is bright and clear.,2025-06-09
4199,2062,696,3,Perfect gift option.,2026-03-20
4200,1739,332,5,Good watch for daily use.,2025-06-23
4201,2027,212,5,Strap quality could be better.,2025-04-08
4202,599,800,4,Stylish design and comfortable to wear.,2026-05-07
4203,1082,662,3,Perfect gift option.,2025-03-11
4204,993,383,3,Fast delivery and good packaging.,2025-05-27
4205,41,759,4,Perfect gift option.,2025-08-11
4206,477,631,4,Stylish design and comfortable to wear.,2026-02-16
4207,2296,310,3,Fast delivery and good packaging.,2025-11-17
4208,1430,500,4,Perfect gift option.,2025-08-25
4209,1700,995,4,Highly recommended.,2026-06-17
4210,496,855,4,Perfect gift option.,2026-01-30
4211,1805,617,4,Perfect gift option.,2025-08-11
4212,1809,345,5,Good watch for daily use.,2026-03-31
4213,2381,618,3,Perfect gift option.,2025-02-05
4214,1587,434,3,Display is bright and clear.,2025-08-09
4215,1184,437,5,Strap quality could be better.,2025-05-05
4216,1015,7,3,Perfect gift option.,2025-10-16
4217,2658,902,5,Value for money.,2025-04-06
4218,1049,443,4,Good watch for daily use.,2025-06-24
4219,1194,815,4,Excellent quality and premium finish.,2025-12-29
4220,884,772,5,Highly recommended.,2025-10-19
4221,1906,399,3,Display is bright and clear.,2025-08-19
4222,1564,29,5,Excellent quality and premium finish.,2025-11-28
4223,93,158,4,Display is bright and clear.,2026-01-03
4224,2501,379,3,Excellent quality and premium finish.,2025-02-17
4225,764,666,3,Display is bright and clear.,2025-03-18
4226,1125,658,5,Good watch for daily use.,2025-08-03
4227,178,366,4,Fast delivery and good packaging.,2026-05-03
4228,568,931,5,Fast delivery and good packaging.,2025-11-28
4229,1760,4,3,Value for money.,2025-02-12
4230,2418,182,5,Display is bright and clear.,2026-03-23
4231,632,582,4,Battery life is impressive.,2025-08-21
4232,1133,572,5,Display is bright and clear.,2025-06-29
4233,2672,349,5,Highly recommended.,2025-08-17
4234,2324,508,3,Value for money.,2026-06-09
4235,2197,217,3,Battery life is impressive.,2026-04-30
4236,64,369,3,Stylish design and comfortable to wear.,2025-09-09
4237,2545,938,4,Excellent quality and premium finish.,2026-06-24
4238,1391,637,4,Display is bright and clear.,2025-06-06
4239,1982,2,4,Excellent quality and premium finish.,2025-02-14
4240,2848,205,3,Fast delivery and good packaging.,2025-11-13
4241,2123,991,5,Perfect gift option.,2025-03-08
4242,1809,609,5,Highly recommended.,2025-04-07
4243,2015,504,5,Stylish design and comfortable to wear.,2025-09-25
4244,1915,314,3,Fast delivery and good packaging.,2026-05-24
4245,1448,273,4,Stylish design and comfortable to wear.,2025-01-22
4246,1986,331,3,Stylish design and comfortable to wear.,2026-03-13
4247,505,945,3,Excellent quality and premium finish.,2025-08-31
4248,937,497,5,Battery life is impressive.,2025-12-16
4249,2921,337,4,Stylish design and comfortable to wear.,2025-06-04
4250,361,780,3,Excellent quality and premium finish.,2025-02-10
4251,2084,220,3,Value for money.,2025-05-12
4252,534,502,5,Highly recommended.,2025-09-05
4253,1971,749,4,Strap quality could be better.,2026-02-15
4254,2793,200,5,Strap quality could be better.,2025-04-16
4255,237,833,3,Stylish design and comfortable to wear.,2026-04-10
4256,833,839,5,Excellent quality and premium finish.,2025-11-20
4257,393,318,3,Highly recommended.,2025-02-08
4258,305,482,5,Value for money.,2026-03-05
4259,2691,462,5,Display is bright and clear.,2026-01-16
4260,817,469,4,Good watch for daily use.,2026-02-28
4261,1810,10,4,Good watch for daily use.,2026-05-27
4262,2107,441,5,Excellent quality and premium finish.,2026-03-26
4263,2691,330,3,Good watch for daily use.,2025-08-02
4264,1997,146,5,Value for money.,2025-02-23
4265,789,808,4,Highly recommended.,2025-09-24
4266,969,347,3,Stylish design and comfortable to wear.,2026-06-06
4267,599,293,3,Display is bright and clear.,2026-05-09
4268,2248,243,3,Value for money.,2025-10-12
4269,666,491,4,Good watch for daily use.,2026-01-31
4270,1812,227,4,Good watch for daily use.,2025-06-26
4271,1273,954,4,Good watch for daily use.,2025-12-27
4272,2690,834,3,Highly recommended.,2025-03-25
4273,2009,461,4,Fast delivery and good packaging.,2025-03-06
4274,1963,39,5,Excellent quality and premium finish.,2026-04-02
4275,646,527,4,Fast delivery and good packaging.,2025-05-26
4276,2366,741,4,Battery life is impressive.,2026-04-23
4277,900,583,3,Stylish design and comfortable to wear.,2025-05-11
4278,2042,969,5,Stylish design and comfortable to wear.,2026-02-23
4279,1944,884,4,Stylish design and comfortable to wear.,2026-03-21
4280,2530,67,4,Perfect gift option.,2025-03-19
4281,1542,850,4,Good watch for daily use.,2025-02-21
4282,2355,766,5,Strap quality could be better.,2026-03-05
4283,749,991,4,Perfect gift option.,2025-10-18
4284,88,827,4,Fast delivery and good packaging.,2025-06-13
4285,1612,649,3,Excellent quality and premium finish.,2025-08-02
4286,2324,177,3,Fast delivery and good packaging.,2026-04-16
4287,241,111,5,Strap quality could be better.,2025-12-25
4288,1837,855,5,Fast delivery and good packaging.,2025-05-27
4289,267,468,4,Stylish design and comfortable to wear.,2025-04-05
4290,2971,725,5,Excellent quality and premium finish.,2026-02-25
4291,2078,604,4,Display is bright and clear.,2025-03-08
4292,373,602,4,Strap quality could be better.,2025-06-19
4293,2900,364,4,Stylish design and comfortable to wear.,2026-01-04
4294,688,512,4,Value for money.,2025-02-10
4295,342,505,4,Excellent quality and premium finish.,2026-02-03
4296,302,797,3,Perfect gift option.,2025-01-04
4297,368,630,4,Stylish design and comfortable to wear.,2026-04-21
4298,1598,372,5,Fast delivery and good packaging.,2026-03-18
4299,614,702,3,Battery life is impressive.,2025-09-17
4300,2317,146,5,Excellent quality and premium finish.,2025-11-24
4301,2671,848,5,Good watch for daily use.,2025-04-19
4302,2219,745,3,Strap quality could be better.,2025-03-31
4303,315,913,4,Display is bright and clear.,2026-03-04
4304,1578,247,4,Battery life is impressive.,2025-10-26
4305,659,782,4,Battery life is impressive.,2025-10-11
4306,1639,835,4,Stylish design and comfortable to wear.,2026-06-24
4307,2851,444,3,Highly recommended.,2026-03-09
4308,1154,113,3,Battery life is impressive.,2025-02-19
4309,1655,703,5,Value for money.,2026-06-16
4310,1354,954,3,Value for money.,2025-08-08
4311,2415,984,4,Excellent quality and premium finish.,2025-05-13
4312,325,307,5,Value for money.,2025-07-27
4313,2656,507,3,Perfect gift option.,2025-09-01
4314,1916,216,4,Display is bright and clear.,2025-06-03
4315,950,985,4,Battery life is impressive.,2026-04-12
4316,2979,222,4,Strap quality could be better.,2025-09-28
4317,693,564,5,Strap quality could be better.,2026-01-07
4318,1050,842,4,Good watch for daily use.,2026-04-29
4319,716,398,4,Display is bright and clear.,2026-03-19
4320,718,621,3,Excellent quality and premium finish.,2025-01-05
4321,981,457,3,Stylish design and comfortable to wear.,2025-10-29
4322,1610,597,4,Perfect gift option.,2025-03-26
4323,168,783,5,Stylish design and comfortable to wear.,2025-11-06
4324,48,997,3,Fast delivery and good packaging.,2025-10-04
4325,99,866,3,Highly recommended.,2026-07-04
4326,1289,489,3,Stylish design and comfortable to wear.,2025-02-23
4327,2949,714,3,Fast delivery and good packaging.,2025-06-17
4328,2832,84,5,Stylish design and comfortable to wear.,2026-03-30
4329,1815,936,4,Good watch for daily use.,2025-10-25
4330,149,233,3,Fast delivery and good packaging.,2025-08-16
4331,2464,482,3,Highly recommended.,2025-10-15
4332,2911,536,3,Display is bright and clear.,2026-03-03
4333,42,434,5,Perfect gift option.,2025-03-17
4334,2383,266,5,Battery life is impressive.,2025-07-04
4335,2048,823,3,Fast delivery and good packaging.,2025-11-25
4336,895,658,3,Display is bright and clear.,2026-06-17
4337,2116,458,3,Strap quality could be better.,2025-08-25
4338,2620,399,5,Highly recommended.,2025-02-06
4339,2806,215,5,Good watch for daily use.,2025-11-27
4340,2384,343,4,Strap quality could be better.,2025-08-31
4341,546,718,3,Good watch for daily use.,2025-12-22
4342,30,610,5,Strap quality could be better.,2026-02-23
4343,291,535,4,Good watch for daily use.,2026-05-13
4344,320,529,3,Good watch for daily use.,2026-02-25
4345,2126,880,5,Strap quality could be better.,2025-10-15
4346,1356,361,4,Battery life is impressive.,2025-10-25
4347,1693,758,3,Excellent quality and premium finish.,2026-06-26
4348,2867,399,4,Battery life is impressive.,2025-11-06
4349,1225,607,5,Highly recommended.,2025-11-13
4350,1771,157,5,Good watch for daily use.,2025-07-30
4351,320,976,4,Excellent quality and premium finish.,2025-05-08
4352,2217,617,5,Stylish design and comfortable to wear.,2025-09-22
4353,1587,477,3,Perfect gift option.,2025-07-23
4354,1121,614,3,Fast delivery and good packaging.,2025-09-03
4355,1635,460,3,Stylish design and comfortable to wear.,2025-05-17
4356,1919,251,3,Excellent quality and premium finish.,2025-06-30
4357,911,512,4,Battery life is impressive.,2025-06-22
4358,2247,362,5,Battery life is impressive.,2025-09-16
4359,548,930,3,Strap quality could be better.,2025-01-13
4360,2534,118,4,Highly recommended.,2025-08-08
4361,1456,672,4,Strap quality could be better.,2025-10-12
4362,1417,506,3,Fast delivery and good packaging.,2026-04-06
4363,1607,354,3,Value for money.,2026-01-10
4364,1339,499,5,Perfect gift option.,2025-08-24
4365,2184,58,3,Perfect gift option.,2025-06-17
4366,1286,927,4,Battery life is impressive.,2026-06-27
4367,982,336,5,Battery life is impressive.,2026-01-09
4368,284,253,4,Fast delivery and good packaging.,2025-02-12
4369,663,714,5,Highly recommended.,2026-01-09
4370,1909,188,3,Display is bright and clear.,2026-01-29
4371,2553,452,4,Fast delivery and good packaging.,2025-10-07
4372,2847,732,3,Strap quality could be better.,2025-10-27
4373,2139,415,4,Display is bright and clear.,2026-02-16
4374,536,711,5,Display is bright and clear.,2025-10-20
4375,2808,660,5,Perfect gift option.,2025-07-26
4376,1639,447,3,Battery life is impressive.,2025-08-07
4377,1738,914,5,Fast delivery and good packaging.,2025-10-06
4378,1753,286,3,Fast delivery and good packaging.,2026-02-16
4379,2407,136,4,Perfect gift option.,2025-06-15
4380,2784,590,4,Perfect gift option.,2025-08-14
4381,2963,506,5,Battery life is impressive.,2025-07-15
4382,610,285,5,Good watch for daily use.,2025-09-24
4383,2033,598,4,Battery life is impressive.,2026-04-04
4384,709,826,3,Battery life is impressive.,2025-07-15
4385,2833,691,3,Stylish design and comfortable to wear.,2026-04-08
4386,2180,280,5,Fast delivery and good packaging.,2025-12-20
4387,2202,460,3,Perfect gift option.,2026-04-04
4388,1860,249,5,Battery life is impressive.,2025-10-22
4389,566,993,5,Excellent quality and premium finish.,2025-04-16
4390,647,591,3,Good watch for daily use.,2025-04-21
4391,1904,884,3,Excellent quality and premium finish.,2026-03-30
4392,278,785,3,Excellent quality and premium finish.,2026-04-25
4393,639,916,5,Perfect gift option.,2026-07-02
4394,406,250,3,Value for money.,2026-02-22
4395,1346,177,3,Strap quality could be better.,2025-01-18
4396,2353,532,5,Perfect gift option.,2025-04-06
4397,1109,333,3,Good watch for daily use.,2026-03-01
4398,1522,212,5,Strap quality could be better.,2026-03-18
4399,2495,544,5,Highly recommended.,2025-01-07
4400,2397,505,4,Perfect gift option.,2025-02-12
4401,495,936,5,Excellent quality and premium finish.,2025-04-12
4402,1215,461,4,Fast delivery and good packaging.,2025-03-21
4403,2555,377,4,Excellent quality and premium finish.,2026-05-09
4404,2012,517,3,Strap quality could be better.,2026-01-02
4405,2804,232,4,Display is bright and clear.,2026-02-06
4406,1465,977,5,Fast delivery and good packaging.,2025-04-20
4407,563,582,4,Good watch for daily use.,2026-01-21
4408,1960,188,4,Value for money.,2025-03-26
4409,1265,800,3,Perfect gift option.,2025-07-03
4410,1820,913,3,Fast delivery and good packaging.,2026-02-26
4411,2157,37,4,Display is bright and clear.,2025-11-22
4412,306,473,3,Fast delivery and good packaging.,2026-07-05
4413,2604,331,4,Highly recommended.,2025-01-07
4414,1491,41,4,Value for money.,2026-04-25
4415,1958,525,4,Perfect gift option.,2025-07-08
4416,2254,716,5,Excellent quality and premium finish.,2025-03-04
4417,768,194,3,Strap quality could be better.,2026-05-30
4418,2281,519,5,Stylish design and comfortable to wear.,2026-02-27
4419,242,394,4,Perfect gift option.,2025-06-27
4420,1698,635,5,Stylish design and comfortable to wear.,2025-08-12
4421,937,397,3,Value for money.,2026-05-26
4422,2010,838,3,Battery life is impressive.,2026-04-10
4423,314,844,4,Strap quality could be better.,2025-09-22
4424,783,529,3,Fast delivery and good packaging.,2025-06-02
4425,2614,60,4,Good watch for daily use.,2026-02-19
4426,1804,12,4,Strap quality could be better.,2026-02-09
4427,2094,983,3,Display is bright and clear.,2025-09-09
4428,719,626,3,Perfect gift option.,2025-09-18
4429,1678,228,3,Highly recommended.,2025-04-10
4430,1291,561,3,Display is bright and clear.,2026-06-23
4431,890,808,5,Excellent quality and premium finish.,2025-01-05
4432,1940,767,4,Value for money.,2025-06-28
4433,1635,765,4,Highly recommended.,2025-05-05
4434,742,989,4,Battery life is impressive.,2025-09-01
4435,366,508,4,Value for money.,2026-05-27
4436,1002,879,3,Stylish design and comfortable to wear.,2026-07-04
4437,1053,407,4,Excellent quality and premium finish.,2026-04-15
4438,1980,939,3,Stylish design and comfortable to wear.,2026-06-30
4439,2687,130,3,Good watch for daily use.,2025-02-26
4440,2840,83,4,Highly recommended.,2026-02-20
4441,168,682,3,Excellent quality and premium finish.,2025-09-04
4442,202,927,5,Stylish design and comfortable to wear.,2025-09-29
4443,1923,565,3,Value for money.,2025-04-01
4444,1587,992,5,Good watch for daily use.,2026-02-01
4445,1101,59,4,Perfect gift option.,2026-05-14
4446,2239,231,3,Fast delivery and good packaging.,2025-06-22
4447,2346,703,4,Fast delivery and good packaging.,2025-04-08
4448,2045,30,4,Strap quality could be better.,2025-04-24
4449,2694,753,5,Battery life is impressive.,2025-09-25
4450,2655,921,4,Stylish design and comfortable to wear.,2026-06-19
4451,1919,932,3,Display is bright and clear.,2025-02-17
4452,2630,305,5,Strap quality could be better.,2025-10-08
4453,2844,578,5,Fast delivery and good packaging.,2025-04-01
4454,12,882,5,Battery life is impressive.,2025-05-01
4455,1842,312,3,Value for money.,2025-01-17
4456,2999,754,3,Fast delivery and good packaging.,2026-01-02
4457,63,426,3,Battery life is impressive.,2025-10-21
4458,1600,266,4,Value for money.,2026-03-12
4459,1437,3,4,Excellent quality and premium finish.,2025-06-06
4460,870,511,4,Perfect gift option.,2025-06-20
4461,156,149,5,Stylish design and comfortable to wear.,2025-03-13
4462,2714,80,3,Good watch for daily use.,2025-09-12
4463,939,429,3,Highly recommended.,2026-06-27
4464,1683,549,5,Strap quality could be better.,2025-04-11
4465,1169,973,5,Fast delivery and good packaging.,2025-03-29
4466,491,1000,4,Battery life is impressive.,2025-10-07
4467,558,894,5,Display is bright and clear.,2025-12-14
4468,1040,549,3,Stylish design and comfortable to wear.,2025-12-29
4469,302,792,4,Highly recommended.,2025-04-07
4470,239,424,5,Display is bright and clear.,2025-05-26
4471,2567,488,4,Highly recommended.,2025-03-10
4472,1253,364,5,Good watch for daily use.,2025-08-03
4473,1252,731,3,Good watch for daily use.,2025-04-27
4474,2718,348,4,Stylish design and comfortable to wear.,2026-06-30
4475,1620,983,3,Perfect gift option.,2026-03-25
4476,2676,576,4,Battery life is impressive.,2026-04-19
4477,406,417,5,Battery life is impressive.,2026-06-05
4478,851,156,5,Good watch for daily use.,2025-09-17
4479,209,59,4,Perfect gift option.,2025-02-23
4480,1333,280,3,Strap quality could be better.,2025-05-28
4481,1774,735,4,Highly recommended.,2025-04-14
4482,1636,311,5,Display is bright and clear.,2025-09-12
4483,1699,107,4,Excellent quality and premium finish.,2026-01-05
4484,2388,354,4,Perfect gift option.,2025-08-20
4485,2121,676,3,Highly recommended.,2025-07-24
4486,749,449,5,Excellent quality and premium finish.,2025-08-10
4487,323,85,4,Good watch for daily use.,2025-07-17
4488,1868,890,4,Strap quality could be better.,2025-10-11
4489,888,165,3,Strap quality could be better.,2025-03-10
4490,1376,40,4,Stylish design and comfortable to wear.,2025-02-20
4491,2555,149,4,Good watch for daily use.,2026-06-05
4492,2592,439,4,Stylish design and comfortable to wear.,2026-01-29
4493,1802,267,3,Good watch for daily use.,2025-03-26
4494,2969,47,3,Good watch for daily use.,2025-01-02
4495,934,366,3,Good watch for daily use.,2025-02-01
4496,2826,630,3,Perfect gift option.,2025-03-27
4497,1564,458,5,Good watch for daily use.,2025-10-09
4498,286,301,5,Value for money.,2025-03-05
4499,2805,878,5,Stylish design and comfortable to wear.,2025-11-25
4500,2192,640,5,Highly recommended.,2025-03-23
4501,2666,809,4,Display is bright and clear.,2025-06-29
4502,2605,315,3,Fast delivery and good packaging.,2025-03-28
4503,1277,383,4,Perfect gift option.,2026-05-24
4504,2124,113,3,Highly recommended.,2025-12-17
4505,1680,63,4,Good watch for daily use.,2025-02-05
4506,2926,644,3,Good watch for daily use.,2026-03-14
4507,1351,154,5,Display is bright and clear.,2025-06-05
4508,539,900,3,Excellent quality and premium finish.,2025-03-23
4509,1611,125,5,Battery life is impressive.,2026-03-12
4510,2629,505,3,Stylish design and comfortable to wear.,2025-01-02
4511,2613,220,4,Stylish design and comfortable to wear.,2025-03-28
4512,1628,912,3,Battery life is impressive.,2025-01-19
4513,1521,815,3,Good watch for daily use.,2026-04-08
4514,1566,698,3,Stylish design and comfortable to wear.,2025-04-11
4515,395,371,4,Good watch for daily use.,2025-03-02
4516,2699,524,3,Good watch for daily use.,2025-02-25
4517,2191,848,4,Good watch for daily use.,2025-05-02
4518,686,175,4,Strap quality could be better.,2025-05-28
4519,2693,563,3,Excellent quality and premium finish.,2025-01-31
4520,708,134,5,Excellent quality and premium finish.,2025-12-17
4521,783,491,4,Fast delivery and good packaging.,2025-09-09
4522,167,303,3,Battery life is impressive.,2025-04-07
4523,1406,619,3,Value for money.,2026-05-18
4524,2731,413,4,Fast delivery and good packaging.,2025-04-18
4525,965,711,4,Excellent quality and premium finish.,2025-02-27
4526,1049,675,4,Fast delivery and good packaging.,2025-06-30
4527,1587,599,5,Excellent quality and premium finish.,2025-05-01
4528,189,23,4,Fast delivery and good packaging.,2025-02-04
4529,1507,12,5,Battery life is impressive.,2025-04-27
4530,1238,819,5,Perfect gift option.,2025-11-29
4531,1475,153,4,Battery life is impressive.,2025-06-10
4532,74,69,4,Value for money.,2025-03-24
4533,868,369,3,Good watch for daily use.,2025-06-25
4534,855,347,4,Highly recommended.,2026-02-04
4535,1246,117,5,Stylish design and comfortable to wear.,2025-12-25
4536,531,81,3,Highly recommended.,2025-07-13
4537,1247,299,3,Display is bright and clear.,2026-03-23
4538,2170,86,4,Strap quality could be better.,2025-09-12
4539,607,303,5,Perfect gift option.,2025-12-03
4540,2562,998,5,Fast delivery and good packaging.,2025-07-30
4541,2997,723,4,Excellent quality and premium finish.,2026-05-06
4542,2706,202,5,Perfect gift option.,2026-05-16
4543,957,586,5,Excellent quality and premium finish.,2026-02-04
4544,2861,236,4,Good watch for daily use.,2025-10-13
4545,2902,521,3,Display is bright and clear.,2025-10-30
4546,427,719,5,Display is bright and clear.,2025-07-07
4547,434,609,4,Good watch for daily use.,2025-01-15
4548,1764,173,3,Battery life is impressive.,2026-01-16
4549,2758,707,5,Battery life is impressive.,2025-11-12
4550,222,949,3,Stylish design and comfortable to wear.,2025-05-29
4551,2051,610,4,Perfect gift option.,2025-12-09
4552,2352,426,5,Value for money.,2026-03-18
4553,2999,444,3,Display is bright and clear.,2025-01-19
4554,1934,421,4,Fast delivery and good packaging.,2025-03-10
4555,1738,809,3,Battery life is impressive.,2026-05-26
4556,1522,672,4,Strap quality could be better.,2026-04-14
4557,1335,878,4,Strap quality could be better.,2026-05-13
4558,592,917,5,Stylish design and comfortable to wear.,2026-01-22
4559,2379,947,4,Good watch for daily use.,2025-08-06
4560,169,527,3,Excellent quality and premium finish.,2025-11-27
4561,2664,880,5,Battery life is impressive.,2025-05-21
4562,2574,835,5,Strap quality could be better.,2025-07-07
4563,1974,446,3,Value for money.,2026-04-27
4564,2782,653,3,Display is bright and clear.,2025-05-26
4565,2605,510,4,Perfect gift option.,2025-01-29
4566,1027,835,4,Display is bright and clear.,2025-03-17
4567,2701,962,5,Value for money.,2025-11-02
4568,420,872,3,Value for money.,2025-09-20
4569,838,528,3,Stylish design and comfortable to wear.,2026-02-11
4570,1536,44,4,Fast delivery and good packaging.,2025-11-20
4571,2595,637,5,Stylish design and comfortable to wear.,2025-03-15
4572,1378,357,3,Display is bright and clear.,2025-12-04
4573,1227,822,5,Good watch for daily use.,2025-04-17
4574,406,863,4,Strap quality could be better.,2025-02-24
4575,706,658,3,Display is bright and clear.,2025-01-01
4576,944,133,3,Stylish design and comfortable to wear.,2025-08-10
4577,262,956,5,Perfect gift option.,2025-10-01
4578,1838,203,4,Display is bright and clear.,2026-01-02
4579,1475,246,3,Value for money.,2025-05-09
4580,1972,749,3,Strap quality could be better.,2026-04-28
4581,1789,184,3,Battery life is impressive.,2025-08-01
4582,2942,115,4,Strap quality could be better.,2026-06-11
4583,386,403,5,Display is bright and clear.,2025-11-25
4584,2385,232,5,Fast delivery and good packaging.,2026-05-12
4585,608,334,4,Good watch for daily use.,2026-05-15
4586,2598,51,5,Stylish design and comfortable to wear.,2025-07-23
4587,56,909,4,Strap quality could be better.,2026-03-13
4588,675,397,4,Stylish design and comfortable to wear.,2025-07-12
4589,1825,902,3,Battery life is impressive.,2025-12-13
4590,2397,909,3,Battery life is impressive.,2025-01-28
4591,2198,669,5,Stylish design and comfortable to wear.,2025-11-23
4592,2503,215,5,Strap quality could be better.,2026-04-30
4593,75,282,5,Excellent quality and premium finish.,2026-01-11
4594,2178,952,4,Highly recommended.,2025-09-21
4595,18,964,5,Battery life is impressive.,2025-03-20
4596,907,832,5,Good watch for daily use.,2025-09-03
4597,1051,994,4,Display is bright and clear.,2025-12-16
4598,234,433,5,Fast delivery and good packaging.,2026-03-27
4599,2409,727,5,Battery life is impressive.,2025-08-31
4600,1106,853,3,Value for money.,2025-01-21
4601,947,562,3,Strap quality could be better.,2025-10-28
4602,1935,896,4,Stylish design and comfortable to wear.,2025-03-31
4603,1696,503,3,Highly recommended.,2025-11-08
4604,1489,461,4,Good watch for daily use.,2025-07-12
4605,2098,46,3,Value for money.,2025-11-17
4606,261,974,3,Battery life is impressive.,2026-01-14
4607,199,725,3,Fast delivery and good packaging.,2025-04-08
4608,2315,550,3,Display is bright and clear.,2025-11-07
4609,1743,899,4,Perfect gift option.,2025-12-28
4610,1346,133,3,Highly recommended.,2025-02-27
4611,1261,140,5,Excellent quality and premium finish.,2025-12-21
4612,2622,302,4,Strap quality could be better.,2025-10-08
4613,2045,454,5,Stylish design and comfortable to wear.,2026-02-04
4614,1971,778,4,Perfect gift option.,2026-06-07
4615,2693,536,5,Perfect gift option.,2025-06-13
4616,2540,381,5,Strap quality could be better.,2026-02-27
4617,2220,406,3,Perfect gift option.,2025-07-24
4618,2854,797,4,Good watch for daily use.,2026-01-07
4619,424,34,3,Good watch for daily use.,2026-06-24
4620,2566,505,4,Fast delivery and good packaging.,2026-06-18
4621,1317,231,5,Display is bright and clear.,2025-03-17
4622,2391,147,4,Good watch for daily use.,2026-06-18
4623,757,319,4,Highly recommended.,2026-06-14
4624,155,284,5,Good watch for daily use.,2026-04-25
4625,286,244,3,Highly recommended.,2025-02-01
4626,1500,535,3,Highly recommended.,2025-06-16
4627,1460,949,3,Stylish design and comfortable to wear.,2025-01-25
4628,386,853,3,Fast delivery and good packaging.,2025-03-23
4629,1369,592,4,Battery life is impressive.,2026-02-09
4630,1805,649,3,Battery life is impressive.,2026-05-23
4631,84,46,4,Excellent quality and premium finish.,2026-01-04
4632,2363,937,4,Perfect gift option.,2025-02-05
4633,2369,86,3,Good watch for daily use.,2025-09-13
4634,2602,772,4,Perfect gift option.,2026-01-10
4635,3,414,5,Value for money.,2025-07-31
4636,2946,522,4,Strap quality could be better.,2025-05-24
4637,499,941,3,Good watch for daily use.,2025-10-03
4638,15,844,3,Strap quality could be better.,2026-05-11
4639,639,142,5,Strap quality could be better.,2025-01-14
4640,1929,826,4,Excellent quality and premium finish.,2025-03-30
4641,1637,869,4,Fast delivery and good packaging.,2026-01-25
4642,1612,853,5,Highly recommended.,2026-05-29
4643,2099,580,4,Strap quality could be better.,2025-09-13
4644,419,957,5,Battery life is impressive.,2026-04-02
4645,478,966,4,Fast delivery and good packaging.,2026-07-02
4646,2680,30,3,Value for money.,2025-01-21
4647,25,596,3,Fast delivery and good packaging.,2025-03-23
4648,969,855,5,Stylish design and comfortable to wear.,2025-03-18
4649,2913,386,4,Value for money.,2026-03-13
4650,745,946,3,Value for money.,2026-04-17
4651,1117,895,4,Stylish design and comfortable to wear.,2026-04-15
4652,515,612,3,Battery life is impressive.,2025-10-20
4653,1843,229,4,Value for money.,2025-02-16
4654,1284,537,4,Display is bright and clear.,2025-05-12
4655,1662,85,4,Highly recommended.,2025-10-09
4656,1083,159,4,Highly recommended.,2025-06-24
4657,1958,210,4,Fast delivery and good packaging.,2025-11-03
4658,1406,316,3,Battery life is impressive.,2025-02-11
4659,843,516,4,Fast delivery and good packaging.,2025-03-16
4660,1337,232,5,Highly recommended.,2025-07-11
4661,422,50,3,Value for money.,2025-09-24
4662,1275,324,4,Strap quality could be better.,2026-05-09
4663,1069,696,3,Display is bright and clear.,2025-06-22
4664,772,797,4,Display is bright and clear.,2026-06-11
4665,693,527,3,Perfect gift option.,2025-08-14
4666,2825,816,3,Battery life is impressive.,2026-06-13
4667,2231,745,5,Perfect gift option.,2025-01-13
4668,358,60,4,Fast delivery and good packaging.,2026-02-13
4669,566,353,5,Good watch for daily use.,2025-01-26
4670,2381,452,5,Good watch for daily use.,2025-06-03
4671,281,675,4,Highly recommended.,2026-06-28
4672,1827,741,4,Excellent quality and premium finish.,2025-06-17
4673,1364,368,4,Highly recommended.,2025-01-14
4674,1547,873,5,Stylish design and comfortable to wear.,2025-02-20
4675,1079,252,3,Strap quality could be better.,2025-10-14
4676,1771,512,3,Strap quality could be better.,2025-03-08
4677,2902,751,4,Perfect gift option.,2025-02-01
4678,1172,969,4,Excellent quality and premium finish.,2025-08-20
4679,611,862,3,Battery life is impressive.,2025-06-20
4680,2104,672,5,Fast delivery and good packaging.,2025-08-27
4681,1704,193,3,Good watch for daily use.,2025-12-05
4682,1554,77,3,Excellent quality and premium finish.,2025-06-02
4683,2675,891,5,Excellent quality and premium finish.,2026-06-27
4684,2030,691,5,Perfect gift option.,2026-04-23
4685,2521,181,4,Good watch for daily use.,2026-03-14
4686,1550,784,4,Stylish design and comfortable to wear.,2025-06-10
4687,541,582,3,Value for money.,2025-04-09
4688,736,156,3,Value for money.,2026-05-01
4689,1489,692,5,Highly recommended.,2025-05-11
4690,2147,807,5,Battery life is impressive.,2026-02-16
4691,2320,672,5,Perfect gift option.,2026-03-25
4692,891,15,4,Perfect gift option.,2025-07-04
4693,265,962,3,Highly recommended.,2025-06-13
4694,1954,592,3,Good watch for daily use.,2026-04-06
4695,2996,791,3,Display is bright and clear.,2026-04-13
4696,2141,479,5,Display is bright and clear.,2026-05-25
4697,804,125,5,Value for money.,2026-06-03
4698,1829,486,5,Excellent quality and premium finish.,2025-07-14
4699,454,824,5,Stylish design and comfortable to wear.,2025-08-01
4700,2587,659,4,Display is bright and clear.,2026-03-06
4701,256,134,3,Strap quality could be better.,2025-12-21
4702,1535,553,5,Highly recommended.,2025-03-15
4703,2607,161,4,Display is bright and clear.,2026-04-05
4704,744,385,5,Battery life is impressive.,2025-03-02
4705,2900,8,3,Good watch for daily use.,2026-02-06
4706,1687,538,3,Fast delivery and good packaging.,2026-02-08
4707,1079,640,4,Highly recommended.,2025-04-18
4708,2701,476,5,Value for money.,2025-04-11
4709,1911,18,5,Stylish design and comfortable to wear.,2025-08-13
4710,1957,90,4,Strap quality could be better.,2025-09-04
4711,2362,899,5,Strap quality could be better.,2025-01-04
4712,418,351,3,Excellent quality and premium finish.,2026-06-23
4713,2623,188,4,Value for money.,2025-10-14
4714,1209,948,4,Display is bright and clear.,2025-07-01
4715,2395,229,5,Strap quality could be better.,2026-06-03
4716,1334,540,3,Excellent quality and premium finish.,2026-06-18
4717,1520,735,5,Display is bright and clear.,2025-09-22
4718,2071,724,5,Good watch for daily use.,2026-03-08
4719,2472,467,3,Strap quality could be better.,2025-09-22
4720,1754,696,3,Strap quality could be better.,2026-02-24
4721,1113,587,4,Perfect gift option.,2025-07-21
4722,322,258,4,Highly recommended.,2026-01-17
4723,1230,604,5,Perfect gift option.,2026-05-15
4724,608,527,3,Value for money.,2025-10-05
4725,1843,850,5,Excellent quality and premium finish.,2025-04-13
4726,267,169,5,Strap quality could be better.,2025-10-10
4727,168,314,3,Good watch for daily use.,2025-05-16
4728,1742,382,4,Battery life is impressive.,2025-06-21
4729,1469,526,4,Perfect gift option.,2026-01-07
4730,27,643,4,Display is bright and clear.,2025-03-21
4731,1902,193,5,Fast delivery and good packaging.,2025-12-26
4732,1048,926,3,Fast delivery and good packaging.,2026-01-20
4733,2572,406,5,Battery life is impressive.,2026-03-04
4734,397,500,5,Excellent quality and premium finish.,2025-01-06
4735,154,461,4,Good watch for daily use.,2025-05-09
4736,1010,227,5,Stylish design and comfortable to wear.,2025-02-09
4737,260,767,3,Battery life is impressive.,2025-01-20
4738,739,532,5,Good watch for daily use.,2025-03-24
4739,2707,980,3,Highly recommended.,2026-05-25
4740,2305,133,4,Highly recommended.,2026-07-02
4741,1866,617,5,Good watch for daily use.,2025-12-16
4742,2982,892,4,Battery life is impressive.,2026-05-06
4743,2536,180,5,Fast delivery and good packaging.,2025-10-08
4744,106,681,3,Fast delivery and good packaging.,2025-02-17
4745,978,327,5,Fast delivery and good packaging.,2025-08-06
4746,1306,446,5,Display is bright and clear.,2025-08-22
4747,1725,677,3,Strap quality could be better.,2025-07-02
4748,272,666,3,Fast delivery and good packaging.,2025-01-24
4749,509,917,3,Excellent quality and premium finish.,2025-03-06
4750,2113,236,5,Display is bright and clear.,2025-03-31
4751,1177,114,3,Strap quality could be better.,2025-04-03
4752,2745,783,3,Value for money.,2026-06-12
4753,802,338,5,Fast delivery and good packaging.,2025-04-26
4754,239,985,3,Excellent quality and premium finish.,2026-01-30
4755,446,705,5,Battery life is impressive.,2025-03-08
4756,1479,984,5,Stylish design and comfortable to wear.,2025-05-24
4757,2285,172,5,Display is bright and clear.,2026-03-20
4758,2668,262,4,Excellent quality and premium finish.,2026-04-07
4759,1823,369,5,Perfect gift option.,2025-05-21
4760,532,374,3,Battery life is impressive.,2026-02-05
4761,1990,911,5,Good watch for daily use.,2025-01-01
4762,1103,160,3,Stylish design and comfortable to wear.,2025-05-04
4763,1431,404,5,Value for money.,2025-01-03
4764,1592,35,3,Stylish design and comfortable to wear.,2025-09-26
4765,2559,494,4,Battery life is impressive.,2026-07-05
4766,2149,38,4,Perfect gift option.,2026-04-25
4767,781,233,5,Value for money.,2026-06-01
4768,634,160,4,Value for money.,2026-03-08
4769,56,347,3,Good watch for daily use.,2025-04-25
4770,404,61,5,Battery life is impressive.,2025-09-20
4771,814,165,3,Value for money.,2025-12-31
4772,2491,57,5,Battery life is impressive.,2025-02-07
4773,1870,528,3,Highly recommended.,2025-08-02
4774,2642,620,3,Strap quality could be better.,2025-04-06
4775,400,570,5,Fast delivery and good packaging.,2025-01-28
4776,125,509,5,Highly recommended.,2026-03-17
4777,2633,549,3,Perfect gift option.,2026-01-18
4778,1676,122,3,Perfect gift option.,2026-05-28
4779,2001,594,3,Excellent quality and premium finish.,2025-01-25
4780,612,938,3,Stylish design and comfortable to wear.,2025-12-09
4781,2873,627,4,Stylish design and comfortable to wear.,2025-02-12
4782,1824,411,3,Good watch for daily use.,2025-01-26
4783,1237,871,4,Battery life is impressive.,2025-11-10
4784,2361,695,3,Strap quality could be better.,2025-03-21
4785,1306,181,5,Good watch for daily use.,2026-01-22
4786,2799,518,3,Good watch for daily use.,2025-03-04
4787,1958,668,4,Highly recommended.,2025-10-03
4788,2501,794,4,Excellent quality and premium finish.,2025-04-01
4789,1822,690,4,Perfect gift option.,2026-04-09
4790,2296,671,3,Battery life is impressive.,2025-02-23
4791,1383,539,4,Strap quality could be better.,2025-11-21
4792,2197,569,4,Battery life is impressive.,2025-03-21
4793,966,361,4,Battery life is impressive.,2026-04-16
4794,191,272,4,Fast delivery and good packaging.,2025-09-26
4795,496,422,3,Excellent quality and premium finish.,2025-06-03
4796,920,322,3,Perfect gift option.,2026-04-27
4797,2580,776,5,Strap quality could be better.,2025-01-07
4798,2446,46,4,Good watch for daily use.,2026-06-06
4799,22,571,3,Value for money.,2025-01-30
4800,1731,412,5,Highly recommended.,2025-07-06
4801,2629,785,3,Stylish design and comfortable to wear.,2025-07-16
4802,2586,497,3,Good watch for daily use.,2025-05-30
4803,1448,312,5,Strap quality could be better.,2025-01-20
4804,1662,268,5,Stylish design and comfortable to wear.,2025-07-21
4805,2639,448,4,Battery life is impressive.,2025-06-19
4806,1496,787,5,Highly recommended.,2025-05-15
4807,1104,771,5,Value for money.,2025-12-21
4808,994,868,3,Highly recommended.,2025-10-28
4809,440,464,3,Stylish design and comfortable to wear.,2026-05-07
4810,1532,52,3,Good watch for daily use.,2026-03-21
4811,2800,548,4,Excellent quality and premium finish.,2025-09-12
4812,2404,866,4,Value for money.,2025-10-10
4813,424,545,3,Fast delivery and good packaging.,2026-05-05
4814,648,475,4,Strap quality could be better.,2025-05-14
4815,1896,836,5,Strap quality could be better.,2025-08-28
4816,603,659,5,Perfect gift option.,2025-12-29
4817,1057,9,3,Value for money.,2025-06-02
4818,2486,155,5,Perfect gift option.,2025-06-23
4819,2578,942,5,Highly recommended.,2025-02-25
4820,2444,207,5,Highly recommended.,2026-06-05
4821,2278,191,5,Excellent quality and premium finish.,2025-01-18
4822,1118,957,4,Strap quality could be better.,2025-04-28
4823,2125,990,5,Stylish design and comfortable to wear.,2025-05-23
4824,2743,917,3,Perfect gift option.,2025-03-30
4825,337,921,3,Good watch for daily use.,2026-06-19
4826,310,681,4,Strap quality could be better.,2025-08-27
4827,43,532,3,Fast delivery and good packaging.,2026-05-07
4828,720,560,4,Value for money.,2025-08-14
4829,1798,43,3,Excellent quality and premium finish.,2025-10-05
4830,594,142,5,Highly recommended.,2025-01-15
4831,1743,599,5,Good watch for daily use.,2025-08-06
4832,287,45,3,Battery life is impressive.,2025-08-19
4833,2775,495,5,Good watch for daily use.,2025-08-05
4834,1451,567,3,Stylish design and comfortable to wear.,2026-04-10
4835,1559,176,4,Excellent quality and premium finish.,2025-06-19
4836,2218,326,3,Stylish design and comfortable to wear.,2025-01-06
4837,2037,779,5,Stylish design and comfortable to wear.,2025-12-19
4838,1608,136,4,Excellent quality and premium finish.,2026-02-17
4839,2359,224,3,Excellent quality and premium finish.,2026-06-23
4840,2602,962,4,Battery life is impressive.,2025-01-01
4841,2768,707,5,Battery life is impressive.,2025-05-04
4842,2947,480,4,Perfect gift option.,2025-02-10
4843,1886,468,5,Perfect gift option.,2026-06-02
4844,2985,96,3,Fast delivery and good packaging.,2025-06-01
4845,2699,44,5,Strap quality could be better.,2026-05-07
4846,1772,842,5,Highly recommended.,2025-10-27
4847,2424,506,3,Display is bright and clear.,2026-03-15
4848,1874,636,4,Perfect gift option.,2026-03-04
4849,902,531,4,Battery life is impressive.,2025-03-16
4850,1219,932,4,Highly recommended.,2026-04-05
4851,174,50,4,Battery life is impressive.,2025-01-06
4852,988,34,3,Display is bright and clear.,2026-02-21
4853,2912,275,3,Stylish design and comfortable to wear.,2025-01-07
4854,2945,160,3,Perfect gift option.,2026-01-06
4855,157,269,4,Strap quality could be better.,2026-06-20
4856,1222,61,5,Perfect gift option.,2025-01-29
4857,418,998,4,Highly recommended.,2025-03-02
4858,2982,644,4,Stylish design and comfortable to wear.,2025-10-04
4859,202,583,5,Fast delivery and good packaging.,2025-01-31
4860,2753,739,3,Strap quality could be better.,2026-03-14
4861,2126,763,4,Stylish design and comfortable to wear.,2025-04-01
4862,1931,992,5,Excellent quality and premium finish.,2025-03-25
4863,1728,165,4,Battery life is impressive.,2026-03-21
4864,1097,145,4,Display is bright and clear.,2025-08-02
4865,2543,80,3,Stylish design and comfortable to wear.,2026-03-29
4866,1491,637,5,Battery life is impressive.,2026-06-26
4867,1485,557,5,Fast delivery and good packaging.,2025-04-20
4868,142,503,4,Battery life is impressive.,2026-02-01
4869,1670,901,4,Fast delivery and good packaging.,2025-11-22
4870,2619,208,5,Display is bright and clear.,2025-09-03
4871,2958,907,4,Perfect gift option.,2025-03-29
4872,1057,715,3,Battery life is impressive.,2026-07-01
4873,2275,654,3,Display is bright and clear.,2025-12-07
4874,301,59,3,Stylish design and comfortable to wear.,2025-10-09
4875,2647,569,4,Good watch for daily use.,2025-09-19
4876,865,892,4,Stylish design and comfortable to wear.,2025-05-25
4877,978,901,5,Excellent quality and premium finish.,2025-01-31
4878,1251,235,5,Battery life is impressive.,2025-05-13
4879,2363,603,5,Strap quality could be better.,2025-03-26
4880,579,374,4,Highly recommended.,2025-07-14
4881,1644,789,3,Fast delivery and good packaging.,2025-02-06
4882,2602,271,5,Battery life is impressive.,2025-06-30
4883,1257,233,4,Display is bright and clear.,2025-05-16
4884,1183,104,3,Highly recommended.,2025-09-12
4885,173,52,4,Value for money.,2026-06-16
4886,1061,841,4,Perfect gift option.,2025-03-30
4887,1449,706,5,Strap quality could be better.,2025-08-15
4888,1113,638,3,Good watch for daily use.,2026-03-04
4889,160,273,4,Perfect gift option.,2025-10-24
4890,398,250,5,Battery life is impressive.,2026-04-09
4891,1147,839,5,Stylish design and comfortable to wear.,2026-04-18
4892,1151,273,3,Battery life is impressive.,2025-06-24
4893,1357,463,4,Display is bright and clear.,2026-02-16
4894,161,776,3,Value for money.,2026-05-16
4895,1076,109,3,Stylish design and comfortable to wear.,2026-05-14
4896,1223,341,3,Excellent quality and premium finish.,2025-10-07
4897,2588,388,4,Good watch for daily use.,2026-06-30
4898,1929,591,4,Stylish design and comfortable to wear.,2025-04-04
4899,872,744,4,Highly recommended.,2025-11-08
4900,872,843,5,Battery life is impressive.,2026-02-16
4901,1686,656,4,Excellent quality and premium finish.,2026-02-05
4902,645,738,4,Highly recommended.,2025-01-18
4903,1692,541,3,Battery life is impressive.,2025-12-13
4904,2196,939,5,Stylish design and comfortable to wear.,2025-12-11
4905,2663,42,3,Strap quality could be better.,2025-05-23
4906,1215,132,3,Strap quality could be better.,2026-04-09
4907,1287,527,5,Stylish design and comfortable to wear.,2025-09-14
4908,1457,727,4,Good watch for daily use.,2026-03-08
4909,1,753,5,Strap quality could be better.,2025-05-18
4910,1557,716,3,Battery life is impressive.,2025-11-19
4911,329,845,4,Perfect gift option.,2025-05-19
4912,1353,523,4,Perfect gift option.,2026-01-19
4913,232,252,4,Value for money.,2025-11-16
4914,2687,130,3,Strap quality could be better.,2025-09-08
4915,1826,688,5,Fast delivery and good packaging.,2025-03-27
4916,1238,208,3,Highly recommended.,2025-11-23
4917,509,483,3,Display is bright and clear.,2026-05-18
4918,284,408,3,Value for money.,2025-07-27
4919,1295,640,3,Value for money.,2026-04-02
4920,2484,67,3,Excellent quality and premium finish.,2025-09-27
4921,1552,60,3,Fast delivery and good packaging.,2025-06-26
4922,2219,79,3,Fast delivery and good packaging.,2025-10-09
4923,2051,851,3,Strap quality could be better.,2025-06-10
4924,287,835,4,Stylish design and comfortable to wear.,2025-07-01
4925,1333,354,5,Perfect gift option.,2025-02-28
4926,269,843,3,Battery life is impressive.,2025-05-16
4927,866,44,3,Good watch for daily use.,2025-02-15
4928,2780,226,4,Display is bright and clear.,2025-01-13
4929,1926,943,5,Highly recommended.,2025-10-15
4930,1848,508,5,Good watch for daily use.,2025-09-13
4931,2328,187,5,Highly recommended.,2025-06-26
4932,1520,550,3,Excellent quality and premium finish.,2026-01-29
4933,994,369,4,Display is bright and clear.,2026-05-03
4934,33,204,3,Value for money.,2025-10-05
4935,1189,389,5,Good watch for daily use.,2026-04-15
4936,2622,783,4,Perfect gift option.,2025-06-18
4937,2362,317,4,Highly recommended.,2026-02-07
4938,805,3,3,Excellent quality and premium finish.,2026-06-23
4939,843,328,5,Display is bright and clear.,2025-08-03
4940,2860,816,5,Perfect gift option.,2025-03-27
4941,2096,920,3,Fast delivery and good packaging.,2025-05-03
4942,2289,274,3,Highly recommended.,2025-02-13
4943,1369,409,4,Good watch for daily use.,2026-01-01
4944,322,645,3,Stylish design and comfortable to wear.,2025-02-10
4945,1863,307,4,Highly recommended.,2026-05-02
4946,2765,913,3,Stylish design and comfortable to wear.,2025-02-13
4947,2943,110,5,Fast delivery and good packaging.,2025-04-20
4948,2290,800,5,Battery life is impressive.,2025-10-31
4949,106,865,5,Battery life is impressive.,2026-02-22
4950,151,521,4,Display is bright and clear.,2026-05-23
4951,2356,436,4,Highly recommended.,2025-06-07
4952,1890,588,3,Fast delivery and good packaging.,2026-05-05
4953,1018,663,3,Value for money.,2025-05-02
4954,771,722,3,Fast delivery and good packaging.,2026-03-05
4955,1080,988,5,Battery life is impressive.,2025-09-02
4956,636,84,4,Value for money.,2026-03-10
4957,2918,855,5,Stylish design and comfortable to wear.,2025-05-28
4958,2168,460,5,Excellent quality and premium finish.,2025-01-28
4959,1150,433,3,Perfect gift option.,2026-03-26
4960,364,992,5,Strap quality could be better.,2025-02-09
4961,761,500,3,Good watch for daily use.,2025-06-16
4962,2744,876,3,Stylish design and comfortable to wear.,2025-02-21
4963,396,156,5,Highly recommended.,2025-03-16
4964,2242,278,3,Good watch for daily use.,2026-07-05
4965,245,565,5,Stylish design and comfortable to wear.,2025-07-21
4966,224,35,5,Battery life is impressive.,2026-05-09
4967,406,112,4,Display is bright and clear.,2025-10-10
4968,571,594,5,Perfect gift option.,2026-02-20
4969,2574,57,5,Good watch for daily use.,2025-12-18
4970,1828,504,5,Highly recommended.,2025-09-19
4971,2447,31,3,Strap quality could be better.,2026-01-17
4972,910,296,3,Perfect gift option.,2025-01-10
4973,850,732,3,Highly recommended.,2025-11-12
4974,2171,826,4,Battery life is impressive.,2026-01-04
4975,2949,847,3,Highly recommended.,2026-03-09
4976,659,33,5,Strap quality could be better.,2025-09-11
4977,2612,125,3,Stylish design and comfortable to wear.,2025-02-06
4978,578,799,3,Highly recommended.,2025-12-16
4979,2794,343,3,Display is bright and clear.,2025-12-15
4980,2269,79,3,Value for money.,2025-04-10
4981,1526,746,3,Perfect gift option.,2025-11-13
4982,2754,365,3,Strap quality could be better.,2026-03-10
4983,2210,861,3,Fast delivery and good packaging.,2025-08-21
4984,2153,101,3,Fast delivery and good packaging.,2025-02-26
4985,533,702,4,Highly recommended.,2025-01-10
4986,1168,475,4,Battery life is impressive.,2026-06-03
4987,2278,313,4,Perfect gift option.,2025-05-24
4988,2835,701,3,Stylish design and comfortable to wear.,2026-05-12
4989,325,441,4,Fast delivery and good packaging.,2026-01-06
4990,663,212,4,Fast delivery and good packaging.,2026-06-09
4991,2492,681,5,Display is bright and clear.,2026-06-02
4992,1162,460,3,Stylish design and comfortable to wear.,2026-01-27
4993,2573,278,3,Fast delivery and good packaging.,2025-02-23
4994,426,256,3,Fast delivery and good packaging.,2026-07-02
4995,1037,425,5,Fast delivery and good packaging.,2025-07-31
4996,1728,253,5,Excellent quality and premium finish.,2026-04-08
4997,301,177,5,Good watch for daily use.,2025-06-05
4998,2138,552,5,Display is bright and clear.,2025-06-27
4999,656,298,3,Excellent quality and premium finish.,2025-05-24
5000,654,526,3,Good watch for daily use.,2025-08-12
